delivery_date,trigger_fraction,vid,rep,resampled_multiplier,nr_lateness,sa_lateness
INSTANCE_001,0.25,V1,0,1.089583893562997,0.0,0.0
INSTANCE_001,0.25,V1,1,1.14509820157397,0.0,0.0
INSTANCE_001,0.25,V1,2,1.323706115578749,0.0,0.0
INSTANCE_001,0.25,V1,3,0.9739961677840204,0.0,0.0
INSTANCE_001,0.25,V1,4,1.0611621284754895,0.0,0.0
INSTANCE_001,0.25,V1,5,1.029972959035976,0.0,0.0
INSTANCE_001,0.25,V1,6,1.0677365243569064,0.0,0.0
INSTANCE_001,0.25,V1,7,1.0130717099772102,0.0,0.0
INSTANCE_001,0.25,V1,8,0.9339674447270956,0.0,0.0
INSTANCE_001,0.25,V1,9,1.0295773633380825,0.0,0.0
INSTANCE_001,0.25,V1,10,1.0426116213116785,0.0,0.0
INSTANCE_001,0.25,V1,11,1.2553471551593327,0.0,0.0
INSTANCE_001,0.25,V1,12,1.1382319817771245,0.0,0.0
INSTANCE_001,0.25,V1,13,1.0088685177384302,0.0,0.0
INSTANCE_001,0.25,V1,14,0.9888299083492366,0.0,0.0
INSTANCE_001,0.25,V1,15,0.8496078884780153,0.0,0.0
INSTANCE_001,0.25,V1,16,0.928746091878952,0.0,0.0
INSTANCE_001,0.25,V1,17,1.1964501706679431,0.0,0.0
INSTANCE_001,0.25,V1,18,1.19980210899308,0.0,0.0
INSTANCE_001,0.25,V1,19,1.0448622446704332,0.0,0.0
INSTANCE_001,0.25,V2,0,0.9685274049053448,0.0,0.0
INSTANCE_001,0.25,V2,1,0.9963868842848028,0.0,0.0
INSTANCE_001,0.25,V2,2,0.9768866057323032,0.0,0.0
INSTANCE_001,0.25,V2,3,0.9935758266675258,0.0,0.0
INSTANCE_001,0.25,V2,4,0.8844498874968189,0.0,0.0
INSTANCE_001,0.25,V2,5,1.373729796677665,12.454850904518594,12.454850904518594
INSTANCE_001,0.25,V2,6,1.1073152371507708,0.0,0.0
INSTANCE_001,0.25,V2,7,1.1376480387558012,0.0,0.0
INSTANCE_001,0.25,V2,8,0.99379310821491,0.0,0.0
INSTANCE_001,0.25,V2,9,0.9975290461370252,0.0,0.0
INSTANCE_001,0.25,V2,10,0.9976911335901408,0.0,0.0
INSTANCE_001,0.25,V2,11,0.880755796222279,0.0,0.0
INSTANCE_001,0.25,V2,12,1.0449803260265191,0.0,0.0
INSTANCE_001,0.25,V2,13,0.9775531054198174,0.0,0.0
INSTANCE_001,0.25,V2,14,1.06485658767624,0.0,0.0
INSTANCE_001,0.25,V2,15,0.8625399731521941,0.0,0.0
INSTANCE_001,0.25,V2,16,0.897817974533582,0.0,0.0
INSTANCE_001,0.25,V2,17,1.0661790585999142,0.0,0.0
INSTANCE_001,0.25,V2,18,0.8862593856799581,0.0,0.0
INSTANCE_001,0.25,V2,19,0.9949143416680848,0.0,0.0
INSTANCE_001,0.5,V1,0,0.9187929580656782,0.0,0.0
INSTANCE_001,0.5,V1,1,1.0693292467678963,0.0,0.0
INSTANCE_001,0.5,V1,2,1.1690890500818183,0.0,0.0
INSTANCE_001,0.5,V1,3,1.0456464605865234,0.0,0.0
INSTANCE_001,0.5,V1,4,0.9123202214256764,0.0,0.0
INSTANCE_001,0.5,V1,5,0.9405684112303276,0.0,0.0
INSTANCE_001,0.5,V1,6,1.1530051709364817,0.0,0.0
INSTANCE_001,0.5,V1,7,1.0237060342378992,0.0,0.0
INSTANCE_001,0.5,V1,8,0.947243660248802,0.0,0.0
INSTANCE_001,0.5,V1,9,1.4003561203525494,0.0,0.0
INSTANCE_001,0.5,V1,10,1.029972959035976,0.0,0.0
INSTANCE_001,0.5,V1,11,0.8840186588827298,0.0,0.0
INSTANCE_001,0.5,V1,12,0.982523803280152,0.0,0.0
INSTANCE_001,0.5,V1,13,1.085208594166825,0.0,0.0
INSTANCE_001,0.5,V1,14,0.9333414246843322,0.0,0.0
INSTANCE_001,0.5,V1,15,1.004120415445002,0.0,0.0
INSTANCE_001,0.5,V1,16,1.04745799835972,0.0,0.0
INSTANCE_001,0.5,V1,17,1.1555775955532903,0.0,0.0
INSTANCE_001,0.5,V1,18,1.08463797093738,0.0,0.0
INSTANCE_001,0.5,V1,19,0.9129208272330664,0.0,0.0
INSTANCE_001,0.5,V2,0,1.1648619678689915,0.0,0.0
INSTANCE_001,0.5,V2,1,0.9474481203169932,0.0,0.0
INSTANCE_001,0.5,V2,2,1.001301093002179,0.0,0.0
INSTANCE_001,0.5,V2,3,0.9128985993746358,0.0,0.0
INSTANCE_001,0.5,V2,4,1.2002083133375885,0.0,0.0
INSTANCE_001,0.5,V2,5,0.8939970884413038,0.0,0.0
INSTANCE_001,0.5,V2,6,1.068751206974634,0.0,0.0
INSTANCE_001,0.5,V2,7,0.948970926259148,0.0,0.0
INSTANCE_001,0.5,V2,8,1.0449803260265191,0.0,0.0
INSTANCE_001,0.5,V2,9,0.9918258124050138,0.0,0.0
INSTANCE_001,0.5,V2,10,0.9673241866044946,0.0,0.0
INSTANCE_001,0.5,V2,11,0.882293744426373,0.0,0.0
INSTANCE_001,0.5,V2,12,0.8631968353942979,0.0,0.0
INSTANCE_001,0.5,V2,13,0.9332125938313875,0.0,0.0
INSTANCE_001,0.5,V2,14,0.9211854734188176,0.0,0.0
INSTANCE_001,0.5,V2,15,0.9611497769027638,0.0,0.0
INSTANCE_001,0.5,V2,16,0.9093171923887252,0.0,0.0
INSTANCE_001,0.5,V2,17,1.0887542440718676,0.0,0.0
INSTANCE_001,0.5,V2,18,1.2954936128766912,0.4493233682569553,0.4493233682569553
INSTANCE_001,0.5,V2,19,1.1138635101922394,0.0,0.0
INSTANCE_001,0.75,V1,0,1.3280913227765965,0.0,0.0
INSTANCE_001,0.75,V1,1,1.0364647119103343,0.0,0.0
INSTANCE_001,0.75,V1,2,0.9129208272330664,0.0,0.0
INSTANCE_001,0.75,V1,3,0.8928767660288555,0.0,0.0
INSTANCE_001,0.75,V1,4,1.3032943998413409,0.0,0.0
INSTANCE_001,0.75,V1,5,1.188205668839501,0.0,0.0
INSTANCE_001,0.75,V1,6,0.9765066420583508,0.0,0.0
INSTANCE_001,0.75,V1,7,0.9710901386211532,0.0,0.0
INSTANCE_001,0.75,V1,8,1.0677365243569064,0.0,0.0
INSTANCE_001,0.75,V1,9,0.9663341968632886,0.0,0.0
INSTANCE_001,0.75,V1,10,0.8844498874968189,0.0,0.0
INSTANCE_001,0.75,V1,11,0.895619622406056,0.0,0.0
INSTANCE_001,0.75,V1,12,1.1573313544924242,0.0,0.0
INSTANCE_001,0.75,V1,13,1.363511215906526,0.0,0.0
INSTANCE_001,0.75,V1,14,0.9384242201724676,0.0,0.0
INSTANCE_001,0.75,V1,15,1.552989806209048,0.0,0.0
INSTANCE_001,0.75,V1,16,1.1573313544924242,0.0,0.0
INSTANCE_001,0.75,V1,17,0.9154274160947417,0.0,0.0
INSTANCE_001,0.75,V1,18,0.9289035647041978,0.0,0.0
INSTANCE_001,0.75,V1,19,1.0204846158059413,0.0,0.0
INSTANCE_001,0.75,V2,0,0.9374440844603016,0.0,0.0
INSTANCE_001,0.75,V2,1,1.264843010374234,0.0,0.0
INSTANCE_001,0.75,V2,2,0.9138126358561608,0.0,0.0
INSTANCE_001,0.75,V2,3,1.0079500127579115,0.0,0.0
INSTANCE_001,0.75,V2,4,1.247893995574363,0.0,0.0
INSTANCE_001,0.75,V2,5,1.2525117019197392,0.0,0.0
INSTANCE_001,0.75,V2,6,0.9791584718661454,0.0,0.0
INSTANCE_001,0.75,V2,7,0.930572354963956,0.0,0.0
INSTANCE_001,0.75,V2,8,1.0725153203874618,0.0,0.0
INSTANCE_001,0.75,V2,9,0.955597594535316,0.0,0.0
INSTANCE_001,0.75,V2,10,0.9602824735965674,0.0,0.0
INSTANCE_001,0.75,V2,11,0.8560890846911426,0.0,0.0
INSTANCE_001,0.75,V2,12,1.0595907780904756,0.0,0.0
INSTANCE_001,0.75,V2,13,0.98743059768449,0.0,0.0
INSTANCE_001,0.75,V2,14,1.0681698050247663,0.0,0.0
INSTANCE_001,0.75,V2,15,1.0785362869094035,0.0,0.0
INSTANCE_001,0.75,V2,16,1.0353092831079391,0.0,0.0
INSTANCE_001,0.75,V2,17,0.9590916403355204,0.0,0.0
INSTANCE_001,0.75,V2,18,0.9726881952359552,0.0,0.0
INSTANCE_001,0.75,V2,19,0.9415251036524498,0.0,0.0
INSTANCE_002,0.25,V1,0,1.044234363134732,1.5147523456154204,1.5147523456154204
INSTANCE_002,0.25,V1,1,1.032509757881784,0.8344736015849321,0.8344736015849321
INSTANCE_002,0.25,V1,2,1.2002136116675404,11.075760349848338,11.075760349848338
INSTANCE_002,0.25,V1,3,1.0186056551989542,0.1061998765626413,0.1061998765626413
INSTANCE_002,0.25,V1,4,1.2232753997046582,12.4893710838968,12.4893710838968
INSTANCE_002,0.25,V1,5,0.8960308343539007,0.0,0.0
INSTANCE_002,0.25,V1,6,1.177996395225299,9.713919039327152,9.713919039327152
INSTANCE_002,0.25,V1,7,0.9776540571133564,0.0,0.0
INSTANCE_002,0.25,V1,8,0.8754770151805792,0.0,0.0
INSTANCE_002,0.25,V1,9,1.0410971100607462,1.3224491896904738,1.3224491896904738
INSTANCE_002,0.25,V1,10,1.2604338402955244,14.767059630648191,14.767059630648191
INSTANCE_002,0.25,V1,11,0.8818956872441369,0.0,0.0
INSTANCE_002,0.25,V1,12,1.0795877110532444,3.68179472852728,3.68179472852728
INSTANCE_002,0.25,V1,13,1.2493876552692316,14.089965309153284,14.089965309153284
INSTANCE_002,0.25,V1,14,1.2954936128766912,16.91610682396515,16.91610682396515
INSTANCE_002,0.25,V1,15,0.9774508000271784,0.0,0.0
INSTANCE_002,0.25,V1,16,1.1921550252101862,10.58179586196752,10.58179586196752
INSTANCE_002,0.25,V1,17,0.9832347553004918,0.0,0.0
INSTANCE_002,0.25,V1,18,0.9958628462390396,0.0,0.0
INSTANCE_002,0.25,V1,19,0.8537198344567576,0.0,0.0
INSTANCE_002,0.25,V2,0,0.9505152028932846,0.0,0.0
INSTANCE_002,0.25,V2,1,1.037300829890777,3.706128220826031,3.706128220826031
INSTANCE_002,0.25,V2,2,1.001301093002179,0.0,0.0
INSTANCE_002,0.25,V2,3,1.0058244244284724,0.4043057485059762,0.4043057485059762
INSTANCE_002,0.25,V2,4,1.0570136241678627,5.773967485835215,5.773967485835215
INSTANCE_002,0.25,V2,5,0.8496078884780153,0.0,0.0
INSTANCE_002,0.25,V2,6,0.9261341549956502,0.0,0.0
INSTANCE_002,0.25,V2,7,0.9258766510273724,0.0,0.0
INSTANCE_002,0.25,V2,8,1.0264248054620404,2.565251384958856,2.565251384958856
INSTANCE_002,0.25,V2,9,1.030416766768407,2.9840014727278685,2.9840014727278685
INSTANCE_002,0.25,V2,10,1.0805336175127418,8.241175587724229,8.241175587724229
INSTANCE_002,0.25,V2,11,0.9178288172426968,0.0,0.0
INSTANCE_002,0.25,V2,12,1.0957594611952377,9.838341213611898,9.838341213611898
INSTANCE_002,0.25,V2,13,1.0335424935505932,3.3118850026346536,3.3118850026346536
INSTANCE_002,0.25,V2,14,0.8685123035367265,0.0,0.0
INSTANCE_002,0.25,V2,15,0.8680077147641335,0.0,0.0
INSTANCE_002,0.25,V2,16,0.9947832248597468,0.0,0.0
INSTANCE_002,0.25,V2,17,0.9404100930328472,0.0,0.0
INSTANCE_002,0.25,V2,18,1.1648619678689915,20.35175755410762,20.35175755410762
INSTANCE_002,0.25,V2,19,1.2170262149925093,32.577756075311186,32.577756075311186
INSTANCE_002,0.5,V1,0,0.9114777750445822,0.0,0.0
INSTANCE_002,0.5,V1,1,0.8679353358630678,0.0,0.0
INSTANCE_002,0.5,V1,2,1.1094044228210198,0.6046148792471513,0.6046148792471513
INSTANCE_002,0.5,V1,3,1.160923983700295,1.2982399005518346,1.2982399005518346
INSTANCE_002,0.5,V1,4,1.04745799835972,0.0,0.0
INSTANCE_002,0.5,V1,5,0.9114777750445822,0.0,0.0
INSTANCE_002,0.5,V1,6,0.9935758266675258,0.0,0.0
INSTANCE_002,0.5,V1,7,0.997208885813998,0.0,0.0
INSTANCE_002,0.5,V1,8,0.9341773555741504,0.0,0.0
INSTANCE_002,0.5,V1,9,0.9152523252187308,0.0,0.0
INSTANCE_002,0.5,V1,10,1.323706115578749,3.48983000274211,3.48983000274211
INSTANCE_002,0.5,V1,11,1.323706115578749,3.48983000274211,3.48983000274211
INSTANCE_002,0.5,V1,12,0.974806044763836,0.0,0.0
INSTANCE_002,0.5,V1,13,1.0501016558609833,0.0,0.0
INSTANCE_002,0.5,V1,14,0.956705244011982,0.0,0.0
INSTANCE_002,0.5,V1,15,1.0403463157571715,0.0,0.0
INSTANCE_002,0.5,V1,16,1.0222535276119855,0.0,0.0
INSTANCE_002,0.5,V1,17,1.153903139133133,1.2037159298625966,1.2037159298625966
INSTANCE_002,0.5,V1,18,1.001301093002179,0.0,0.0
INSTANCE_002,0.5,V1,19,0.9686780178825674,0.0,0.0
INSTANCE_002,0.5,V2,0,1.0295773633380825,0.7167879123537659,0.7167879123537659
INSTANCE_002,0.5,V2,1,0.8654758284768967,0.0,0.0
INSTANCE_002,0.5,V2,2,1.0456464605865234,1.2184919102787717,1.2184919102787717
INSTANCE_002,0.5,V2,3,1.1765118377013857,5.304327092766812,5.304327092766812
INSTANCE_002,0.5,V2,4,0.9471878234330842,0.0,0.0
INSTANCE_002,0.5,V2,5,1.324959031920991,9.939095908293098,9.939095908293098
INSTANCE_002,0.5,V2,6,1.188205668839501,5.669427990617237,5.669427990617237
INSTANCE_002,0.5,V2,7,1.2334711323482457,7.0826912037993,7.0826912037993
INSTANCE_002,0.5,V2,8,1.026209413070951,0.6116348917634014,0.6116348917634014
INSTANCE_002,0.5,V2,9,1.0932122742009152,2.703575887676152,2.703575887676152
INSTANCE_002,0.5,V2,10,1.023883842600355,0.5390267057205165,0.5390267057205165
INSTANCE_002,0.5,V2,11,1.0126213912598352,0.1873942041174814,0.1873942041174814
INSTANCE_002,0.5,V2,12,1.1002537364850078,2.923422075955955,2.923422075955955
INSTANCE_002,0.5,V2,13,1.0139319529377937,0.2283121239727279,0.2283121239727279
INSTANCE_002,0.5,V2,14,1.085131765699195,2.451288944738394,2.451288944738394
INSTANCE_002,0.5,V2,15,1.2798533551847038,8.530821504458345,8.530821504458345
INSTANCE_002,0.5,V2,16,1.248125601735383,7.540228162181506,7.540228162181506
INSTANCE_002,0.5,V2,17,0.9400305127732984,0.0,0.0
INSTANCE_002,0.5,V2,18,1.080696239419903,2.312804421755004,2.312804421755004
INSTANCE_002,0.5,V2,19,1.0517077858614825,1.4077365875718897,1.4077365875718897
INSTANCE_002,0.75,V1,0,1.0570136241678627,0.0,0.0
INSTANCE_002,0.75,V1,1,0.8750430865662231,0.0,0.0
INSTANCE_002,0.75,V1,2,0.9698370112915492,0.0,0.0
INSTANCE_002,0.75,V1,3,1.1254714004314932,0.0,0.0
INSTANCE_002,0.75,V1,4,0.939347482758234,0.0,0.0
INSTANCE_002,0.75,V1,5,0.9918258124050138,0.0,0.0
INSTANCE_002,0.75,V1,6,1.0311264201890464,0.0,0.0
INSTANCE_002,0.75,V1,7,1.0311264201890464,0.0,0.0
INSTANCE_002,0.75,V1,8,1.1173211796252085,0.0,0.0
INSTANCE_002,0.75,V1,9,1.049949924538092,0.0,0.0
INSTANCE_002,0.75,V1,10,1.0999082182341633,0.0,0.0
INSTANCE_002,0.75,V1,11,1.304285912273997,0.0,0.0
INSTANCE_002,0.75,V1,12,0.8800185949283246,0.0,0.0
INSTANCE_002,0.75,V1,13,1.0291748740913935,0.0,0.0
INSTANCE_002,0.75,V1,14,0.9273353666104306,0.0,0.0
INSTANCE_002,0.75,V1,15,1.012584423881113,0.0,0.0
INSTANCE_002,0.75,V1,16,1.0076298823575358,0.0,0.0
INSTANCE_002,0.75,V1,17,0.9471878234330842,0.0,0.0
INSTANCE_002,0.75,V1,18,0.9685274049053448,0.0,0.0
INSTANCE_002,0.75,V1,19,1.0298193229305517,0.0,0.0
INSTANCE_002,0.75,V2,0,0.8844498874968189,0.0,0.0
INSTANCE_002,0.75,V2,1,0.9147226446552368,0.0,0.0
INSTANCE_002,0.75,V2,2,0.97484902275561,0.0,0.0
INSTANCE_002,0.75,V2,3,1.0782548867186108,0.0,0.0
INSTANCE_002,0.75,V2,4,1.0981679474111026,0.0,0.0
INSTANCE_002,0.75,V2,5,1.085949750287931,0.0,0.0
INSTANCE_002,0.75,V2,6,0.9834764924300962,0.0,0.0
INSTANCE_002,0.75,V2,7,0.9159238562700172,0.0,0.0
INSTANCE_002,0.75,V2,8,1.0298193229305517,0.0,0.0
INSTANCE_002,0.75,V2,9,0.9465547524469162,0.0,0.0
INSTANCE_002,0.75,V2,10,1.299274246905029,0.0,0.0
INSTANCE_002,0.75,V2,11,0.9129208272330664,0.0,0.0
INSTANCE_002,0.75,V2,12,0.9273225802064884,0.0,0.0
INSTANCE_002,0.75,V2,13,1.002312508247636,0.0,0.0
INSTANCE_002,0.75,V2,14,0.9240716550528828,0.0,0.0
INSTANCE_002,0.75,V2,15,0.9393719900324564,0.0,0.0
INSTANCE_002,0.75,V2,16,0.9128985993746358,0.0,0.0
INSTANCE_002,0.75,V2,17,1.1912368001424978,0.0,0.0
INSTANCE_002,0.75,V2,18,0.9809701430950316,0.0,0.0
INSTANCE_002,0.75,V2,19,0.8907921204605406,0.0,0.0
INSTANCE_003,0.25,V1,0,1.0669523555514149,0.0,0.0
INSTANCE_003,0.25,V1,1,1.1138635101922394,0.0,0.0
INSTANCE_003,0.25,V1,2,1.0403463157571715,0.0,0.0
INSTANCE_003,0.25,V1,3,1.3098670257269611,0.0,0.0
INSTANCE_003,0.25,V1,4,1.026209413070951,0.0,0.0
INSTANCE_003,0.25,V1,5,0.9776148694407124,0.0,0.0
INSTANCE_003,0.25,V1,6,1.0543663768590927,0.0,0.0
INSTANCE_003,0.25,V1,7,1.2398503542348074,0.0,0.0
INSTANCE_003,0.25,V1,8,0.9582989304915996,0.0,0.0
INSTANCE_003,0.25,V1,9,1.009821314185272,0.0,0.0
INSTANCE_003,0.25,V1,10,0.9919309100108846,0.0,0.0
INSTANCE_003,0.25,V1,11,0.9847151278109908,0.0,0.0
INSTANCE_003,0.25,V1,12,0.90047418981061,0.0,0.0
INSTANCE_003,0.25,V1,13,1.2525117019197392,0.0,0.0
INSTANCE_003,0.25,V1,14,0.9774758061591422,0.0,0.0
INSTANCE_003,0.25,V1,15,0.9294505076403106,0.0,0.0
INSTANCE_003,0.25,V1,16,0.9663341968632886,0.0,0.0
INSTANCE_003,0.25,V1,17,0.9457172938331704,0.0,0.0
INSTANCE_003,0.25,V1,18,0.8745698193607322,0.0,0.0
INSTANCE_003,0.25,V1,19,0.8795913319636254,0.0,0.0
INSTANCE_003,0.25,V2,0,1.0749363660585711,0.0,0.0
INSTANCE_003,0.25,V2,1,0.9774508000271784,0.0,0.0
INSTANCE_003,0.25,V2,2,1.324959031920991,24.05459476030728,24.05459476030728
INSTANCE_003,0.25,V2,3,1.0337368668224365,0.0,0.0
INSTANCE_003,0.25,V2,4,0.9683430660932292,0.0,0.0
INSTANCE_003,0.25,V2,5,0.981521718152568,0.0,0.0
INSTANCE_003,0.25,V2,6,1.1388081253872318,0.0,0.0
INSTANCE_003,0.25,V2,7,0.9790806886126946,0.0,0.0
INSTANCE_003,0.25,V2,8,0.8960308343539007,0.0,0.0
INSTANCE_003,0.25,V2,9,1.257214911607743,6.536290142898906,6.536290142898906
INSTANCE_003,0.25,V2,10,0.8742533364880948,0.0,0.0
INSTANCE_003,0.25,V2,11,0.8767150589374235,0.0,0.0
INSTANCE_003,0.25,V2,12,1.1239689485662845,0.0,0.0
INSTANCE_003,0.25,V2,13,1.2633826575925584,7.43749034747043,7.43749034747043
INSTANCE_003,0.25,V2,14,0.9451557067489208,0.0,0.0
INSTANCE_003,0.25,V2,15,0.9461196595349984,0.0,0.0
INSTANCE_003,0.25,V2,16,1.1555775955532903,0.0,0.0
INSTANCE_003,0.25,V2,17,1.404519219653363,58.444396102681935,53.1311887998686
INSTANCE_003,0.25,V2,18,0.8742533364880948,0.0,0.0
INSTANCE_003,0.25,V2,19,1.1947673996824753,0.0,0.0
INSTANCE_003,0.25,V3,0,0.9153515464809084,0.0,0.0
INSTANCE_003,0.25,V3,1,1.023883842600355,0.0,0.0
INSTANCE_003,0.25,V3,2,1.026209413070951,0.0,0.0
INSTANCE_003,0.25,V3,3,1.301268075376899,0.0,0.0
INSTANCE_003,0.25,V3,4,0.9261341549956502,0.0,0.0
INSTANCE_003,0.25,V3,5,1.289559815894179,0.0,0.0
INSTANCE_003,0.25,V3,6,1.0517077858614825,0.0,0.0
INSTANCE_003,0.25,V3,7,1.2635661311511297,0.0,0.0
INSTANCE_003,0.25,V3,8,1.3212002828942648,0.0,0.0
INSTANCE_003,0.25,V3,9,1.1028326622332307,0.0,0.0
INSTANCE_003,0.25,V3,10,0.9782508662188903,0.0,0.0
INSTANCE_003,0.25,V3,11,1.1174698025844003,0.0,0.0
INSTANCE_003,0.25,V3,12,1.0518190364867388,0.0,0.0
INSTANCE_003,0.25,V3,13,1.0323934338889285,0.0,0.0
INSTANCE_003,0.25,V3,14,1.2553471551593327,0.0,0.0
INSTANCE_003,0.25,V3,15,0.8837955056139003,0.0,0.0
INSTANCE_003,0.25,V3,16,1.2157472228130168,0.0,0.0
INSTANCE_003,0.25,V3,17,1.0204846158059413,0.0,0.0
INSTANCE_003,0.25,V3,18,1.3092975776429652,0.0,0.0
INSTANCE_003,0.25,V3,19,1.1573313544924242,0.0,0.0
INSTANCE_003,0.5,V1,0,1.299274246905029,0.0,0.0
INSTANCE_003,0.5,V1,1,1.0617718848554352,0.0,0.0
INSTANCE_003,0.5,V1,2,0.9313950618685568,0.0,0.0
INSTANCE_003,0.5,V1,3,0.8920130963631127,0.0,0.0
INSTANCE_003,0.5,V1,4,0.9976600818897492,0.0,0.0
INSTANCE_003,0.5,V1,5,0.9241139826124164,0.0,0.0
INSTANCE_003,0.5,V1,6,1.085131765699195,0.0,0.0
INSTANCE_003,0.5,V1,7,1.419554215760268,0.0,0.0
INSTANCE_003,0.5,V1,8,0.9525106079077382,0.0,0.0
INSTANCE_003,0.5,V1,9,0.9547025018841144,0.0,0.0
INSTANCE_003,0.5,V1,10,0.99340200542335,0.0,0.0
INSTANCE_003,0.5,V1,11,0.9975290461370252,0.0,0.0
INSTANCE_003,0.5,V1,12,1.0980549731756724,0.0,0.0
INSTANCE_003,0.5,V1,13,1.323706115578749,0.0,0.0
INSTANCE_003,0.5,V1,14,0.9995787523817228,0.0,0.0
INSTANCE_003,0.5,V1,15,0.9516488441446742,0.0,0.0
INSTANCE_003,0.5,V1,16,1.1422304547810254,0.0,0.0
INSTANCE_003,0.5,V1,17,1.0719712279991411,0.0,0.0
INSTANCE_003,0.5,V1,18,1.153903139133133,0.0,0.0
INSTANCE_003,0.5,V1,19,1.0718567699021446,0.0,0.0
INSTANCE_003,0.5,V2,0,1.1595571711312622,0.0,0.0
INSTANCE_003,0.5,V2,1,1.0265599296804746,0.0,0.0
INSTANCE_003,0.5,V2,2,0.9324308558798414,0.0,0.0
INSTANCE_003,0.5,V2,3,1.1044253146328182,0.0,0.0
INSTANCE_003,0.5,V2,4,1.4021645813362258,20.54079934894924,20.54079934894924
INSTANCE_003,0.5,V2,5,1.1448046847804845,0.0,0.0
INSTANCE_003,0.5,V2,6,1.323706115578749,5.776522510994028,5.776522510994028
INSTANCE_003,0.5,V2,7,1.0439830175845648,0.0,0.0
INSTANCE_003,0.5,V2,8,0.9547025018841144,0.0,0.0
INSTANCE_003,0.5,V2,9,0.988489618059527,0.0,0.0
INSTANCE_003,0.5,V2,10,1.2170262149925093,0.0,0.0
INSTANCE_003,0.5,V2,11,1.167704362791332,0.0,0.0
INSTANCE_003,0.5,V2,12,1.1365853378946085,0.0,0.0
INSTANCE_003,0.5,V2,13,1.1690890500818183,0.0,0.0
INSTANCE_003,0.5,V2,14,1.1049113734112834,0.0,0.0
INSTANCE_003,0.5,V2,15,1.067896550925003,0.0,0.0
INSTANCE_003,0.5,V2,16,1.167094339839882,0.0,0.0
INSTANCE_003,0.5,V2,17,1.0635938190376404,0.0,0.0
INSTANCE_003,0.5,V2,18,1.004946172365598,0.0,0.0
INSTANCE_003,0.5,V2,19,1.007181758175017,0.0,0.0
INSTANCE_003,0.5,V3,0,1.0237060342378992,0.0,0.0
INSTANCE_003,0.5,V3,1,1.001064968341412,0.0,0.0
INSTANCE_003,0.5,V3,2,0.979546351449972,0.0,0.0
INSTANCE_003,0.5,V3,3,1.0199306231308554,0.0,0.0
INSTANCE_003,0.5,V3,4,0.9865782319571728,0.0,0.0
INSTANCE_003,0.5,V3,5,0.8622392269969805,0.0,0.0
INSTANCE_003,0.5,V3,6,1.0264248054620404,0.0,0.0
INSTANCE_003,0.5,V3,7,0.8620259995641838,0.0,0.0
INSTANCE_003,0.5,V3,8,0.9141241600590736,0.0,0.0
INSTANCE_003,0.5,V3,9,0.8641821426346293,0.0,0.0
INSTANCE_003,0.5,V3,10,0.9532421995654592,0.0,0.0
INSTANCE_003,0.5,V3,11,0.8907514742588356,0.0,0.0
INSTANCE_003,0.5,V3,12,1.0553173445219677,0.0,0.0
INSTANCE_003,0.5,V3,13,0.8816220790906588,0.0,0.0
INSTANCE_003,0.5,V3,14,0.8643833628688705,0.0,0.0
INSTANCE_003,0.5,V3,15,1.062927406870324,0.0,0.0
INSTANCE_003,0.5,V3,16,1.0075822425351937,0.0,0.0
INSTANCE_003,0.5,V3,17,1.3524319042851258,0.0,0.0
INSTANCE_003,0.5,V3,18,1.052485304120219,0.0,0.0
INSTANCE_003,0.5,V3,19,1.0257450539352442,0.0,0.0
INSTANCE_003,0.75,V1,0,0.9211854734188176,0.0,0.0
INSTANCE_003,0.75,V1,1,1.0206355538569265,0.0,0.0
INSTANCE_003,0.75,V1,2,1.0543663768590927,0.0,0.0
INSTANCE_003,0.75,V1,3,1.289559815894179,0.0,0.0
INSTANCE_003,0.75,V1,4,1.0265599296804746,0.0,0.0
INSTANCE_003,0.75,V1,5,0.8937847186723955,0.0,0.0
INSTANCE_003,0.75,V1,6,0.9633994387340196,0.0,0.0
INSTANCE_003,0.75,V1,7,1.0335424935505932,0.0,0.0
INSTANCE_003,0.75,V1,8,0.9976600818897492,0.0,0.0
INSTANCE_003,0.75,V1,9,1.3175448024731606,0.0,0.0
INSTANCE_003,0.75,V1,10,1.188205668839501,0.0,0.0
INSTANCE_003,0.75,V1,11,1.029972959035976,0.0,0.0
INSTANCE_003,0.75,V1,12,0.9977207993103812,0.0,0.0
INSTANCE_003,0.75,V1,13,1.0785362869094035,0.0,0.0
INSTANCE_003,0.75,V1,14,0.9533847620609482,0.0,0.0
INSTANCE_003,0.75,V1,15,1.1028326622332307,0.0,0.0
INSTANCE_003,0.75,V1,16,1.0668779414103144,0.0,0.0
INSTANCE_003,0.75,V1,17,1.0933688029015818,0.0,0.0
INSTANCE_003,0.75,V1,18,1.000865027584959,0.0,0.0
INSTANCE_003,0.75,V1,19,1.007181758175017,0.0,0.0
INSTANCE_003,0.75,V2,0,0.8693568860036992,0.0,0.0
INSTANCE_003,0.75,V2,1,0.8766225867224798,0.0,0.0
INSTANCE_003,0.75,V2,2,0.933039909659936,0.0,0.0
INSTANCE_003,0.75,V2,3,0.885315360309711,0.0,0.0
INSTANCE_003,0.75,V2,4,1.0531594431615243,0.0,0.0
INSTANCE_003,0.75,V2,5,0.9860500301904004,0.0,0.0
INSTANCE_003,0.75,V2,6,0.9429615932852622,0.0,0.0
INSTANCE_003,0.75,V2,7,0.8643833628688705,0.0,0.0
INSTANCE_003,0.75,V2,8,1.026209413070951,0.0,0.0
INSTANCE_003,0.75,V2,9,0.8754770151805792,0.0,0.0
INSTANCE_003,0.75,V2,10,1.0076298823575358,0.0,0.0
INSTANCE_003,0.75,V2,11,0.912414656301052,0.0,0.0
INSTANCE_003,0.75,V2,12,1.0199306231308554,0.0,0.0
INSTANCE_003,0.75,V2,13,0.9843814447512644,0.0,0.0
INSTANCE_003,0.75,V2,14,1.0130358229898395,0.0,0.0
INSTANCE_003,0.75,V2,15,1.148440204521932,0.0,0.0
INSTANCE_003,0.75,V2,16,0.8818956872441369,0.0,0.0
INSTANCE_003,0.75,V2,17,0.877336123156705,0.0,0.0
INSTANCE_003,0.75,V2,18,0.8657550638203773,0.0,0.0
INSTANCE_003,0.75,V2,19,0.9683430660932292,0.0,0.0
INSTANCE_003,0.75,V3,0,0.9837153170819758,0.0,0.0
INSTANCE_003,0.75,V3,1,0.9336186647134512,0.0,0.0
INSTANCE_003,0.75,V3,2,0.9532421995654592,0.0,0.0
INSTANCE_003,0.75,V3,3,0.9273353666104306,0.0,0.0
INSTANCE_003,0.75,V3,4,1.0353092831079391,0.0,0.0
INSTANCE_003,0.75,V3,5,1.0284640600424286,0.0,0.0
INSTANCE_003,0.75,V3,6,1.04885660584631,0.0,0.0
INSTANCE_003,0.75,V3,7,1.2334711323482457,0.0,0.0
INSTANCE_003,0.75,V3,8,0.8818956872441369,0.0,0.0
INSTANCE_003,0.75,V3,9,1.0725153203874618,0.0,0.0
INSTANCE_003,0.75,V3,10,1.04885660584631,0.0,0.0
INSTANCE_003,0.75,V3,11,1.1220320873516914,0.0,0.0
INSTANCE_003,0.75,V3,12,0.9734985963062254,0.0,0.0
INSTANCE_003,0.75,V3,13,0.8971002760274478,0.0,0.0
INSTANCE_003,0.75,V3,14,0.9467428209320584,0.0,0.0
INSTANCE_003,0.75,V3,15,1.0041622259219942,0.0,0.0
INSTANCE_003,0.75,V3,16,1.1215900192134878,0.0,0.0
INSTANCE_003,0.75,V3,17,0.9184176583515375,0.0,0.0
INSTANCE_003,0.75,V3,18,0.9754845175553202,0.0,0.0
INSTANCE_003,0.75,V3,19,1.099212255084284,0.0,0.0
INSTANCE_004,0.25,V1,0,0.8799832501545745,0.0,0.0
INSTANCE_004,0.25,V1,1,1.5041260688616074,9.233678338297636,9.233678338297636
INSTANCE_004,0.25,V1,2,0.9427984361262643,0.0,0.0
INSTANCE_004,0.25,V1,3,0.945932363009206,0.0,0.0
INSTANCE_004,0.25,V1,4,0.948970926259148,0.0,0.0
INSTANCE_004,0.25,V1,5,0.9710901386211532,0.0,0.0
INSTANCE_004,0.25,V1,6,0.9861237001572118,0.0,0.0
INSTANCE_004,0.25,V1,7,1.1131701426062446,0.0,0.0
INSTANCE_004,0.25,V1,8,0.9008138785893592,0.0,0.0
INSTANCE_004,0.25,V1,9,0.9293519926534468,0.0,0.0
INSTANCE_004,0.25,V1,10,1.373729796677665,0.0,0.0
INSTANCE_004,0.25,V1,11,1.266071963835614,0.0,0.0
INSTANCE_004,0.25,V1,12,1.1002537364850078,0.0,0.0
INSTANCE_004,0.25,V1,13,0.9754845175553202,0.0,0.0
INSTANCE_004,0.25,V1,14,1.14509820157397,0.0,0.0
INSTANCE_004,0.25,V1,15,1.0093114265817889,0.0,0.0
INSTANCE_004,0.25,V1,16,0.8631968353942979,0.0,0.0
INSTANCE_004,0.25,V1,17,1.0337368668224365,0.0,0.0
INSTANCE_004,0.25,V1,18,1.0006573082060333,0.0,0.0
INSTANCE_004,0.25,V1,19,1.1912368001424978,0.0,0.0
INSTANCE_004,0.25,V2,0,1.0616527971120824,0.0,0.0
INSTANCE_004,0.25,V2,1,0.8797734030963599,0.0,0.0
INSTANCE_004,0.25,V2,2,0.8667504193251824,0.0,0.0
INSTANCE_004,0.25,V2,3,0.9677097615563328,0.0,0.0
INSTANCE_004,0.25,V2,4,0.959652807807777,0.0,0.0
INSTANCE_004,0.25,V2,5,1.388857765375337,0.0,0.0
INSTANCE_004,0.25,V2,6,0.9780264967541612,0.0,0.0
INSTANCE_004,0.25,V2,7,1.030416766768407,0.0,0.0
INSTANCE_004,0.25,V2,8,0.8818956872441369,0.0,0.0
INSTANCE_004,0.25,V2,9,0.9283368949472788,0.0,0.0
INSTANCE_004,0.25,V2,10,1.3212002828942648,0.0,0.0
INSTANCE_004,0.25,V2,11,0.9778499895358336,0.0,0.0
INSTANCE_004,0.25,V2,12,1.1239689485662845,0.0,0.0
INSTANCE_004,0.25,V2,13,0.8999741176040277,0.0,0.0
INSTANCE_004,0.25,V2,14,1.0426116213116785,0.0,0.0
INSTANCE_004,0.25,V2,15,0.9283286603166648,0.0,0.0
INSTANCE_004,0.25,V2,16,1.102773106086061,0.0,0.0
INSTANCE_004,0.25,V2,17,1.0570136241678627,0.0,0.0
INSTANCE_004,0.25,V2,18,1.2048152496246916,0.0,0.0
INSTANCE_004,0.25,V2,19,0.9543089229792588,0.0,0.0
INSTANCE_004,0.25,V3,0,0.8990070562178624,0.0,0.0
INSTANCE_004,0.25,V3,1,1.0805336175127418,4.174246552604359,4.174246552604359
INSTANCE_004,0.25,V3,2,1.1215900192134878,9.10197273940014,9.10197273940014
INSTANCE_004,0.25,V3,3,1.1507454617812989,12.60130614119737,12.60130614119737
INSTANCE_004,0.25,V3,4,1.0955550431636287,5.977168130642667,5.977168130642667
INSTANCE_004,0.25,V3,5,1.357481584824357,55.20844721608205,55.20844721608205
INSTANCE_004,0.25,V3,6,1.160923983700295,13.8229662703219,13.8229662703219
INSTANCE_004,0.25,V3,7,0.9704608909424204,0.0,0.0
INSTANCE_004,0.25,V3,8,1.035078042398154,0.0,0.0
INSTANCE_004,0.25,V3,9,1.2493876552692316,30.09858769352468,30.09858769352468
INSTANCE_004,0.25,V3,10,1.1555775955532903,13.181274943624658,13.181274943624658
INSTANCE_004,0.25,V3,11,0.9955838879647624,0.0,0.0
INSTANCE_004,0.25,V3,12,0.9633994387340196,0.0,0.0
INSTANCE_004,0.25,V3,13,0.8767150589374235,0.0,0.0
INSTANCE_004,0.25,V3,14,0.9809701430950316,0.0,0.0
INSTANCE_004,0.25,V3,15,1.0478855322366016,0.2557145308109056,0.2557145308109056
INSTANCE_004,0.25,V3,16,1.1028326622332307,6.850652230106448,6.850652230106448
INSTANCE_004,0.25,V3,17,1.0377087743721027,0.0,0.0
INSTANCE_004,0.25,V3,18,0.9099177981961156,0.0,0.0
INSTANCE_004,0.25,V3,19,1.0290682836218026,0.0,0.0
INSTANCE_004,0.5,V1,0,1.0198225008889543,0.0,0.0
INSTANCE_004,0.5,V1,1,1.0186056551989542,0.0,0.0
INSTANCE_004,0.5,V1,2,0.9096963627216734,0.0,0.0
INSTANCE_004,0.5,V1,3,1.1547883188444277,0.0,0.0
INSTANCE_004,0.5,V1,4,0.980038896953244,0.0,0.0
INSTANCE_004,0.5,V1,5,0.9963832474602492,0.0,0.0
INSTANCE_004,0.5,V1,6,1.0782548867186108,0.0,0.0
INSTANCE_004,0.5,V1,7,0.9422638483906888,0.0,0.0
INSTANCE_004,0.5,V1,8,1.089583893562997,0.0,0.0
INSTANCE_004,0.5,V1,9,0.974806044763836,0.0,0.0
INSTANCE_004,0.5,V1,10,0.9187929580656782,0.0,0.0
INSTANCE_004,0.5,V1,11,0.9730064332140586,0.0,0.0
INSTANCE_004,0.5,V1,12,0.9302715361817976,0.0,0.0
INSTANCE_004,0.5,V1,13,1.0222535276119855,0.0,0.0
INSTANCE_004,0.5,V1,14,1.06485658767624,0.0,0.0
INSTANCE_004,0.5,V1,15,1.06485658767624,0.0,0.0
INSTANCE_004,0.5,V1,16,0.9976600818897492,0.0,0.0
INSTANCE_004,0.5,V1,17,0.870328681575902,0.0,0.0
INSTANCE_004,0.5,V1,18,0.9336186647134512,0.0,0.0
INSTANCE_004,0.5,V1,19,0.9602824735965674,0.0,0.0
INSTANCE_004,0.5,V2,0,1.2525117019197392,0.0,0.0
INSTANCE_004,0.5,V2,1,0.9453392154286028,0.0,0.0
INSTANCE_004,0.5,V2,2,0.8754770151805792,0.0,0.0
INSTANCE_004,0.5,V2,3,1.1009129004073823,0.0,0.0
INSTANCE_004,0.5,V2,4,1.1220320873516914,0.0,0.0
INSTANCE_004,0.5,V2,5,0.9590916403355204,0.0,0.0
INSTANCE_004,0.5,V2,6,0.9693823231717382,0.0,0.0
INSTANCE_004,0.5,V2,7,0.9178288172426968,0.0,0.0
INSTANCE_004,0.5,V2,8,1.1648884684697969,0.0,0.0
INSTANCE_004,0.5,V2,9,0.9237317317660896,0.0,0.0
INSTANCE_004,0.5,V2,10,1.0325425692032049,0.0,0.0
INSTANCE_004,0.5,V2,11,0.9093171923887252,0.0,0.0
INSTANCE_004,0.5,V2,12,1.0053431708851155,0.0,0.0
INSTANCE_004,0.5,V2,13,1.0007614819111672,0.0,0.0
INSTANCE_004,0.5,V2,14,1.4076515105089678,0.0,0.0
INSTANCE_004,0.5,V2,15,1.0410971100607462,0.0,0.0
INSTANCE_004,0.5,V2,16,1.137200816025485,0.0,0.0
INSTANCE_004,0.5,V2,17,1.1365853378946085,0.0,0.0
INSTANCE_004,0.5,V2,18,1.1912368001424978,0.0,0.0
INSTANCE_004,0.5,V2,19,0.8511116192540826,0.0,0.0
INSTANCE_004,0.5,V3,0,0.964958632170245,0.0,0.0
INSTANCE_004,0.5,V3,1,0.8789033483894577,0.0,0.0
INSTANCE_004,0.5,V3,2,0.9525106079077382,0.0,0.0
INSTANCE_004,0.5,V3,3,1.2425746475155326,10.772963449249914,10.772963449249914
INSTANCE_004,0.5,V3,4,0.8539188058970851,0.0,0.0
INSTANCE_004,0.5,V3,5,0.8622392269969805,0.0,0.0
INSTANCE_004,0.5,V3,6,1.029972959035976,0.0,0.0
INSTANCE_004,0.5,V3,7,0.9532421995654592,0.0,0.0
INSTANCE_004,0.5,V3,8,1.025141992324292,0.0,0.0
INSTANCE_004,0.5,V3,9,1.0236024127383032,0.0,0.0
INSTANCE_004,0.5,V3,10,0.9754845175553202,0.0,0.0
INSTANCE_004,0.5,V3,11,1.04745799835972,0.0,0.0
INSTANCE_004,0.5,V3,12,0.8783423310657517,0.0,0.0
INSTANCE_004,0.5,V3,13,0.8746763774390363,0.0,0.0
INSTANCE_004,0.5,V3,14,1.093579739942364,0.7828548964687343,0.7828548964687343
INSTANCE_004,0.5,V3,15,0.9976911335901408,0.0,0.0
INSTANCE_004,0.5,V3,16,1.102773106086061,1.3992700964035976,1.3992700964035976
INSTANCE_004,0.5,V3,17,1.0603238483103044,0.0,0.0
INSTANCE_004,0.5,V3,18,1.0795877110532444,0.0,0.0
INSTANCE_004,0.5,V3,19,0.98583905609731,0.0,0.0
INSTANCE_004,0.75,V1,0,1.2923715854488511,0.0,0.0
INSTANCE_004,0.75,V1,1,1.0866961075046238,0.0,0.0
INSTANCE_004,0.75,V1,2,1.0128716436795813,0.0,0.0
INSTANCE_004,0.75,V1,3,1.58847655058736,0.0,0.0
INSTANCE_004,0.75,V1,4,0.9525106079077382,0.0,0.0
INSTANCE_004,0.75,V1,5,0.915357795902608,0.0,0.0
INSTANCE_004,0.75,V1,6,1.040583194032862,0.0,0.0
INSTANCE_004,0.75,V1,7,1.085949750287931,0.0,0.0
INSTANCE_004,0.75,V1,8,0.9393719900324564,0.0,0.0
INSTANCE_004,0.75,V1,9,0.9114514330251692,0.0,0.0
INSTANCE_004,0.75,V1,10,1.0410971100607462,0.0,0.0
INSTANCE_004,0.75,V1,11,0.9785219509065192,0.0,0.0
INSTANCE_004,0.75,V1,12,0.9047059775316004,0.0,0.0
INSTANCE_004,0.75,V1,13,1.1311065405886327,0.0,0.0
INSTANCE_004,0.75,V1,14,0.9706772601608552,0.0,0.0
INSTANCE_004,0.75,V1,15,1.2048152496246916,0.0,0.0
INSTANCE_004,0.75,V1,16,0.916180219798298,0.0,0.0
INSTANCE_004,0.75,V1,17,1.0038686602862834,0.0,0.0
INSTANCE_004,0.75,V1,18,1.029972959035976,0.0,0.0
INSTANCE_004,0.75,V1,19,0.9590916403355204,0.0,0.0
INSTANCE_004,0.75,V2,0,1.264843010374234,0.0,0.0
INSTANCE_004,0.75,V2,1,0.8816220790906588,0.0,0.0
INSTANCE_004,0.75,V2,2,1.2030130770246334,0.0,0.0
INSTANCE_004,0.75,V2,3,0.8687250859411962,0.0,0.0
INSTANCE_004,0.75,V2,4,1.1283086169871177,0.0,0.0
INSTANCE_004,0.75,V2,5,0.979372713542536,0.0,0.0
INSTANCE_004,0.75,V2,6,1.1397953623515606,0.0,0.0
INSTANCE_004,0.75,V2,7,0.9765227659780942,0.0,0.0
INSTANCE_004,0.75,V2,8,0.8750430865662231,0.0,0.0
INSTANCE_004,0.75,V2,9,1.0058244244284724,0.0,0.0
INSTANCE_004,0.75,V2,10,1.3305307464676754,0.0,0.0
INSTANCE_004,0.75,V2,11,0.9494934942862694,0.0,0.0
INSTANCE_004,0.75,V2,12,0.98743059768449,0.0,0.0
INSTANCE_004,0.75,V2,13,0.9748585664054288,0.0,0.0
INSTANCE_004,0.75,V2,14,1.0408052245863542,0.0,0.0
INSTANCE_004,0.75,V2,15,0.912852883052783,0.0,0.0
INSTANCE_004,0.75,V2,16,1.029972959035976,0.0,0.0
INSTANCE_004,0.75,V2,17,0.8800185949283246,0.0,0.0
INSTANCE_004,0.75,V2,18,1.1236292737938758,0.0,0.0
INSTANCE_004,0.75,V2,19,0.9776540571133564,0.0,0.0
INSTANCE_004,0.75,V3,0,0.9642708498237232,0.0,0.0
INSTANCE_004,0.75,V3,1,0.9851915260344116,0.0,0.0
INSTANCE_004,0.75,V3,2,0.8797734030963599,0.0,0.0
INSTANCE_004,0.75,V3,3,1.162678378179289,2.957034904074817,2.957034904074817
INSTANCE_004,0.75,V3,4,1.2923715854488511,9.692651623619554,9.692651623619554
INSTANCE_004,0.75,V3,5,1.0669523555514149,0.0,0.0
INSTANCE_004,0.75,V3,6,1.08891748139568,0.0,0.0
INSTANCE_004,0.75,V3,7,0.880755796222279,0.0,0.0
INSTANCE_004,0.75,V3,8,0.9812039707527128,0.0,0.0
INSTANCE_004,0.75,V3,9,0.8603010851078271,0.0,0.0
INSTANCE_004,0.75,V3,10,0.8607323137219164,0.0,0.0
INSTANCE_004,0.75,V3,11,1.0022179648717555,0.0,0.0
INSTANCE_004,0.75,V3,12,0.9884310339536738,0.0,0.0
INSTANCE_004,0.75,V3,13,1.0955550431636287,0.0,0.0
INSTANCE_004,0.75,V3,14,1.1808332906127663,3.8999102813073705,3.8999102813073705
INSTANCE_004,0.75,V3,15,0.9754845175553202,0.0,0.0
INSTANCE_004,0.75,V3,16,1.067896550925003,0.0,0.0
INSTANCE_004,0.75,V3,17,1.3114991452794968,10.686041443424074,10.686041443424074
INSTANCE_004,0.75,V3,18,0.9533847620609482,0.0,0.0
INSTANCE_004,0.75,V3,19,1.2381209749437925,6.875146167039361,6.875146167039361
INSTANCE_005,0.25,V1,0,0.9977207993103812,0.0,0.0
INSTANCE_005,0.25,V1,1,0.9339674447270956,0.0,0.0
INSTANCE_005,0.25,V1,2,1.0360572208695804,0.0,0.0
INSTANCE_005,0.25,V1,3,0.9451557067489208,0.0,0.0
INSTANCE_005,0.25,V1,4,0.9310991020127204,0.0,0.0
INSTANCE_005,0.25,V1,5,0.9465547524469162,0.0,0.0
INSTANCE_005,0.25,V1,6,0.992766257786804,0.0,0.0
INSTANCE_005,0.25,V1,7,0.9652660500372512,0.0,0.0
INSTANCE_005,0.25,V1,8,1.0693292467678963,0.0,0.0
INSTANCE_005,0.25,V1,9,0.9674106629308494,0.0,0.0
INSTANCE_005,0.25,V1,10,1.2566176852002269,24.16550885666004,24.16550885666004
INSTANCE_005,0.25,V1,11,1.0697925468478195,0.0,0.0
INSTANCE_005,0.25,V1,12,0.8783423310657517,0.0,0.0
INSTANCE_005,0.25,V1,13,1.1063826311913016,1.9546534817523025,1.9546534817523025
INSTANCE_005,0.25,V1,14,0.9949143416680848,0.0,0.0
INSTANCE_005,0.25,V1,15,0.9800898437937272,0.0,0.0
INSTANCE_005,0.25,V1,16,0.9241139826124164,0.0,0.0
INSTANCE_005,0.25,V1,17,0.8907048561511263,0.0,0.0
INSTANCE_005,0.25,V1,18,0.9963868842848028,0.0,0.0
INSTANCE_005,0.25,V1,19,1.1050955923932646,1.853294886277581,1.853294886277581
INSTANCE_005,0.25,V2,0,0.8793901276130403,0.0,0.0
INSTANCE_005,0.25,V2,1,1.266071963835614,0.0,0.0
INSTANCE_005,0.25,V2,2,1.3694375620705848,0.0,0.0
INSTANCE_005,0.25,V2,3,1.0337368668224365,0.0,0.0
INSTANCE_005,0.25,V2,4,1.051176888443077,0.0,0.0
INSTANCE_005,0.25,V2,5,0.8680077147641335,0.0,0.0
INSTANCE_005,0.25,V2,6,0.948800957499302,0.0,0.0
INSTANCE_005,0.25,V2,7,0.8787802655337207,0.0,0.0
INSTANCE_005,0.25,V2,8,0.8746763774390363,0.0,0.0
INSTANCE_005,0.25,V2,9,1.0990001848087976,0.0,0.0
INSTANCE_005,0.25,V2,10,1.042011075838818,0.0,0.0
INSTANCE_005,0.25,V2,11,0.8907921204605406,0.0,0.0
INSTANCE_005,0.25,V2,12,1.072715221910997,0.0,0.0
INSTANCE_005,0.25,V2,13,0.9410056319518668,0.0,0.0
INSTANCE_005,0.25,V2,14,0.9384242201724676,0.0,0.0
INSTANCE_005,0.25,V2,15,1.1088309628842337,0.0,0.0
INSTANCE_005,0.25,V2,16,0.9812039707527128,0.0,0.0
INSTANCE_005,0.25,V2,17,0.9093171923887252,0.0,0.0
INSTANCE_005,0.25,V2,18,1.0426116213116785,0.0,0.0
INSTANCE_005,0.25,V2,19,0.8708767406995097,0.0,0.0
INSTANCE_005,0.25,V3,0,0.9834764924300962,0.0,0.0
INSTANCE_005,0.25,V3,1,1.0282120305371585,0.0,0.0
INSTANCE_005,0.25,V3,2,1.0174271743362002,0.0,0.0
INSTANCE_005,0.25,V3,3,1.0335424935505932,0.0,0.0
INSTANCE_005,0.25,V3,4,0.8511116192540826,0.0,0.0
INSTANCE_005,0.25,V3,5,0.9320438320700551,0.0,0.0
INSTANCE_005,0.25,V3,6,0.9799329811532924,0.0,0.0
INSTANCE_005,0.25,V3,7,0.942893023971548,0.0,0.0
INSTANCE_005,0.25,V3,8,1.102773106086061,0.0,0.0
INSTANCE_005,0.25,V3,9,0.9270299655976186,0.0,0.0
INSTANCE_005,0.25,V3,10,1.0722453613941898,0.0,0.0
INSTANCE_005,0.25,V3,11,0.957117167856376,0.0,0.0
INSTANCE_005,0.25,V3,12,0.8758162684608942,0.0,0.0
INSTANCE_005,0.25,V3,13,0.8960630797532062,0.0,0.0
INSTANCE_005,0.25,V3,14,0.8811862347754283,0.0,0.0
INSTANCE_005,0.25,V3,15,0.9677674775574394,0.0,0.0
INSTANCE_005,0.25,V3,16,0.882293744426373,0.0,0.0
INSTANCE_005,0.25,V3,17,1.0427388421051456,0.0,0.0
INSTANCE_005,0.25,V3,18,0.8687250859411962,0.0,0.0
INSTANCE_005,0.25,V3,19,1.1350028873595026,0.0,0.0
INSTANCE_005,0.5,V1,0,1.0543663768590927,0.0,0.0
INSTANCE_005,0.5,V1,1,1.052485304120219,0.0,0.0
INSTANCE_005,0.5,V1,2,0.9008138785893592,0.0,0.0
INSTANCE_005,0.5,V1,3,0.9674106629308494,0.0,0.0
INSTANCE_005,0.5,V1,4,1.012584423881113,0.0,0.0
INSTANCE_005,0.5,V1,5,1.2403154208836862,0.0,0.0
INSTANCE_005,0.5,V1,6,1.007181758175017,0.0,0.0
INSTANCE_005,0.5,V1,7,0.9045243173879688,0.0,0.0
INSTANCE_005,0.5,V1,8,0.8625399731521941,0.0,0.0
INSTANCE_005,0.5,V1,9,0.9525106079077382,0.0,0.0
INSTANCE_005,0.5,V1,10,1.2405465364027972,0.0,0.0
INSTANCE_005,0.5,V1,11,0.9778499895358336,0.0,0.0
INSTANCE_005,0.5,V1,12,1.0990001848087976,0.0,0.0
INSTANCE_005,0.5,V1,13,0.881431287198195,0.0,0.0
INSTANCE_005,0.5,V1,14,1.301268075376899,0.0,0.0
INSTANCE_005,0.5,V1,15,1.0693292467678963,0.0,0.0
INSTANCE_005,0.5,V1,16,0.9393719900324564,0.0,0.0
INSTANCE_005,0.5,V1,17,1.1042449612439666,0.0,0.0
INSTANCE_005,0.5,V1,18,0.8939970884413038,0.0,0.0
INSTANCE_005,0.5,V1,19,1.089583893562997,0.0,0.0
INSTANCE_005,0.5,V2,0,0.8920130963631127,0.0,0.0
INSTANCE_005,0.5,V2,1,0.9673007796898386,0.0,0.0
INSTANCE_005,0.5,V2,2,1.0603238483103044,0.0,0.0
INSTANCE_005,0.5,V2,3,0.863319685406451,0.0,0.0
INSTANCE_005,0.5,V2,4,1.0109029913109135,0.0,0.0
INSTANCE_005,0.5,V2,5,1.0693292467678963,0.0,0.0
INSTANCE_005,0.5,V2,6,1.1555775955532903,0.0,0.0
INSTANCE_005,0.5,V2,7,1.0128716436795813,0.0,0.0
INSTANCE_005,0.5,V2,8,1.1921550252101862,0.0,0.0
INSTANCE_005,0.5,V2,9,1.3524319042851258,0.0,0.0
INSTANCE_005,0.5,V2,10,1.007181758175017,0.0,0.0
INSTANCE_005,0.5,V2,11,0.897817974533582,0.0,0.0
INSTANCE_005,0.5,V2,12,0.969518024483864,0.0,0.0
INSTANCE_005,0.5,V2,13,1.0233666890774118,0.0,0.0
INSTANCE_005,0.5,V2,14,1.2425746475155326,0.0,0.0
INSTANCE_005,0.5,V2,15,1.0990001848087976,0.0,0.0
INSTANCE_005,0.5,V2,16,1.0553173445219677,0.0,0.0
INSTANCE_005,0.5,V2,17,0.9685274049053448,0.0,0.0
INSTANCE_005,0.5,V2,18,0.8837955056139003,0.0,0.0
INSTANCE_005,0.5,V2,19,0.9601441557445912,0.0,0.0
INSTANCE_005,0.5,V3,0,1.011463300061996,0.0,0.0
INSTANCE_005,0.5,V3,1,1.1935103834373952,0.0,0.0
INSTANCE_005,0.5,V3,2,0.8837955056139003,0.0,0.0
INSTANCE_005,0.5,V3,3,1.030416766768407,0.0,0.0
INSTANCE_005,0.5,V3,4,1.160923983700295,0.0,0.0
INSTANCE_005,0.5,V3,5,1.1395274132691646,0.0,0.0
INSTANCE_005,0.5,V3,6,1.041800250400152,0.0,0.0
INSTANCE_005,0.5,V3,7,1.0653167694970953,0.0,0.0
INSTANCE_005,0.5,V3,8,0.933106296922953,0.0,0.0
INSTANCE_005,0.5,V3,9,0.9659105456587898,0.0,0.0
INSTANCE_005,0.5,V3,10,0.9457295844681848,0.0,0.0
INSTANCE_005,0.5,V3,11,1.1312758223395143,0.0,0.0
INSTANCE_005,0.5,V3,12,1.160928784209669,0.0,0.0
INSTANCE_005,0.5,V3,13,0.8708767406995097,0.0,0.0
INSTANCE_005,0.5,V3,14,1.2767554651595572,0.0,0.0
INSTANCE_005,0.5,V3,15,1.0160342584089286,0.0,0.0
INSTANCE_005,0.5,V3,16,0.9861237001572118,0.0,0.0
INSTANCE_005,0.5,V3,17,0.948800957499302,0.0,0.0
INSTANCE_005,0.5,V3,18,0.9278608340766128,0.0,0.0
INSTANCE_005,0.5,V3,19,1.069901713115916,0.0,0.0
INSTANCE_005,0.75,V1,0,1.1629053939444185,0.0,0.0
INSTANCE_005,0.75,V1,1,1.0264248054620404,0.0,0.0
INSTANCE_005,0.75,V1,2,0.9454783231219492,0.0,0.0
INSTANCE_005,0.75,V1,3,0.988489618059527,0.0,0.0
INSTANCE_005,0.75,V1,4,1.0929359703127333,0.0,0.0
INSTANCE_005,0.75,V1,5,0.916792033553504,0.0,0.0
INSTANCE_005,0.75,V1,6,1.155646810374408,0.0,0.0
INSTANCE_005,0.75,V1,7,1.1067023847763022,0.0,0.0
INSTANCE_005,0.75,V1,8,0.8894972007448494,0.0,0.0
INSTANCE_005,0.75,V1,9,1.19980210899308,0.0,0.0
INSTANCE_005,0.75,V1,10,1.0955550431636287,0.0,0.0
INSTANCE_005,0.75,V1,11,0.969518024483864,0.0,0.0
INSTANCE_005,0.75,V1,12,1.0835239337129088,0.0,0.0
INSTANCE_005,0.75,V1,13,0.9809701430950316,0.0,0.0
INSTANCE_005,0.75,V1,14,0.9611497769027638,0.0,0.0
INSTANCE_005,0.75,V1,15,0.939347482758234,0.0,0.0
INSTANCE_005,0.75,V1,16,0.8687250859411962,0.0,0.0
INSTANCE_005,0.75,V1,17,1.1909479187298964,0.0,0.0
INSTANCE_005,0.75,V1,18,0.8752691297583073,0.0,0.0
INSTANCE_005,0.75,V1,19,0.9012738346157227,0.0,0.0
INSTANCE_005,0.75,V2,0,0.9633994387340196,0.0,0.0
INSTANCE_005,0.75,V2,1,0.9685274049053448,0.0,0.0
INSTANCE_005,0.75,V2,2,0.9333414246843322,0.0,0.0
INSTANCE_005,0.75,V2,3,0.8699925994870982,0.0,0.0
INSTANCE_005,0.75,V2,4,1.1044253146328182,0.0,0.0
INSTANCE_005,0.75,V2,5,1.002312508247636,0.0,0.0
INSTANCE_005,0.75,V2,6,0.9791584718661454,0.0,0.0
INSTANCE_005,0.75,V2,7,1.068751206974634,0.0,0.0
INSTANCE_005,0.75,V2,8,1.5780846479199655,0.0,0.0
INSTANCE_005,0.75,V2,9,0.8829405873475067,0.0,0.0
INSTANCE_005,0.75,V2,10,1.1131701426062446,0.0,0.0
INSTANCE_005,0.75,V2,11,1.1131701426062446,0.0,0.0
INSTANCE_005,0.75,V2,12,1.177996395225299,0.0,0.0
INSTANCE_005,0.75,V2,13,1.0965462769001335,0.0,0.0
INSTANCE_005,0.75,V2,14,0.9026102255194182,0.0,0.0
INSTANCE_005,0.75,V2,15,1.0284640600424286,0.0,0.0
INSTANCE_005,0.75,V2,16,0.8789033483894577,0.0,0.0
INSTANCE_005,0.75,V2,17,1.2525117019197392,0.0,0.0
INSTANCE_005,0.75,V2,18,1.4003561203525494,0.0,0.0
INSTANCE_005,0.75,V2,19,1.0290682836218026,0.0,0.0
INSTANCE_005,0.75,V3,0,0.9336186647134512,0.0,0.0
INSTANCE_005,0.75,V3,1,1.19980210899308,0.0,0.0
INSTANCE_005,0.75,V3,2,0.8844498874968189,0.0,0.0
INSTANCE_005,0.75,V3,3,0.9963868842848028,0.0,0.0
INSTANCE_005,0.75,V3,4,1.0680371770873054,0.0,0.0
INSTANCE_005,0.75,V3,5,0.9495654082242784,0.0,0.0
INSTANCE_005,0.75,V3,6,0.9846497010211196,0.0,0.0
INSTANCE_005,0.75,V3,7,1.0653167694970953,0.0,0.0
INSTANCE_005,0.75,V3,8,0.895619622406056,0.0,0.0
INSTANCE_005,0.75,V3,9,0.9776540571133564,0.0,0.0
INSTANCE_005,0.75,V3,10,1.0968116297819277,0.0,0.0
INSTANCE_005,0.75,V3,11,0.9963868842848028,0.0,0.0
INSTANCE_005,0.75,V3,12,0.8742533364880948,0.0,0.0
INSTANCE_005,0.75,V3,13,0.9415251036524498,0.0,0.0
INSTANCE_005,0.75,V3,14,1.3431263188835012,0.0,0.0
INSTANCE_005,0.75,V3,15,0.9563727735787926,0.0,0.0
INSTANCE_005,0.75,V3,16,0.948800957499302,0.0,0.0
INSTANCE_005,0.75,V3,17,0.8907514742588356,0.0,0.0
INSTANCE_005,0.75,V3,18,0.9457172938331704,0.0,0.0
INSTANCE_005,0.75,V3,19,1.0681698050247663,0.0,0.0
INSTANCE_006,0.25,V1,0,1.388857765375337,0.0,0.0
INSTANCE_006,0.25,V1,1,0.959652807807777,0.0,0.0
INSTANCE_006,0.25,V1,2,1.236672880236256,0.0,0.0
INSTANCE_006,0.25,V1,3,1.19980210899308,0.0,0.0
INSTANCE_006,0.25,V1,4,1.1395274132691646,0.0,0.0
INSTANCE_006,0.25,V1,5,0.9778499895358336,0.0,0.0
INSTANCE_006,0.25,V1,6,0.9963832474602492,0.0,0.0
INSTANCE_006,0.25,V1,7,0.9884075368055268,0.0,0.0
INSTANCE_006,0.25,V1,8,1.0007614819111672,0.0,0.0
INSTANCE_006,0.25,V1,9,0.8811862347754283,0.0,0.0
INSTANCE_006,0.25,V1,10,0.9266458893311968,0.0,0.0
INSTANCE_006,0.25,V1,11,0.936782719617004,0.0,0.0
INSTANCE_006,0.25,V1,12,0.9710901386211532,0.0,0.0
INSTANCE_006,0.25,V1,13,0.9947407375316092,0.0,0.0
INSTANCE_006,0.25,V1,14,0.9187929580656782,0.0,0.0
INSTANCE_006,0.25,V1,15,1.0038686602862834,0.0,0.0
INSTANCE_006,0.25,V1,16,0.9400305127732984,0.0,0.0
INSTANCE_006,0.25,V1,17,1.034526819734927,0.0,0.0
INSTANCE_006,0.25,V1,18,1.0236024127383032,0.0,0.0
INSTANCE_006,0.25,V1,19,0.8960630797532062,0.0,0.0
INSTANCE_006,0.25,V2,0,0.9628863296313755,0.0,0.0
INSTANCE_006,0.25,V2,1,1.0668779414103144,0.0,0.0
INSTANCE_006,0.25,V2,2,0.9570901497288432,0.0,0.0
INSTANCE_006,0.25,V2,3,1.0022179648717555,0.0,0.0
INSTANCE_006,0.25,V2,4,0.9393719900324564,0.0,0.0
INSTANCE_006,0.25,V2,5,1.0957594611952377,0.0,0.0
INSTANCE_006,0.25,V2,6,0.9888299083492366,0.0,0.0
INSTANCE_006,0.25,V2,7,0.9903252533762577,0.0,0.0
INSTANCE_006,0.25,V2,8,1.152885779507178,2.1594840485114446,2.1594840485114446
INSTANCE_006,0.25,V2,9,0.955597594535316,0.0,0.0
INSTANCE_006,0.25,V2,10,0.8537198344567576,0.0,0.0
INSTANCE_006,0.25,V2,11,1.06485658767624,0.0,0.0
INSTANCE_006,0.25,V2,12,1.064056605264944,0.0,0.0
INSTANCE_006,0.25,V2,13,0.980821959833786,0.0,0.0
INSTANCE_006,0.25,V2,14,1.0569736132014742,0.0,0.0
INSTANCE_006,0.25,V2,15,1.065177372702552,0.0,0.0
INSTANCE_006,0.25,V2,16,1.066259467706908,0.0,0.0
INSTANCE_006,0.25,V2,17,1.009821314185272,0.0,0.0
INSTANCE_006,0.25,V2,18,0.9677674775574394,0.0,0.0
INSTANCE_006,0.25,V2,19,0.981617781319966,0.0,0.0
INSTANCE_006,0.25,V3,0,1.0355387761279442,0.0,0.0
INSTANCE_006,0.25,V3,1,1.2935671554928894,6.4587153654322265,6.4587153654322265
INSTANCE_006,0.25,V3,2,0.8667695143191644,0.0,0.0
INSTANCE_006,0.25,V3,3,0.8682541501012496,0.0,0.0
INSTANCE_006,0.25,V3,4,1.4919803115329875,19.544458398782808,6.589686499955064
INSTANCE_006,0.25,V3,5,0.8634422116178343,0.0,0.0
INSTANCE_006,0.25,V3,6,1.0139319529377937,0.0,0.0
INSTANCE_006,0.25,V3,7,1.144054846394554,0.3317009385820029,0.3317009385820029
INSTANCE_006,0.25,V3,8,1.1067023847763022,0.0,0.0
INSTANCE_006,0.25,V3,9,0.98743059768449,0.0,0.0
INSTANCE_006,0.25,V3,10,0.942171843207134,0.0,0.0
INSTANCE_006,0.25,V3,11,0.9782508662188903,0.0,0.0
INSTANCE_006,0.25,V3,12,0.988489618059527,0.0,0.0
INSTANCE_006,0.25,V3,13,1.1550274926839608,0.781359983521952,0.781359983521952
INSTANCE_006,0.25,V3,14,0.8508108730988692,0.0,0.0
INSTANCE_006,0.25,V3,15,0.8631968353942979,0.0,0.0
INSTANCE_006,0.25,V3,16,1.227900540926577,3.767697500504596,3.767697500504596
INSTANCE_006,0.25,V3,17,0.9865782319571728,0.0,0.0
INSTANCE_006,0.25,V3,18,1.0237060342378992,0.0,0.0
INSTANCE_006,0.25,V3,19,1.0680371770873054,0.0,0.0
INSTANCE_006,0.5,V1,0,0.9128985993746358,0.0,0.0
INSTANCE_006,0.5,V1,1,0.9976600818897492,0.0,0.0
INSTANCE_006,0.5,V1,2,0.9129208272330664,0.0,0.0
INSTANCE_006,0.5,V1,3,1.1457453263173203,0.0,0.0
INSTANCE_006,0.5,V1,4,1.131482948891816,0.0,0.0
INSTANCE_006,0.5,V1,5,1.2086041721501906,0.0,0.0
INSTANCE_006,0.5,V1,6,0.953831281823618,0.0,0.0
INSTANCE_006,0.5,V1,7,1.1073152371507708,0.0,0.0
INSTANCE_006,0.5,V1,8,1.160928784209669,0.0,0.0
INSTANCE_006,0.5,V1,9,1.324959031920991,0.0,0.0
INSTANCE_006,0.5,V1,10,1.049949924538092,0.0,0.0
INSTANCE_006,0.5,V1,11,0.9674106629308494,0.0,0.0
INSTANCE_006,0.5,V1,12,0.9159238562700172,0.0,0.0
INSTANCE_006,0.5,V1,13,0.8511116192540826,0.0,0.0
INSTANCE_006,0.5,V1,14,0.8735364864171783,0.0,0.0
INSTANCE_006,0.5,V1,15,0.8800868685777993,0.0,0.0
INSTANCE_006,0.5,V1,16,1.0845369842778954,0.0,0.0
INSTANCE_006,0.5,V1,17,0.9426491646829258,0.0,0.0
INSTANCE_006,0.5,V1,18,0.9776465330802088,0.0,0.0
INSTANCE_006,0.5,V1,19,0.97484902275561,0.0,0.0
INSTANCE_006,0.5,V2,0,1.0222535276119855,0.0,0.0
INSTANCE_006,0.5,V2,1,1.0039568266996444,0.0,0.0
INSTANCE_006,0.5,V2,2,1.1448046847804845,1.535815687453919,1.535815687453919
INSTANCE_006,0.5,V2,3,0.8620259995641838,0.0,0.0
INSTANCE_006,0.5,V2,4,1.01206038583535,0.0,0.0
INSTANCE_006,0.5,V2,5,1.095581603068848,0.0,0.0
INSTANCE_006,0.5,V2,6,0.9739961677840204,0.0,0.0
INSTANCE_006,0.5,V2,7,1.049949924538092,0.0,0.0
INSTANCE_006,0.5,V2,8,0.9495654082242784,0.0,0.0
INSTANCE_006,0.5,V2,9,1.002312508247636,0.0,0.0
INSTANCE_006,0.5,V2,10,0.9389862098912972,0.0,0.0
INSTANCE_006,0.5,V2,11,1.4386739193309737,32.35288611658689,0.0
INSTANCE_006,0.5,V2,12,1.177996395225299,3.951950929766895,3.951950929766895
INSTANCE_006,0.5,V2,13,0.9880181554933756,0.0,0.0
INSTANCE_006,0.5,V2,14,0.9812039707527128,0.0,0.0
INSTANCE_006,0.5,V2,15,1.1921550252101862,4.982604801800108,0.0
INSTANCE_006,0.5,V2,16,0.8418735832848321,0.0,0.0
INSTANCE_006,0.5,V2,17,1.0323934338889285,0.0,0.0
INSTANCE_006,0.5,V2,18,1.040583194032862,0.0,0.0
INSTANCE_006,0.5,V2,19,0.982523803280152,0.0,0.0
INSTANCE_006,0.5,V3,0,0.897854161550149,0.0,0.0
INSTANCE_006,0.5,V3,1,0.9322551259494244,0.0,0.0
INSTANCE_006,0.5,V3,2,0.9642920176961438,0.0,0.0
INSTANCE_006,0.5,V3,3,1.1634910127954592,0.0,0.0
INSTANCE_006,0.5,V3,4,1.2002083133375885,0.0,0.0
INSTANCE_006,0.5,V3,5,0.9429615932852622,0.0,0.0
INSTANCE_006,0.5,V3,6,1.0197619269699187,0.0,0.0
INSTANCE_006,0.5,V3,7,1.1912368001424978,0.0,0.0
INSTANCE_006,0.5,V3,8,0.957117167856376,0.0,0.0
INSTANCE_006,0.5,V3,9,0.9686780178825674,0.0,0.0
INSTANCE_006,0.5,V3,10,0.9313950618685568,0.0,0.0
INSTANCE_006,0.5,V3,11,1.0781558024966225,0.0,0.0
INSTANCE_006,0.5,V3,12,1.024227123207293,0.0,0.0
INSTANCE_006,0.5,V3,13,1.2030130770246334,0.0,0.0
INSTANCE_006,0.5,V3,14,0.8920130963631127,0.0,0.0
INSTANCE_006,0.5,V3,15,0.9832347553004918,0.0,0.0
INSTANCE_006,0.5,V3,16,0.9608942732771272,0.0,0.0
INSTANCE_006,0.5,V3,17,0.930572354963956,0.0,0.0
INSTANCE_006,0.5,V3,18,0.8980868940931249,0.0,0.0
INSTANCE_006,0.5,V3,19,1.0749363660585711,0.0,0.0
INSTANCE_006,0.75,V1,0,0.8913495453222449,0.0,0.0
INSTANCE_006,0.75,V1,1,1.4051456778244835,0.0,0.0
INSTANCE_006,0.75,V1,2,1.0611621284754895,0.0,0.0
INSTANCE_006,0.75,V1,3,0.9467289146039016,0.0,0.0
INSTANCE_006,0.75,V1,4,0.963375241646206,0.0,0.0
INSTANCE_006,0.75,V1,5,0.9465547524469162,0.0,0.0
INSTANCE_006,0.75,V1,6,1.0109029913109135,0.0,0.0
INSTANCE_006,0.75,V1,7,0.9663341968632886,0.0,0.0
INSTANCE_006,0.75,V1,8,0.979372713542536,0.0,0.0
INSTANCE_006,0.75,V1,9,0.8906923743355462,0.0,0.0
INSTANCE_006,0.75,V1,10,1.248125601735383,0.0,0.0
INSTANCE_006,0.75,V1,11,1.160928784209669,0.0,0.0
INSTANCE_006,0.75,V1,12,0.8616377346865536,0.0,0.0
INSTANCE_006,0.75,V1,13,1.0611621284754895,0.0,0.0
INSTANCE_006,0.75,V1,14,1.1507454617812989,0.0,0.0
INSTANCE_006,0.75,V1,15,0.8599126873267401,0.0,0.0
INSTANCE_006,0.75,V1,16,0.9138126358561608,0.0,0.0
INSTANCE_006,0.75,V1,17,0.9211854734188176,0.0,0.0
INSTANCE_006,0.75,V1,18,0.9814461698197354,0.0,0.0
INSTANCE_006,0.75,V1,19,1.419554215760268,0.0,0.0
INSTANCE_006,0.75,V2,0,1.018318691956402,0.0,0.0
INSTANCE_006,0.75,V2,1,1.1220320873516914,0.0,0.0
INSTANCE_006,0.75,V2,2,0.916180219798298,0.0,0.0
INSTANCE_006,0.75,V2,3,1.0323934338889285,0.0,0.0
INSTANCE_006,0.75,V2,4,0.9846497010211196,0.0,0.0
INSTANCE_006,0.75,V2,5,1.0392318228862991,0.0,0.0
INSTANCE_006,0.75,V2,6,1.1407856705286128,0.0,0.0
INSTANCE_006,0.75,V2,7,1.040583194032862,0.0,0.0
INSTANCE_006,0.75,V2,8,0.9860500301904004,0.0,0.0
INSTANCE_006,0.75,V2,9,0.8960308343539007,0.0,0.0
INSTANCE_006,0.75,V2,10,0.97484902275561,0.0,0.0
INSTANCE_006,0.75,V2,11,1.0070935069548954,0.0,0.0
INSTANCE_006,0.75,V2,12,0.9812039707527128,0.0,0.0
INSTANCE_006,0.75,V2,13,1.072715221910997,0.0,0.0
INSTANCE_006,0.75,V2,14,1.1555775955532903,0.0,0.0
INSTANCE_006,0.75,V2,15,1.2221999148590432,0.0,0.0
INSTANCE_006,0.75,V2,16,0.9322551259494244,0.0,0.0
INSTANCE_006,0.75,V2,17,0.9918258124050138,0.0,0.0
INSTANCE_006,0.75,V2,18,0.912852883052783,0.0,0.0
INSTANCE_006,0.75,V2,19,1.1507454617812989,0.0,0.0
INSTANCE_006,0.75,V3,0,0.9341773555741504,0.0,0.0
INSTANCE_006,0.75,V3,1,0.9776540571133564,0.0,0.0
INSTANCE_006,0.75,V3,2,1.0430593467110445,0.0,0.0
INSTANCE_006,0.75,V3,3,0.9426491646829258,0.0,0.0
INSTANCE_006,0.75,V3,4,0.8928767660288555,0.0,0.0
INSTANCE_006,0.75,V3,5,1.0088685177384302,0.0,0.0
INSTANCE_006,0.75,V3,6,0.9608942732771272,0.0,0.0
INSTANCE_006,0.75,V3,7,0.981617781319966,0.0,0.0
INSTANCE_006,0.75,V3,8,0.9946032170381304,0.0,0.0
INSTANCE_006,0.75,V3,9,0.932747492274802,0.0,0.0
INSTANCE_006,0.75,V3,10,1.0943620642162015,0.0,0.0
INSTANCE_006,0.75,V3,11,0.9833459881894986,0.0,0.0
INSTANCE_006,0.75,V3,12,1.0569736132014742,0.0,0.0
INSTANCE_006,0.75,V3,13,0.9652660500372512,0.0,0.0
INSTANCE_006,0.75,V3,14,1.2334711323482457,0.0,0.0
INSTANCE_006,0.75,V3,15,0.9601441557445912,0.0,0.0
INSTANCE_006,0.75,V3,16,0.9465547524469162,0.0,0.0
INSTANCE_006,0.75,V3,17,1.2002136116675404,0.0,0.0
INSTANCE_006,0.75,V3,18,0.9258766510273724,0.0,0.0
INSTANCE_006,0.75,V3,19,1.1530051709364817,0.0,0.0
INSTANCE_007,0.25,V1,0,0.959116663272508,0.0,0.0
INSTANCE_007,0.25,V1,1,0.9459966876449238,0.0,0.0
INSTANCE_007,0.25,V1,2,1.2157472228130168,9.652308482758713,9.652308482758713
INSTANCE_007,0.25,V1,3,1.0793958457459554,0.0,0.0
INSTANCE_007,0.25,V1,4,0.9917821436845996,0.0,0.0
INSTANCE_007,0.25,V1,5,0.9507492824146152,0.0,0.0
INSTANCE_007,0.25,V1,6,1.0449803260265191,0.0,0.0
INSTANCE_007,0.25,V1,7,0.880755796222279,0.0,0.0
INSTANCE_007,0.25,V1,8,1.0929359703127333,0.0,0.0
INSTANCE_007,0.25,V1,9,0.936782719617004,0.0,0.0
INSTANCE_007,0.25,V1,10,1.189502844118853,6.716349838242309,6.716349838242309
INSTANCE_007,0.25,V1,11,0.956705244011982,0.0,0.0
INSTANCE_007,0.25,V1,12,1.038104005136531,0.0,0.0
INSTANCE_007,0.25,V1,13,0.8667504193251824,0.0,0.0
INSTANCE_007,0.25,V1,14,0.901399027263804,0.0,0.0
INSTANCE_007,0.25,V1,15,1.001301093002179,0.0,0.0
INSTANCE_007,0.25,V1,16,1.373729796677665,44.64083028691164,44.64083028691164
INSTANCE_007,0.25,V1,17,1.0039568266996444,0.0,0.0
INSTANCE_007,0.25,V1,18,0.916792033553504,0.0,0.0
INSTANCE_007,0.25,V1,19,1.035078042398154,0.0,0.0
INSTANCE_007,0.25,V2,0,1.0130717099772102,0.0,0.0
INSTANCE_007,0.25,V2,1,0.956705244011982,0.0,0.0
INSTANCE_007,0.25,V2,2,0.9525106079077382,0.0,0.0
INSTANCE_007,0.25,V2,3,0.907589462482472,0.0,0.0
INSTANCE_007,0.25,V2,4,0.9918258124050138,0.0,0.0
INSTANCE_007,0.25,V2,5,1.0298193229305517,0.0,0.0
INSTANCE_007,0.25,V2,6,1.14509820157397,0.0,0.0
INSTANCE_007,0.25,V2,7,0.9393719900324564,0.0,0.0
INSTANCE_007,0.25,V2,8,1.001301093002179,0.0,0.0
INSTANCE_007,0.25,V2,9,0.8837303374256351,0.0,0.0
INSTANCE_007,0.25,V2,10,0.9495654082242784,0.0,0.0
INSTANCE_007,0.25,V2,11,0.9494934942862694,0.0,0.0
INSTANCE_007,0.25,V2,12,0.936824273489918,0.0,0.0
INSTANCE_007,0.25,V2,13,0.9683430660932292,0.0,0.0
INSTANCE_007,0.25,V2,14,1.0403463157571715,0.0,0.0
INSTANCE_007,0.25,V2,15,0.9947832248597468,0.0,0.0
INSTANCE_007,0.25,V2,16,0.957117167856376,0.0,0.0
INSTANCE_007,0.25,V2,17,1.1350028873595026,0.0,0.0
INSTANCE_007,0.25,V2,18,1.155646810374408,0.0,0.0
INSTANCE_007,0.25,V2,19,0.8702672940145558,0.0,0.0
INSTANCE_007,0.25,V3,0,1.06485658767624,0.0,0.0
INSTANCE_007,0.25,V3,1,0.8766225867224798,0.0,0.0
INSTANCE_007,0.25,V3,2,0.9616398094187742,0.0,0.0
INSTANCE_007,0.25,V3,3,0.936824273489918,0.0,0.0
INSTANCE_007,0.25,V3,4,1.0595907780904756,0.0,0.0
INSTANCE_007,0.25,V3,5,0.9404100930328472,0.0,0.0
INSTANCE_007,0.25,V3,6,0.8742533364880948,0.0,0.0
INSTANCE_007,0.25,V3,7,1.078622864135118,0.0,0.0
INSTANCE_007,0.25,V3,8,0.9336186647134512,0.0,0.0
INSTANCE_007,0.25,V3,9,1.0749228258820265,0.0,0.0
INSTANCE_007,0.25,V3,10,0.9152523252187308,0.0,0.0
INSTANCE_007,0.25,V3,11,1.167704362791332,0.0,0.0
INSTANCE_007,0.25,V3,12,1.0236024127383032,0.0,0.0
INSTANCE_007,0.25,V3,13,1.167094339839882,0.0,0.0
INSTANCE_007,0.25,V3,14,0.958080808705026,0.0,0.0
INSTANCE_007,0.25,V3,15,0.980821959833786,0.0,0.0
INSTANCE_007,0.25,V3,16,0.9237317317660896,0.0,0.0
INSTANCE_007,0.25,V3,17,0.9332125938313875,0.0,0.0
INSTANCE_007,0.25,V3,18,0.9529172306337892,0.0,0.0
INSTANCE_007,0.25,V3,19,1.0204846158059413,0.0,0.0
INSTANCE_007,0.5,V1,0,0.8745698193607322,0.0,0.0
INSTANCE_007,0.5,V1,1,0.882293744426373,0.0,0.0
INSTANCE_007,0.5,V1,2,1.0725153203874618,0.0,0.0
INSTANCE_007,0.5,V1,3,0.915357795902608,0.0,0.0
INSTANCE_007,0.5,V1,4,1.5749158421982845,25.026584459362653,25.026584459362653
INSTANCE_007,0.5,V1,5,0.9730064332140586,0.0,0.0
INSTANCE_007,0.5,V1,6,0.928219591826866,0.0,0.0
INSTANCE_007,0.5,V1,7,0.930572354963956,0.0,0.0
INSTANCE_007,0.5,V1,8,1.177996395225299,0.0,0.0
INSTANCE_007,0.5,V1,9,0.958080808705026,0.0,0.0
INSTANCE_007,0.5,V1,10,1.0921384134030634,0.0,0.0
INSTANCE_007,0.5,V1,11,0.9459966876449238,0.0,0.0
INSTANCE_007,0.5,V1,12,1.0681698050247663,0.0,0.0
INSTANCE_007,0.5,V1,13,0.9783936238175074,0.0,0.0
INSTANCE_007,0.5,V1,14,0.9012738346157227,0.0,0.0
INSTANCE_007,0.5,V1,15,0.9833459881894986,0.0,0.0
INSTANCE_007,0.5,V1,16,1.1350028873595026,0.0,0.0
INSTANCE_007,0.5,V1,17,0.9976600818897492,0.0,0.0
INSTANCE_007,0.5,V1,18,1.095581603068848,0.0,0.0
INSTANCE_007,0.5,V1,19,1.0281817017159132,0.0,0.0
INSTANCE_007,0.5,V2,0,1.1648619678689915,0.0,0.0
INSTANCE_007,0.5,V2,1,0.8659070570909859,0.0,0.0
INSTANCE_007,0.5,V2,2,1.1049113734112834,0.0,0.0
INSTANCE_007,0.5,V2,3,0.9283877447807056,0.0,0.0
INSTANCE_007,0.5,V2,4,1.3129535037479876,0.0,0.0
INSTANCE_007,0.5,V2,5,1.0427388421051456,0.0,0.0
INSTANCE_007,0.5,V2,6,1.0039139762148528,0.0,0.0
INSTANCE_007,0.5,V2,7,0.9785219509065192,0.0,0.0
INSTANCE_007,0.5,V2,8,0.9322551259494244,0.0,0.0
INSTANCE_007,0.5,V2,9,1.0323934338889285,0.0,0.0
INSTANCE_007,0.5,V2,10,0.9149465839547634,0.0,0.0
INSTANCE_007,0.5,V2,11,1.004120415445002,0.0,0.0
INSTANCE_007,0.5,V2,12,0.9466174203795992,0.0,0.0
INSTANCE_007,0.5,V2,13,0.959652807807777,0.0,0.0
INSTANCE_007,0.5,V2,14,1.000865027584959,0.0,0.0
INSTANCE_007,0.5,V2,15,1.0257450539352442,0.0,0.0
INSTANCE_007,0.5,V2,16,0.8982002670749375,0.0,0.0
INSTANCE_007,0.5,V2,17,0.9214119093352142,0.0,0.0
INSTANCE_007,0.5,V2,18,1.3305307464676754,0.0,0.0
INSTANCE_007,0.5,V2,19,0.957117167856376,0.0,0.0
INSTANCE_007,0.5,V3,0,0.8676319715473424,0.0,0.0
INSTANCE_007,0.5,V3,1,1.1425127712082706,0.0,0.0
INSTANCE_007,0.5,V3,2,1.073496397718238,0.0,0.0
INSTANCE_007,0.5,V3,3,0.9487692938598062,0.0,0.0
INSTANCE_007,0.5,V3,4,1.160928784209669,0.0,0.0
INSTANCE_007,0.5,V3,5,0.8928767660288555,0.0,0.0
INSTANCE_007,0.5,V3,6,0.9782508662188903,0.0,0.0
INSTANCE_007,0.5,V3,7,0.9632079134700076,0.0,0.0
INSTANCE_007,0.5,V3,8,0.9608942732771272,0.0,0.0
INSTANCE_007,0.5,V3,9,1.1921550252101862,0.0,0.0
INSTANCE_007,0.5,V3,10,1.3114991452794968,0.0,0.0
INSTANCE_007,0.5,V3,11,0.9809701430950316,0.0,0.0
INSTANCE_007,0.5,V3,12,0.9471878234330842,0.0,0.0
INSTANCE_007,0.5,V3,13,1.0298193229305517,0.0,0.0
INSTANCE_007,0.5,V3,14,1.0202770281620477,0.0,0.0
INSTANCE_007,0.5,V3,15,0.9783936238175074,0.0,0.0
INSTANCE_007,0.5,V3,16,0.8771190010573032,0.0,0.0
INSTANCE_007,0.5,V3,17,0.9757918589093308,0.0,0.0
INSTANCE_007,0.5,V3,18,0.9187929580656782,0.0,0.0
INSTANCE_007,0.5,V3,19,0.916478383256532,0.0,0.0
INSTANCE_007,0.75,V1,0,0.9628279497960548,0.0,0.0
INSTANCE_007,0.75,V1,1,1.0335424935505932,0.0,0.0
INSTANCE_007,0.75,V1,2,1.2604338402955244,0.0,0.0
INSTANCE_007,0.75,V1,3,1.040583194032862,0.0,0.0
INSTANCE_007,0.75,V1,4,1.0719712279991411,0.0,0.0
INSTANCE_007,0.75,V1,5,0.9310991020127204,0.0,0.0
INSTANCE_007,0.75,V1,6,0.9633994387340196,0.0,0.0
INSTANCE_007,0.75,V1,7,1.153903139133133,0.0,0.0
INSTANCE_007,0.75,V1,8,1.069160783951708,0.0,0.0
INSTANCE_007,0.75,V1,9,1.289559815894179,0.0,0.0
INSTANCE_007,0.75,V1,10,0.947243660248802,0.0,0.0
INSTANCE_007,0.75,V1,11,1.404519219653363,0.0,0.0
INSTANCE_007,0.75,V1,12,0.8851375383563126,0.0,0.0
INSTANCE_007,0.75,V1,13,1.1909479187298964,0.0,0.0
INSTANCE_007,0.75,V1,14,0.9611497769027638,0.0,0.0
INSTANCE_007,0.75,V1,15,1.404519219653363,0.0,0.0
INSTANCE_007,0.75,V1,16,0.982523803280152,0.0,0.0
INSTANCE_007,0.75,V1,17,0.9012738346157227,0.0,0.0
INSTANCE_007,0.75,V1,18,1.1690890500818183,0.0,0.0
INSTANCE_007,0.75,V1,19,1.0109029913109135,0.0,0.0
INSTANCE_007,0.75,V2,0,1.0259774424872496,0.0,0.0
INSTANCE_007,0.75,V2,1,0.9429615932852622,0.0,0.0
INSTANCE_007,0.75,V2,2,1.0478855322366016,0.0,0.0
INSTANCE_007,0.75,V2,3,0.992766257786804,0.0,0.0
INSTANCE_007,0.75,V2,4,1.2221999148590432,0.0,0.0
INSTANCE_007,0.75,V2,5,0.98743059768449,0.0,0.0
INSTANCE_007,0.75,V2,6,1.040583194032862,0.0,0.0
INSTANCE_007,0.75,V2,7,1.0377087743721027,0.0,0.0
INSTANCE_007,0.75,V2,8,1.0448622446704332,0.0,0.0
INSTANCE_007,0.75,V2,9,0.9977207993103812,0.0,0.0
INSTANCE_007,0.75,V2,10,0.9767555071547408,0.0,0.0
INSTANCE_007,0.75,V2,11,0.9242822870895306,0.0,0.0
INSTANCE_007,0.75,V2,12,1.304285912273997,0.0,0.0
INSTANCE_007,0.75,V2,13,0.942171843207134,0.0,0.0
INSTANCE_007,0.75,V2,14,0.8742533364880948,0.0,0.0
INSTANCE_007,0.75,V2,15,1.081713668787783,0.0,0.0
INSTANCE_007,0.75,V2,16,0.9336186647134512,0.0,0.0
INSTANCE_007,0.75,V2,17,0.8616173352380412,0.0,0.0
INSTANCE_007,0.75,V2,18,0.9755567328734692,0.0,0.0
INSTANCE_007,0.75,V2,19,0.9776540571133564,0.0,0.0
INSTANCE_007,0.75,V3,0,1.1318499454201147,0.0,0.0
INSTANCE_007,0.75,V3,1,1.0109029913109135,0.0,0.0
INSTANCE_007,0.75,V3,2,1.3114991452794968,0.0,0.0
INSTANCE_007,0.75,V3,3,1.0461369992519114,0.0,0.0
INSTANCE_007,0.75,V3,4,1.0642095748746716,0.0,0.0
INSTANCE_007,0.75,V3,5,0.9032982593501672,0.0,0.0
INSTANCE_007,0.75,V3,6,1.0332808558291229,0.0,0.0
INSTANCE_007,0.75,V3,7,1.026209413070951,0.0,0.0
INSTANCE_007,0.75,V3,8,1.0282120305371585,0.0,0.0
INSTANCE_007,0.75,V3,9,0.9047059775316004,0.0,0.0
INSTANCE_007,0.75,V3,10,1.0887542440718676,0.0,0.0
INSTANCE_007,0.75,V3,11,1.0426116213116785,0.0,0.0
INSTANCE_007,0.75,V3,12,0.9734985963062254,0.0,0.0
INSTANCE_007,0.75,V3,13,1.0079500127579115,0.0,0.0
INSTANCE_007,0.75,V3,14,0.9628863296313755,0.0,0.0
INSTANCE_007,0.75,V3,15,0.9400305127732984,0.0,0.0
INSTANCE_007,0.75,V3,16,0.963375241646206,0.0,0.0
INSTANCE_007,0.75,V3,17,1.0719712279991411,0.0,0.0
INSTANCE_007,0.75,V3,18,1.009821314185272,0.0,0.0
INSTANCE_007,0.75,V3,19,1.074884193292617,0.0,0.0
INSTANCE_009,0.25,V1,0,0.963375241646206,0.0,0.0
INSTANCE_009,0.25,V1,1,1.04885660584631,0.0,0.0
INSTANCE_009,0.25,V1,2,1.0337368668224365,0.0,0.0
INSTANCE_009,0.25,V1,3,1.0781558024966225,0.0,0.0
INSTANCE_009,0.25,V1,4,1.2030130770246334,0.0,0.0
INSTANCE_009,0.25,V1,5,0.9834764924300962,0.0,0.0
INSTANCE_009,0.25,V1,6,0.8750430865662231,0.0,0.0
INSTANCE_009,0.25,V1,7,1.0932122742009152,0.0,0.0
INSTANCE_009,0.25,V1,8,1.04885660584631,0.0,0.0
INSTANCE_009,0.25,V1,9,1.053765922428726,0.0,0.0
INSTANCE_009,0.25,V1,10,0.9903252533762577,0.0,0.0
INSTANCE_009,0.25,V1,11,1.1507454617812989,0.0,0.0
INSTANCE_009,0.25,V1,12,0.99379310821491,0.0,0.0
INSTANCE_009,0.25,V1,13,1.162678378179289,0.0,0.0
INSTANCE_009,0.25,V1,14,1.1964501706679431,0.0,0.0
INSTANCE_009,0.25,V1,15,1.0325425692032049,0.0,0.0
INSTANCE_009,0.25,V1,16,0.9063141633517744,0.0,0.0
INSTANCE_009,0.25,V1,17,0.936782719617004,0.0,0.0
INSTANCE_009,0.25,V1,18,0.9903252533762577,0.0,0.0
INSTANCE_009,0.25,V1,19,0.8939970884413038,0.0,0.0
INSTANCE_009,0.25,V2,0,0.9332125938313875,0.0,0.0
INSTANCE_009,0.25,V2,1,1.065578588608788,0.0,0.0
INSTANCE_009,0.25,V2,2,1.172213459534738,5.128516256675425,5.128516256675425
INSTANCE_009,0.25,V2,3,0.8945535962683786,0.0,0.0
INSTANCE_009,0.25,V2,4,1.1311065405886327,0.9914474224077594,0.9914474224077594
INSTANCE_009,0.25,V2,5,1.0325425692032049,0.0,0.0
INSTANCE_009,0.25,V2,6,1.1550274926839608,3.398891909535223,3.398891909535223
INSTANCE_009,0.25,V2,7,1.2633826575925584,14.30393629787784,14.30393629787784
INSTANCE_009,0.25,V2,8,1.3212002828942648,21.173938571247614,21.173938571247614
INSTANCE_009,0.25,V2,9,0.9935758266675258,0.0,0.0
INSTANCE_009,0.25,V2,10,1.0136142055379385,0.0,0.0
INSTANCE_009,0.25,V2,11,0.8811862347754283,0.0,0.0
INSTANCE_009,0.25,V2,12,0.897854161550149,0.0,0.0
INSTANCE_009,0.25,V2,13,0.9529172306337892,0.0,0.0
INSTANCE_009,0.25,V2,14,1.041800250400152,0.0,0.0
INSTANCE_009,0.25,V2,15,1.013791178773301,0.0,0.0
INSTANCE_009,0.25,V2,16,0.8771190010573032,0.0,0.0
INSTANCE_009,0.25,V2,17,1.3175448024731606,20.46878421308122,20.46878421308122
INSTANCE_009,0.25,V2,18,1.025141992324292,0.0,0.0
INSTANCE_009,0.25,V2,19,0.954987878669527,0.0,0.0
INSTANCE_009,0.25,V3,0,1.002312508247636,0.0,0.0
INSTANCE_009,0.25,V3,1,1.002312508247636,0.0,0.0
INSTANCE_009,0.25,V3,2,1.264843010374234,10.777283187167995,10.777283187167995
INSTANCE_009,0.25,V3,3,0.9178288172426968,0.0,0.0
INSTANCE_009,0.25,V3,4,0.985334445501438,0.0,0.0
INSTANCE_009,0.25,V3,5,0.98583905609731,0.0,0.0
INSTANCE_009,0.25,V3,6,0.942893023971548,0.0,0.0
INSTANCE_009,0.25,V3,7,1.0264248054620404,0.0,0.0
INSTANCE_009,0.25,V3,8,0.9032982593501672,0.0,0.0
INSTANCE_009,0.25,V3,9,1.0506100185940264,0.0,0.0
INSTANCE_009,0.25,V3,10,1.034526819734927,0.0,0.0
INSTANCE_009,0.25,V3,11,0.8818956872441369,0.0,0.0
INSTANCE_009,0.25,V3,12,1.0018575517432975,0.0,0.0
INSTANCE_009,0.25,V3,13,0.9283877447807056,0.0,0.0
INSTANCE_009,0.25,V3,14,0.9525106079077382,0.0,0.0
INSTANCE_009,0.25,V3,15,1.1425127712082706,0.0,0.0
INSTANCE_009,0.25,V3,16,0.9159238562700172,0.0,0.0
INSTANCE_009,0.25,V3,17,0.882293744426373,0.0,0.0
INSTANCE_009,0.25,V3,18,0.981617781319966,0.0,0.0
INSTANCE_009,0.25,V3,19,1.1229045019288375,0.0,0.0
INSTANCE_009,0.5,V1,0,0.880755796222279,0.0,0.0
INSTANCE_009,0.5,V1,1,1.2336673023720526,0.0,0.0
INSTANCE_009,0.5,V1,2,0.9405684112303276,0.0,0.0
INSTANCE_009,0.5,V1,3,0.9976600818897492,0.0,0.0
INSTANCE_009,0.5,V1,4,0.9096963627216734,0.0,0.0
INSTANCE_009,0.5,V1,5,1.0638111394358234,0.0,0.0
INSTANCE_009,0.5,V1,6,0.992766257786804,0.0,0.0
INSTANCE_009,0.5,V1,7,0.8560890846911426,0.0,0.0
INSTANCE_009,0.5,V1,8,0.8679353358630678,0.0,0.0
INSTANCE_009,0.5,V1,9,0.9947832248597468,0.0,0.0
INSTANCE_009,0.5,V1,10,0.8797734030963599,0.0,0.0
INSTANCE_009,0.5,V1,11,1.3966514745315108,0.0,0.0
INSTANCE_009,0.5,V1,12,1.1173211796252085,0.0,0.0
INSTANCE_009,0.5,V1,13,0.9790806886126946,0.0,0.0
INSTANCE_009,0.5,V1,14,1.5041260688616074,0.0,0.0
INSTANCE_009,0.5,V1,15,0.8867464758398487,0.0,0.0
INSTANCE_009,0.5,V1,16,0.9226086734455392,0.0,0.0
INSTANCE_009,0.5,V1,17,1.004850008268516,0.0,0.0
INSTANCE_009,0.5,V1,18,0.8980868940931249,0.0,0.0
INSTANCE_009,0.5,V1,19,0.8693568860036992,0.0,0.0
INSTANCE_009,0.5,V2,0,0.9471878234330842,0.0,0.0
INSTANCE_009,0.5,V2,1,0.9949143416680848,0.0,0.0
INSTANCE_009,0.5,V2,2,1.08891748139568,0.0,0.0
INSTANCE_009,0.5,V2,3,1.0955550431636287,0.0,0.0
INSTANCE_009,0.5,V2,4,1.0718567699021446,0.0,0.0
INSTANCE_009,0.5,V2,5,1.3431263188835012,0.0,0.0
INSTANCE_009,0.5,V2,6,0.9971889735237308,0.0,0.0
INSTANCE_009,0.5,V2,7,0.9289035647041978,0.0,0.0
INSTANCE_009,0.5,V2,8,0.8657550638203773,0.0,0.0
INSTANCE_009,0.5,V2,9,0.8607323137219164,0.0,0.0
INSTANCE_009,0.5,V2,10,1.1909479187298964,0.0,0.0
INSTANCE_009,0.5,V2,11,0.9461196595349984,0.0,0.0
INSTANCE_009,0.5,V2,12,0.9339674447270956,0.0,0.0
INSTANCE_009,0.5,V2,13,0.99340200542335,0.0,0.0
INSTANCE_009,0.5,V2,14,1.001301093002179,0.0,0.0
INSTANCE_009,0.5,V2,15,0.99379310821491,0.0,0.0
INSTANCE_009,0.5,V2,16,1.2048152496246916,0.0,0.0
INSTANCE_009,0.5,V2,17,1.0981679474111026,0.0,0.0
INSTANCE_009,0.5,V2,18,1.2027149548483924,0.0,0.0
INSTANCE_009,0.5,V2,19,1.0866961075046238,0.0,0.0
INSTANCE_009,0.5,V3,0,1.2788437374224868,0.0,0.0
INSTANCE_009,0.5,V3,1,0.956705244011982,0.0,0.0
INSTANCE_009,0.5,V3,2,0.882293744426373,0.0,0.0
INSTANCE_009,0.5,V3,3,0.9884075368055268,0.0,0.0
INSTANCE_009,0.5,V3,4,1.040583194032862,0.0,0.0
INSTANCE_009,0.5,V3,5,0.885315360309711,0.0,0.0
INSTANCE_009,0.5,V3,6,0.9955838879647624,0.0,0.0
INSTANCE_009,0.5,V3,7,0.9834764924300962,0.0,0.0
INSTANCE_009,0.5,V3,8,1.0793958457459554,0.0,0.0
INSTANCE_009,0.5,V3,9,1.0611621284754895,0.0,0.0
INSTANCE_009,0.5,V3,10,0.9099177981961156,0.0,0.0
INSTANCE_009,0.5,V3,11,1.0353092831079391,0.0,0.0
INSTANCE_009,0.5,V3,12,0.881431287198195,0.0,0.0
INSTANCE_009,0.5,V3,13,0.9884310339536738,0.0,0.0
INSTANCE_009,0.5,V3,14,1.0397658533417564,0.0,0.0
INSTANCE_009,0.5,V3,15,0.9301510738361254,0.0,0.0
INSTANCE_009,0.5,V3,16,1.0130358229898395,0.0,0.0
INSTANCE_009,0.5,V3,17,1.183192346558996,0.0,0.0
INSTANCE_009,0.5,V3,18,1.1475629659850743,0.0,0.0
INSTANCE_009,0.5,V3,19,0.8742533364880948,0.0,0.0
INSTANCE_009,0.75,V1,0,1.0298193229305517,0.0,0.0
INSTANCE_009,0.75,V1,1,1.419554215760268,0.0,0.0
INSTANCE_009,0.75,V1,2,1.078622864135118,0.0,0.0
INSTANCE_009,0.75,V1,3,1.0430593467110445,0.0,0.0
INSTANCE_009,0.75,V1,4,1.1242373262634713,0.0,0.0
INSTANCE_009,0.75,V1,5,0.964727768165818,0.0,0.0
INSTANCE_009,0.75,V1,6,0.9714404597389816,0.0,0.0
INSTANCE_009,0.75,V1,7,0.9420001584075408,0.0,0.0
INSTANCE_009,0.75,V1,8,0.8750430865662231,0.0,0.0
INSTANCE_009,0.75,V1,9,1.0653167694970953,0.0,0.0
INSTANCE_009,0.75,V1,10,0.9431170881192978,0.0,0.0
INSTANCE_009,0.75,V1,11,1.2713073468204676,0.0,0.0
INSTANCE_009,0.75,V1,12,1.0204846158059413,0.0,0.0
INSTANCE_009,0.75,V1,13,0.9516488441446742,0.0,0.0
INSTANCE_009,0.75,V1,14,1.2232753997046582,0.0,0.0
INSTANCE_009,0.75,V1,15,1.1691862211197477,0.0,0.0
INSTANCE_009,0.75,V1,16,1.0921384134030634,0.0,0.0
INSTANCE_009,0.75,V1,17,0.9851915260344116,0.0,0.0
INSTANCE_009,0.75,V1,18,0.8875019040349109,0.0,0.0
INSTANCE_009,0.75,V1,19,0.9853573831936768,0.0,0.0
INSTANCE_009,0.75,V2,0,1.0389137717478982,0.0,0.0
INSTANCE_009,0.75,V2,1,1.206693469199039,0.0,0.0
INSTANCE_009,0.75,V2,2,0.9780264967541612,0.0,0.0
INSTANCE_009,0.75,V2,3,0.963375241646206,0.0,0.0
INSTANCE_009,0.75,V2,4,1.0635938190376404,0.0,0.0
INSTANCE_009,0.75,V2,5,0.99340200542335,0.0,0.0
INSTANCE_009,0.75,V2,6,1.0929359703127333,0.0,0.0
INSTANCE_009,0.75,V2,7,1.0999082182341633,0.0,0.0
INSTANCE_009,0.75,V2,8,1.0130358229898395,0.0,0.0
INSTANCE_009,0.75,V2,9,0.875825315215036,0.0,0.0
INSTANCE_009,0.75,V2,10,0.8907048561511263,0.0,0.0
INSTANCE_009,0.75,V2,11,1.0355387761279442,0.0,0.0
INSTANCE_009,0.75,V2,12,1.0344257611856866,0.0,0.0
INSTANCE_009,0.75,V2,13,1.2170262149925093,0.0,0.0
INSTANCE_009,0.75,V2,14,0.9843594385968824,0.0,0.0
INSTANCE_009,0.75,V2,15,0.9467428209320584,0.0,0.0
INSTANCE_009,0.75,V2,16,0.8685123035367265,0.0,0.0
INSTANCE_009,0.75,V2,17,0.8752691297583073,0.0,0.0
INSTANCE_009,0.75,V2,18,1.1664775395814988,0.0,0.0
INSTANCE_009,0.75,V2,19,0.942171843207134,0.0,0.0
INSTANCE_009,0.75,V3,0,1.012908100204927,0.0,0.0
INSTANCE_009,0.75,V3,1,0.8680077147641335,0.0,0.0
INSTANCE_009,0.75,V3,2,0.9266458893311968,0.0,0.0
INSTANCE_009,0.75,V3,3,1.0070935069548954,0.0,0.0
INSTANCE_009,0.75,V3,4,0.9653098401769796,0.0,0.0
INSTANCE_009,0.75,V3,5,1.0578821955632134,0.0,0.0
INSTANCE_009,0.75,V3,6,1.2048323518170836,0.0,0.0
INSTANCE_009,0.75,V3,7,0.9339674447270956,0.0,0.0
INSTANCE_009,0.75,V3,8,0.9714404597389816,0.0,0.0
INSTANCE_009,0.75,V3,9,1.041800250400152,0.0,0.0
INSTANCE_009,0.75,V3,10,0.9404100930328472,0.0,0.0
INSTANCE_009,0.75,V3,11,0.9673241866044946,0.0,0.0
INSTANCE_009,0.75,V3,12,1.0282120305371585,0.0,0.0
INSTANCE_009,0.75,V3,13,1.185771088515122,0.0,0.0
INSTANCE_009,0.75,V3,14,1.0006573082060333,0.0,0.0
INSTANCE_009,0.75,V3,15,1.1009129004073823,0.0,0.0
INSTANCE_009,0.75,V3,16,1.169974276520548,0.0,0.0
INSTANCE_009,0.75,V3,17,0.9376469833370062,0.0,0.0
INSTANCE_009,0.75,V3,18,1.0531594431615243,0.0,0.0
INSTANCE_009,0.75,V3,19,1.0933688029015818,0.0,0.0
INSTANCE_010,0.25,V1,0,0.9685274049053448,0.0,0.0
INSTANCE_010,0.25,V1,1,0.928219591826866,0.0,0.0
INSTANCE_010,0.25,V1,2,1.1629053939444185,2.2545783775624386,2.2545783775624386
INSTANCE_010,0.25,V1,3,1.2170262149925093,8.639752844816144,8.639752844816144
INSTANCE_010,0.25,V1,4,1.1699271502839552,3.0830051905006712,3.0830051905006712
INSTANCE_010,0.25,V1,5,1.152758917318771,1.0574970652686488,1.0574970652686488
INSTANCE_010,0.25,V1,6,0.942171843207134,0.0,0.0
INSTANCE_010,0.25,V1,7,1.289559815894179,17.197267079195058,17.197267079195058
INSTANCE_010,0.25,V1,8,1.0943999581416457,0.0,0.0
INSTANCE_010,0.25,V1,9,1.0570136241678627,0.0,0.0
INSTANCE_010,0.25,V1,10,0.989669669334568,0.0,0.0
INSTANCE_010,0.25,V1,11,1.0344257611856866,0.0,0.0
INSTANCE_010,0.25,V1,12,1.0571663219746068,0.0,0.0
INSTANCE_010,0.25,V1,13,0.9457172938331704,0.0,0.0
INSTANCE_010,0.25,V1,14,0.979372713542536,0.0,0.0
INSTANCE_010,0.25,V1,15,1.023883842600355,0.0,0.0
INSTANCE_010,0.25,V1,16,0.8750430865662231,0.0,0.0
INSTANCE_010,0.25,V1,17,0.964727768165818,0.0,0.0
INSTANCE_010,0.25,V1,18,0.9686780178825674,0.0,0.0
INSTANCE_010,0.25,V1,19,1.1050955923932646,0.0,0.0
INSTANCE_010,0.25,V2,0,0.9935758266675258,0.0,0.0
INSTANCE_010,0.25,V2,1,0.9880181554933756,0.0,0.0
INSTANCE_010,0.25,V2,2,1.357481584824357,0.0,0.0
INSTANCE_010,0.25,V2,3,1.2553471551593327,0.0,0.0
INSTANCE_010,0.25,V2,4,1.1648619678689915,0.0,0.0
INSTANCE_010,0.25,V2,5,0.8967142705282911,0.0,0.0
INSTANCE_010,0.25,V2,6,1.1312758223395143,0.0,0.0
INSTANCE_010,0.25,V2,7,0.877336123156705,0.0,0.0
INSTANCE_010,0.25,V2,8,1.0681698050247663,0.0,0.0
INSTANCE_010,0.25,V2,9,0.885315360309711,0.0,0.0
INSTANCE_010,0.25,V2,10,0.9774758061591422,0.0,0.0
INSTANCE_010,0.25,V2,11,1.0006573082060333,0.0,0.0
INSTANCE_010,0.25,V2,12,1.0126213912598352,0.0,0.0
INSTANCE_010,0.25,V2,13,0.9374440844603016,0.0,0.0
INSTANCE_010,0.25,V2,14,1.0929159543995806,0.0,0.0
INSTANCE_010,0.25,V2,15,0.9431170881192978,0.0,0.0
INSTANCE_010,0.25,V2,16,0.9582989304915996,0.0,0.0
INSTANCE_010,0.25,V2,17,0.9586483493825754,0.0,0.0
INSTANCE_010,0.25,V2,18,1.0198225008889543,0.0,0.0
INSTANCE_010,0.25,V2,19,0.8680077147641335,0.0,0.0
INSTANCE_010,0.25,V3,0,1.1475629659850743,2.548460582086705,2.548460582086705
INSTANCE_010,0.25,V3,1,1.081713668787783,0.0,0.0
INSTANCE_010,0.25,V3,2,0.8746763774390363,0.0,0.0
INSTANCE_010,0.25,V3,3,1.0155389159454924,0.0,0.0
INSTANCE_010,0.25,V3,4,0.895619622406056,0.0,0.0
INSTANCE_010,0.25,V3,5,1.0570136241678627,0.0,0.0
INSTANCE_010,0.25,V3,6,0.9405684112303276,0.0,0.0
INSTANCE_010,0.25,V3,7,0.969518024483864,0.0,0.0
INSTANCE_010,0.25,V3,8,0.9293519926534468,0.0,0.0
INSTANCE_010,0.25,V3,9,0.9611497769027638,0.0,0.0
INSTANCE_010,0.25,V3,10,1.1028326622332307,0.0,0.0
INSTANCE_010,0.25,V3,11,1.1312758223395143,0.8751737344202866,0.8751737344202866
INSTANCE_010,0.25,V3,12,1.14509820157397,2.2952389023712385,2.2952389023712385
INSTANCE_010,0.25,V3,13,0.9223161266858864,0.0,0.0
INSTANCE_010,0.25,V3,14,1.1174698025844003,0.0,0.0
INSTANCE_010,0.25,V3,15,0.933106296922953,0.0,0.0
INSTANCE_010,0.25,V3,16,0.9714404597389816,0.0,0.0
INSTANCE_010,0.25,V3,17,0.9873198867754548,0.0,0.0
INSTANCE_010,0.25,V3,18,1.102773106086061,0.0,0.0
INSTANCE_010,0.25,V3,19,0.933039909659936,0.0,0.0
INSTANCE_010,0.5,V1,0,0.8845554329618055,0.0,0.0
INSTANCE_010,0.5,V1,1,0.8745698193607322,0.0,0.0
INSTANCE_010,0.5,V1,2,1.066259467706908,0.0,0.0
INSTANCE_010,0.5,V1,3,0.9677097615563328,0.0,0.0
INSTANCE_010,0.5,V1,4,0.9976911335901408,0.0,0.0
INSTANCE_010,0.5,V1,5,0.9571698768690764,0.0,0.0
INSTANCE_010,0.5,V1,6,1.3280913227765965,8.057978369299462,8.057978369299462
INSTANCE_010,0.5,V1,7,1.1049113734112834,0.0,0.0
INSTANCE_010,0.5,V1,8,0.9774758061591422,0.0,0.0
INSTANCE_010,0.5,V1,9,1.085653212967671,0.0,0.0
INSTANCE_010,0.5,V1,10,1.2336673023720526,0.8564157064124629,0.8564157064124629
INSTANCE_010,0.5,V1,11,0.9767555071547408,0.0,0.0
INSTANCE_010,0.5,V1,12,1.1073669573756355,0.0,0.0
INSTANCE_010,0.5,V1,13,0.9710901386211532,0.0,0.0
INSTANCE_010,0.5,V1,14,1.0578821955632134,0.0,0.0
INSTANCE_010,0.5,V1,15,1.2405465364027972,1.3810834205470428,1.3810834205470428
INSTANCE_010,0.5,V1,16,0.981617781319966,0.0,0.0
INSTANCE_010,0.5,V1,17,1.0007614819111672,0.0,0.0
INSTANCE_010,0.5,V1,18,0.9532421995654592,0.0,0.0
INSTANCE_010,0.5,V1,19,1.1448046847804845,0.0,0.0
INSTANCE_010,0.5,V2,0,0.9114514330251692,0.0,0.0
INSTANCE_010,0.5,V2,1,0.8939970884413038,0.0,0.0
INSTANCE_010,0.5,V2,2,0.9153515464809084,0.0,0.0
INSTANCE_010,0.5,V2,3,1.070257940710809,0.0,0.0
INSTANCE_010,0.5,V2,4,0.9143314938142896,0.0,0.0
INSTANCE_010,0.5,V2,5,1.0039568266996444,0.0,0.0
INSTANCE_010,0.5,V2,6,1.039657141720413,0.0,0.0
INSTANCE_010,0.5,V2,7,1.018318691956402,0.0,0.0
INSTANCE_010,0.5,V2,8,0.8797734030963599,0.0,0.0
INSTANCE_010,0.5,V2,9,0.9783936238175074,0.0,0.0
INSTANCE_010,0.5,V2,10,1.2854101371713365,0.0,0.0
INSTANCE_010,0.5,V2,11,1.072715221910997,0.0,0.0
INSTANCE_010,0.5,V2,12,1.1573313544924242,0.0,0.0
INSTANCE_010,0.5,V2,13,1.0491025886038914,0.0,0.0
INSTANCE_010,0.5,V2,14,1.026209413070951,0.0,0.0
INSTANCE_010,0.5,V2,15,1.1088309628842337,0.0,0.0
INSTANCE_010,0.5,V2,16,0.972428037464628,0.0,0.0
INSTANCE_010,0.5,V2,17,0.9128985993746358,0.0,0.0
INSTANCE_010,0.5,V2,18,0.9452907471448646,0.0,0.0
INSTANCE_010,0.5,V2,19,0.9853573831936768,0.0,0.0
INSTANCE_010,0.5,V3,0,0.9152523252187308,0.0,0.0
INSTANCE_010,0.5,V3,1,1.2336673023720526,1.6136092562397837,1.6136092562397837
INSTANCE_010,0.5,V3,2,1.2854101371713365,4.763626800762154,4.763626800762154
INSTANCE_010,0.5,V3,3,1.160923983700295,0.0,0.0
INSTANCE_010,0.5,V3,4,1.1211662824292314,0.0,0.0
INSTANCE_010,0.5,V3,5,1.0506100185940264,0.0,0.0
INSTANCE_010,0.5,V3,6,1.0943620642162015,0.0,0.0
INSTANCE_010,0.5,V3,7,0.8783423310657517,0.0,0.0
INSTANCE_010,0.5,V3,8,1.306771268852181,6.0640568956063134,6.0640568956063134
INSTANCE_010,0.5,V3,9,0.9459966876449238,0.0,0.0
INSTANCE_010,0.5,V3,10,1.0668779414103144,0.0,0.0
INSTANCE_010,0.5,V3,11,0.9336186647134512,0.0,0.0
INSTANCE_010,0.5,V3,12,1.0681698050247663,0.0,0.0
INSTANCE_010,0.5,V3,13,1.0642095748746716,0.0,0.0
INSTANCE_010,0.5,V3,14,1.064056605264944,0.0,0.0
INSTANCE_010,0.5,V3,15,1.0058244244284724,0.0,0.0
INSTANCE_010,0.5,V3,16,1.2027149548483924,0.0,0.0
INSTANCE_010,0.5,V3,17,1.2635661311511297,3.4338001209290496,3.4338001209290496
INSTANCE_010,0.5,V3,18,0.9063141633517744,0.0,0.0
INSTANCE_010,0.5,V3,19,1.080696239419903,0.0,0.0
INSTANCE_010,0.75,V1,0,1.19980210899308,0.0,0.0
INSTANCE_010,0.75,V1,1,1.1318499454201147,0.0,0.0
INSTANCE_010,0.75,V1,2,0.9601441557445912,0.0,0.0
INSTANCE_010,0.75,V1,3,1.3139055004855815,0.0,0.0
INSTANCE_010,0.75,V1,4,1.2334711323482457,0.0,0.0
INSTANCE_010,0.75,V1,5,0.9632079134700076,0.0,0.0
INSTANCE_010,0.75,V1,6,0.9685274049053448,0.0,0.0
INSTANCE_010,0.75,V1,7,1.5749158421982845,0.0,0.0
INSTANCE_010,0.75,V1,8,0.9734985963062254,0.0,0.0
INSTANCE_010,0.75,V1,9,1.2713073468204676,0.0,0.0
INSTANCE_010,0.75,V1,10,1.0536148665338825,0.0,0.0
INSTANCE_010,0.75,V1,11,1.0055870301737375,0.0,0.0
INSTANCE_010,0.75,V1,12,1.0392318228862991,0.0,0.0
INSTANCE_010,0.75,V1,13,1.0109029913109135,0.0,0.0
INSTANCE_010,0.75,V1,14,0.9812039707527128,0.0,0.0
INSTANCE_010,0.75,V1,15,1.293506016761943,0.0,0.0
INSTANCE_010,0.75,V1,16,0.9963868842848028,0.0,0.0
INSTANCE_010,0.75,V1,17,0.8745698193607322,0.0,0.0
INSTANCE_010,0.75,V1,18,1.089583893562997,0.0,0.0
INSTANCE_010,0.75,V1,19,0.8647763355505546,0.0,0.0
INSTANCE_010,0.75,V2,0,1.0109029913109135,0.0,0.0
INSTANCE_010,0.75,V2,1,0.9632079134700076,0.0,0.0
INSTANCE_010,0.75,V2,2,0.989669669334568,0.0,0.0
INSTANCE_010,0.75,V2,3,0.880755796222279,0.0,0.0
INSTANCE_010,0.75,V2,4,1.0957594611952377,0.0,0.0
INSTANCE_010,0.75,V2,5,1.0536148665338825,0.0,0.0
INSTANCE_010,0.75,V2,6,1.2336673023720526,0.0,0.0
INSTANCE_010,0.75,V2,7,1.041800250400152,0.0,0.0
INSTANCE_010,0.75,V2,8,0.9422638483906888,0.0,0.0
INSTANCE_010,0.75,V2,9,0.9384242201724676,0.0,0.0
INSTANCE_010,0.75,V2,10,0.969518024483864,0.0,0.0
INSTANCE_010,0.75,V2,11,0.9461196595349984,0.0,0.0
INSTANCE_010,0.75,V2,12,1.0198225008889543,0.0,0.0
INSTANCE_010,0.75,V2,13,0.9429615932852622,0.0,0.0
INSTANCE_010,0.75,V2,14,1.1311065405886327,0.0,0.0
INSTANCE_010,0.75,V2,15,1.004946172365598,0.0,0.0
INSTANCE_010,0.75,V2,16,0.981521718152568,0.0,0.0
INSTANCE_010,0.75,V2,17,1.0210221536392128,0.0,0.0
INSTANCE_010,0.75,V2,18,1.14509820157397,0.0,0.0
INSTANCE_010,0.75,V2,19,1.160923983700295,0.0,0.0
INSTANCE_010,0.75,V3,0,1.0449803260265191,0.0,0.0
INSTANCE_010,0.75,V3,1,0.9917821436845996,0.0,0.0
INSTANCE_010,0.75,V3,2,0.9632079134700076,0.0,0.0
INSTANCE_010,0.75,V3,3,0.8878997164095318,0.0,0.0
INSTANCE_010,0.75,V3,4,0.9837153170819758,0.0,0.0
INSTANCE_010,0.75,V3,5,0.9453392154286028,0.0,0.0
INSTANCE_010,0.75,V3,6,0.9149465839547634,0.0,0.0
INSTANCE_010,0.75,V3,7,1.4919803115329875,16.04700644731588,16.04700644731588
INSTANCE_010,0.75,V3,8,1.2525117019197392,2.0975608229946374,2.0975608229946374
INSTANCE_010,0.75,V3,9,1.5780846479199655,21.06272754908457,21.06272754908457
INSTANCE_010,0.75,V3,10,0.9149465839547634,0.0,0.0
INSTANCE_010,0.75,V3,11,0.897854161550149,0.0,0.0
INSTANCE_010,0.75,V3,12,0.9283368949472788,0.0,0.0
INSTANCE_010,0.75,V3,13,0.881431287198195,0.0,0.0
INSTANCE_010,0.75,V3,14,0.8754770151805792,0.0,0.0
INSTANCE_010,0.75,V3,15,0.9431170881192978,0.0,0.0
INSTANCE_010,0.75,V3,16,0.9301510738361254,0.0,0.0
INSTANCE_010,0.75,V3,17,1.0128716436795813,0.0,0.0
INSTANCE_010,0.75,V3,18,1.085208594166825,0.0,0.0
INSTANCE_010,0.75,V3,19,0.9211854734188176,0.0,0.0
INSTANCE_011,0.25,V1,0,1.0569736132014742,2.324343550957906,2.324343550957906
INSTANCE_011,0.25,V1,1,1.08891748139568,5.225485660355616,5.225485660355616
INSTANCE_011,0.25,V1,2,1.0603238483103044,2.628611903541469,2.628611903541469
INSTANCE_011,0.25,V1,3,0.9211854734188176,0.0,0.0
INSTANCE_011,0.25,V1,4,0.9674106629308494,0.0,0.0
INSTANCE_011,0.25,V1,5,0.9867656612550728,0.0,0.0
INSTANCE_011,0.25,V1,6,0.9776465330802088,0.0,0.0
INSTANCE_011,0.25,V1,7,1.0749363660585711,3.9557207654393096,3.9557207654393096
INSTANCE_011,0.25,V1,8,1.3098670257269611,50.5577703570026,50.5577703570026
INSTANCE_011,0.25,V1,9,1.1050955923932646,6.6947817011562165,6.6947817011562165
INSTANCE_011,0.25,V1,10,0.9008138785893592,0.0,0.0
INSTANCE_011,0.25,V1,11,0.99340200542335,0.0,0.0
INSTANCE_011,0.25,V1,12,0.9714404597389816,0.0,0.0
INSTANCE_011,0.25,V1,13,0.8971002760274478,0.0,0.0
INSTANCE_011,0.25,V1,14,1.0448622446704332,1.224389060968747,1.224389060968747
INSTANCE_011,0.25,V1,15,1.1425127712082706,11.816607299578893,11.816607299578893
INSTANCE_011,0.25,V1,16,1.0360572208695804,0.4247167993751191,0.4247167993751191
INSTANCE_011,0.25,V1,17,1.1088309628842337,7.034028049146059,7.034028049146059
INSTANCE_011,0.25,V1,18,0.9336186647134512,0.0,0.0
INSTANCE_011,0.25,V1,19,1.0247643384599074,0.0,0.0
INSTANCE_011,0.25,V2,0,0.9420001584075408,0.0,0.0
INSTANCE_011,0.25,V2,1,0.981521718152568,0.0,0.0
INSTANCE_011,0.25,V2,2,0.8631968353942979,0.0,0.0
INSTANCE_011,0.25,V2,3,0.8913441934816038,0.0,0.0
INSTANCE_011,0.25,V2,4,1.2442988178327796,0.0,0.0
INSTANCE_011,0.25,V2,5,1.289559815894179,0.0,0.0
INSTANCE_011,0.25,V2,6,0.8795913319636254,0.0,0.0
INSTANCE_011,0.25,V2,7,1.0642095748746716,0.0,0.0
INSTANCE_011,0.25,V2,8,1.093579739942364,0.0,0.0
INSTANCE_011,0.25,V2,9,0.8754770151805792,0.0,0.0
INSTANCE_011,0.25,V2,10,1.025141992324292,0.0,0.0
INSTANCE_011,0.25,V2,11,0.9755567328734692,0.0,0.0
INSTANCE_011,0.25,V2,12,1.236672880236256,0.0,0.0
INSTANCE_011,0.25,V2,13,1.0638111394358234,0.0,0.0
INSTANCE_011,0.25,V2,14,1.102773106086061,0.0,0.0
INSTANCE_011,0.25,V2,15,1.1690890500818183,0.0,0.0
INSTANCE_011,0.25,V2,16,1.1550274926839608,0.0,0.0
INSTANCE_011,0.25,V2,17,0.872033779386232,0.0,0.0
INSTANCE_011,0.25,V2,18,1.1044253146328182,0.0,0.0
INSTANCE_011,0.25,V2,19,1.2002136116675404,0.0,0.0
INSTANCE_011,0.25,V3,0,1.0323934338889285,0.0,0.0
INSTANCE_011,0.25,V3,1,0.8742533364880948,0.0,0.0
INSTANCE_011,0.25,V3,2,0.8765761958087996,0.0,0.0
INSTANCE_011,0.25,V3,3,1.0259774424872496,0.0,0.0
INSTANCE_011,0.25,V3,4,0.9361391135228758,0.0,0.0
INSTANCE_011,0.25,V3,5,1.0448622446704332,0.0,0.0
INSTANCE_011,0.25,V3,6,0.8631968353942979,0.0,0.0
INSTANCE_011,0.25,V3,7,0.988489618059527,0.0,0.0
INSTANCE_011,0.25,V3,8,0.8631968353942979,0.0,0.0
INSTANCE_011,0.25,V3,9,1.266071963835614,0.0,0.0
INSTANCE_011,0.25,V3,10,1.2027149548483924,0.0,0.0
INSTANCE_011,0.25,V3,11,0.8800185949283246,0.0,0.0
INSTANCE_011,0.25,V3,12,1.236672880236256,0.0,0.0
INSTANCE_011,0.25,V3,13,1.1964501706679431,0.0,0.0
INSTANCE_011,0.25,V3,14,0.9633994387340196,0.0,0.0
INSTANCE_011,0.25,V3,15,1.161587654121252,0.0,0.0
INSTANCE_011,0.25,V3,16,0.9865782319571728,0.0,0.0
INSTANCE_011,0.25,V3,17,1.004850008268516,0.0,0.0
INSTANCE_011,0.25,V3,18,0.9152523252187308,0.0,0.0
INSTANCE_011,0.25,V3,19,1.026828730761398,0.0,0.0
INSTANCE_011,0.25,V4,0,0.9393719900324564,0.0,0.0
INSTANCE_011,0.25,V4,1,0.9507492824146152,0.0,0.0
INSTANCE_011,0.25,V4,2,1.2027149548483924,12.600414282619226,12.600414282619226
INSTANCE_011,0.25,V4,3,0.989669669334568,0.0,0.0
INSTANCE_011,0.25,V4,4,0.994004893167698,0.0,0.0
INSTANCE_011,0.25,V4,5,0.931757014051816,0.0,0.0
INSTANCE_011,0.25,V4,6,0.99340200542335,0.0,0.0
INSTANCE_011,0.25,V4,7,0.8797734030963599,0.0,0.0
INSTANCE_011,0.25,V4,8,1.0617718848554352,0.0,0.0
INSTANCE_011,0.25,V4,9,0.986076097550492,0.0,0.0
INSTANCE_011,0.25,V4,10,1.1762697902790085,8.5345705917116,8.5345705917116
INSTANCE_011,0.25,V4,11,0.9611497769027638,0.0,0.0
INSTANCE_011,0.25,V4,12,1.0265599296804746,0.0,0.0
INSTANCE_011,0.25,V4,13,1.0380336169762574,0.0,0.0
INSTANCE_011,0.25,V4,14,0.9958628462390396,0.0,0.0
INSTANCE_011,0.25,V4,15,0.9461196595349984,0.0,0.0
INSTANCE_011,0.25,V4,16,0.9975290461370252,0.0,0.0
INSTANCE_011,0.25,V4,17,1.552989806209048,74.66795036088968,74.66795036088968
INSTANCE_011,0.25,V4,18,0.9149465839547634,0.0,0.0
INSTANCE_011,0.25,V4,19,0.8971002760274478,0.0,0.0
INSTANCE_011,0.5,V1,0,1.0929359703127333,5.116781161774952,5.116781161774952
INSTANCE_011,0.5,V1,1,1.1739973899230636,15.751680021600578,15.751680021600578
INSTANCE_011,0.5,V1,2,1.0795877110532444,3.97252388385391,3.97252388385391
INSTANCE_011,0.5,V1,3,0.8657550638203773,0.0,0.0
INSTANCE_011,0.5,V1,4,1.2027149548483924,20.66592545683943,20.66592545683943
INSTANCE_011,0.5,V1,5,0.969518024483864,0.0,0.0
INSTANCE_011,0.5,V1,6,0.9532421995654592,0.0,0.0
INSTANCE_011,0.5,V1,7,0.8765761958087996,0.0,0.0
INSTANCE_011,0.5,V1,8,0.8631968353942979,0.0,0.0
INSTANCE_011,0.5,V1,9,0.901399027263804,0.0,0.0
INSTANCE_011,0.5,V1,10,0.98583905609731,0.0,0.0
INSTANCE_011,0.5,V1,11,0.9843814447512644,0.0,0.0
INSTANCE_011,0.5,V1,12,0.981617781319966,0.0,0.0
INSTANCE_011,0.5,V1,13,1.304285912273997,44.39022690781405,44.39022690781405
INSTANCE_011,0.5,V1,14,1.1974555184618256,19.76591317091584,19.76591317091584
INSTANCE_011,0.5,V1,15,0.9605617378835514,0.0,0.0
INSTANCE_011,0.5,V1,16,1.0236024127383032,0.0,0.0
INSTANCE_011,0.5,V1,17,1.0920709533600874,5.042629025204633,5.042629025204633
INSTANCE_011,0.5,V1,18,0.9570901497288432,0.0,0.0
INSTANCE_011,0.5,V1,19,0.980038896953244,0.0,0.0
INSTANCE_011,0.5,V2,0,0.8907048561511263,0.0,0.0
INSTANCE_011,0.5,V2,1,1.0758685194769508,0.0,0.0
INSTANCE_011,0.5,V2,2,0.9963868842848028,0.0,0.0
INSTANCE_011,0.5,V2,3,1.066259467706908,0.0,0.0
INSTANCE_011,0.5,V2,4,1.1457453263173203,0.0,0.0
INSTANCE_011,0.5,V2,5,1.1595571711312622,0.0,0.0
INSTANCE_011,0.5,V2,6,0.897817974533582,0.0,0.0
INSTANCE_011,0.5,V2,7,0.8787802655337207,0.0,0.0
INSTANCE_011,0.5,V2,8,1.1530051709364817,0.0,0.0
INSTANCE_011,0.5,V2,9,1.2459762285250382,0.0,0.0
INSTANCE_011,0.5,V2,10,0.8619384808417672,0.0,0.0
INSTANCE_011,0.5,V2,11,1.2002083133375885,0.0,0.0
INSTANCE_011,0.5,V2,12,0.8765761958087996,0.0,0.0
INSTANCE_011,0.5,V2,13,1.2403154208836862,0.0,0.0
INSTANCE_011,0.5,V2,14,1.0749228258820265,0.0,0.0
INSTANCE_011,0.5,V2,15,1.19980210899308,0.0,0.0
INSTANCE_011,0.5,V2,16,1.0004443535173688,0.0,0.0
INSTANCE_011,0.5,V2,17,0.98743059768449,0.0,0.0
INSTANCE_011,0.5,V2,18,0.9843594385968824,0.0,0.0
INSTANCE_011,0.5,V2,19,0.9843594385968824,0.0,0.0
INSTANCE_011,0.5,V3,0,0.8971002760274478,0.0,0.0
INSTANCE_011,0.5,V3,1,0.9782508662188903,0.0,0.0
INSTANCE_011,0.5,V3,2,1.2935671554928894,0.0,0.0
INSTANCE_011,0.5,V3,3,0.9147226446552368,0.0,0.0
INSTANCE_011,0.5,V3,4,0.955597594535316,0.0,0.0
INSTANCE_011,0.5,V3,5,0.9570901497288432,0.0,0.0
INSTANCE_011,0.5,V3,6,1.155646810374408,0.0,0.0
INSTANCE_011,0.5,V3,7,1.1475629659850743,0.0,0.0
INSTANCE_011,0.5,V3,8,0.8939970884413038,0.0,0.0
INSTANCE_011,0.5,V3,9,0.988489618059527,0.0,0.0
INSTANCE_011,0.5,V3,10,0.9361391135228758,0.0,0.0
INSTANCE_011,0.5,V3,11,0.9241139826124164,0.0,0.0
INSTANCE_011,0.5,V3,12,0.9853573831936768,0.0,0.0
INSTANCE_011,0.5,V3,13,0.9898663445470748,0.0,0.0
INSTANCE_011,0.5,V3,14,0.9262254387798478,0.0,0.0
INSTANCE_011,0.5,V3,15,0.988489618059527,0.0,0.0
INSTANCE_011,0.5,V3,16,1.0248075301501796,0.0,0.0
INSTANCE_011,0.5,V3,17,1.0139319529377937,0.0,0.0
INSTANCE_011,0.5,V3,18,1.144054846394554,0.0,0.0
INSTANCE_011,0.5,V3,19,0.8634422116178343,0.0,0.0
INSTANCE_011,0.5,V4,0,0.981617781319966,0.0,0.0
INSTANCE_011,0.5,V4,1,1.1312758223395143,0.0,0.0
INSTANCE_011,0.5,V4,2,1.1028326622332307,0.0,0.0
INSTANCE_011,0.5,V4,3,1.1457195343963222,0.0,0.0
INSTANCE_011,0.5,V4,4,1.1239689485662845,0.0,0.0
INSTANCE_011,0.5,V4,5,0.8913495453222449,0.0,0.0
INSTANCE_011,0.5,V4,6,1.0160342584089286,0.0,0.0
INSTANCE_011,0.5,V4,7,1.1311065405886327,0.0,0.0
INSTANCE_011,0.5,V4,8,0.8800868685777993,0.0,0.0
INSTANCE_011,0.5,V4,9,0.9710901386211532,0.0,0.0
INSTANCE_011,0.5,V4,10,0.9273353666104306,0.0,0.0
INSTANCE_011,0.5,V4,11,0.9812039707527128,0.0,0.0
INSTANCE_011,0.5,V4,12,0.9241139826124164,0.0,0.0
INSTANCE_011,0.5,V4,13,0.8680077147641335,0.0,0.0
INSTANCE_011,0.5,V4,14,1.0595907780904756,0.0,0.0
INSTANCE_011,0.5,V4,15,0.964958632170245,0.0,0.0
INSTANCE_011,0.5,V4,16,1.1739973899230636,1.0083807771710551,1.0083807771710551
INSTANCE_011,0.5,V4,17,1.1376480387558012,0.0,0.0
INSTANCE_011,0.5,V4,18,0.8508108730988692,0.0,0.0
INSTANCE_011,0.5,V4,19,0.865848180859542,0.0,0.0
INSTANCE_011,0.75,V1,0,0.882293744426373,0.0,0.0
INSTANCE_011,0.75,V1,1,1.064056605264944,0.0,0.0
INSTANCE_011,0.75,V1,2,0.8939970884413038,0.0,0.0
INSTANCE_011,0.75,V1,3,1.0491025886038914,0.0,0.0
INSTANCE_011,0.75,V1,4,0.8857435733390863,0.0,0.0
INSTANCE_011,0.75,V1,5,1.1088309628842337,0.1686081405321147,0.1686081405321147
INSTANCE_011,0.75,V1,6,1.3305307464676754,6.317821137858232,6.317821137858232
INSTANCE_011,0.75,V1,7,1.169974276520548,1.8645198497580395,1.8645198497580395
INSTANCE_011,0.75,V1,8,1.0290682836218026,0.0,0.0
INSTANCE_011,0.75,V1,9,0.881431287198195,0.0,0.0
INSTANCE_011,0.75,V1,10,1.0222535276119855,0.0,0.0
INSTANCE_011,0.75,V1,11,1.0725153203874618,0.0,0.0
INSTANCE_011,0.75,V1,12,1.1629053939444185,1.6684526100383437,1.6684526100383437
INSTANCE_011,0.75,V1,13,1.0155389159454924,0.0,0.0
INSTANCE_011,0.75,V1,14,0.9313950618685568,0.0,0.0
INSTANCE_011,0.75,V1,15,1.1448046847804845,1.1663992735278723,1.1663992735278723
INSTANCE_011,0.75,V1,16,1.1555775955532903,1.4652039086628292,1.4652039086628292
INSTANCE_011,0.75,V1,17,0.9785219509065192,0.0,0.0
INSTANCE_011,0.75,V1,18,0.9963868842848028,0.0,0.0
INSTANCE_011,0.75,V1,19,1.062927406870324,0.0,0.0
INSTANCE_011,0.75,V2,0,1.2566176852002269,0.0,0.0
INSTANCE_011,0.75,V2,1,0.880189548411491,0.0,0.0
INSTANCE_011,0.75,V2,2,0.90047418981061,0.0,0.0
INSTANCE_011,0.75,V2,3,0.9780264967541612,0.0,0.0
INSTANCE_011,0.75,V2,4,0.9240219941471683,0.0,0.0
INSTANCE_011,0.75,V2,5,1.4021645813362258,0.0,0.0
INSTANCE_011,0.75,V2,6,1.0988076321462972,0.0,0.0
INSTANCE_011,0.75,V2,7,0.9242822870895306,0.0,0.0
INSTANCE_011,0.75,V2,8,1.1211662824292314,0.0,0.0
INSTANCE_011,0.75,V2,9,1.2713073468204676,0.0,0.0
INSTANCE_011,0.75,V2,10,0.947243660248802,0.0,0.0
INSTANCE_011,0.75,V2,11,0.9603552986534024,0.0,0.0
INSTANCE_011,0.75,V2,12,1.0130717099772102,0.0,0.0
INSTANCE_011,0.75,V2,13,0.9153515464809084,0.0,0.0
INSTANCE_011,0.75,V2,14,1.044234363134732,0.0,0.0
INSTANCE_011,0.75,V2,15,1.0277338873858977,0.0,0.0
INSTANCE_011,0.75,V2,16,1.068751206974634,0.0,0.0
INSTANCE_011,0.75,V2,17,0.8907921204605406,0.0,0.0
INSTANCE_011,0.75,V2,18,1.090776017802234,0.0,0.0
INSTANCE_011,0.75,V2,19,0.9774758061591422,0.0,0.0
INSTANCE_011,0.75,V3,0,0.9755567328734692,0.0,0.0
INSTANCE_011,0.75,V3,1,1.0933688029015818,0.0,0.0
INSTANCE_011,0.75,V3,2,0.9426491646829258,0.0,0.0
INSTANCE_011,0.75,V3,3,1.0595907780904756,0.0,0.0
INSTANCE_011,0.75,V3,4,1.0782548867186108,0.0,0.0
INSTANCE_011,0.75,V3,5,0.8795913319636254,0.0,0.0
INSTANCE_011,0.75,V3,6,1.3212002828942648,0.0,0.0
INSTANCE_011,0.75,V3,7,0.882293744426373,0.0,0.0
INSTANCE_011,0.75,V3,8,0.9153515464809084,0.0,0.0
INSTANCE_011,0.75,V3,9,0.915357795902608,0.0,0.0
INSTANCE_011,0.75,V3,10,1.047497102792718,0.0,0.0
INSTANCE_011,0.75,V3,11,1.0845369842778954,0.0,0.0
INSTANCE_011,0.75,V3,12,1.0439830175845648,0.0,0.0
INSTANCE_011,0.75,V3,13,1.083964907944071,0.0,0.0
INSTANCE_011,0.75,V3,14,1.012908100204927,0.0,0.0
INSTANCE_011,0.75,V3,15,0.9847151278109908,0.0,0.0
INSTANCE_011,0.75,V3,16,1.1690890500818183,0.0,0.0
INSTANCE_011,0.75,V3,17,1.042011075838818,0.0,0.0
INSTANCE_011,0.75,V3,18,0.9995787523817228,0.0,0.0
INSTANCE_011,0.75,V3,19,0.9266458893311968,0.0,0.0
INSTANCE_011,0.75,V4,0,0.9268717304422636,0.0,0.0
INSTANCE_011,0.75,V4,1,1.0531594431615243,0.0,0.0
INSTANCE_011,0.75,V4,2,0.9516488441446742,0.0,0.0
INSTANCE_011,0.75,V4,3,0.9976911335901408,0.0,0.0
INSTANCE_011,0.75,V4,4,1.2493876552692316,1.0452654221518287,1.0452654221518287
INSTANCE_011,0.75,V4,5,1.037300829890777,0.0,0.0
INSTANCE_011,0.75,V4,6,1.0364647119103343,0.0,0.0
INSTANCE_011,0.75,V4,7,1.0578821955632134,0.0,0.0
INSTANCE_011,0.75,V4,8,0.9935758266675258,0.0,0.0
INSTANCE_011,0.75,V4,9,1.031028278224195,0.0,0.0
INSTANCE_011,0.75,V4,10,1.102773106086061,0.0,0.0
INSTANCE_011,0.75,V4,11,1.0980549731756724,0.0,0.0
INSTANCE_011,0.75,V4,12,0.98583905609731,0.0,0.0
INSTANCE_011,0.75,V4,13,0.9791584718661454,0.0,0.0
INSTANCE_011,0.75,V4,14,1.1382319817771245,0.0,0.0
INSTANCE_011,0.75,V4,15,1.0554903071202004,0.0,0.0
INSTANCE_011,0.75,V4,16,0.8993205299366595,0.0,0.0
INSTANCE_011,0.75,V4,17,1.1765118377013857,0.0,0.0
INSTANCE_011,0.75,V4,18,1.0603238483103044,0.0,0.0
INSTANCE_011,0.75,V4,19,0.9452907471448646,0.0,0.0
INSTANCE_012,0.25,V1,0,0.9917821436845996,0.0,0.0
INSTANCE_012,0.25,V1,1,0.895619622406056,0.0,0.0
INSTANCE_012,0.25,V1,2,0.8631968353942979,0.0,0.0
INSTANCE_012,0.25,V1,3,1.2923715854488511,7.321250641886195,7.321250641886195
INSTANCE_012,0.25,V1,4,1.1989320954418774,0.0,0.0
INSTANCE_012,0.25,V1,5,0.9374865383394811,0.0,0.0
INSTANCE_012,0.25,V1,6,0.948970926259148,0.0,0.0
INSTANCE_012,0.25,V1,7,1.363511215906526,14.651952428447998,14.651952428447998
INSTANCE_012,0.25,V1,8,0.8783423310657517,0.0,0.0
INSTANCE_012,0.25,V1,9,0.9459966876449238,0.0,0.0
INSTANCE_012,0.25,V1,10,1.2923715854488511,7.321250641886195,7.321250641886195
INSTANCE_012,0.25,V1,11,1.2398503542348074,1.9091128360494167,1.9091128360494167
INSTANCE_012,0.25,V1,12,1.0459543909654907,0.0,0.0
INSTANCE_012,0.25,V1,13,0.979546351449972,0.0,0.0
INSTANCE_012,0.25,V1,14,0.9388941757844352,0.0,0.0
INSTANCE_012,0.25,V1,15,0.969518024483864,0.0,0.0
INSTANCE_012,0.25,V1,16,1.0430593467110445,0.0,0.0
INSTANCE_012,0.25,V1,17,1.0507162459797583,0.0,0.0
INSTANCE_012,0.25,V1,18,1.026828730761398,0.0,0.0
INSTANCE_012,0.25,V1,19,0.997208885813998,0.0,0.0
INSTANCE_012,0.25,V2,0,0.8496078884780153,0.0,0.0
INSTANCE_012,0.25,V2,1,0.9782508662188903,0.0,0.0
INSTANCE_012,0.25,V2,2,1.373729796677665,17.02530320580388,17.02530320580388
INSTANCE_012,0.25,V2,3,0.8687250859411962,0.0,0.0
INSTANCE_012,0.25,V2,4,0.8913495453222449,0.0,0.0
INSTANCE_012,0.25,V2,5,0.8982002670749375,0.0,0.0
INSTANCE_012,0.25,V2,6,1.552989806209048,49.47332341648564,49.47332341648564
INSTANCE_012,0.25,V2,7,1.0887542440718676,0.0,0.0
INSTANCE_012,0.25,V2,8,1.0782548867186108,0.0,0.0
INSTANCE_012,0.25,V2,9,0.9611497769027638,0.0,0.0
INSTANCE_012,0.25,V2,10,0.9748585664054288,0.0,0.0
INSTANCE_012,0.25,V2,11,0.9873198867754548,0.0,0.0
INSTANCE_012,0.25,V2,12,1.0142994574854285,0.0,0.0
INSTANCE_012,0.25,V2,13,1.0439830175845648,0.0,0.0
INSTANCE_012,0.25,V2,14,0.9281026349887276,0.0,0.0
INSTANCE_012,0.25,V2,15,0.9240716550528828,0.0,0.0
INSTANCE_012,0.25,V2,16,1.0055870301737375,0.0,0.0
INSTANCE_012,0.25,V2,17,1.021248362954022,0.0,0.0
INSTANCE_012,0.25,V2,18,0.9026102255194182,0.0,0.0
INSTANCE_012,0.25,V2,19,1.0233666890774118,0.0,0.0
INSTANCE_012,0.25,V3,0,0.9778499895358336,0.0,0.0
INSTANCE_012,0.25,V3,1,0.8939970884413038,0.0,0.0
INSTANCE_012,0.25,V3,2,1.2086041721501906,3.5715010674726955,3.5715010674726955
INSTANCE_012,0.25,V3,3,0.9453392154286028,0.0,0.0
INSTANCE_012,0.25,V3,4,1.068751206974634,0.0,0.0
INSTANCE_012,0.25,V3,5,1.052485304120219,0.0,0.0
INSTANCE_012,0.25,V3,6,1.1690890500818183,1.1336156114641651,1.1336156114641651
INSTANCE_012,0.25,V3,7,0.8693568860036992,0.0,0.0
INSTANCE_012,0.25,V3,8,0.8878997164095318,0.0,0.0
INSTANCE_012,0.25,V3,9,0.9686780178825674,0.0,0.0
INSTANCE_012,0.25,V3,10,1.0669523555514149,0.0,0.0
INSTANCE_012,0.25,V3,11,0.9032982593501672,0.0,0.0
INSTANCE_012,0.25,V3,12,0.9114777750445822,0.0,0.0
INSTANCE_012,0.25,V3,13,1.160928784209669,0.630168008482201,0.630168008482201
INSTANCE_012,0.25,V3,14,1.031028278224195,0.0,0.0
INSTANCE_012,0.25,V3,15,1.0006573082060333,0.0,0.0
INSTANCE_012,0.25,V3,16,0.9601441557445912,0.0,0.0
INSTANCE_012,0.25,V3,17,0.9405684112303276,0.0,0.0
INSTANCE_012,0.25,V3,18,0.897817974533582,0.0,0.0
INSTANCE_012,0.25,V3,19,1.0004443535173688,0.0,0.0
INSTANCE_012,0.5,V1,0,0.9405684112303276,0.0,0.0
INSTANCE_012,0.5,V1,1,1.0018575517432975,0.0,0.0
INSTANCE_012,0.5,V1,2,0.981617781319966,0.0,0.0
INSTANCE_012,0.5,V1,3,0.9487692938598062,0.0,0.0
INSTANCE_012,0.5,V1,4,0.8641821426346293,0.0,0.0
INSTANCE_012,0.5,V1,5,1.024227123207293,0.0,0.0
INSTANCE_012,0.5,V1,6,1.177996395225299,0.0,0.0
INSTANCE_012,0.5,V1,7,1.0793958457459554,0.0,0.0
INSTANCE_012,0.5,V1,8,1.0982472517381152,0.0,0.0
INSTANCE_012,0.5,V1,9,1.0344257611856866,0.0,0.0
INSTANCE_012,0.5,V1,10,1.363511215906526,1.6909600253005692,1.6909600253005692
INSTANCE_012,0.5,V1,11,1.1067023847763022,0.0,0.0
INSTANCE_012,0.5,V1,12,1.264843010374234,0.0,0.0
INSTANCE_012,0.5,V1,13,1.4003561203525494,4.173999544092226,4.173999544092226
INSTANCE_012,0.5,V1,14,1.2381209749437925,0.0,0.0
INSTANCE_012,0.5,V1,15,1.0749228258820265,0.0,0.0
INSTANCE_012,0.5,V1,16,0.8793901276130403,0.0,0.0
INSTANCE_012,0.5,V1,17,1.2493876552692316,0.0,0.0
INSTANCE_012,0.5,V1,18,1.025141992324292,0.0,0.0
INSTANCE_012,0.5,V1,19,0.9284579023767574,0.0,0.0
INSTANCE_012,0.5,V2,0,1.265697342894251,0.0,0.0
INSTANCE_012,0.5,V2,1,0.915357795902608,0.0,0.0
INSTANCE_012,0.5,V2,2,0.9783936238175074,0.0,0.0
INSTANCE_012,0.5,V2,3,1.0933688029015818,0.0,0.0
INSTANCE_012,0.5,V2,4,0.9483818233047572,0.0,0.0
INSTANCE_012,0.5,V2,5,0.9008138785893592,0.0,0.0
INSTANCE_012,0.5,V2,6,0.9389862098912972,0.0,0.0
INSTANCE_012,0.5,V2,7,0.8750430865662231,0.0,0.0
INSTANCE_012,0.5,V2,8,1.1518536993163848,0.0,0.0
INSTANCE_012,0.5,V2,9,1.085208594166825,0.0,0.0
INSTANCE_012,0.5,V2,10,0.9601441557445912,0.0,0.0
INSTANCE_012,0.5,V2,11,1.0206355538569265,0.0,0.0
INSTANCE_012,0.5,V2,12,1.0295773633380825,0.0,0.0
INSTANCE_012,0.5,V2,13,1.2398503542348074,0.0,0.0
INSTANCE_012,0.5,V2,14,1.2854101371713365,0.0,0.0
INSTANCE_012,0.5,V2,15,1.0079500127579115,0.0,0.0
INSTANCE_012,0.5,V2,16,1.001301093002179,0.0,0.0
INSTANCE_012,0.5,V2,17,0.9853573831936768,0.0,0.0
INSTANCE_012,0.5,V2,18,0.8641821426346293,0.0,0.0
INSTANCE_012,0.5,V2,19,1.0070935069548954,0.0,0.0
INSTANCE_012,0.5,V3,0,0.8999741176040277,0.0,0.0
INSTANCE_012,0.5,V3,1,0.9843814447512644,0.0,0.0
INSTANCE_012,0.5,V3,2,1.013791178773301,0.0,0.0
INSTANCE_012,0.5,V3,3,0.981521718152568,0.0,0.0
INSTANCE_012,0.5,V3,4,1.0866961075046238,0.0,0.0
INSTANCE_012,0.5,V3,5,1.031028278224195,0.0,0.0
INSTANCE_012,0.5,V3,6,1.0965462769001335,0.0,0.0
INSTANCE_012,0.5,V3,7,1.1388081253872318,0.0,0.0
INSTANCE_012,0.5,V3,8,1.0793958457459554,0.0,0.0
INSTANCE_012,0.5,V3,9,0.882293744426373,0.0,0.0
INSTANCE_012,0.5,V3,10,0.8907048561511263,0.0,0.0
INSTANCE_012,0.5,V3,11,1.004946172365598,0.0,0.0
INSTANCE_012,0.5,V3,12,1.122274703284189,0.0,0.0
INSTANCE_012,0.5,V3,13,1.0364647119103343,0.0,0.0
INSTANCE_012,0.5,V3,14,1.1042449612439666,0.0,0.0
INSTANCE_012,0.5,V3,15,0.9975290461370252,0.0,0.0
INSTANCE_012,0.5,V3,16,1.0041622259219942,0.0,0.0
INSTANCE_012,0.5,V3,17,0.8667504193251824,0.0,0.0
INSTANCE_012,0.5,V3,18,1.1808332906127663,0.0,0.0
INSTANCE_012,0.5,V3,19,0.931757014051816,0.0,0.0
INSTANCE_012,0.75,V1,0,0.9516488441446742,0.0,0.0
INSTANCE_012,0.75,V1,1,1.162678378179289,0.0,0.0
INSTANCE_012,0.75,V1,2,1.373729796677665,0.0,0.0
INSTANCE_012,0.75,V1,3,0.8654758284768967,0.0,0.0
INSTANCE_012,0.75,V1,4,1.2553471551593327,0.0,0.0
INSTANCE_012,0.75,V1,5,1.2086041721501906,0.0,0.0
INSTANCE_012,0.75,V1,6,0.9393719900324564,0.0,0.0
INSTANCE_012,0.75,V1,7,0.9283368949472788,0.0,0.0
INSTANCE_012,0.75,V1,8,1.1340904528200977,0.0,0.0
INSTANCE_012,0.75,V1,9,1.007816544800714,0.0,0.0
INSTANCE_012,0.75,V1,10,1.0835239337129088,0.0,0.0
INSTANCE_012,0.75,V1,11,0.9971889735237308,0.0,0.0
INSTANCE_012,0.75,V1,12,1.0070935069548954,0.0,0.0
INSTANCE_012,0.75,V1,13,0.9642708498237232,0.0,0.0
INSTANCE_012,0.75,V1,14,1.0264248054620404,0.0,0.0
INSTANCE_012,0.75,V1,15,0.8939970884413038,0.0,0.0
INSTANCE_012,0.75,V1,16,0.8795782850346832,0.0,0.0
INSTANCE_012,0.75,V1,17,1.1365853378946085,0.0,0.0
INSTANCE_012,0.75,V1,18,0.9674106629308494,0.0,0.0
INSTANCE_012,0.75,V1,19,0.940127050115456,0.0,0.0
INSTANCE_012,0.75,V2,0,1.01932978376704,0.0,0.0
INSTANCE_012,0.75,V2,1,1.0282120305371585,0.0,0.0
INSTANCE_012,0.75,V2,2,0.8765761958087996,0.0,0.0
INSTANCE_012,0.75,V2,3,1.0313099029928987,0.0,0.0
INSTANCE_012,0.75,V2,4,0.9393719900324564,0.0,0.0
INSTANCE_012,0.75,V2,5,1.089583893562997,0.0,0.0
INSTANCE_012,0.75,V2,6,1.044234363134732,0.0,0.0
INSTANCE_012,0.75,V2,7,0.915357795902608,0.0,0.0
INSTANCE_012,0.75,V2,8,0.9324308558798414,0.0,0.0
INSTANCE_012,0.75,V2,9,0.9494934942862694,0.0,0.0
INSTANCE_012,0.75,V2,10,0.9776540571133564,0.0,0.0
INSTANCE_012,0.75,V2,11,1.14509820157397,0.0,0.0
INSTANCE_012,0.75,V2,12,1.018318691956402,0.0,0.0
INSTANCE_012,0.75,V2,13,1.0782548867186108,0.0,0.0
INSTANCE_012,0.75,V2,14,1.0725153203874618,0.0,0.0
INSTANCE_012,0.75,V2,15,0.9310991020127204,0.0,0.0
INSTANCE_012,0.75,V2,16,0.9310991020127204,0.0,0.0
INSTANCE_012,0.75,V2,17,1.180300158582863,0.0,0.0
INSTANCE_012,0.75,V2,18,0.8643833628688705,0.0,0.0
INSTANCE_012,0.75,V2,19,0.865848180859542,0.0,0.0
INSTANCE_012,0.75,V3,0,1.0518190364867388,0.0,0.0
INSTANCE_012,0.75,V3,1,0.9632079134700076,0.0,0.0
INSTANCE_012,0.75,V3,2,1.1518536993163848,0.0,0.0
INSTANCE_012,0.75,V3,3,0.8765761958087996,0.0,0.0
INSTANCE_012,0.75,V3,4,1.0988076321462972,0.0,0.0
INSTANCE_012,0.75,V3,5,1.1555775955532903,0.0,0.0
INSTANCE_012,0.75,V3,6,1.1475629659850743,0.0,0.0
INSTANCE_012,0.75,V3,7,0.979546351449972,0.0,0.0
INSTANCE_012,0.75,V3,8,0.9940166810593172,0.0,0.0
INSTANCE_012,0.75,V3,9,0.8539188058970851,0.0,0.0
INSTANCE_012,0.75,V3,10,0.8913495453222449,0.0,0.0
INSTANCE_012,0.75,V3,11,0.969518024483864,0.0,0.0
INSTANCE_012,0.75,V3,12,1.024982501399423,0.0,0.0
INSTANCE_012,0.75,V3,13,0.8795913319636254,0.0,0.0
INSTANCE_012,0.75,V3,14,0.8680077147641335,0.0,0.0
INSTANCE_012,0.75,V3,15,1.0040127080205763,0.0,0.0
INSTANCE_012,0.75,V3,16,0.9935758266675258,0.0,0.0
INSTANCE_012,0.75,V3,17,1.0337368668224365,0.0,0.0
INSTANCE_012,0.75,V3,18,1.227900540926577,0.0,0.0
INSTANCE_012,0.75,V3,19,0.8599126873267401,0.0,0.0
INSTANCE_013,0.25,V1,0,0.9749750855827264,0.0,0.0
INSTANCE_013,0.25,V1,1,1.0222535276119855,0.0,0.0
INSTANCE_013,0.25,V1,2,0.9833459881894986,0.0,0.0
INSTANCE_013,0.25,V1,3,0.945932363009206,0.0,0.0
INSTANCE_013,0.25,V1,4,0.8797734030963599,0.0,0.0
INSTANCE_013,0.25,V1,5,1.030416766768407,0.0,0.0
INSTANCE_013,0.25,V1,6,0.8913441934816038,0.0,0.0
INSTANCE_013,0.25,V1,7,0.956705244011982,0.0,0.0
INSTANCE_013,0.25,V1,8,1.2459762285250382,5.543877142711722,5.543877142711722
INSTANCE_013,0.25,V1,9,1.0569736132014742,0.0,0.0
INSTANCE_013,0.25,V1,10,0.8906923743355462,0.0,0.0
INSTANCE_013,0.25,V1,11,1.0058244244284724,0.0,0.0
INSTANCE_013,0.25,V1,12,1.1239689485662845,0.0,0.0
INSTANCE_013,0.25,V1,13,1.062927406870324,0.0,0.0
INSTANCE_013,0.25,V1,14,0.9187929580656782,0.0,0.0
INSTANCE_013,0.25,V1,15,1.0295773633380825,0.0,0.0
INSTANCE_013,0.25,V1,16,0.969518024483864,0.0,0.0
INSTANCE_013,0.25,V1,17,1.2455437625633596,5.514110510569594,5.514110510569594
INSTANCE_013,0.25,V1,18,1.0160342584089286,0.0,0.0
INSTANCE_013,0.25,V1,19,1.404519219653363,16.456391222074444,16.456391222074444
INSTANCE_013,0.25,V2,0,0.9047059775316004,0.0,0.0
INSTANCE_013,0.25,V2,1,1.1042449612439666,0.0,0.0
INSTANCE_013,0.25,V2,2,0.979372713542536,0.0,0.0
INSTANCE_013,0.25,V2,3,1.0264248054620404,0.0,0.0
INSTANCE_013,0.25,V2,4,1.0109029913109135,0.0,0.0
INSTANCE_013,0.25,V2,5,1.04885660584631,0.0,0.0
INSTANCE_013,0.25,V2,6,0.9963832474602492,0.0,0.0
INSTANCE_013,0.25,V2,7,1.4386739193309737,0.0,0.0
INSTANCE_013,0.25,V2,8,0.882293744426373,0.0,0.0
INSTANCE_013,0.25,V2,9,1.0693292467678963,0.0,0.0
INSTANCE_013,0.25,V2,10,1.083964907944071,0.0,0.0
INSTANCE_013,0.25,V2,11,1.064056605264944,0.0,0.0
INSTANCE_013,0.25,V2,12,0.8735364864171783,0.0,0.0
INSTANCE_013,0.25,V2,13,0.9586483493825754,0.0,0.0
INSTANCE_013,0.25,V2,14,0.897854161550149,0.0,0.0
INSTANCE_013,0.25,V2,15,0.919153569936755,0.0,0.0
INSTANCE_013,0.25,V2,16,1.0921384134030634,0.0,0.0
INSTANCE_013,0.25,V2,17,1.0186056551989542,0.0,0.0
INSTANCE_013,0.25,V2,18,0.8894972007448494,0.0,0.0
INSTANCE_013,0.25,V2,19,1.1215900192134878,0.0,0.0
INSTANCE_013,0.25,V3,0,1.1340904528200977,9.733453685894917,9.733453685894917
INSTANCE_013,0.25,V3,1,1.0325425692032049,0.0,0.0
INSTANCE_013,0.25,V3,2,1.040583194032862,0.0,0.0
INSTANCE_013,0.25,V3,3,1.0793958457459554,1.4572480587925156,1.4572480587925156
INSTANCE_013,0.25,V3,4,0.9128985993746358,0.0,0.0
INSTANCE_013,0.25,V3,5,0.8687250859411962,0.0,0.0
INSTANCE_013,0.25,V3,6,0.8856953239836636,0.0,0.0
INSTANCE_013,0.25,V3,7,1.2566176852002269,40.261238503959135,40.261238503959135
INSTANCE_013,0.25,V3,8,1.0392318228862991,0.0,0.0
INSTANCE_013,0.25,V3,9,0.9775531054198174,0.0,0.0
INSTANCE_013,0.25,V3,10,0.9586483493825754,0.0,0.0
INSTANCE_013,0.25,V3,11,0.9616398094187742,0.0,0.0
INSTANCE_013,0.25,V3,12,0.8685123035367265,0.0,0.0
INSTANCE_013,0.25,V3,13,0.9310991020127204,0.0,0.0
INSTANCE_013,0.25,V3,14,0.8766225867224798,0.0,0.0
INSTANCE_013,0.25,V3,15,1.0222535276119855,0.0,0.0
INSTANCE_013,0.25,V3,16,0.8990070562178624,0.0,0.0
INSTANCE_013,0.25,V3,17,1.2262377667637403,29.33334986419618,29.33334986419618
INSTANCE_013,0.25,V3,18,0.9339674447270956,0.0,0.0
INSTANCE_013,0.25,V3,19,1.066259467706908,0.0,0.0
INSTANCE_013,0.5,V1,0,1.0981679474111026,0.0,0.0
INSTANCE_013,0.5,V1,1,0.9814461698197354,0.0,0.0
INSTANCE_013,0.5,V1,2,1.1220320873516914,0.0,0.0
INSTANCE_013,0.5,V1,3,1.3114991452794968,0.0,0.0
INSTANCE_013,0.5,V1,4,1.188205668839501,0.0,0.0
INSTANCE_013,0.5,V1,5,0.932747492274802,0.0,0.0
INSTANCE_013,0.5,V1,6,0.8913495453222449,0.0,0.0
INSTANCE_013,0.5,V1,7,1.0697925468478195,0.0,0.0
INSTANCE_013,0.5,V1,8,1.0617718848554352,0.0,0.0
INSTANCE_013,0.5,V1,9,1.0957594611952377,0.0,0.0
INSTANCE_013,0.5,V1,10,1.2566176852002269,0.0,0.0
INSTANCE_013,0.5,V1,11,0.9917821436845996,0.0,0.0
INSTANCE_013,0.5,V1,12,1.1947673996824753,0.0,0.0
INSTANCE_013,0.5,V1,13,0.8742533364880948,0.0,0.0
INSTANCE_013,0.5,V1,14,1.1376480387558012,0.0,0.0
INSTANCE_013,0.5,V1,15,1.180300158582863,0.0,0.0
INSTANCE_013,0.5,V1,16,1.0290682836218026,0.0,0.0
INSTANCE_013,0.5,V1,17,1.0570136241678627,0.0,0.0
INSTANCE_013,0.5,V1,18,0.9237317317660896,0.0,0.0
INSTANCE_013,0.5,V1,19,0.9415251036524498,0.0,0.0
INSTANCE_013,0.5,V2,0,0.8945535962683786,0.0,0.0
INSTANCE_013,0.5,V2,1,0.9525106079077382,0.0,0.0
INSTANCE_013,0.5,V2,2,0.8894972007448494,0.0,0.0
INSTANCE_013,0.5,V2,3,0.8625399731521941,0.0,0.0
INSTANCE_013,0.5,V2,4,0.8765761958087996,0.0,0.0
INSTANCE_013,0.5,V2,5,0.942171843207134,0.0,0.0
INSTANCE_013,0.5,V2,6,0.8771190010573032,0.0,0.0
INSTANCE_013,0.5,V2,7,0.9452285442867292,0.0,0.0
INSTANCE_013,0.5,V2,8,0.9898663445470748,0.0,0.0
INSTANCE_013,0.5,V2,9,1.0198225008889543,0.0,0.0
INSTANCE_013,0.5,V2,10,0.9774508000271784,0.0,0.0
INSTANCE_013,0.5,V2,11,1.0571663219746068,0.0,0.0
INSTANCE_013,0.5,V2,12,0.8560890846911426,0.0,0.0
INSTANCE_013,0.5,V2,13,0.969518024483864,0.0,0.0
INSTANCE_013,0.5,V2,14,0.9949143416680848,0.0,0.0
INSTANCE_013,0.5,V2,15,1.0480976118828749,0.0,0.0
INSTANCE_013,0.5,V2,16,1.161556407633213,0.0,0.0
INSTANCE_013,0.5,V2,17,0.8687250859411962,0.0,0.0
INSTANCE_013,0.5,V2,18,0.9901008979486572,0.0,0.0
INSTANCE_013,0.5,V2,19,1.323706115578749,0.0,0.0
INSTANCE_013,0.5,V3,0,1.074884193292617,0.0,0.0
INSTANCE_013,0.5,V3,1,0.9662476228616288,0.0,0.0
INSTANCE_013,0.5,V3,2,1.152758917318771,7.487216647026912,0.0
INSTANCE_013,0.5,V3,3,1.148440204521932,6.977090291464378,0.0
INSTANCE_013,0.5,V3,4,0.9123202214256764,0.0,0.0
INSTANCE_013,0.5,V3,5,0.8856953239836636,0.0,0.0
INSTANCE_013,0.5,V3,6,0.9457295844681848,0.0,0.0
INSTANCE_013,0.5,V3,7,1.013791178773301,0.0,0.0
INSTANCE_013,0.5,V3,8,0.9333414246843322,0.0,0.0
INSTANCE_013,0.5,V3,9,1.0781558024966225,0.0,0.0
INSTANCE_013,0.5,V3,10,0.9301510738361254,0.0,0.0
INSTANCE_013,0.5,V3,11,1.1002537364850078,1.2853046869428226,1.2853046869428226
INSTANCE_013,0.5,V3,12,0.989669669334568,0.0,0.0
INSTANCE_013,0.5,V3,13,1.0988076321462972,1.1144908424541882,1.1144908424541882
INSTANCE_013,0.5,V3,14,0.8541266754060963,0.0,0.0
INSTANCE_013,0.5,V3,15,1.0611621284754895,0.0,0.0
INSTANCE_013,0.5,V3,16,0.9563727735787926,0.0,0.0
INSTANCE_013,0.5,V3,17,1.0197619269699187,0.0,0.0
INSTANCE_013,0.5,V3,18,1.4051456778244835,64.90689719521413,12.12970210302069
INSTANCE_013,0.5,V3,19,0.9674106629308494,0.0,0.0
INSTANCE_013,0.75,V1,0,0.9237317317660896,0.0,0.0
INSTANCE_013,0.75,V1,1,0.8418735832848321,0.0,0.0
INSTANCE_013,0.75,V1,2,1.0427388421051456,0.0,0.0
INSTANCE_013,0.75,V1,3,0.9341773555741504,0.0,0.0
INSTANCE_013,0.75,V1,4,1.265697342894251,0.0,0.0
INSTANCE_013,0.75,V1,5,1.070257940710809,0.0,0.0
INSTANCE_013,0.75,V1,6,0.919153569936755,0.0,0.0
INSTANCE_013,0.75,V1,7,1.004946172365598,0.0,0.0
INSTANCE_013,0.75,V1,8,1.052485304120219,0.0,0.0
INSTANCE_013,0.75,V1,9,1.1739973899230636,0.0,0.0
INSTANCE_013,0.75,V1,10,1.021248362954022,0.0,0.0
INSTANCE_013,0.75,V1,11,1.1629053939444185,0.0,0.0
INSTANCE_013,0.75,V1,12,1.012584423881113,0.0,0.0
INSTANCE_013,0.75,V1,13,0.9284579023767574,0.0,0.0
INSTANCE_013,0.75,V1,14,0.8676319715473424,0.0,0.0
INSTANCE_013,0.75,V1,15,1.160923983700295,0.0,0.0
INSTANCE_013,0.75,V1,16,0.8980868940931249,0.0,0.0
INSTANCE_013,0.75,V1,17,1.2336673023720526,0.0,0.0
INSTANCE_013,0.75,V1,18,0.877336123156705,0.0,0.0
INSTANCE_013,0.75,V1,19,0.9611497769027638,0.0,0.0
INSTANCE_013,0.75,V2,0,0.9483818233047572,0.0,0.0
INSTANCE_013,0.75,V2,1,0.9339674447270956,0.0,0.0
INSTANCE_013,0.75,V2,2,1.0284640600424286,0.0,0.0
INSTANCE_013,0.75,V2,3,1.0136142055379385,0.0,0.0
INSTANCE_013,0.75,V2,4,0.988489618059527,0.0,0.0
INSTANCE_013,0.75,V2,5,1.1073669573756355,0.0,0.0
INSTANCE_013,0.75,V2,6,1.032509757881784,0.0,0.0
INSTANCE_013,0.75,V2,7,0.9128985993746358,0.0,0.0
INSTANCE_013,0.75,V2,8,0.9497469781670528,0.0,0.0
INSTANCE_013,0.75,V2,9,0.932747492274802,0.0,0.0
INSTANCE_013,0.75,V2,10,0.947243660248802,0.0,0.0
INSTANCE_013,0.75,V2,11,1.552989806209048,0.0,0.0
INSTANCE_013,0.75,V2,12,0.9374865383394811,0.0,0.0
INSTANCE_013,0.75,V2,13,1.0284640600424286,0.0,0.0
INSTANCE_013,0.75,V2,14,0.8560890846911426,0.0,0.0
INSTANCE_013,0.75,V2,15,0.8641821426346293,0.0,0.0
INSTANCE_013,0.75,V2,16,1.0282120305371585,0.0,0.0
INSTANCE_013,0.75,V2,17,1.04745799835972,0.0,0.0
INSTANCE_013,0.75,V2,18,1.1094044228210198,0.0,0.0
INSTANCE_013,0.75,V2,19,0.880189548411491,0.0,0.0
INSTANCE_013,0.75,V3,0,0.9096963627216734,0.0,0.0
INSTANCE_013,0.75,V3,1,0.9459966876449238,0.0,0.0
INSTANCE_013,0.75,V3,2,0.8867464758398487,0.0,0.0
INSTANCE_013,0.75,V3,3,0.9670219792098108,0.0,0.0
INSTANCE_013,0.75,V3,4,0.8783423310657517,0.0,0.0
INSTANCE_013,0.75,V3,5,1.1765118377013857,5.430893033136499,5.430893033136499
INSTANCE_013,0.75,V3,6,0.8541266754060963,0.0,0.0
INSTANCE_013,0.75,V3,7,0.916180219798298,0.0,0.0
INSTANCE_013,0.75,V3,8,1.1912368001424978,6.764606506240511,6.764606506240511
INSTANCE_013,0.75,V3,9,1.0693292467678963,0.0,0.0
INSTANCE_013,0.75,V3,10,0.8941170504784879,0.0,0.0
INSTANCE_013,0.75,V3,11,1.0638111394358234,0.0,0.0
INSTANCE_013,0.75,V3,12,0.8800868685777993,0.0,0.0
INSTANCE_013,0.75,V3,13,1.0981679474111026,0.0,0.0
INSTANCE_013,0.75,V3,14,1.0410971100607462,0.0,0.0
INSTANCE_013,0.75,V3,15,1.308671119471844,17.40121997949575,17.40121997949575
INSTANCE_013,0.75,V3,16,0.9601441557445912,0.0,0.0
INSTANCE_013,0.75,V3,17,1.0109029913109135,0.0,0.0
INSTANCE_013,0.75,V3,18,1.2923715854488511,15.924889685363269,15.924889685363269
INSTANCE_013,0.75,V3,19,1.169974276520548,4.838753429182248,4.838753429182248
INSTANCE_014,0.25,V1,0,1.177996395225299,99.35524558425118,99.35524558425118
INSTANCE_014,0.25,V1,1,0.8945535962683786,0.0,0.0
INSTANCE_014,0.25,V1,2,1.0795877110532444,35.99790436712999,35.99790436712999
INSTANCE_014,0.25,V1,3,0.9281026349887276,0.0,0.0
INSTANCE_014,0.25,V1,4,0.9628279497960548,1.2171588204441832,1.2171588204441832
INSTANCE_014,0.25,V1,5,1.2459762285250382,150.8123892842766,150.8123892842766
INSTANCE_014,0.25,V1,6,0.8634422116178343,0.0,0.0
INSTANCE_014,0.25,V1,7,0.8878997164095318,0.0,0.0
INSTANCE_014,0.25,V1,8,0.8643444500834746,0.0,0.0
INSTANCE_014,0.25,V1,9,0.8795913319636254,0.0,0.0
INSTANCE_014,0.25,V1,10,1.1067023847763022,51.15672424098864,51.15672424098864
INSTANCE_014,0.25,V1,11,0.8539188058970851,0.0,0.0
INSTANCE_014,0.25,V1,12,0.8625399731521941,0.0,0.0
INSTANCE_014,0.25,V1,13,0.9324308558798414,0.0,0.0
INSTANCE_014,0.25,V1,14,0.9776540571133564,3.0204335432688367,3.0204335432688367
INSTANCE_014,0.25,V1,15,0.933039909659936,0.0,0.0
INSTANCE_014,0.25,V1,16,1.099212255084284,46.96926736826936,46.96926736826936
INSTANCE_014,0.25,V1,17,1.373729796677665,252.33559482380588,252.33559482380588
INSTANCE_014,0.25,V1,18,0.8823579906758764,0.0,0.0
INSTANCE_014,0.25,V1,19,0.9995787523817228,5.687097687601522,5.687097687601522
INSTANCE_014,0.25,V2,0,0.8511116192540826,0.0,0.0
INSTANCE_014,0.25,V2,1,0.9812039707527128,0.0,0.0
INSTANCE_014,0.25,V2,2,0.9632079134700076,0.0,0.0
INSTANCE_014,0.25,V2,3,0.9663341968632886,0.0,0.0
INSTANCE_014,0.25,V2,4,0.9955838879647624,0.8236883125576924,0.8236883125576924
INSTANCE_014,0.25,V2,5,1.030416766768407,3.910229703348705,3.910229703348705
INSTANCE_014,0.25,V2,6,0.8907514742588356,0.0,0.0
INSTANCE_014,0.25,V2,7,0.9917821436845996,0.4868157518923226,0.4868157518923226
INSTANCE_014,0.25,V2,8,0.9147226446552368,0.0,0.0
INSTANCE_014,0.25,V2,9,1.0478855322366016,5.458137011485746,5.458137011485746
INSTANCE_014,0.25,V2,10,1.001064968341412,1.3093668447327218,1.3093668447327218
INSTANCE_014,0.25,V2,11,0.9570901497288432,0.0,0.0
INSTANCE_014,0.25,V2,12,0.8750430865662231,0.0,0.0
INSTANCE_014,0.25,V2,13,1.0999082182341633,11.464790422336364,11.464790422336364
INSTANCE_014,0.25,V2,14,0.9776540571133564,0.0,0.0
INSTANCE_014,0.25,V2,15,0.9757918589093308,0.0,0.0
INSTANCE_014,0.25,V2,16,1.069901713115916,7.408990799201661,7.408990799201661
INSTANCE_014,0.25,V2,17,1.2633826575925584,47.79231117235713,47.79231117235713
INSTANCE_014,0.25,V2,18,1.0160342584089286,2.6357956376156157,2.6357956376156157
INSTANCE_014,0.25,V2,19,1.1042449612439666,12.230702605297664,12.230702605297664
INSTANCE_014,0.5,V1,0,1.0661790585999142,16.550506234963564,16.550506234963564
INSTANCE_014,0.5,V1,1,0.9642920176961438,3.326199615403766,3.326199615403766
INSTANCE_014,0.5,V1,2,1.032509757881784,10.094075408734966,10.094075408734966
INSTANCE_014,0.5,V1,3,1.0257450539352442,8.92970074193704,8.92970074193704
INSTANCE_014,0.5,V1,4,0.9529172306337892,2.55781379136306,2.55781379136306
INSTANCE_014,0.5,V1,5,1.3305307464676754,113.41954683437768,113.41954683437768
INSTANCE_014,0.5,V1,6,1.1811335905313414,53.58807904521928,53.58807904521928
INSTANCE_014,0.5,V1,7,1.3305307464676754,113.41954683437768,113.41954683437768
INSTANCE_014,0.5,V1,8,1.247893995574363,79.72675303223707,79.72675303223707
INSTANCE_014,0.5,V1,9,1.1457195343963222,41.449675211234535,41.449675211234535
INSTANCE_014,0.5,V1,10,1.0694883476449055,17.338861617706698,17.338861617706698
INSTANCE_014,0.5,V1,11,0.994004893167698,5.333353874966292,5.333353874966292
INSTANCE_014,0.5,V1,12,0.9152523252187308,0.0134866557336863,0.0134866557336863
INSTANCE_014,0.5,V1,13,0.9674106629308494,3.5368692987502754,3.5368692987502754
INSTANCE_014,0.5,V1,14,0.9642920176961438,3.326199615403766,3.326199615403766
INSTANCE_014,0.5,V1,15,0.9264605184944188,0.7706187918286105,0.7706187918286105
INSTANCE_014,0.5,V1,16,0.9774758061591422,4.216786499060049,4.216786499060049
INSTANCE_014,0.5,V1,17,0.8816220790906588,0.0,0.0
INSTANCE_014,0.5,V1,18,1.077588474551294,19.268514349980705,19.268514349980705
INSTANCE_014,0.5,V1,19,0.9256191084614976,0.7137801417546825,0.7137801417546825
INSTANCE_014,0.5,V2,0,1.1088309628842337,10.367385136671942,10.367385136671942
INSTANCE_014,0.5,V2,1,0.90047418981061,0.0,0.0
INSTANCE_014,0.5,V2,2,0.9603552986534024,0.0,0.0
INSTANCE_014,0.5,V2,3,1.0501016558609833,5.039175889109288,5.039175889109288
INSTANCE_014,0.5,V2,4,0.9415251036524498,0.0,0.0
INSTANCE_014,0.5,V2,5,1.0088685177384302,1.8919191781117208,1.8919191781117208
INSTANCE_014,0.5,V2,6,0.9714404597389816,0.0,0.0
INSTANCE_014,0.5,V2,7,0.9782508662188903,0.0,0.0
INSTANCE_014,0.5,V2,8,0.916180219798298,0.0,0.0
INSTANCE_014,0.5,V2,9,1.0227149055229203,2.948790880388742,2.948790880388742
INSTANCE_014,0.5,V2,10,1.106910609913234,10.075401868607967,10.075401868607967
INSTANCE_014,0.5,V2,11,0.8508108730988692,0.0,0.0
INSTANCE_014,0.5,V2,12,0.9901008979486572,0.4594180389249231,0.4594180389249231
INSTANCE_014,0.5,V2,13,1.3524319042851258,58.34727443756219,44.61034382406604
INSTANCE_014,0.5,V2,14,1.2048323518170836,24.964076319281617,18.670922151022864
INSTANCE_014,0.5,V2,15,0.897347543318212,0.0,0.0
INSTANCE_014,0.5,V2,16,1.3092975776429652,48.53392756429287,34.72481884421563
INSTANCE_014,0.5,V2,17,1.236672880236256,32.01132473961786,23.557275777324207
INSTANCE_014,0.5,V2,18,1.1138635101922394,11.132567179696592,11.132567179696592
INSTANCE_014,0.5,V2,19,0.9949143416680848,0.8268201756222879,0.8268201756222879
INSTANCE_014,0.75,V1,0,1.131482948891816,30.07823915570907,30.07823915570907
INSTANCE_014,0.75,V1,1,1.0680371770873054,14.529621327789528,14.529621327789528
INSTANCE_014,0.75,V1,2,1.06485658767624,14.06068052600449,14.06068052600449
INSTANCE_014,0.75,V1,3,0.9918258124050138,5.287050059859666,5.287050059859666
INSTANCE_014,0.75,V1,4,0.9505152028932846,3.006360159733049,3.006360159733049
INSTANCE_014,0.75,V1,5,0.8818956872441369,0.0,0.0
INSTANCE_014,0.75,V1,6,0.9467428209320584,2.7980932389569944,2.7980932389569944
INSTANCE_014,0.75,V1,7,1.024982501399423,8.18171170216101,8.18171170216101
INSTANCE_014,0.75,V1,8,1.0076298823575358,6.159566421821978,6.159566421821978
INSTANCE_014,0.75,V1,9,0.912414656301052,0.9028924832867916,0.9028924832867916
INSTANCE_014,0.75,V1,10,0.9248178013348936,1.5876494486967658,1.5876494486967658
INSTANCE_014,0.75,V1,11,1.0805336175127418,16.987961175474993,16.987961175474993
INSTANCE_014,0.75,V1,12,0.9487692938598062,2.909971431842905,2.909971431842905
INSTANCE_014,0.75,V1,13,0.98743059768449,5.044397580497503,5.044397580497503
INSTANCE_014,0.75,V1,14,0.9427984361262643,2.580330327803722,2.580330327803722
INSTANCE_014,0.75,V1,15,1.388857765375337,113.20173110869052,108.2319350715892
INSTANCE_014,0.75,V1,16,0.9903252533762577,5.204206696813799,5.204206696813799
INSTANCE_014,0.75,V1,17,0.8603010851078271,0.0,0.0
INSTANCE_014,0.75,V1,18,0.98743059768449,5.044397580497503,5.044397580497503
INSTANCE_014,0.75,V1,19,1.031028278224195,9.07309096091035,9.07309096091035
INSTANCE_014,0.75,V2,0,0.9431170881192978,0.1564090099003579,0.1564090099003579
INSTANCE_014,0.75,V2,1,1.0392318228862991,1.9451042239142,1.9451042239142
INSTANCE_014,0.75,V2,2,0.8823579906758764,0.0,0.0
INSTANCE_014,0.75,V2,3,0.9268717304422636,0.0,0.0
INSTANCE_014,0.75,V2,4,1.3951223470865473,8.568226879281042,8.568226879281042
INSTANCE_014,0.75,V2,5,1.070257940710809,2.522500276628307,2.522500276628307
INSTANCE_014,0.75,V2,6,1.0070935069548954,1.3470101644310262,1.3470101644310262
INSTANCE_014,0.75,V2,7,1.0222535276119855,1.629138148859283,1.629138148859283
INSTANCE_014,0.75,V2,8,0.892741138771142,0.0,0.0
INSTANCE_014,0.75,V2,9,0.90047418981061,0.0,0.0
INSTANCE_014,0.75,V2,10,0.9154274160947417,0.0,0.0
INSTANCE_014,0.75,V2,11,0.912852883052783,0.0,0.0
INSTANCE_014,0.75,V2,12,1.2405465364027972,5.691571042456303,5.691571042456303
INSTANCE_014,0.75,V2,13,0.9779301014755536,0.8042791884603275,0.8042791884603275
INSTANCE_014,0.75,V2,14,0.932747492274802,0.0,0.0
INSTANCE_014,0.75,V2,15,1.110209415093905,3.265997214897652,3.265997214897652
INSTANCE_014,0.75,V2,16,0.9935758266675258,1.0954461342829518,1.0954461342829518
INSTANCE_014,0.75,V2,17,1.177996395225299,4.52751291514312,4.52751291514312
INSTANCE_014,0.75,V2,18,0.9332125938313875,0.0,0.0
INSTANCE_014,0.75,V2,19,1.0866961075046238,2.828414560661372,2.828414560661372
INSTANCE_015,0.25,V1,0,1.3114991452794968,6.745747771415381,6.745747771415381
INSTANCE_015,0.25,V1,1,1.0100583330311137,0.0,0.0
INSTANCE_015,0.25,V1,2,1.1063826311913016,0.0,0.0
INSTANCE_015,0.25,V1,3,0.9494934942862694,0.0,0.0
INSTANCE_015,0.25,V1,4,1.1028326622332307,0.0,0.0
INSTANCE_015,0.25,V1,5,0.939347482758234,0.0,0.0
INSTANCE_015,0.25,V1,6,0.9237317317660896,0.0,0.0
INSTANCE_015,0.25,V1,7,1.0088685177384302,0.0,0.0
INSTANCE_015,0.25,V1,8,1.0236024127383032,0.0,0.0
INSTANCE_015,0.25,V1,9,0.986076097550492,0.0,0.0
INSTANCE_015,0.25,V1,10,0.8837955056139003,0.0,0.0
INSTANCE_015,0.25,V1,11,1.1475629659850743,1.203612003401986,1.203612003401986
INSTANCE_015,0.25,V1,12,1.0257450539352442,0.0,0.0
INSTANCE_015,0.25,V1,13,0.8603010851078271,0.0,0.0
INSTANCE_015,0.25,V1,14,1.3280913227765965,7.306673985334214,7.306673985334214
INSTANCE_015,0.25,V1,15,0.9846497010211196,0.0,0.0
INSTANCE_015,0.25,V1,16,0.8980868940931249,0.0,0.0
INSTANCE_015,0.25,V1,17,1.007181758175017,0.0,0.0
INSTANCE_015,0.25,V1,18,1.0199306231308554,0.0,0.0
INSTANCE_015,0.25,V1,19,1.1318499454201147,0.6724071548360371,0.6724071548360371
INSTANCE_015,0.25,V2,0,1.1044253146328182,0.0,0.0
INSTANCE_015,0.25,V2,1,1.0669523555514149,0.0,0.0
INSTANCE_015,0.25,V2,2,0.9861237001572118,0.0,0.0
INSTANCE_015,0.25,V2,3,0.9941478126347248,0.0,0.0
INSTANCE_015,0.25,V2,4,0.8845554329618055,0.0,0.0
INSTANCE_015,0.25,V2,5,1.3081670844429127,0.0,0.0
INSTANCE_015,0.25,V2,6,0.8679353358630678,0.0,0.0
INSTANCE_015,0.25,V2,7,1.162678378179289,0.0,0.0
INSTANCE_015,0.25,V2,8,1.1712086058859192,0.0,0.0
INSTANCE_015,0.25,V2,9,0.954987878669527,0.0,0.0
INSTANCE_015,0.25,V2,10,0.916180219798298,0.0,0.0
INSTANCE_015,0.25,V2,11,1.0611621284754895,0.0,0.0
INSTANCE_015,0.25,V2,12,0.9884075368055268,0.0,0.0
INSTANCE_015,0.25,V2,13,1.0681698050247663,0.0,0.0
INSTANCE_015,0.25,V2,14,0.8818956872441369,0.0,0.0
INSTANCE_015,0.25,V2,15,0.9918258124050138,0.0,0.0
INSTANCE_015,0.25,V2,16,1.248125601735383,0.0,0.0
INSTANCE_015,0.25,V2,17,1.1174698025844003,0.0,0.0
INSTANCE_015,0.25,V2,18,0.8641821426346293,0.0,0.0
INSTANCE_015,0.25,V2,19,0.8795913319636254,0.0,0.0
INSTANCE_015,0.25,V3,0,0.9374865383394811,0.0,0.0
INSTANCE_015,0.25,V3,1,0.9248178013348936,0.0,0.0
INSTANCE_015,0.25,V3,2,0.9461196595349984,0.0,0.0
INSTANCE_015,0.25,V3,3,0.897854161550149,0.0,0.0
INSTANCE_015,0.25,V3,4,0.8960308343539007,0.0,0.0
INSTANCE_015,0.25,V3,5,0.9814461698197354,0.0,0.0
INSTANCE_015,0.25,V3,6,0.8750430865662231,0.0,0.0
INSTANCE_015,0.25,V3,7,1.155646810374408,1.2682453548848116,1.2682453548848116
INSTANCE_015,0.25,V3,8,1.0642095748746716,0.0,0.0
INSTANCE_015,0.25,V3,9,0.9903252533762577,0.0,0.0
INSTANCE_015,0.25,V3,10,1.5749158421982845,87.57963896946126,87.57963896946126
INSTANCE_015,0.25,V3,11,1.001064968341412,0.0,0.0
INSTANCE_015,0.25,V3,12,1.060191324394755,0.0,0.0
INSTANCE_015,0.25,V3,13,0.9776148694407124,0.0,0.0
INSTANCE_015,0.25,V3,14,0.9273225802064884,0.0,0.0
INSTANCE_015,0.25,V3,15,0.9273353666104306,0.0,0.0
INSTANCE_015,0.25,V3,16,1.099212255084284,0.0,0.0
INSTANCE_015,0.25,V3,17,0.948800957499302,0.0,0.0
INSTANCE_015,0.25,V3,18,0.9608942732771272,0.0,0.0
INSTANCE_015,0.25,V3,19,1.1629053939444185,1.656010986834076,1.656010986834076
INSTANCE_015,0.25,V4,0,0.9226086734455392,0.0,0.0
INSTANCE_015,0.25,V4,1,1.4021645813362258,15.84712317567653,15.84712317567653
INSTANCE_015,0.25,V4,2,0.9529172306337892,0.0,0.0
INSTANCE_015,0.25,V4,3,0.8620259995641838,0.0,0.0
INSTANCE_015,0.25,V4,4,1.1699271502839552,0.0,0.0
INSTANCE_015,0.25,V4,5,0.9976911335901408,0.0,0.0
INSTANCE_015,0.25,V4,6,1.0611621284754895,0.0,0.0
INSTANCE_015,0.25,V4,7,1.0337368668224365,0.0,0.0
INSTANCE_015,0.25,V4,8,0.9616398094187742,0.0,0.0
INSTANCE_015,0.25,V4,9,1.009821314185272,0.0,0.0
INSTANCE_015,0.25,V4,10,1.1283086169871177,0.0,0.0
INSTANCE_015,0.25,V4,11,1.3212002828942648,8.678037910119315,8.678037910119315
INSTANCE_015,0.25,V4,12,1.0041622259219942,0.0,0.0
INSTANCE_015,0.25,V4,13,1.0929159543995806,0.0,0.0
INSTANCE_015,0.25,V4,14,1.1229045019288375,0.0,0.0
INSTANCE_015,0.25,V4,15,0.9159238562700172,0.0,0.0
INSTANCE_015,0.25,V4,16,0.9367595559628464,0.0,0.0
INSTANCE_015,0.25,V4,17,0.9633994387340196,0.0,0.0
INSTANCE_015,0.25,V4,18,1.0222535276119855,0.0,0.0
INSTANCE_015,0.25,V4,19,1.0793958457459554,0.0,0.0
INSTANCE_015,0.5,V1,0,0.9979862211777156,0.0,0.0
INSTANCE_015,0.5,V1,1,0.9226086734455392,0.0,0.0
INSTANCE_015,0.5,V1,2,0.9941478126347248,0.0,0.0
INSTANCE_015,0.5,V1,3,1.2442988178327796,0.0,0.0
INSTANCE_015,0.5,V1,4,0.9241139826124164,0.0,0.0
INSTANCE_015,0.5,V1,5,0.8702672940145558,0.0,0.0
INSTANCE_015,0.5,V1,6,1.2030130770246334,0.0,0.0
INSTANCE_015,0.5,V1,7,1.0961923120914805,0.0,0.0
INSTANCE_015,0.5,V1,8,0.8878997164095318,0.0,0.0
INSTANCE_015,0.5,V1,9,1.0990001848087976,0.0,0.0
INSTANCE_015,0.5,V1,10,1.148440204521932,0.0,0.0
INSTANCE_015,0.5,V1,11,1.0933688029015818,0.0,0.0
INSTANCE_015,0.5,V1,12,1.082883138706362,0.0,0.0
INSTANCE_015,0.5,V1,13,0.9301510738361254,0.0,0.0
INSTANCE_015,0.5,V1,14,1.0217346608569735,0.0,0.0
INSTANCE_015,0.5,V1,15,1.1634910127954592,0.0,0.0
INSTANCE_015,0.5,V1,16,0.9673241866044946,0.0,0.0
INSTANCE_015,0.5,V1,17,0.9602824735965674,0.0,0.0
INSTANCE_015,0.5,V1,18,0.8913495453222449,0.0,0.0
INSTANCE_015,0.5,V1,19,0.9400305127732984,0.0,0.0
INSTANCE_015,0.5,V2,0,1.0202770281620477,0.0,0.0
INSTANCE_015,0.5,V2,1,1.2459762285250382,0.0,0.0
INSTANCE_015,0.5,V2,2,1.1457453263173203,0.0,0.0
INSTANCE_015,0.5,V2,3,0.9333414246843322,0.0,0.0
INSTANCE_015,0.5,V2,4,1.58847655058736,0.0,0.0
INSTANCE_015,0.5,V2,5,1.0198225008889543,0.0,0.0
INSTANCE_015,0.5,V2,6,1.0160342584089286,0.0,0.0
INSTANCE_015,0.5,V2,7,0.9935758266675258,0.0,0.0
INSTANCE_015,0.5,V2,8,1.070257940710809,0.0,0.0
INSTANCE_015,0.5,V2,9,1.0335424935505932,0.0,0.0
INSTANCE_015,0.5,V2,10,0.9734985963062254,0.0,0.0
INSTANCE_015,0.5,V2,11,1.0968116297819277,0.0,0.0
INSTANCE_015,0.5,V2,12,1.0426116213116785,0.0,0.0
INSTANCE_015,0.5,V2,13,1.0507162459797583,0.0,0.0
INSTANCE_015,0.5,V2,14,0.8939970884413038,0.0,0.0
INSTANCE_015,0.5,V2,15,0.9389862098912972,0.0,0.0
INSTANCE_015,0.5,V2,16,0.9941478126347248,0.0,0.0
INSTANCE_015,0.5,V2,17,0.8619384808417672,0.0,0.0
INSTANCE_015,0.5,V2,18,1.1376480387558012,0.0,0.0
INSTANCE_015,0.5,V2,19,0.9775531054198174,0.0,0.0
INSTANCE_015,0.5,V3,0,0.9045243173879688,0.0,0.0
INSTANCE_015,0.5,V3,1,0.9888439124139718,0.0,0.0
INSTANCE_015,0.5,V3,2,0.9833459881894986,0.0,0.0
INSTANCE_015,0.5,V3,3,1.1622465240328352,0.0,0.0
INSTANCE_015,0.5,V3,4,0.9405684112303276,0.0,0.0
INSTANCE_015,0.5,V3,5,1.2334711323482457,3.656015152757618,0.0
INSTANCE_015,0.5,V3,6,1.1028326622332307,0.0,0.0
INSTANCE_015,0.5,V3,7,0.9320438320700551,0.0,0.0
INSTANCE_015,0.5,V3,8,1.0459543909654907,0.0,0.0
INSTANCE_015,0.5,V3,9,0.9662476228616288,0.0,0.0
INSTANCE_015,0.5,V3,10,1.0961923120914805,0.0,0.0
INSTANCE_015,0.5,V3,11,0.9754845175553202,0.0,0.0
INSTANCE_015,0.5,V3,12,1.1921550252101862,0.0,0.0
INSTANCE_015,0.5,V3,13,0.9734985963062254,0.0,0.0
INSTANCE_015,0.5,V3,14,0.9979862211777156,0.0,0.0
INSTANCE_015,0.5,V3,15,0.8508108730988692,0.0,0.0
INSTANCE_015,0.5,V3,16,1.0045332939053,0.0,0.0
INSTANCE_015,0.5,V3,17,1.1974555184618256,0.0,0.0
INSTANCE_015,0.5,V3,18,1.0536148665338825,0.0,0.0
INSTANCE_015,0.5,V3,19,1.1648884684697969,0.0,0.0
INSTANCE_015,0.5,V4,0,0.9270299655976186,0.0,0.0
INSTANCE_015,0.5,V4,1,0.942171843207134,0.0,0.0
INSTANCE_015,0.5,V4,2,0.959652807807777,0.0,0.0
INSTANCE_015,0.5,V4,3,0.958080808705026,0.0,0.0
INSTANCE_015,0.5,V4,4,0.934202765686096,0.0,0.0
INSTANCE_015,0.5,V4,5,1.0237060342378992,0.0,0.0
INSTANCE_015,0.5,V4,6,0.9453392154286028,0.0,0.0
INSTANCE_015,0.5,V4,7,0.9888439124139718,0.0,0.0
INSTANCE_015,0.5,V4,8,0.9495654082242784,0.0,0.0
INSTANCE_015,0.5,V4,9,1.0040127080205763,0.0,0.0
INSTANCE_015,0.5,V4,10,0.9780264967541612,0.0,0.0
INSTANCE_015,0.5,V4,11,0.98583905609731,0.0,0.0
INSTANCE_015,0.5,V4,12,1.0204846158059413,0.0,0.0
INSTANCE_015,0.5,V4,13,1.0677365243569064,0.0,0.0
INSTANCE_015,0.5,V4,14,0.9768866057323032,0.0,0.0
INSTANCE_015,0.5,V4,15,0.939347482758234,0.0,0.0
INSTANCE_015,0.5,V4,16,1.2635661311511297,0.0,0.0
INSTANCE_015,0.5,V4,17,0.880755796222279,0.0,0.0
INSTANCE_015,0.5,V4,18,0.8754770151805792,0.0,0.0
INSTANCE_015,0.5,V4,19,0.8971002760274478,0.0,0.0
INSTANCE_015,0.75,V1,0,0.9410308257675228,0.0,0.0
INSTANCE_015,0.75,V1,1,0.9853573831936768,0.0,0.0
INSTANCE_015,0.75,V1,2,0.994004893167698,0.0,0.0
INSTANCE_015,0.75,V1,3,1.160928784209669,0.0,0.0
INSTANCE_015,0.75,V1,4,0.894302047203971,0.0,0.0
INSTANCE_015,0.75,V1,5,0.8418735832848321,0.0,0.0
INSTANCE_015,0.75,V1,6,0.9264428207650176,0.0,0.0
INSTANCE_015,0.75,V1,7,0.9322551259494244,0.0,0.0
INSTANCE_015,0.75,V1,8,1.0109029913109135,0.0,0.0
INSTANCE_015,0.75,V1,9,0.9628863296313755,0.0,0.0
INSTANCE_015,0.75,V1,10,0.9449696571202796,0.0,0.0
INSTANCE_015,0.75,V1,11,1.161587654121252,0.0,0.0
INSTANCE_015,0.75,V1,12,1.083964907944071,0.0,0.0
INSTANCE_015,0.75,V1,13,1.0217346608569735,0.0,0.0
INSTANCE_015,0.75,V1,14,1.1690890500818183,0.0,0.0
INSTANCE_015,0.75,V1,15,0.8799832501545745,0.0,0.0
INSTANCE_015,0.75,V1,16,1.0208357373528285,0.0,0.0
INSTANCE_015,0.75,V1,17,0.9457172938331704,0.0,0.0
INSTANCE_015,0.75,V1,18,0.9782508662188903,0.0,0.0
INSTANCE_015,0.75,V1,19,0.8750430865662231,0.0,0.0
INSTANCE_015,0.75,V2,0,0.9466174203795992,0.0,0.0
INSTANCE_015,0.75,V2,1,1.0007614819111672,0.0,0.0
INSTANCE_015,0.75,V2,2,1.323706115578749,0.0,0.0
INSTANCE_015,0.75,V2,3,0.9714404597389816,0.0,0.0
INSTANCE_015,0.75,V2,4,1.0718567699021446,0.0,0.0
INSTANCE_015,0.75,V2,5,0.9149465839547634,0.0,0.0
INSTANCE_015,0.75,V2,6,1.1094044228210198,0.0,0.0
INSTANCE_015,0.75,V2,7,1.0961923120914805,0.0,0.0
INSTANCE_015,0.75,V2,8,1.1947673996824753,0.0,0.0
INSTANCE_015,0.75,V2,9,0.9426491646829258,0.0,0.0
INSTANCE_015,0.75,V2,10,0.9782508662188903,0.0,0.0
INSTANCE_015,0.75,V2,11,1.0410971100607462,0.0,0.0
INSTANCE_015,0.75,V2,12,0.9289035647041978,0.0,0.0
INSTANCE_015,0.75,V2,13,0.9153515464809084,0.0,0.0
INSTANCE_015,0.75,V2,14,0.9273353666104306,0.0,0.0
INSTANCE_015,0.75,V2,15,0.9628279497960548,0.0,0.0
INSTANCE_015,0.75,V2,16,1.041800250400152,0.0,0.0
INSTANCE_015,0.75,V2,17,1.363511215906526,0.0,0.0
INSTANCE_015,0.75,V2,18,0.9129208272330664,0.0,0.0
INSTANCE_015,0.75,V2,19,1.070257940710809,0.0,0.0
INSTANCE_015,0.75,V3,0,0.9420001584075408,0.0,0.0
INSTANCE_015,0.75,V3,1,1.0932122742009152,0.0,0.0
INSTANCE_015,0.75,V3,2,1.039657141720413,0.0,0.0
INSTANCE_015,0.75,V3,3,0.981521718152568,0.0,0.0
INSTANCE_015,0.75,V3,4,1.1974555184618256,0.0,0.0
INSTANCE_015,0.75,V3,5,1.0570136241678627,0.0,0.0
INSTANCE_015,0.75,V3,6,1.1634910127954592,0.0,0.0
INSTANCE_015,0.75,V3,7,0.9901008979486572,0.0,0.0
INSTANCE_015,0.75,V3,8,1.0217346608569735,0.0,0.0
INSTANCE_015,0.75,V3,9,0.9495654082242784,0.0,0.0
INSTANCE_015,0.75,V3,10,0.9279359724178208,0.0,0.0
INSTANCE_015,0.75,V3,11,0.9605617378835514,0.0,0.0
INSTANCE_015,0.75,V3,12,1.4076515105089678,8.204033123436716,0.0040331234366703
INSTANCE_015,0.75,V3,13,0.9590916403355204,0.0,0.0
INSTANCE_015,0.75,V3,14,1.2459762285250382,0.0,0.0
INSTANCE_015,0.75,V3,15,0.9812039707527128,0.0,0.0
INSTANCE_015,0.75,V3,16,1.58847655058736,21.297272900446387,13.097272900446342
INSTANCE_015,0.75,V3,17,0.986982783354474,0.0,0.0
INSTANCE_015,0.75,V3,18,1.0053431708851155,0.0,0.0
INSTANCE_015,0.75,V3,19,0.9853573831936768,0.0,0.0
INSTANCE_015,0.75,V4,0,1.3212002828942648,0.0,0.0
INSTANCE_015,0.75,V4,1,1.0045332939053,0.0,0.0
INSTANCE_015,0.75,V4,2,1.0093114265817889,0.0,0.0
INSTANCE_015,0.75,V4,3,0.9184176583515375,0.0,0.0
INSTANCE_015,0.75,V4,4,0.8765761958087996,0.0,0.0
INSTANCE_015,0.75,V4,5,0.9466174203795992,0.0,0.0
INSTANCE_015,0.75,V4,6,1.0693292467678963,0.0,0.0
INSTANCE_015,0.75,V4,7,0.9273353666104306,0.0,0.0
INSTANCE_015,0.75,V4,8,0.915357795902608,0.0,0.0
INSTANCE_015,0.75,V4,9,1.0126213912598352,0.0,0.0
INSTANCE_015,0.75,V4,10,1.248125601735383,0.0,0.0
INSTANCE_015,0.75,V4,11,1.1762697902790085,0.0,0.0
INSTANCE_015,0.75,V4,12,1.0507162459797583,0.0,0.0
INSTANCE_015,0.75,V4,13,1.2425746475155326,0.0,0.0
INSTANCE_015,0.75,V4,14,0.9611497769027638,0.0,0.0
INSTANCE_015,0.75,V4,15,1.013791178773301,0.0,0.0
INSTANCE_015,0.75,V4,16,1.3900376589859758,0.0,0.0
INSTANCE_015,0.75,V4,17,0.9605617378835514,0.0,0.0
INSTANCE_015,0.75,V4,18,0.9673007796898386,0.0,0.0
INSTANCE_015,0.75,V4,19,0.8878997164095318,0.0,0.0
INSTANCE_016,0.25,V1,0,1.1229045019288375,11.80000582348032,11.80000582348032
INSTANCE_016,0.25,V1,1,0.9782508662188903,0.0,0.0
INSTANCE_016,0.25,V1,2,0.936782719617004,0.0,0.0
INSTANCE_016,0.25,V1,3,1.1699271502839552,17.105963092791058,17.105963092791058
INSTANCE_016,0.25,V1,4,1.188205668839501,19.168480662401407,19.168480662401407
INSTANCE_016,0.25,V1,5,1.388857765375337,61.18008840545531,61.18008840545531
INSTANCE_016,0.25,V1,6,0.8829405873475067,0.0,0.0
INSTANCE_016,0.25,V1,7,1.0681698050247663,5.623833849319567,5.623833849319567
INSTANCE_016,0.25,V1,8,1.1765118377013857,17.84896824649502,17.84896824649502
INSTANCE_016,0.25,V1,9,0.9141241600590736,0.0,0.0
INSTANCE_016,0.25,V1,10,1.2798533551847038,33.53477576615194,33.53477576615194
INSTANCE_016,0.25,V1,11,0.9240219941471683,0.0,0.0
INSTANCE_016,0.25,V1,12,1.067896550925003,5.59300031212581,5.59300031212581
INSTANCE_016,0.25,V1,13,1.0045332939053,0.0,0.0
INSTANCE_016,0.25,V1,14,1.0264248054620404,0.9133976736605972,0.9133976736605972
INSTANCE_016,0.25,V1,15,0.981521718152568,0.0,0.0
INSTANCE_016,0.25,V1,16,0.9152523252187308,0.0,0.0
INSTANCE_016,0.25,V1,17,0.8916507079910542,0.0,0.0
INSTANCE_016,0.25,V1,18,1.1350028873595026,13.165167471500697,13.165167471500697
INSTANCE_016,0.25,V1,19,0.9673007796898386,0.0,0.0
INSTANCE_016,0.25,V2,0,1.018318691956402,0.0,0.0
INSTANCE_016,0.25,V2,1,1.1425127712082706,6.280461450973576,6.280461450973576
INSTANCE_016,0.25,V2,2,0.8537198344567576,0.0,0.0
INSTANCE_016,0.25,V2,3,0.9571698768690764,0.0,0.0
INSTANCE_016,0.25,V2,4,0.9829524543843334,0.0,0.0
INSTANCE_016,0.25,V2,5,0.9586483493825754,0.0,0.0
INSTANCE_016,0.25,V2,6,1.4021645813362258,58.95092692863341,58.95092692863341
INSTANCE_016,0.25,V2,7,1.4013869287977576,58.74737119233873,58.74737119233873
INSTANCE_016,0.25,V2,8,0.9663341968632886,0.0,0.0
INSTANCE_016,0.25,V2,9,1.1690890500818183,9.460401805789845,9.460401805789845
INSTANCE_016,0.25,V2,10,0.8620259995641838,0.0,0.0
INSTANCE_016,0.25,V2,11,0.9663341968632886,0.0,0.0
INSTANCE_016,0.25,V2,12,1.1229045019288375,3.934266670791999,3.934266670791999
INSTANCE_016,0.25,V2,13,0.9302715361817976,0.0,0.0
INSTANCE_016,0.25,V2,14,1.0929159543995806,0.3460369970912325,0.3460369970912325
INSTANCE_016,0.25,V2,15,1.0515367013384709,0.0,0.0
INSTANCE_016,0.25,V2,16,1.2788437374224868,26.670873895252956,26.670873895252956
INSTANCE_016,0.25,V2,17,0.9754845175553202,0.0,0.0
INSTANCE_016,0.25,V2,18,0.9533847620609482,0.0,0.0
INSTANCE_016,0.25,V2,19,0.9880181554933756,0.0,0.0
INSTANCE_016,0.25,V3,0,1.0965462769001335,0.0,0.0
INSTANCE_016,0.25,V3,1,1.0661790585999142,0.0,0.0
INSTANCE_016,0.25,V3,2,1.0694883476449055,0.0,0.0
INSTANCE_016,0.25,V3,3,1.0961923120914805,0.0,0.0
INSTANCE_016,0.25,V3,4,0.8916507079910542,0.0,0.0
INSTANCE_016,0.25,V3,5,1.0990001848087976,0.0,0.0
INSTANCE_016,0.25,V3,6,0.9293519926534468,0.0,0.0
INSTANCE_016,0.25,V3,7,0.8667695143191644,0.0,0.0
INSTANCE_016,0.25,V3,8,1.0298193229305517,0.0,0.0
INSTANCE_016,0.25,V3,9,0.9601441557445912,0.0,0.0
INSTANCE_016,0.25,V3,10,1.357481584824357,23.15027958202097,23.15027958202097
INSTANCE_016,0.25,V3,11,0.9791584718661454,0.0,0.0
INSTANCE_016,0.25,V3,12,1.0377630079269302,0.0,0.0
INSTANCE_016,0.25,V3,13,1.102773106086061,0.0,0.0
INSTANCE_016,0.25,V3,14,1.085949750287931,0.0,0.0
INSTANCE_016,0.25,V3,15,1.1340904528200977,0.4630231707027405,0.4630231707027405
INSTANCE_016,0.25,V3,16,1.1699271502839552,3.998313375512112,3.998313375512112
INSTANCE_016,0.25,V3,17,0.9873198867754548,0.0,0.0
INSTANCE_016,0.25,V3,18,1.144054846394554,1.44601059682293,1.44601059682293
INSTANCE_016,0.25,V3,19,1.1312758223395143,0.1853598737931179,0.1853598737931179
INSTANCE_016,0.25,V4,0,0.9483818233047572,0.0,0.0
INSTANCE_016,0.25,V4,1,1.2002083133375885,21.29373482829408,21.29373482829408
INSTANCE_016,0.25,V4,2,0.8607323137219164,0.0,0.0
INSTANCE_016,0.25,V4,3,0.9976600818897492,0.0,0.0
INSTANCE_016,0.25,V4,4,1.0109029913109135,0.4224144985730618,0.4224144985730618
INSTANCE_016,0.25,V4,5,1.0093114265817889,0.3186630464892914,0.3186630464892914
INSTANCE_016,0.25,V4,6,1.1028326622332307,6.415156529880733,6.415156529880733
INSTANCE_016,0.25,V4,7,1.388857765375337,53.05161241583573,53.05161241583573
INSTANCE_016,0.25,V4,8,0.9152523252187308,0.0,0.0
INSTANCE_016,0.25,V4,9,1.0206355538569265,1.0568640300098195,1.0568640300098195
INSTANCE_016,0.25,V4,10,0.9677097615563328,0.0,0.0
INSTANCE_016,0.25,V4,11,1.0202770281620477,1.033492337503617,1.033492337503617
INSTANCE_016,0.25,V4,12,0.9226086734455392,0.0,0.0
INSTANCE_016,0.25,V4,13,0.8742533364880948,0.0,0.0
INSTANCE_016,0.25,V4,14,1.289559815894179,36.33546460701257,36.33546460701257
INSTANCE_016,0.25,V4,15,1.0443700815782662,2.6040783346179524,2.6040783346179524
INSTANCE_016,0.25,V4,16,0.9547025018841144,0.0,0.0
INSTANCE_016,0.25,V4,17,1.3212002828942648,41.66192629003013,41.66192629003013
INSTANCE_016,0.25,V4,18,1.1073669573756355,6.7107396730554,6.7107396730554
INSTANCE_016,0.25,V4,19,1.0480976118828749,2.8470698226246896,2.8470698226246896
INSTANCE_016,0.5,V1,0,0.9814461698197354,0.0,0.0
INSTANCE_016,0.5,V1,1,0.895619622406056,0.0,0.0
INSTANCE_016,0.5,V1,2,1.0088685177384302,0.0,0.0
INSTANCE_016,0.5,V1,3,1.0781558024966225,3.6335232378074807,3.6335232378074807
INSTANCE_016,0.5,V1,4,1.0004212476182772,0.0,0.0
INSTANCE_016,0.5,V1,5,0.8708767406995097,0.0,0.0
INSTANCE_016,0.5,V1,6,1.0277338873858977,0.0,0.0
INSTANCE_016,0.5,V1,7,1.1595571711312622,9.57216008654791,9.57216008654791
INSTANCE_016,0.5,V1,8,0.9673241866044946,0.0,0.0
INSTANCE_016,0.5,V1,9,1.0448622446704332,1.2045917265979824,1.2045917265979824
INSTANCE_016,0.5,V1,10,1.102773106086061,5.429478621175235,5.429478621175235
INSTANCE_016,0.5,V1,11,1.0965462769001335,4.975200297915762,4.975200297915762
INSTANCE_016,0.5,V1,12,0.9532421995654592,0.0,0.0
INSTANCE_016,0.5,V1,13,0.9454783231219492,0.0,0.0
INSTANCE_016,0.5,V1,14,0.9258766510273724,0.0,0.0
INSTANCE_016,0.5,V1,15,0.9582989304915996,0.0,0.0
INSTANCE_016,0.5,V1,16,0.8840186588827298,0.0,0.0
INSTANCE_016,0.5,V1,17,0.9800898437937272,0.0,0.0
INSTANCE_016,0.5,V1,18,0.9726881952359552,0.0,0.0
INSTANCE_016,0.5,V1,19,0.9336186647134512,0.0,0.0
INSTANCE_016,0.5,V2,0,0.8797734030963599,0.0,0.0
INSTANCE_016,0.5,V2,1,0.9628863296313755,0.0,0.0
INSTANCE_016,0.5,V2,2,0.9652394024198532,0.0,0.0
INSTANCE_016,0.5,V2,3,1.047497102792718,0.0,0.0
INSTANCE_016,0.5,V2,4,0.8667504193251824,0.0,0.0
INSTANCE_016,0.5,V2,5,0.9114777750445822,0.0,0.0
INSTANCE_016,0.5,V2,6,0.9790806886126946,0.0,0.0
INSTANCE_016,0.5,V2,7,1.0518190364867388,0.0,0.0
INSTANCE_016,0.5,V2,8,0.9874576676353544,0.0,0.0
INSTANCE_016,0.5,V2,9,1.0965462769001335,0.0,0.0
INSTANCE_016,0.5,V2,10,1.089583893562997,0.0,0.0
INSTANCE_016,0.5,V2,11,1.552989806209048,63.01469327565985,63.01469327565985
INSTANCE_016,0.5,V2,12,1.0325425692032049,0.0,0.0
INSTANCE_016,0.5,V2,13,0.955597594535316,0.0,0.0
INSTANCE_016,0.5,V2,14,1.0835239337129088,0.0,0.0
INSTANCE_016,0.5,V2,15,0.9374440844603016,0.0,0.0
INSTANCE_016,0.5,V2,16,1.2170262149925093,9.989422769875205,9.989422769875205
INSTANCE_016,0.5,V2,17,0.9674106629308494,0.0,0.0
INSTANCE_016,0.5,V2,18,0.9774481250825152,0.0,0.0
INSTANCE_016,0.5,V2,19,1.0694883476449055,0.0,0.0
INSTANCE_016,0.5,V3,0,1.2157472228130168,5.377903123756028,0.0
INSTANCE_016,0.5,V3,1,1.1350028873595026,0.0,0.0
INSTANCE_016,0.5,V3,2,0.936782719617004,0.0,0.0
INSTANCE_016,0.5,V3,3,0.942171843207134,0.0,0.0
INSTANCE_016,0.5,V3,4,0.9947832248597468,0.0,0.0
INSTANCE_016,0.5,V3,5,1.1518536993163848,0.0048837545125479,0.0048837545125479
INSTANCE_016,0.5,V3,6,1.0397658533417564,0.0,0.0
INSTANCE_016,0.5,V3,7,1.0448622446704332,0.0,0.0
INSTANCE_016,0.5,V3,8,1.0430593467110445,0.0,0.0
INSTANCE_016,0.5,V3,9,1.0332808558291229,0.0,0.0
INSTANCE_016,0.5,V3,10,1.0174271743362002,0.0,0.0
INSTANCE_016,0.5,V3,11,1.2027149548483924,4.281976269717688,0.0
INSTANCE_016,0.5,V3,12,0.8993205299366595,0.0,0.0
INSTANCE_016,0.5,V3,13,1.0355387761279442,0.0,0.0
INSTANCE_016,0.5,V3,14,1.1044253146328182,0.0,0.0
INSTANCE_016,0.5,V3,15,0.8702672940145558,0.0,0.0
INSTANCE_016,0.5,V3,16,1.0217346608569735,0.0,0.0
INSTANCE_016,0.5,V3,17,1.0248075301501796,0.0,0.0
INSTANCE_016,0.5,V3,18,0.8699925994870982,0.0,0.0
INSTANCE_016,0.5,V3,19,1.0155389159454924,0.0,0.0
INSTANCE_016,0.5,V4,0,1.1312758223395143,3.732645104926064,0.0
INSTANCE_016,0.5,V4,1,0.9393719900324564,0.0,0.0
INSTANCE_016,0.5,V4,2,0.8941170504784879,0.0,0.0
INSTANCE_016,0.5,V4,3,1.148440204521932,4.258390131173428,0.8400618577991281
INSTANCE_016,0.5,V4,4,1.0079500127579115,0.0,0.0
INSTANCE_016,0.5,V4,5,1.0197619269699187,0.3169744897553528,0.3169744897553528
INSTANCE_016,0.5,V4,6,0.9977207993103812,0.0,0.0
INSTANCE_016,0.5,V4,7,0.9935758266675258,0.0,0.0
INSTANCE_016,0.5,V4,8,1.007816544800714,0.0,0.0
INSTANCE_016,0.5,V4,9,1.0389137717478982,0.9035954953046712,0.9035954953046712
INSTANCE_016,0.5,V4,10,1.0506100185940264,1.2618515362016751,1.2618515362016751
INSTANCE_016,0.5,V4,11,1.0845369842778954,2.3010344950986337,0.0
INSTANCE_016,0.5,V4,12,1.177996395225299,5.251988976889379,2.939044000916738
INSTANCE_016,0.5,V4,13,1.0186056551989542,0.2815578854106206,0.2815578854106206
INSTANCE_016,0.5,V4,14,0.9783936238175074,0.0,0.0
INSTANCE_016,0.5,V4,15,0.9261341549956502,0.0,0.0
INSTANCE_016,0.5,V4,16,1.0965462769001335,2.6688791281177373,0.0
INSTANCE_016,0.5,V4,17,1.102773106086061,2.8596069060827176,0.0
INSTANCE_016,0.5,V4,18,0.9570901497288432,0.0,0.0
INSTANCE_016,0.5,V4,19,1.257214911607743,13.112578295797787,8.564878972676638
INSTANCE_016,0.75,V1,0,1.4919803115329875,19.696055681700276,19.696055681700276
INSTANCE_016,0.75,V1,1,1.0965462769001335,2.202713046266922,2.202713046266922
INSTANCE_016,0.75,V1,2,0.9765066420583508,0.0,0.0
INSTANCE_016,0.75,V1,3,0.964727768165818,0.0,0.0
INSTANCE_016,0.75,V1,4,1.0018575517432975,0.0,0.0
INSTANCE_016,0.75,V1,5,0.9774481250825152,0.0,0.0
INSTANCE_016,0.75,V1,6,0.9874576676353544,0.0,0.0
INSTANCE_016,0.75,V1,7,1.0332808558291229,0.0,0.0
INSTANCE_016,0.75,V1,8,1.099212255084284,2.3206514778368046,2.3206514778368046
INSTANCE_016,0.75,V1,9,0.9765066420583508,0.0,0.0
INSTANCE_016,0.75,V1,10,0.9514081523261984,0.0,0.0
INSTANCE_016,0.75,V1,11,1.2525117019197392,9.10236350675916,9.10236350675916
INSTANCE_016,0.75,V1,12,0.9941478126347248,0.0,0.0
INSTANCE_016,0.75,V1,13,0.8960308343539007,0.0,0.0
INSTANCE_016,0.75,V1,14,0.9452285442867292,0.0,0.0
INSTANCE_016,0.75,V1,15,0.9262254387798478,0.0,0.0
INSTANCE_016,0.75,V1,16,1.3966514745315108,15.478866814149685,15.478866814149685
INSTANCE_016,0.75,V1,17,0.8496078884780153,0.0,0.0
INSTANCE_016,0.75,V1,18,0.9466174203795992,0.0,0.0
INSTANCE_016,0.75,V1,19,0.9384242201724676,0.0,0.0
INSTANCE_016,0.75,V2,0,0.9123202214256764,0.0,0.0
INSTANCE_016,0.75,V2,1,1.3114991452794968,12.98793063952712,12.98793063952712
INSTANCE_016,0.75,V2,2,1.0966036056056736,0.0,0.0
INSTANCE_016,0.75,V2,3,1.0076298823575358,0.0,0.0
INSTANCE_016,0.75,V2,4,1.000865027584959,0.0,0.0
INSTANCE_016,0.75,V2,5,1.0311264201890464,0.0,0.0
INSTANCE_016,0.75,V2,6,1.0443700815782662,0.0,0.0
INSTANCE_016,0.75,V2,7,0.9153515464809084,0.0,0.0
INSTANCE_016,0.75,V2,8,1.1042449612439666,0.0,0.0
INSTANCE_016,0.75,V2,9,0.8676319715473424,0.0,0.0
INSTANCE_016,0.75,V2,10,0.934202765686096,0.0,0.0
INSTANCE_016,0.75,V2,11,0.875825315215036,0.0,0.0
INSTANCE_016,0.75,V2,12,1.2232753997046582,6.258664445806062,6.258664445806062
INSTANCE_016,0.75,V2,13,0.9955838879647624,0.0,0.0
INSTANCE_016,0.75,V2,14,0.8816220790906588,0.0,0.0
INSTANCE_016,0.75,V2,15,1.002312508247636,0.0,0.0
INSTANCE_016,0.75,V2,16,0.8537198344567576,0.0,0.0
INSTANCE_016,0.75,V2,17,0.916180219798298,0.0,0.0
INSTANCE_016,0.75,V2,18,0.9322551259494244,0.0,0.0
INSTANCE_016,0.75,V2,19,0.8643444500834746,0.0,0.0
INSTANCE_016,0.75,V3,0,0.9240716550528828,0.0,0.0
INSTANCE_016,0.75,V3,1,1.3061410091530687,0.0,0.0
INSTANCE_016,0.75,V3,2,0.9466174203795992,0.0,0.0
INSTANCE_016,0.75,V3,3,0.9283286603166648,0.0,0.0
INSTANCE_016,0.75,V3,4,0.9686780178825674,0.0,0.0
INSTANCE_016,0.75,V3,5,1.0456464605865234,0.0,0.0
INSTANCE_016,0.75,V3,6,0.8750430865662231,0.0,0.0
INSTANCE_016,0.75,V3,7,1.0208357373528285,0.0,0.0
INSTANCE_016,0.75,V3,8,1.0554903071202004,0.0,0.0
INSTANCE_016,0.75,V3,9,1.0427388421051456,0.0,0.0
INSTANCE_016,0.75,V3,10,1.265697342894251,0.0,0.0
INSTANCE_016,0.75,V3,11,1.0749228258820265,0.0,0.0
INSTANCE_016,0.75,V3,12,0.8607323137219164,0.0,0.0
INSTANCE_016,0.75,V3,13,1.167704362791332,0.0,0.0
INSTANCE_016,0.75,V3,14,1.2633826575925584,0.0,0.0
INSTANCE_016,0.75,V3,15,0.8840186588827298,0.0,0.0
INSTANCE_016,0.75,V3,16,1.167094339839882,0.0,0.0
INSTANCE_016,0.75,V3,17,1.2425746475155326,0.0,0.0
INSTANCE_016,0.75,V3,18,1.0208357373528285,0.0,0.0
INSTANCE_016,0.75,V3,19,0.9123202214256764,0.0,0.0
INSTANCE_016,0.75,V4,0,1.0045332939053,0.0,0.0
INSTANCE_016,0.75,V4,1,0.9642708498237232,0.0,0.0
INSTANCE_016,0.75,V4,2,1.0571663219746068,0.0,0.0
INSTANCE_016,0.75,V4,3,1.0569736132014742,0.0,0.0
INSTANCE_016,0.75,V4,4,1.1211662824292314,0.0,0.0
INSTANCE_016,0.75,V4,5,1.2232753997046582,0.0,0.0
INSTANCE_016,0.75,V4,6,1.161587654121252,0.0,0.0
INSTANCE_016,0.75,V4,7,0.9293519926534468,0.0,0.0
INSTANCE_016,0.75,V4,8,0.9963868842848028,0.0,0.0
INSTANCE_016,0.75,V4,9,1.085949750287931,0.0,0.0
INSTANCE_016,0.75,V4,10,0.9642920176961438,0.0,0.0
INSTANCE_016,0.75,V4,11,1.066259467706908,0.0,0.0
INSTANCE_016,0.75,V4,12,1.04745799835972,0.0,0.0
INSTANCE_016,0.75,V4,13,0.9123202214256764,0.0,0.0
INSTANCE_016,0.75,V4,14,1.024982501399423,0.0,0.0
INSTANCE_016,0.75,V4,15,1.1254714004314932,0.0,0.0
INSTANCE_016,0.75,V4,16,0.8771190010573032,0.0,0.0
INSTANCE_016,0.75,V4,17,0.9266458893311968,0.0,0.0
INSTANCE_016,0.75,V4,18,1.0355387761279442,0.0,0.0
INSTANCE_016,0.75,V4,19,0.9129444607249626,0.0,0.0
INSTANCE_017,0.25,V1,0,0.8657550638203773,0.0,0.0
INSTANCE_017,0.25,V1,1,1.3139055004855815,22.19287898857181,12.057782550282807
INSTANCE_017,0.25,V1,2,1.110209415093905,6.361958725406339,0.0
INSTANCE_017,0.25,V1,3,0.8845554329618055,0.0,0.0
INSTANCE_017,0.25,V1,4,0.944253038701776,0.0,0.0
INSTANCE_017,0.25,V1,5,0.9426491646829258,0.0,0.0
INSTANCE_017,0.25,V1,6,1.041800250400152,1.0453124606822255,1.0453124606822255
INSTANCE_017,0.25,V1,7,1.265697342894251,18.446221327503054,8.389463145299828
INSTANCE_017,0.25,V1,8,1.0677365243569064,3.0610364454780665,3.0610364454780665
INSTANCE_017,0.25,V1,9,0.9834764924300962,0.0,0.0
INSTANCE_017,0.25,V1,10,0.8541266754060963,0.0,0.0
INSTANCE_017,0.25,V1,11,1.04745799835972,1.485023202519983,1.485023202519983
INSTANCE_017,0.25,V1,12,0.8937847186723955,0.0,0.0
INSTANCE_017,0.25,V1,13,1.2767554651595572,19.305640159758696,9.230912528874455
INSTANCE_017,0.25,V1,14,1.0845369842778954,4.3667401897707805,4.3667401897707805
INSTANCE_017,0.25,V1,15,1.0725153203874618,3.4324365083130037,3.4324365083130037
INSTANCE_017,0.25,V1,16,0.9178288172426968,0.0,0.0
INSTANCE_017,0.25,V1,17,1.0887542440718676,4.694498592191849,4.694498592191849
INSTANCE_017,0.25,V1,18,0.972428037464628,0.0,0.0
INSTANCE_017,0.25,V1,19,1.06485658767624,2.837212566551216,2.837212566551216
INSTANCE_017,0.25,V2,0,0.8797734030963599,0.0,0.0
INSTANCE_017,0.25,V2,1,0.981617781319966,0.0,0.0
INSTANCE_017,0.25,V2,2,1.177996395225299,0.0,0.0
INSTANCE_017,0.25,V2,3,0.9516488441446742,0.0,0.0
INSTANCE_017,0.25,V2,4,0.9608942732771272,0.0,0.0
INSTANCE_017,0.25,V2,5,1.0496155129586384,0.0,0.0
INSTANCE_017,0.25,V2,6,1.2398503542348074,0.0,0.0
INSTANCE_017,0.25,V2,7,0.9867656612550728,0.0,0.0
INSTANCE_017,0.25,V2,8,1.2086041721501906,0.0,0.0
INSTANCE_017,0.25,V2,9,0.947243660248802,0.0,0.0
INSTANCE_017,0.25,V2,10,0.9333414246843322,0.0,0.0
INSTANCE_017,0.25,V2,11,1.2425746475155326,0.0,0.0
INSTANCE_017,0.25,V2,12,1.177996395225299,0.0,0.0
INSTANCE_017,0.25,V2,13,1.0130717099772102,0.0,0.0
INSTANCE_017,0.25,V2,14,0.928746091878952,0.0,0.0
INSTANCE_017,0.25,V2,15,1.093579739942364,0.0,0.0
INSTANCE_017,0.25,V2,16,0.9123202214256764,0.0,0.0
INSTANCE_017,0.25,V2,17,0.8679353358630678,0.0,0.0
INSTANCE_017,0.25,V2,18,1.1002537364850078,0.0,0.0
INSTANCE_017,0.25,V2,19,1.1131701426062446,0.0,0.0
INSTANCE_017,0.25,V3,0,1.032509757881784,1.2130457742737235,1.2130457742737235
INSTANCE_017,0.25,V3,1,0.980821959833786,0.0,0.0
INSTANCE_017,0.25,V3,2,0.9674106629308494,0.0,0.0
INSTANCE_017,0.25,V3,3,1.0380336169762574,1.986671446886476,1.986671446886476
INSTANCE_017,0.25,V3,4,0.9710901386211532,0.0,0.0
INSTANCE_017,0.25,V3,5,1.0389137717478982,2.1099385895794285,2.1099385895794285
INSTANCE_017,0.25,V3,6,0.9223161266858864,0.0,0.0
INSTANCE_017,0.25,V3,7,0.9739961677840204,0.0,0.0
INSTANCE_017,0.25,V3,8,0.9774758061591422,0.0,0.0
INSTANCE_017,0.25,V3,9,1.0410971100607462,2.415718759191236,2.415718759191236
INSTANCE_017,0.25,V3,10,1.0980549731756724,12.646437873147306,12.646437873147306
INSTANCE_017,0.25,V3,11,1.0491025886038914,3.536899371622781,3.536899371622781
INSTANCE_017,0.25,V3,12,0.8620259995641838,0.0,0.0
INSTANCE_017,0.25,V3,13,0.9324308558798414,0.0,0.0
INSTANCE_017,0.25,V3,14,0.9332125938313875,0.0,0.0
INSTANCE_017,0.25,V3,15,0.8795913319636254,0.0,0.0
INSTANCE_017,0.25,V3,16,0.9833459881894986,0.0,0.0
INSTANCE_017,0.25,V3,17,1.0142994574854285,0.0,0.0
INSTANCE_017,0.25,V3,18,0.8857435733390863,0.0,0.0
INSTANCE_017,0.25,V3,19,1.0518190364867388,3.917342425028437,3.917342425028437
INSTANCE_017,0.5,V1,0,0.8735364864171783,0.0,0.0
INSTANCE_017,0.5,V1,1,0.9099177981961156,0.0,0.0
INSTANCE_017,0.5,V1,2,1.1622465240328352,3.922825003273146,3.922825003273146
INSTANCE_017,0.5,V1,3,1.029972959035976,0.0,0.0
INSTANCE_017,0.5,V1,4,1.1699271502839552,4.212832649471579,4.212832649471579
INSTANCE_017,0.5,V1,5,0.9147226446552368,0.0,0.0
INSTANCE_017,0.5,V1,6,0.9698370112915492,0.0,0.0
INSTANCE_017,0.5,V1,7,1.0265599296804746,0.0,0.0
INSTANCE_017,0.5,V1,8,1.137946263964407,3.0052876835226243,3.0052876835226243
INSTANCE_017,0.5,V1,9,0.8560890846911426,0.0,0.0
INSTANCE_017,0.5,V1,10,0.983860102837118,0.0,0.0
INSTANCE_017,0.5,V1,11,1.1461398626460653,3.314664313744288,3.314664313744288
INSTANCE_017,0.5,V1,12,0.8787802655337207,0.0,0.0
INSTANCE_017,0.5,V1,13,1.2553471551593327,7.438149666891036,7.438149666891036
INSTANCE_017,0.5,V1,14,0.9834764924300962,0.0,0.0
INSTANCE_017,0.5,V1,15,0.8851375383563126,0.0,0.0
INSTANCE_017,0.5,V1,16,1.0298193229305517,0.0,0.0
INSTANCE_017,0.5,V1,17,1.013791178773301,0.0,0.0
INSTANCE_017,0.5,V1,18,1.1239689485662845,2.4775275496152744,2.4775275496152744
INSTANCE_017,0.5,V1,19,0.897817974533582,0.0,0.0
INSTANCE_017,0.5,V2,0,1.0990001848087976,0.0,0.0
INSTANCE_017,0.5,V2,1,1.4051456778244835,0.0,0.0
INSTANCE_017,0.5,V2,2,0.9611497769027638,0.0,0.0
INSTANCE_017,0.5,V2,3,0.9283368949472788,0.0,0.0
INSTANCE_017,0.5,V2,4,1.188205668839501,0.0,0.0
INSTANCE_017,0.5,V2,5,0.9465547524469162,0.0,0.0
INSTANCE_017,0.5,V2,6,0.9336186647134512,0.0,0.0
INSTANCE_017,0.5,V2,7,1.0007614819111672,0.0,0.0
INSTANCE_017,0.5,V2,8,1.2048323518170836,0.0,0.0
INSTANCE_017,0.5,V2,9,1.074884193292617,0.0,0.0
INSTANCE_017,0.5,V2,10,1.034526819734927,0.0,0.0
INSTANCE_017,0.5,V2,11,0.8667504193251824,0.0,0.0
INSTANCE_017,0.5,V2,12,0.986982783354474,0.0,0.0
INSTANCE_017,0.5,V2,13,0.933039909659936,0.0,0.0
INSTANCE_017,0.5,V2,14,0.907589462482472,0.0,0.0
INSTANCE_017,0.5,V2,15,0.9313950618685568,0.0,0.0
INSTANCE_017,0.5,V2,16,0.9426491646829258,0.0,0.0
INSTANCE_017,0.5,V2,17,1.095581603068848,0.0,0.0
INSTANCE_017,0.5,V2,18,0.8735364864171783,0.0,0.0
INSTANCE_017,0.5,V2,19,0.9757918589093308,0.0,0.0
INSTANCE_017,0.5,V3,0,1.0845369842778954,5.467908391913738,5.467908391913738
INSTANCE_017,0.5,V3,1,0.8811862347754283,0.0,0.0
INSTANCE_017,0.5,V3,2,0.9757918589093308,0.0,0.0
INSTANCE_017,0.5,V3,3,1.038104005136531,0.6300562951747679,0.6300562951747679
INSTANCE_017,0.5,V3,4,0.9525106079077382,0.0,0.0
INSTANCE_017,0.5,V3,5,1.0572782377833292,2.6278195946449614,2.6278195946449614
INSTANCE_017,0.5,V3,6,0.9429615932852622,0.0,0.0
INSTANCE_017,0.5,V3,7,0.956705244011982,0.0,0.0
INSTANCE_017,0.5,V3,8,0.8752691297583073,0.0,0.0
INSTANCE_017,0.5,V3,9,0.9273225802064884,0.0,0.0
INSTANCE_017,0.5,V3,10,1.0501016558609833,1.8800915241560008,1.8800915241560008
INSTANCE_017,0.5,V3,11,0.8818956872441369,0.0,0.0
INSTANCE_017,0.5,V3,12,1.0265599296804746,0.0,0.0
INSTANCE_017,0.5,V3,13,0.9941478126347248,0.0,0.0
INSTANCE_017,0.5,V3,14,0.8708767406995097,0.0,0.0
INSTANCE_017,0.5,V3,15,0.8928767660288555,0.0,0.0
INSTANCE_017,0.5,V3,16,1.2553471551593327,38.37022955244822,38.37022955244822
INSTANCE_017,0.5,V3,17,1.0478855322366016,1.649193603731419,1.649193603731419
INSTANCE_017,0.5,V3,18,0.8851375383563126,0.0,0.0
INSTANCE_017,0.5,V3,19,1.0938011405543786,6.433140834360302,6.433140834360302
INSTANCE_017,0.75,V1,0,0.9452907471448646,0.0,0.0
INSTANCE_017,0.75,V1,1,1.4076515105089678,4.840884768261617,4.840884768261617
INSTANCE_017,0.75,V1,2,0.9320438320700551,0.0,0.0
INSTANCE_017,0.75,V1,3,0.9843814447512644,0.0,0.0
INSTANCE_017,0.75,V1,4,1.177996395225299,0.8724443761598195,0.8724443761598195
INSTANCE_017,0.75,V1,5,0.865848180859542,0.0,0.0
INSTANCE_017,0.75,V1,6,0.8659070570909859,0.0,0.0
INSTANCE_017,0.75,V1,7,0.8797734030963599,0.0,0.0
INSTANCE_017,0.75,V1,8,1.057495060469951,0.0,0.0
INSTANCE_017,0.75,V1,9,1.069160783951708,0.0,0.0
INSTANCE_017,0.75,V1,10,1.1947673996824753,1.1622473331798346,1.1622473331798346
INSTANCE_017,0.75,V1,11,1.247893995574363,2.080274910191747,2.080274910191747
INSTANCE_017,0.75,V1,12,1.1044253146328182,0.0,0.0
INSTANCE_017,0.75,V1,13,0.9603552986534024,0.0,0.0
INSTANCE_017,0.75,V1,14,0.9248178013348936,0.0,0.0
INSTANCE_017,0.75,V1,15,0.8679353358630678,0.0,0.0
INSTANCE_017,0.75,V1,16,0.9800898437937272,0.0,0.0
INSTANCE_017,0.75,V1,17,0.9776465330802088,0.0,0.0
INSTANCE_017,0.75,V1,18,1.070257940710809,0.0,0.0
INSTANCE_017,0.75,V1,19,0.8999741176040277,0.0,0.0
INSTANCE_017,0.75,V2,0,1.1457453263173203,0.0,0.0
INSTANCE_017,0.75,V2,1,0.9422638483906888,0.0,0.0
INSTANCE_017,0.75,V2,2,1.2403154208836862,0.0,0.0
INSTANCE_017,0.75,V2,3,1.060191324394755,0.0,0.0
INSTANCE_017,0.75,V2,4,0.948970926259148,0.0,0.0
INSTANCE_017,0.75,V2,5,0.9833459881894986,0.0,0.0
INSTANCE_017,0.75,V2,6,0.8686621197822783,0.0,0.0
INSTANCE_017,0.75,V2,7,1.0844252759729842,0.0,0.0
INSTANCE_017,0.75,V2,8,1.047497102792718,0.0,0.0
INSTANCE_017,0.75,V2,9,0.9532421995654592,0.0,0.0
INSTANCE_017,0.75,V2,10,1.0155389159454924,0.0,0.0
INSTANCE_017,0.75,V2,11,1.1555775955532903,0.0,0.0
INSTANCE_017,0.75,V2,12,1.4386739193309737,0.0,0.0
INSTANCE_017,0.75,V2,13,0.8560890846911426,0.0,0.0
INSTANCE_017,0.75,V2,14,1.0100583330311137,0.0,0.0
INSTANCE_017,0.75,V2,15,0.8795913319636254,0.0,0.0
INSTANCE_017,0.75,V2,16,1.1009129004073823,0.0,0.0
INSTANCE_017,0.75,V2,17,1.0410971100607462,0.0,0.0
INSTANCE_017,0.75,V2,18,0.9847151278109908,0.0,0.0
INSTANCE_017,0.75,V2,19,1.0478855322366016,0.0,0.0
INSTANCE_017,0.75,V3,0,0.8845554329618055,0.0,0.0
INSTANCE_017,0.75,V3,1,1.0202770281620477,0.0,0.0
INSTANCE_017,0.75,V3,2,1.6396937851623727,37.2857305717223,21.70111966396348
INSTANCE_017,0.75,V3,3,0.9532421995654592,0.0,0.0
INSTANCE_017,0.75,V3,4,1.0295773633380825,0.0,0.0
INSTANCE_017,0.75,V3,5,1.0430593467110445,0.0,0.0
INSTANCE_017,0.75,V3,6,1.065177372702552,0.0,0.0
INSTANCE_017,0.75,V3,7,1.0531594431615243,0.0,0.0
INSTANCE_017,0.75,V3,8,1.0408052245863542,0.0,0.0
INSTANCE_017,0.75,V3,9,1.2798533551847038,8.072419824432245,0.2345345827557139
INSTANCE_017,0.75,V3,10,1.0174271743362002,0.0,0.0
INSTANCE_017,0.75,V3,11,0.9812039707527128,0.0,0.0
INSTANCE_017,0.75,V3,12,0.974806044763836,0.0,0.0
INSTANCE_017,0.75,V3,13,1.1236292737938758,1.7016017853142102,1.7016017853142102
INSTANCE_017,0.75,V3,14,0.901399027263804,0.0,0.0
INSTANCE_017,0.75,V3,15,1.0284640600424286,0.0,0.0
INSTANCE_017,0.75,V3,16,1.0055870301737375,0.0,0.0
INSTANCE_017,0.75,V3,17,1.0233666890774118,0.0,0.0
INSTANCE_017,0.75,V3,18,0.9947407375316092,0.0,0.0
INSTANCE_017,0.75,V3,19,0.8960308343539007,0.0,0.0
INSTANCE_018,0.25,V1,0,0.979546351449972,5.5902717750032025,5.5902717750032025
INSTANCE_018,0.25,V1,1,1.1648619678689915,42.21944981550291,42.21944981550291
INSTANCE_018,0.25,V1,2,0.969518024483864,4.330346202737815,4.330346202737815
INSTANCE_018,0.25,V1,3,1.0553173445219677,15.10988677459136,15.10988677459136
INSTANCE_018,0.25,V1,4,0.9099177981961156,0.0,0.0
INSTANCE_018,0.25,V1,5,1.0291748740913935,11.825433931262523,11.825433931262523
INSTANCE_018,0.25,V1,6,0.9829524543843334,6.01820319400008,6.01820319400008
INSTANCE_018,0.25,V1,7,1.040583194032862,13.258737220975604,13.258737220975604
INSTANCE_018,0.25,V1,8,1.025141992324292,11.318756108983166,11.318756108983166
INSTANCE_018,0.25,V1,9,0.964958632170245,3.75751935042922,3.75751935042922
INSTANCE_018,0.25,V1,10,0.9774508000271784,5.326993679414613,5.326993679414613
INSTANCE_018,0.25,V1,11,0.8603010851078271,0.0,0.0
INSTANCE_018,0.25,V1,12,0.8960308343539007,0.0,0.0
INSTANCE_018,0.25,V1,13,1.006914675427749,9.028736771824356,9.028736771824356
INSTANCE_018,0.25,V1,14,1.1690890500818183,43.73865611765598,43.73865611765598
INSTANCE_018,0.25,V1,15,1.0264248054620404,11.479924475565896,11.479924475565896
INSTANCE_018,0.25,V1,16,0.919153569936755,0.0,0.0
INSTANCE_018,0.25,V1,17,1.3061410091530687,109.66153613105132,109.66153613105132
INSTANCE_018,0.25,V1,18,1.161556407633213,41.03143697603127,41.03143697603127
INSTANCE_018,0.25,V1,19,0.97484902275561,5.000115055605875,5.000115055605875
INSTANCE_018,0.25,V2,0,0.9293519926534468,0.0,0.0
INSTANCE_018,0.25,V2,1,0.9494934942862694,0.0,0.0
INSTANCE_018,0.25,V2,2,0.9466174203795992,0.0,0.0
INSTANCE_018,0.25,V2,3,1.0496155129586384,4.823345335150975,4.823345335150975
INSTANCE_018,0.25,V2,4,1.1073152371507708,12.812737645414586,12.812737645414586
INSTANCE_018,0.25,V2,5,1.3431263188835012,82.30245060189293,82.30245060189293
INSTANCE_018,0.25,V2,6,0.9454783231219492,0.0,0.0
INSTANCE_018,0.25,V2,7,0.956705244011982,0.0,0.0
INSTANCE_018,0.25,V2,8,1.2398503542348074,44.73198352313443,44.73198352313443
INSTANCE_018,0.25,V2,9,1.095581603068848,11.188040002261689,11.188040002261689
INSTANCE_018,0.25,V2,10,0.9898663445470748,0.0,0.0
INSTANCE_018,0.25,V2,11,0.9704608909424204,0.0,0.0
INSTANCE_018,0.25,V2,12,1.08891748139568,10.265292394785888,10.265292394785888
INSTANCE_018,0.25,V2,13,1.105583711636677,12.572981965105669,12.572981965105669
INSTANCE_018,0.25,V2,14,0.8907514742588356,0.0,0.0
INSTANCE_018,0.25,V2,15,0.9710901386211532,0.0,0.0
INSTANCE_018,0.25,V2,16,0.9935758266675258,0.0,0.0
INSTANCE_018,0.25,V2,17,1.0921384134030634,10.711278745188563,10.711278745188563
INSTANCE_018,0.25,V2,18,1.041800250400152,3.7412050049902064,3.7412050049902064
INSTANCE_018,0.25,V2,19,1.06485658767624,6.933700745924057,6.933700745924057
INSTANCE_018,0.5,V1,0,1.2923715854488511,48.87863441301897,48.87863441301897
INSTANCE_018,0.5,V1,1,1.0569736132014742,12.773818153077173,12.773818153077173
INSTANCE_018,0.5,V1,2,0.9302715361817976,2.513272785895424,2.513272785895424
INSTANCE_018,0.5,V1,3,1.0657981054372272,13.488440241815624,13.488440241815624
INSTANCE_018,0.5,V1,4,0.948800957499302,4.01381620655593,4.01381620655593
INSTANCE_018,0.5,V1,5,0.9154274160947417,1.3111712010455676,1.3111712010455676
INSTANCE_018,0.5,V1,6,0.9704608909424204,5.767873716668646,5.767873716668646
INSTANCE_018,0.5,V1,7,0.9302715361817976,2.513272785895424,2.513272785895424
INSTANCE_018,0.5,V1,8,1.060191324394755,13.034393768361156,13.034393768361156
INSTANCE_018,0.5,V1,9,0.959116663272508,4.849199252913081,4.849199252913081
INSTANCE_018,0.5,V1,10,0.9262254387798478,2.185613074790126,2.185613074790126
INSTANCE_018,0.5,V1,11,1.1699271502839552,27.48868783079536,27.48868783079536
INSTANCE_018,0.5,V1,12,1.2048323518170836,32.89282748282676,32.89282748282676
INSTANCE_018,0.5,V1,13,1.1664775395814988,26.954607603139152,26.954607603139152
INSTANCE_018,0.5,V1,14,0.9339674447270956,2.812573619741329,2.812573619741329
INSTANCE_018,0.5,V1,15,0.9768866057323032,6.288238809877953,6.288238809877953
INSTANCE_018,0.5,V1,16,0.8971002760274478,0.0,0.0
INSTANCE_018,0.5,V1,17,1.0291748740913935,10.522629928711012,10.522629928711012
INSTANCE_018,0.5,V1,18,1.2635661311511297,42.38492483250275,42.38492483250275
INSTANCE_018,0.5,V1,19,0.9730064332140586,5.974015972396273,5.974015972396273
INSTANCE_018,0.5,V2,0,1.1690890500818183,16.92456112234629,16.92456112234629
INSTANCE_018,0.5,V2,1,0.9313950618685568,0.0,0.0
INSTANCE_018,0.5,V2,2,1.1699271502839552,17.018593171358816,17.018593171358816
INSTANCE_018,0.5,V2,3,0.9454783231219492,0.0,0.0
INSTANCE_018,0.5,V2,4,0.9487692938598062,0.0,0.0
INSTANCE_018,0.5,V2,5,1.2525117019197392,34.874168593251056,34.874168593251056
INSTANCE_018,0.5,V2,6,1.266827799237727,37.97579879751754,37.97579879751754
INSTANCE_018,0.5,V2,7,0.8616377346865536,0.0,0.0
INSTANCE_018,0.5,V2,8,1.0202770281620477,0.2283483030209936,0.2283483030209936
INSTANCE_018,0.5,V2,9,1.0206355538569265,0.2685736909008938,0.2685736909008938
INSTANCE_018,0.5,V2,10,0.9405684112303276,0.0,0.0
INSTANCE_018,0.5,V2,11,0.969518024483864,0.0,0.0
INSTANCE_018,0.5,V2,12,0.939347482758234,0.0,0.0
INSTANCE_018,0.5,V2,13,0.8980868940931249,0.0,0.0
INSTANCE_018,0.5,V2,14,0.8999741176040277,0.0,0.0
INSTANCE_018,0.5,V2,15,1.025141992324292,0.7741810654775918,0.7741810654775918
INSTANCE_018,0.5,V2,16,1.162678378179289,16.2053051037891,16.2053051037891
INSTANCE_018,0.5,V2,17,0.9790806886126946,0.0,0.0
INSTANCE_018,0.5,V2,18,1.1507454617812989,14.866471660322418,14.866471660322418
INSTANCE_018,0.5,V2,19,1.0961923120914805,8.745790108957067,8.745790108957067
INSTANCE_018,0.75,V1,0,1.0661790585999142,10.024705274483722,10.024705274483722
INSTANCE_018,0.75,V1,1,0.9262254387798478,6.081278780020398,6.081278780020398
INSTANCE_018,0.75,V1,2,0.9710901386211532,7.3454164725490045,7.3454164725490045
INSTANCE_018,0.75,V1,3,1.023883842600355,8.832967071669373,8.832967071669373
INSTANCE_018,0.75,V1,4,1.08463797093738,10.54481589444572,10.54481589444572
INSTANCE_018,0.75,V1,5,1.0461369992519114,9.459986848921517,9.459986848921517
INSTANCE_018,0.75,V1,6,1.293506016761943,16.430021198962436,16.430021198962436
INSTANCE_018,0.75,V1,7,0.9114514330251692,5.664996544539235,5.664996544539235
INSTANCE_018,0.75,V1,8,0.9910777260686452,7.908600061527863,7.908600061527863
INSTANCE_018,0.75,V1,9,1.1808332906127663,13.255279351832542,13.255279351832542
INSTANCE_018,0.75,V1,10,1.0933688029015818,10.79082163642363,10.79082163642363
INSTANCE_018,0.75,V1,11,1.037300829890777,9.211013050222505,9.211013050222505
INSTANCE_018,0.75,V1,12,0.877336123156705,4.703740830145648,4.703740830145648
INSTANCE_018,0.75,V1,13,0.9320438320700551,6.2452217082942525,6.2452217082942525
INSTANCE_018,0.75,V1,14,0.9632079134700076,7.123321641873417,7.123321641873417
INSTANCE_018,0.75,V1,15,0.9979862211777156,8.103258425384297,8.103258425384297
INSTANCE_018,0.75,V1,16,1.2334711323482457,14.738438272465828,14.738438272465828
INSTANCE_018,0.75,V1,17,0.9452907471448646,6.618475618718662,6.618475618718662
INSTANCE_018,0.75,V1,18,0.963375241646206,7.12803639211802,7.12803639211802
INSTANCE_018,0.75,V1,19,1.4076515105089678,21.24188967051464,21.24188967051464
INSTANCE_018,0.75,V2,0,0.9884075368055268,0.0,0.0
INSTANCE_018,0.75,V2,1,0.895619622406056,0.0,0.0
INSTANCE_018,0.75,V2,2,1.029972959035976,0.0292105212332671,0.0292105212332671
INSTANCE_018,0.75,V2,3,0.8754770151805792,0.0,0.0
INSTANCE_018,0.75,V2,4,0.930572354963956,0.0,0.0
INSTANCE_018,0.75,V2,5,0.9452907471448646,0.0,0.0
INSTANCE_018,0.75,V2,6,0.9147226446552368,0.0,0.0
INSTANCE_018,0.75,V2,7,0.8654758284768967,0.0,0.0
INSTANCE_018,0.75,V2,8,1.1909479187298964,11.178067938034587,11.178067938034587
INSTANCE_018,0.75,V2,9,0.8920130963631127,0.0,0.0
INSTANCE_018,0.75,V2,10,1.0344257611856866,0.3376041767851347,0.3376041767851347
INSTANCE_018,0.75,V2,11,0.8894972007448494,0.0,0.0
INSTANCE_018,0.75,V2,12,1.0932122742009152,4.40906009069829,4.40906009069829
INSTANCE_018,0.75,V2,13,1.012908100204927,0.0,0.0
INSTANCE_018,0.75,V2,14,0.8750430865662231,0.0,0.0
INSTANCE_018,0.75,V2,15,1.1002537364850078,4.896740032723983,4.896740032723983
INSTANCE_018,0.75,V2,16,0.9749750855827264,0.0,0.0
INSTANCE_018,0.75,V2,17,0.8539188058970851,0.0,0.0
INSTANCE_018,0.75,V2,18,1.0793958457459554,3.4521572832885568,3.4521572832885568
INSTANCE_018,0.75,V2,19,0.916792033553504,0.0,0.0
INSTANCE_019,0.25,V1,0,1.1044253146328182,19.610852323142808,19.610852323142808
INSTANCE_019,0.25,V1,1,0.9341773555741504,0.9258550698557428,0.9258550698557428
INSTANCE_019,0.25,V1,2,1.266827799237727,47.212917178367775,47.212917178367775
INSTANCE_019,0.25,V1,3,0.8676319715473424,0.0,0.0
INSTANCE_019,0.25,V1,4,0.8742533364880948,0.0,0.0
INSTANCE_019,0.25,V1,5,1.2334711323482457,40.32960218238918,40.32960218238918
INSTANCE_019,0.25,V1,6,1.0039139762148528,8.57956541287399,8.57956541287399
INSTANCE_019,0.25,V1,7,1.1691862211197477,27.06408932583213,27.06408932583213
INSTANCE_019,0.25,V1,8,0.8922637370099548,0.0,0.0
INSTANCE_019,0.25,V1,9,1.2002136116675404,33.46674650232194,33.46674650232194
INSTANCE_019,0.25,V1,10,1.2493876552692316,43.61405626974931,43.61405626974931
INSTANCE_019,0.25,V1,11,0.9453392154286028,2.1508877919816314,2.1508877919816314
INSTANCE_019,0.25,V1,12,1.0208357373528285,10.436756900701994,10.436756900701994
INSTANCE_019,0.25,V1,13,1.2157472228130168,36.67218483024692,36.67218483024692
INSTANCE_019,0.25,V1,14,0.98583905609731,6.595812805106448,6.595812805106448
INSTANCE_019,0.25,V1,15,0.8754770151805792,0.0,0.0
INSTANCE_019,0.25,V1,16,1.4003561203525494,78.4652708010143,78.4652708010143
INSTANCE_019,0.25,V1,17,1.083964907944071,17.36528858837505,17.36528858837505
INSTANCE_019,0.25,V1,18,0.97484902275561,5.389638329132936,5.389638329132936
INSTANCE_019,0.25,V1,19,0.9812039707527128,6.087104463394894,6.087104463394894
INSTANCE_019,0.25,V2,0,0.9829524543843334,0.0,0.0
INSTANCE_019,0.25,V2,1,0.892741138771142,0.0,0.0
INSTANCE_019,0.25,V2,2,1.078622864135118,1.6086692039341417,1.6086692039341417
INSTANCE_019,0.25,V2,3,0.972428037464628,0.0,0.0
INSTANCE_019,0.25,V2,4,0.8742533364880948,0.0,0.0
INSTANCE_019,0.25,V2,5,0.9843594385968824,0.0,0.0
INSTANCE_019,0.25,V2,6,0.9242822870895306,0.0,0.0
INSTANCE_019,0.25,V2,7,1.1002537364850078,3.211805256692287,3.211805256692287
INSTANCE_019,0.25,V2,8,1.0079500127579115,0.0,0.0
INSTANCE_019,0.25,V2,9,1.041800250400152,0.0,0.0
INSTANCE_019,0.25,V2,10,0.9686780178825674,0.0,0.0
INSTANCE_019,0.25,V2,11,1.0578821955632134,0.0715091205082671,0.0715091205082671
INSTANCE_019,0.25,V2,12,1.3694375620705848,36.96352372219269,36.96352372219269
INSTANCE_019,0.25,V2,13,0.981521718152568,0.0,0.0
INSTANCE_019,0.25,V2,14,1.0507162459797583,0.0,0.0
INSTANCE_019,0.25,V2,15,1.0174271743362002,0.0,0.0
INSTANCE_019,0.25,V2,16,0.981521718152568,0.0,0.0
INSTANCE_019,0.25,V2,17,1.0635938190376404,0.4948165749430018,0.4948165749430018
INSTANCE_019,0.25,V2,18,0.9262254387798478,0.0,0.0
INSTANCE_019,0.25,V2,19,0.930572354963956,0.0,0.0
INSTANCE_019,0.25,V3,0,1.0553173445219677,6.086852015618888,6.086852015618888
INSTANCE_019,0.25,V3,1,1.2030130770246334,23.42436173499857,23.42436173499857
INSTANCE_019,0.25,V3,2,0.8742533364880948,0.0,0.0
INSTANCE_019,0.25,V3,3,0.9754845175553202,0.0,0.0
INSTANCE_019,0.25,V3,4,0.969518024483864,0.0,0.0
INSTANCE_019,0.25,V3,5,1.363511215906526,55.34303844007764,36.865270155779285
INSTANCE_019,0.25,V3,6,1.068751206974634,7.663808349395936,7.663808349395936
INSTANCE_019,0.25,V3,7,0.9261341549956502,0.0,0.0
INSTANCE_019,0.25,V3,8,0.9461196595349984,0.0,0.0
INSTANCE_019,0.25,V3,9,0.9450787956223722,0.0,0.0
INSTANCE_019,0.25,V3,10,0.9045243173879688,0.0,0.0
INSTANCE_019,0.25,V3,11,1.0136142055379385,1.191459540746905,1.191459540746905
INSTANCE_019,0.25,V3,12,0.9467289146039016,0.0,0.0
INSTANCE_019,0.25,V3,13,1.093579739942364,10.578347072701147,10.578347072701147
INSTANCE_019,0.25,V3,14,0.8971002760274478,0.0,0.0
INSTANCE_019,0.25,V3,15,1.137946263964407,15.786385439235346,15.786385439235346
INSTANCE_019,0.25,V3,16,1.0515367013384709,5.64305491445225,5.64305491445225
INSTANCE_019,0.25,V3,17,0.9514081523261984,0.0,0.0
INSTANCE_019,0.25,V3,18,1.065578588608788,7.291385254823695,7.291385254823695
INSTANCE_019,0.25,V3,19,0.9563727735787926,0.0,0.0
INSTANCE_019,0.5,V1,0,0.9860500301904004,7.791485775893534,7.791485775893534
INSTANCE_019,0.5,V1,1,1.039932545501351,9.176266419384888,9.176266419384888
INSTANCE_019,0.5,V1,2,1.0635938190376404,9.784361149267625,9.784361149267625
INSTANCE_019,0.5,V1,3,0.9979862211777156,8.098245884267499,8.098245884267499
INSTANCE_019,0.5,V1,4,0.9214119093352142,6.130286069915087,6.130286069915087
INSTANCE_019,0.5,V1,5,1.0174271743362002,8.597878380440534,8.597878380440534
INSTANCE_019,0.5,V1,6,1.0018575517432975,8.197739079803,8.197739079803
INSTANCE_019,0.5,V1,7,1.1138635101922394,11.076292211940654,11.076292211940654
INSTANCE_019,0.5,V1,8,0.9466174203795992,6.778067703755937,6.778067703755937
INSTANCE_019,0.5,V1,9,0.9026102255194182,5.647082795849201,5.647082795849201
INSTANCE_019,0.5,V1,10,0.8766225867224798,4.979200478767893,4.979200478767893
INSTANCE_019,0.5,V1,11,0.8980868940931249,5.530833178193461,5.530833178193461
INSTANCE_019,0.5,V1,12,1.0845369842778954,10.322600495942083,10.322600495942083
INSTANCE_019,0.5,V1,13,0.9776148694407124,7.574702144626485,7.574702144626485
INSTANCE_019,0.5,V1,14,0.8511116192540826,4.323568614830151,4.323568614830151
INSTANCE_019,0.5,V1,15,1.032509757881784,8.985500777561924,8.985500777561924
INSTANCE_019,0.5,V1,16,1.039657141720413,9.169188542214783,9.169188542214783
INSTANCE_019,0.5,V1,17,0.919153569936755,6.07224674737472,6.07224674737472
INSTANCE_019,0.5,V1,18,1.227900540926577,14.007043901813176,14.007043901813176
INSTANCE_019,0.5,V1,19,0.97484902275561,7.503619884819386,7.503619884819386
INSTANCE_019,0.5,V2,0,1.0236024127383032,0.0,0.0
INSTANCE_019,0.5,V2,1,1.2086041721501906,4.6250928713539,4.6250928713539
INSTANCE_019,0.5,V2,2,0.8851375383563126,0.0,0.0
INSTANCE_019,0.5,V2,3,1.0079500127579115,0.0,0.0
INSTANCE_019,0.5,V2,4,0.981521718152568,0.0,0.0
INSTANCE_019,0.5,V2,5,0.9673007796898386,0.0,0.0
INSTANCE_019,0.5,V2,6,1.1550274926839608,2.353798839848764,2.353798839848764
INSTANCE_019,0.5,V2,7,1.04745799835972,0.0,0.0
INSTANCE_019,0.5,V2,8,1.1461398626460653,1.9770225771089829,1.9770225771089829
INSTANCE_019,0.5,V2,9,0.9466174203795992,0.0,0.0
INSTANCE_019,0.5,V2,10,1.2002136116675404,4.26938904395945,4.26938904395945
INSTANCE_019,0.5,V2,11,1.041800250400152,0.0,0.0
INSTANCE_019,0.5,V2,12,0.9223161266858864,0.0,0.0
INSTANCE_019,0.5,V2,13,1.1778941023923792,3.323190647421143,3.323190647421143
INSTANCE_019,0.5,V2,14,1.299274246905029,8.46889957379392,8.46889957379392
INSTANCE_019,0.5,V2,15,1.0456464605865234,0.0,0.0
INSTANCE_019,0.5,V2,16,1.0638111394358234,0.0,0.0
INSTANCE_019,0.5,V2,17,1.106910609913234,0.3139637895885698,0.3139637895885698
INSTANCE_019,0.5,V2,18,0.9776148694407124,0.0,0.0
INSTANCE_019,0.5,V2,19,1.0491025886038914,0.0,0.0
INSTANCE_019,0.5,V3,0,1.3081670844429127,37.0194176297432,37.0194176297432
INSTANCE_019,0.5,V3,1,0.8616377346865536,0.0,0.0
INSTANCE_019,0.5,V3,2,0.9264428207650176,0.0,0.0
INSTANCE_019,0.5,V3,3,1.2048323518170836,22.110553768585305,22.110553768585305
INSTANCE_019,0.5,V3,4,0.9834764924300962,0.0,0.0
INSTANCE_019,0.5,V3,5,0.948800957499302,0.0,0.0
INSTANCE_019,0.5,V3,6,1.0155389159454924,1.301526363221342,1.301526363221342
INSTANCE_019,0.5,V3,7,1.0518190364867388,5.289800014320463,5.289800014320463
INSTANCE_019,0.5,V3,8,1.049949924538092,5.084328537805845,5.084328537805845
INSTANCE_019,0.5,V3,9,0.9782508662188903,0.0,0.0
INSTANCE_019,0.5,V3,10,0.9026102255194182,0.0,0.0
INSTANCE_019,0.5,V3,11,0.8539188058970851,0.0,0.0
INSTANCE_019,0.5,V3,12,1.265697342894251,28.801442237698552,28.801442237698552
INSTANCE_019,0.5,V3,13,1.1312758223395143,14.024484483116224,14.024484483116224
INSTANCE_019,0.5,V3,14,1.137200816025485,14.675819039014982,14.675819039014982
INSTANCE_019,0.5,V3,15,0.912414656301052,0.0,0.0
INSTANCE_019,0.5,V3,16,0.9240219941471683,0.0,0.0
INSTANCE_019,0.5,V3,17,1.0410971100607462,4.111138642311289,4.111138642311289
INSTANCE_019,0.5,V3,18,1.2086041721501906,22.52518997780396,22.52518997780396
INSTANCE_019,0.5,V3,19,1.065578588608788,6.802387579097399,6.802387579097399
INSTANCE_019,0.75,V1,0,0.8765761958087996,8.150000000000205,8.150000000000205
INSTANCE_019,0.75,V1,1,0.988489618059527,8.150000000000205,8.150000000000205
INSTANCE_019,0.75,V1,2,0.9400305127732984,8.150000000000205,8.150000000000205
INSTANCE_019,0.75,V1,3,1.1283086169871177,8.150000000000205,8.150000000000205
INSTANCE_019,0.75,V1,4,0.9262254387798478,8.150000000000205,8.150000000000205
INSTANCE_019,0.75,V1,5,0.8993205299366595,8.150000000000205,8.150000000000205
INSTANCE_019,0.75,V1,6,0.9487692938598062,8.150000000000205,8.150000000000205
INSTANCE_019,0.75,V1,7,0.8643833628688705,8.150000000000205,8.150000000000205
INSTANCE_019,0.75,V1,8,0.880755796222279,8.150000000000205,8.150000000000205
INSTANCE_019,0.75,V1,9,0.9400305127732984,8.150000000000205,8.150000000000205
INSTANCE_019,0.75,V1,10,0.9586483493825754,8.150000000000205,8.150000000000205
INSTANCE_019,0.75,V1,11,1.1555775955532903,8.150000000000205,8.150000000000205
INSTANCE_019,0.75,V1,12,1.3431263188835012,8.150000000000205,8.150000000000205
INSTANCE_019,0.75,V1,13,0.9602824735965674,8.150000000000205,8.150000000000205
INSTANCE_019,0.75,V1,14,1.257214911607743,8.150000000000205,8.150000000000205
INSTANCE_019,0.75,V1,15,0.9812039707527128,8.150000000000205,8.150000000000205
INSTANCE_019,0.75,V1,16,1.1425127712082706,8.150000000000205,8.150000000000205
INSTANCE_019,0.75,V1,17,1.012584423881113,8.150000000000205,8.150000000000205
INSTANCE_019,0.75,V1,18,1.2553471551593327,8.150000000000205,8.150000000000205
INSTANCE_019,0.75,V1,19,1.363511215906526,8.150000000000205,8.150000000000205
INSTANCE_019,0.75,V2,0,0.98743059768449,0.0,0.0
INSTANCE_019,0.75,V2,1,0.9601441557445912,0.0,0.0
INSTANCE_019,0.75,V2,2,1.007181758175017,0.0,0.0
INSTANCE_019,0.75,V2,3,0.9143314938142896,0.0,0.0
INSTANCE_019,0.75,V2,4,0.9451557067489208,0.0,0.0
INSTANCE_019,0.75,V2,5,0.9748585664054288,0.0,0.0
INSTANCE_019,0.75,V2,6,0.9333414246843322,0.0,0.0
INSTANCE_019,0.75,V2,7,1.069160783951708,0.0,0.0
INSTANCE_019,0.75,V2,8,1.0449803260265191,0.0,0.0
INSTANCE_019,0.75,V2,9,0.9333414246843322,0.0,0.0
INSTANCE_019,0.75,V2,10,1.14509820157397,0.0,0.0
INSTANCE_019,0.75,V2,11,0.8941170504784879,0.0,0.0
INSTANCE_019,0.75,V2,12,1.2566176852002269,0.1792383987146877,0.1792383987146877
INSTANCE_019,0.75,V2,13,1.2923715854488511,0.7919410693085638,0.7919410693085638
INSTANCE_019,0.75,V2,14,0.9273353666104306,0.0,0.0
INSTANCE_019,0.75,V2,15,1.025141992324292,0.0,0.0
INSTANCE_019,0.75,V2,16,1.161587654121252,0.0,0.0
INSTANCE_019,0.75,V2,17,0.8765761958087996,0.0,0.0
INSTANCE_019,0.75,V2,18,0.9790806886126946,0.0,0.0
INSTANCE_019,0.75,V2,19,0.9663341968632886,0.0,0.0
INSTANCE_019,0.75,V3,0,0.9322551259494244,0.0,0.0
INSTANCE_019,0.75,V3,1,0.9128985993746358,0.0,0.0
INSTANCE_019,0.75,V3,2,0.8643833628688705,0.0,0.0
INSTANCE_019,0.75,V3,3,1.19980210899308,13.62843247955243,13.62843247955243
INSTANCE_019,0.75,V3,4,0.9341773555741504,0.0,0.0
INSTANCE_019,0.75,V3,5,0.9313950618685568,0.0,0.0
INSTANCE_019,0.75,V3,6,0.9774508000271784,0.0,0.0
INSTANCE_019,0.75,V3,7,1.167094339839882,11.330875235386088,11.330875235386088
INSTANCE_019,0.75,V3,8,1.3061410091530687,21.09820852129087,21.09820852129087
INSTANCE_019,0.75,V3,9,0.8766225867224798,0.0,0.0
INSTANCE_019,0.75,V3,10,1.0965462769001335,6.375226554183314,6.375226554183314
INSTANCE_019,0.75,V3,11,0.997208885813998,0.0,0.0
INSTANCE_019,0.75,V3,12,1.2425746475155326,16.632989448062062,16.632989448062062
INSTANCE_019,0.75,V3,13,1.1634910127954592,11.07775952715042,11.07775952715042
INSTANCE_019,0.75,V3,14,0.8766225867224798,0.0,0.0
INSTANCE_019,0.75,V3,15,1.037300829890777,2.213530129011133,2.213530129011133
INSTANCE_019,0.75,V3,16,1.1699271502839552,11.52986600502993,11.52986600502993
INSTANCE_019,0.75,V3,17,1.0295773633380825,1.670995221017165,1.670995221017165
INSTANCE_019,0.75,V3,18,0.945932363009206,0.0,0.0
INSTANCE_019,0.75,V3,19,1.1457453263173203,9.831213780493613,9.831213780493613
INSTANCE_021,0.25,V1,0,0.9947407375316092,7.087895195066039,7.087895195066039
INSTANCE_021,0.25,V1,1,1.0039568266996444,8.832255112197231,8.832255112197231
INSTANCE_021,0.25,V1,2,1.0397658533417564,15.609948948172018,15.609948948172018
INSTANCE_021,0.25,V1,3,0.9332636260046188,0.0,0.0
INSTANCE_021,0.25,V1,4,0.9543089229792588,0.0,0.0
INSTANCE_021,0.25,V1,5,0.9776148694407124,3.846425055274949,3.846425055274949
INSTANCE_021,0.25,V1,6,1.1073669573756355,40.12485421715121,40.12485421715121
INSTANCE_021,0.25,V1,7,1.0496155129586384,17.62353208762204,17.62353208762204
INSTANCE_021,0.25,V1,8,1.0850445936634314,30.35636463305377,30.35636463305377
INSTANCE_021,0.25,V1,9,0.939347482758234,0.0,0.0
INSTANCE_021,0.25,V1,10,0.981521718152568,4.585887333796791,4.585887333796791
INSTANCE_021,0.25,V1,11,1.040583194032862,15.764649745246288,15.764649745246288
INSTANCE_021,0.25,V1,12,1.0325425692032049,14.242773881654443,14.242773881654443
INSTANCE_021,0.25,V1,13,0.9947832248597468,7.095936913287005,7.095936913287005
INSTANCE_021,0.25,V1,14,1.2798533551847038,120.32001735033772,120.32001735033772
INSTANCE_021,0.25,V1,15,1.1530051709364817,60.09659285351256,60.09659285351256
INSTANCE_021,0.25,V1,16,1.177996395225299,71.03300251454266,71.03300251454266
INSTANCE_021,0.25,V1,17,0.9361391135228758,0.0,0.0
INSTANCE_021,0.25,V1,18,0.8693568860036992,0.0,0.0
INSTANCE_021,0.25,V1,19,1.0616527971120824,20.75326609179797,20.75326609179797
INSTANCE_021,0.25,V2,0,1.0039568266996444,6.301451252632546,6.301451252632546
INSTANCE_021,0.25,V2,1,0.963375241646206,0.0,0.0
INSTANCE_021,0.25,V2,2,0.9152523252187308,0.0,0.0
INSTANCE_021,0.25,V2,3,0.9123202214256764,0.0,0.0
INSTANCE_021,0.25,V2,4,1.002312508247636,6.010645312802353,6.010645312802353
INSTANCE_021,0.25,V2,5,1.1276941879241162,49.760940812858735,49.760940812858735
INSTANCE_021,0.25,V2,6,0.986982783354474,3.2995068168222588,3.2995068168222588
INSTANCE_021,0.25,V2,7,0.947243660248802,0.0,0.0
INSTANCE_021,0.25,V2,8,1.0430593467110445,14.49456739241873,14.49456739241873
INSTANCE_021,0.25,V2,9,0.9426491646829258,0.0,0.0
INSTANCE_021,0.25,V2,10,0.90047418981061,0.0,0.0
INSTANCE_021,0.25,V2,11,0.9474481203169932,0.0,0.0
INSTANCE_021,0.25,V2,12,1.0233666890774118,9.734182463452385,9.734182463452385
INSTANCE_021,0.25,V2,13,0.98583905609731,3.0972329327564694,3.0972329327564694
INSTANCE_021,0.25,V2,14,1.5749158421982845,354.36536202046864,354.36536202046864
INSTANCE_021,0.25,V2,15,1.0257450539352442,10.154808180384409,10.154808180384409
INSTANCE_021,0.25,V2,16,1.304285912273997,133.00669289599,133.00669289599
INSTANCE_021,0.25,V2,17,0.9165244620774072,0.0,0.0
INSTANCE_021,0.25,V2,18,0.8680077147641335,0.0,0.0
INSTANCE_021,0.25,V2,19,1.0943999581416457,35.553294137784974,35.553294137784974
INSTANCE_021,0.5,V1,0,1.1422304547810254,35.47133910420246,35.47133910420246
INSTANCE_021,0.5,V1,1,1.08891748139568,20.823969818996943,20.823969818996943
INSTANCE_021,0.5,V1,2,1.0932122742009152,21.998839022821016,21.998839022821016
INSTANCE_021,0.5,V1,3,1.069160783951708,17.946468000659365,17.946468000659365
INSTANCE_021,0.5,V1,4,1.1648884684697969,42.21493042832287,42.21493042832287
INSTANCE_021,0.5,V1,5,0.9884075368055268,6.430112836397257,6.430112836397257
INSTANCE_021,0.5,V1,6,0.8945535962683786,0.0,0.0
INSTANCE_021,0.5,V1,7,1.0126213912598352,9.88329097655037,9.88329097655037
INSTANCE_021,0.5,V1,8,0.994004893167698,7.228361156134042,7.228361156134042
INSTANCE_021,0.5,V1,9,1.177996395225299,46.11617712892905,46.11617712892905
INSTANCE_021,0.5,V1,10,1.2635661311511297,71.58386978385454,71.58386978385454
INSTANCE_021,0.5,V1,11,0.9635830674772012,2.8898538913692846,2.8898538913692846
INSTANCE_021,0.5,V1,12,0.9452285442867292,0.2722847483040596,0.2722847483040596
INSTANCE_021,0.5,V1,13,1.004946172365598,8.78871521801193,8.78871521801193
INSTANCE_021,0.5,V1,14,0.928746091878952,0.0,0.0
INSTANCE_021,0.5,V1,15,0.9653098401769796,3.13611182403929,3.13611182403929
INSTANCE_021,0.5,V1,16,0.9748585664054288,4.497871586022029,4.497871586022029
INSTANCE_021,0.5,V1,17,0.9884075368055268,6.430112836397257,6.430112836397257
INSTANCE_021,0.5,V1,18,0.9628863296313755,2.7904909459464307,2.7904909459464307
INSTANCE_021,0.5,V1,19,1.1028326622332307,24.630560304981486,24.630560304981486
INSTANCE_021,0.5,V2,0,0.8616173352380412,0.0,0.0
INSTANCE_021,0.5,V2,1,0.9404100930328472,0.0,0.0
INSTANCE_021,0.5,V2,2,1.2894916487681851,83.9181326857946,83.9181326857946
INSTANCE_021,0.5,V2,3,0.9063141633517744,0.0,0.0
INSTANCE_021,0.5,V2,4,0.9673007796898386,1.1321737385725328,1.1321737385725328
INSTANCE_021,0.5,V2,5,1.152758917318771,42.04783566135518,42.04783566135518
INSTANCE_021,0.5,V2,6,1.388857765375337,120.37646977841962,120.37646977841962
INSTANCE_021,0.5,V2,7,1.0781558024966225,20.49694998107373,20.49694998107373
INSTANCE_021,0.5,V2,8,0.9774481250825152,2.5191636435704368,2.5191636435704368
INSTANCE_021,0.5,V2,9,1.0233666890774118,8.795542563212962,8.795542563212962
INSTANCE_021,0.5,V2,10,0.897347543318212,0.0,0.0
INSTANCE_021,0.5,V2,11,1.0642095748746716,16.737139989046,16.737139989046
INSTANCE_021,0.5,V2,12,1.1382319817771245,37.5993974597917,37.5993974597917
INSTANCE_021,0.5,V2,13,1.0845369842778954,22.21727404809303,22.21727404809303
INSTANCE_021,0.5,V2,14,0.9495654082242784,0.0,0.0
INSTANCE_021,0.5,V2,15,1.0186056551989542,8.144780647536095,8.144780647536095
INSTANCE_021,0.5,V2,16,0.9332636260046188,0.0,0.0
INSTANCE_021,0.5,V2,17,0.9467428209320584,0.0,0.0
INSTANCE_021,0.5,V2,18,1.0277338873858977,9.392473064008414,9.392473064008414
INSTANCE_021,0.5,V2,19,0.9940166810593172,4.783836717259533,4.783836717259533
INSTANCE_021,0.75,V1,0,0.9273225802064884,1.474896680541974,1.474896680541974
INSTANCE_021,0.75,V1,1,0.963375241646206,4.753105097486468,4.753105097486468
INSTANCE_021,0.75,V1,2,1.0210221536392128,9.994842726824118,9.994842726824118
INSTANCE_021,0.75,V1,3,0.9734985963062254,5.673604864464437,5.673604864464437
INSTANCE_021,0.75,V1,4,0.9516488441446742,3.68684331666816,3.68684331666816
INSTANCE_021,0.75,V1,5,0.9138126358561608,0.2464599573407895,0.2464599573407895
INSTANCE_021,0.75,V1,6,1.0204846158059413,9.945965307540972,9.945965307540972
INSTANCE_021,0.75,V1,7,1.026828730761398,10.522825106916002,10.522825106916002
INSTANCE_021,0.75,V1,8,1.1311065405886327,20.00463255815646,20.00463255815646
INSTANCE_021,0.75,V1,9,1.2459762285250382,38.36269433267592,38.36269433267592
INSTANCE_021,0.75,V1,10,1.067896550925003,14.257053548025285,14.257053548025285
INSTANCE_021,0.75,V1,11,0.9757918589093308,5.882127410860562,5.882127410860562
INSTANCE_021,0.75,V1,12,1.099212255084284,17.104538334388735,17.104538334388735
INSTANCE_021,0.75,V1,13,0.882293744426373,0.0,0.0
INSTANCE_021,0.75,V1,14,0.865848180859542,0.0,0.0
INSTANCE_021,0.75,V1,15,0.9571698768690764,4.1888616205768585,4.1888616205768585
INSTANCE_021,0.75,V1,16,1.3139055004855815,49.92357712764067,49.92357712764067
INSTANCE_021,0.75,V1,17,0.9261341549956502,1.3668351568293249,1.3668351568293249
INSTANCE_021,0.75,V1,18,1.0617718848554352,13.70014787009643,13.70014787009643
INSTANCE_021,0.75,V1,19,1.0501016558609833,12.638993398012758,12.638993398012758
INSTANCE_021,0.75,V2,0,1.040583194032862,7.780240161007896,7.780240161007896
INSTANCE_021,0.75,V2,1,0.9336186647134512,2.038205952926205,2.038205952926205
INSTANCE_021,0.75,V2,2,0.897347543318212,0.0911117045608307,0.0911117045608307
INSTANCE_021,0.75,V2,3,0.942171843207134,2.497354829764504,2.497354829764504
INSTANCE_021,0.75,V2,4,0.9932211495018468,5.2377666738420885,5.2377666738420885
INSTANCE_021,0.75,V2,5,1.0781558024966225,9.79720040435666,9.79720040435666
INSTANCE_021,0.75,V2,6,1.3524319042851258,35.933912858549206,35.933912858549206
INSTANCE_021,0.75,V2,7,0.9628279497960548,3.60620905830217,3.60620905830217
INSTANCE_021,0.75,V2,8,1.0988076321462972,10.905825039667208,10.905825039667208
INSTANCE_021,0.75,V2,9,1.1457195343963222,14.521267503001011,14.521267503001011
INSTANCE_021,0.75,V2,10,0.9026102255194182,0.3736212562585024,0.3736212562585024
INSTANCE_021,0.75,V2,11,0.985334445501438,4.814395258593208,4.814395258593208
INSTANCE_021,0.75,V2,12,1.0012739989705866,5.670057054739687,5.670057054739687
INSTANCE_021,0.75,V2,13,1.4076515105089678,41.65392780192292,41.65392780192292
INSTANCE_021,0.75,V2,14,0.8800868685777993,0.0,0.0
INSTANCE_021,0.75,V2,15,1.1049113734112834,11.23348404367357,11.23348404367357
INSTANCE_021,0.75,V2,16,1.039657141720413,7.73052812945491,7.73052812945491
INSTANCE_021,0.75,V2,17,1.306771268852181,31.204079836168603,31.204079836168603
INSTANCE_021,0.75,V2,18,0.9995787523817228,5.579053392438482,5.579053392438482
INSTANCE_021,0.75,V2,19,0.9322551259494244,1.9650089195087048,1.9650089195087048
INSTANCE_022,0.25,V1,0,1.004946172365598,0.0,0.0
INSTANCE_022,0.25,V1,1,0.9211854734188176,0.0,0.0
INSTANCE_022,0.25,V1,2,0.8667695143191644,0.0,0.0
INSTANCE_022,0.25,V1,3,0.8771190010573032,0.0,0.0
INSTANCE_022,0.25,V1,4,0.969518024483864,0.0,0.0
INSTANCE_022,0.25,V1,5,1.404519219653363,124.89602480839436,124.89602480839436
INSTANCE_022,0.25,V1,6,0.9935758266675258,0.0,0.0
INSTANCE_022,0.25,V1,7,1.004850008268516,0.0,0.0
INSTANCE_022,0.25,V1,8,1.0174271743362002,1.5286803311252015,1.5286803311252015
INSTANCE_022,0.25,V1,9,0.9283877447807056,0.0,0.0
INSTANCE_022,0.25,V1,10,0.9662476228616288,0.0,0.0
INSTANCE_022,0.25,V1,11,1.0075822425351937,0.1048898858441589,0.1048898858441589
INSTANCE_022,0.25,V1,12,1.0410971100607462,4.951865885501888,4.951865885501888
INSTANCE_022,0.25,V1,13,0.8999741176040277,0.0,0.0
INSTANCE_022,0.25,V1,14,0.8641821426346293,0.0,0.0
INSTANCE_022,0.25,V1,15,1.0291748740913935,3.227652249221137,3.227652249221137
INSTANCE_022,0.25,V1,16,0.9765227659780942,0.0,0.0
INSTANCE_022,0.25,V1,17,0.9474481203169932,0.0,0.0
INSTANCE_022,0.25,V1,18,1.155646810374408,29.959327268483666,29.959327268483666
INSTANCE_022,0.25,V1,19,0.9571698768690764,0.0,0.0
INSTANCE_022,0.25,V2,0,0.9474481203169932,0.0,0.0
INSTANCE_022,0.25,V2,1,0.9429615932852622,0.0,0.0
INSTANCE_022,0.25,V2,2,0.9420001584075408,0.0,0.0
INSTANCE_022,0.25,V2,3,1.099212255084284,2.769706357961809,2.769706357961809
INSTANCE_022,0.25,V2,4,0.9149465839547634,0.0,0.0
INSTANCE_022,0.25,V2,5,1.1312758223395143,5.222306381855105,5.222306381855105
INSTANCE_022,0.25,V2,6,0.99340200542335,0.0,0.0
INSTANCE_022,0.25,V2,7,0.8787802655337207,0.0,0.0
INSTANCE_022,0.25,V2,8,0.9374440844603016,0.0,0.0
INSTANCE_022,0.25,V2,9,0.8856953239836636,0.0,0.0
INSTANCE_022,0.25,V2,10,0.9451557067489208,0.0,0.0
INSTANCE_022,0.25,V2,11,1.0719712279991411,0.9209940548284976,0.9209940548284976
INSTANCE_022,0.25,V2,12,1.0392318228862991,0.0,0.0
INSTANCE_022,0.25,V2,13,1.266827799237727,16.782630811657555,16.782630811657555
INSTANCE_022,0.25,V2,14,0.9963832474602492,0.0,0.0
INSTANCE_022,0.25,V2,15,0.9289035647041978,0.0,0.0
INSTANCE_022,0.25,V2,16,1.0377087743721027,0.0,0.0
INSTANCE_022,0.25,V2,17,1.001064968341412,0.0,0.0
INSTANCE_022,0.25,V2,18,0.8620259995641838,0.0,0.0
INSTANCE_022,0.25,V2,19,1.1547883188444277,7.227530458782326,7.227530458782326
INSTANCE_022,0.25,V3,0,0.919153569936755,0.0,0.0
INSTANCE_022,0.25,V3,1,0.912414656301052,0.0,0.0
INSTANCE_022,0.25,V3,2,0.8811862347754283,0.0,0.0
INSTANCE_022,0.25,V3,3,0.9963832474602492,0.0,0.0
INSTANCE_022,0.25,V3,4,1.3524319042851258,0.0,0.0
INSTANCE_022,0.25,V3,5,0.8789033483894577,0.0,0.0
INSTANCE_022,0.25,V3,6,1.0531594431615243,0.0,0.0
INSTANCE_022,0.25,V3,7,0.8765761958087996,0.0,0.0
INSTANCE_022,0.25,V3,8,0.9152523252187308,0.0,0.0
INSTANCE_022,0.25,V3,9,0.9928450800383156,0.0,0.0
INSTANCE_022,0.25,V3,10,1.0055870301737375,0.0,0.0
INSTANCE_022,0.25,V3,11,0.9812039707527128,0.0,0.0
INSTANCE_022,0.25,V3,12,0.9674106629308494,0.0,0.0
INSTANCE_022,0.25,V3,13,1.1739973899230636,0.0,0.0
INSTANCE_022,0.25,V3,14,1.0459543909654907,0.0,0.0
INSTANCE_022,0.25,V3,15,1.0227149055229203,0.0,0.0
INSTANCE_022,0.25,V3,16,0.9686780178825674,0.0,0.0
INSTANCE_022,0.25,V3,17,0.9947407375316092,0.0,0.0
INSTANCE_022,0.25,V3,18,0.8720166317213677,0.0,0.0
INSTANCE_022,0.25,V3,19,1.0392318228862991,0.0,0.0
INSTANCE_022,0.5,V1,0,0.8659070570909859,0.0,0.0
INSTANCE_022,0.5,V1,1,0.9226086734455392,0.0,0.0
INSTANCE_022,0.5,V1,2,0.9726881952359552,0.0,0.0
INSTANCE_022,0.5,V1,3,1.266827799237727,40.089113139735446,40.089113139735446
INSTANCE_022,0.5,V1,4,1.1073669573756355,10.202233364388237,10.202233364388237
INSTANCE_022,0.5,V1,5,0.9963868842848028,0.0,0.0
INSTANCE_022,0.5,V1,6,0.9659105456587898,0.0,0.0
INSTANCE_022,0.5,V1,7,0.9284579023767574,0.0,0.0
INSTANCE_022,0.5,V1,8,0.985334445501438,0.0,0.0
INSTANCE_022,0.5,V1,9,0.9457172938331704,0.0,0.0
INSTANCE_022,0.5,V1,10,0.9853573831936768,0.0,0.0
INSTANCE_022,0.5,V1,11,0.9910777260686452,0.0,0.0
INSTANCE_022,0.5,V1,12,0.8622392269969805,0.0,0.0
INSTANCE_022,0.5,V1,13,1.0478855322366016,4.000799115101131,4.000799115101131
INSTANCE_022,0.5,V1,14,0.9774758061591422,0.0,0.0
INSTANCE_022,0.5,V1,15,0.9008138785893592,0.0,0.0
INSTANCE_022,0.5,V1,16,0.9384242201724676,0.0,0.0
INSTANCE_022,0.5,V1,17,1.388857765375337,64.99827659429889,64.99827659429889
INSTANCE_022,0.5,V1,18,1.0146613276510976,0.5368989186906674,0.5368989186906674
INSTANCE_022,0.5,V1,19,1.0595907780904756,5.2211685390827824,5.2211685390827824
INSTANCE_022,0.5,V2,0,0.9884310339536738,0.0,0.0
INSTANCE_022,0.5,V2,1,1.0478855322366016,0.0,0.0
INSTANCE_022,0.5,V2,2,1.2525117019197392,5.053859542220607,5.053859542220607
INSTANCE_022,0.5,V2,3,1.0004212476182772,0.0,0.0
INSTANCE_022,0.5,V2,4,1.1935103834373952,2.9469224592161254,2.9469224592161254
INSTANCE_022,0.5,V2,5,0.9301510738361254,0.0,0.0
INSTANCE_022,0.5,V2,6,1.085208594166825,0.0,0.0
INSTANCE_022,0.5,V2,7,0.956705244011982,0.0,0.0
INSTANCE_022,0.5,V2,8,1.3212002828942648,7.506728768820949,0.0
INSTANCE_022,0.5,V2,9,0.9420001584075408,0.0,0.0
INSTANCE_022,0.5,V2,10,1.5780846479199655,16.68006944388867,0.0
INSTANCE_022,0.5,V2,11,0.8829405873475067,0.0,0.0
INSTANCE_022,0.5,V2,12,1.0835239337129088,0.0,0.0
INSTANCE_022,0.5,V2,13,1.1073152371507708,0.0,0.0
INSTANCE_022,0.5,V2,14,0.8783423310657517,0.0,0.0
INSTANCE_022,0.5,V2,15,0.9706772601608552,0.0,0.0
INSTANCE_022,0.5,V2,16,0.907589462482472,0.0,0.0
INSTANCE_022,0.5,V2,17,1.1028326622332307,0.0,0.0
INSTANCE_022,0.5,V2,18,1.0681698050247663,0.0,0.0
INSTANCE_022,0.5,V2,19,0.9851915260344116,0.0,0.0
INSTANCE_022,0.5,V3,0,1.0236024127383032,0.0,0.0
INSTANCE_022,0.5,V3,1,0.8920130963631127,0.0,0.0
INSTANCE_022,0.5,V3,2,0.9128985993746358,0.0,0.0
INSTANCE_022,0.5,V3,3,0.8607323137219164,0.0,0.0
INSTANCE_022,0.5,V3,4,0.9138126358561608,0.0,0.0
INSTANCE_022,0.5,V3,5,0.9947832248597468,0.0,0.0
INSTANCE_022,0.5,V3,6,0.9602824735965674,0.0,0.0
INSTANCE_022,0.5,V3,7,1.0677365243569064,0.0,0.0
INSTANCE_022,0.5,V3,8,1.1229045019288375,0.0,0.0
INSTANCE_022,0.5,V3,9,1.0480976118828749,0.0,0.0
INSTANCE_022,0.5,V3,10,1.041800250400152,0.0,0.0
INSTANCE_022,0.5,V3,11,0.955597594535316,0.0,0.0
INSTANCE_022,0.5,V3,12,0.9266458893311968,0.0,0.0
INSTANCE_022,0.5,V3,13,1.0725153203874618,0.0,0.0
INSTANCE_022,0.5,V3,14,1.0210221536392128,0.0,0.0
INSTANCE_022,0.5,V3,15,0.9611497769027638,0.0,0.0
INSTANCE_022,0.5,V3,16,0.9809388658565696,0.0,0.0
INSTANCE_022,0.5,V3,17,1.0039568266996444,0.0,0.0
INSTANCE_022,0.5,V3,18,1.085131765699195,0.0,0.0
INSTANCE_022,0.5,V3,19,1.0642095748746716,0.0,0.0
INSTANCE_022,0.75,V1,0,0.964727768165818,0.0,0.0
INSTANCE_022,0.75,V1,1,1.1236292737938758,7.258526871178219,0.0
INSTANCE_022,0.75,V1,2,1.1312758223395143,7.768806544123777,0.0
INSTANCE_022,0.75,V1,3,0.9264428207650176,0.0,0.0
INSTANCE_022,0.75,V1,4,1.1395274132691646,8.319462712162363,0.0
INSTANCE_022,0.75,V1,5,1.0793958457459554,4.306682772780164,4.306682772780164
INSTANCE_022,0.75,V1,6,1.0982472517381152,5.564699932656936,5.564699932656936
INSTANCE_022,0.75,V1,7,0.9995787523817228,0.0,0.0
INSTANCE_022,0.75,V1,8,0.986397847582322,0.0,0.0
INSTANCE_022,0.75,V1,9,0.907589462482472,0.0,0.0
INSTANCE_022,0.75,V1,10,1.0311264201890464,1.0855031072824204,1.0855031072824204
INSTANCE_022,0.75,V1,11,1.1699271502839552,10.348138495616013,0.3667100251100237
INSTANCE_022,0.75,V1,12,0.8925702515194052,0.0,0.0
INSTANCE_022,0.75,V1,13,0.992766257786804,0.0,0.0
INSTANCE_022,0.75,V1,14,1.0259774424872496,0.7418946619824283,0.7418946619824283
INSTANCE_022,0.75,V1,15,0.985334445501438,0.0,0.0
INSTANCE_022,0.75,V1,16,0.9294505076403106,0.0,0.0
INSTANCE_022,0.75,V1,17,0.9955838879647624,0.0,0.0
INSTANCE_022,0.75,V1,18,0.9995787523817228,0.0,0.0
INSTANCE_022,0.75,V1,19,0.9045243173879688,0.0,0.0
INSTANCE_022,0.75,V2,0,0.8750430865662231,0.0,0.0
INSTANCE_022,0.75,V2,1,1.1550274926839608,0.0,0.0
INSTANCE_022,0.75,V2,2,1.1028326622332307,0.0,0.0
INSTANCE_022,0.75,V2,3,0.933106296922953,0.0,0.0
INSTANCE_022,0.75,V2,4,1.0403463157571715,0.0,0.0
INSTANCE_022,0.75,V2,5,1.0611621284754895,0.0,0.0
INSTANCE_022,0.75,V2,6,1.161556407633213,0.0,0.0
INSTANCE_022,0.75,V2,7,1.042011075838818,0.0,0.0
INSTANCE_022,0.75,V2,8,1.388857765375337,0.0,0.0
INSTANCE_022,0.75,V2,9,1.0160342584089286,0.0,0.0
INSTANCE_022,0.75,V2,10,0.8560890846911426,0.0,0.0
INSTANCE_022,0.75,V2,11,1.0461369992519114,0.0,0.0
INSTANCE_022,0.75,V2,12,0.97484902275561,0.0,0.0
INSTANCE_022,0.75,V2,13,1.0247643384599074,0.0,0.0
INSTANCE_022,0.75,V2,14,1.0638111394358234,0.0,0.0
INSTANCE_022,0.75,V2,15,1.3966514745315108,0.0,0.0
INSTANCE_022,0.75,V2,16,1.1063826311913016,0.0,0.0
INSTANCE_022,0.75,V2,17,0.928746091878952,0.0,0.0
INSTANCE_022,0.75,V2,18,0.8935635626668319,0.0,0.0
INSTANCE_022,0.75,V2,19,1.0448622446704332,0.0,0.0
INSTANCE_022,0.75,V3,0,0.9829524543843334,0.0,0.0
INSTANCE_022,0.75,V3,1,1.060191324394755,0.0,0.0
INSTANCE_022,0.75,V3,2,1.0793958457459554,0.0,0.0
INSTANCE_022,0.75,V3,3,0.912414656301052,0.0,0.0
INSTANCE_022,0.75,V3,4,1.2481529536265763,0.0,0.0
INSTANCE_022,0.75,V3,5,0.964958632170245,0.0,0.0
INSTANCE_022,0.75,V3,6,1.323706115578749,0.0,0.0
INSTANCE_022,0.75,V3,7,0.894302047203971,0.0,0.0
INSTANCE_022,0.75,V3,8,1.180300158582863,0.0,0.0
INSTANCE_022,0.75,V3,9,0.8894972007448494,0.0,0.0
INSTANCE_022,0.75,V3,10,0.9663341968632886,0.0,0.0
INSTANCE_022,0.75,V3,11,1.1631261406411382,0.0,0.0
INSTANCE_022,0.75,V3,12,0.9256191084614976,0.0,0.0
INSTANCE_022,0.75,V3,13,0.983860102837118,0.0,0.0
INSTANCE_022,0.75,V3,14,1.2566176852002269,0.0,0.0
INSTANCE_022,0.75,V3,15,0.974806044763836,0.0,0.0
INSTANCE_022,0.75,V3,16,1.1622465240328352,0.0,0.0
INSTANCE_022,0.75,V3,17,1.0443700815782662,0.0,0.0
INSTANCE_022,0.75,V3,18,1.177996395225299,0.0,0.0
INSTANCE_022,0.75,V3,19,0.9940166810593172,0.0,0.0
INSTANCE_023,0.25,V1,0,1.001064968341412,0.0,0.0
INSTANCE_023,0.25,V1,1,1.3694375620705848,3.647777980726232,3.647777980726232
INSTANCE_023,0.25,V1,2,1.041800250400152,0.0,0.0
INSTANCE_023,0.25,V1,3,0.956705244011982,0.0,0.0
INSTANCE_023,0.25,V1,4,1.0079500127579115,0.0,0.0
INSTANCE_023,0.25,V1,5,0.9757918589093308,0.0,0.0
INSTANCE_023,0.25,V1,6,1.1049113734112834,0.0,0.0
INSTANCE_023,0.25,V1,7,0.974806044763836,0.0,0.0
INSTANCE_023,0.25,V1,8,1.363511215906526,3.4924780794971184,3.4924780794971184
INSTANCE_023,0.25,V1,9,1.1457195343963222,0.0,0.0
INSTANCE_023,0.25,V1,10,1.419554215760268,4.961084890664438,4.961084890664438
INSTANCE_023,0.25,V1,11,1.2923715854488511,1.6282640633538676,1.6282640633538676
INSTANCE_023,0.25,V1,12,0.9270299655976186,0.0,0.0
INSTANCE_023,0.25,V1,13,0.980821959833786,0.0,0.0
INSTANCE_023,0.25,V1,14,1.035078042398154,0.0,0.0
INSTANCE_023,0.25,V1,15,0.9726881952359552,0.0,0.0
INSTANCE_023,0.25,V1,16,0.8742533364880948,0.0,0.0
INSTANCE_023,0.25,V1,17,1.089583893562997,0.0,0.0
INSTANCE_023,0.25,V1,18,0.9465547524469162,0.0,0.0
INSTANCE_023,0.25,V1,19,0.8634422116178343,0.0,0.0
INSTANCE_023,0.25,V2,0,1.419554215760268,45.71367925078914,45.71367925078914
INSTANCE_023,0.25,V2,1,0.9683430660932292,0.0,0.0
INSTANCE_023,0.25,V2,2,0.8811862347754283,0.0,0.0
INSTANCE_023,0.25,V2,3,0.979372713542536,0.0,0.0
INSTANCE_023,0.25,V2,4,1.0725153203874618,5.994499277212526,5.994499277212526
INSTANCE_023,0.25,V2,5,1.0055870301737375,0.0,0.0
INSTANCE_023,0.25,V2,6,1.001301093002179,0.0,0.0
INSTANCE_023,0.25,V2,7,1.1765118377013857,17.897074011319887,17.897074011319887
INSTANCE_023,0.25,V2,8,1.0039139762148528,0.0,0.0
INSTANCE_023,0.25,V2,9,0.9128985993746358,0.0,0.0
INSTANCE_023,0.25,V2,10,0.8939970884413038,0.0,0.0
INSTANCE_023,0.25,V2,11,0.9129444607249626,0.0,0.0
INSTANCE_023,0.25,V2,12,0.9405684112303276,0.0,0.0
INSTANCE_023,0.25,V2,13,0.979372713542536,0.0,0.0
INSTANCE_023,0.25,V2,14,0.9293519926534468,0.0,0.0
INSTANCE_023,0.25,V2,15,1.161587654121252,16.188976326934153,16.188976326934153
INSTANCE_023,0.25,V2,16,1.0718567699021446,5.919127076583436,5.919127076583436
INSTANCE_023,0.25,V2,17,0.9783936238175074,0.0,0.0
INSTANCE_023,0.25,V2,18,1.0749363660585711,6.271591989346803,6.271591989346803
INSTANCE_023,0.25,V2,19,0.9248178013348936,0.0,0.0
INSTANCE_023,0.25,V3,0,0.8971002760274478,0.0,0.0
INSTANCE_023,0.25,V3,1,1.0569736132014742,0.0,0.0
INSTANCE_023,0.25,V3,2,1.0968116297819277,0.0,0.0
INSTANCE_023,0.25,V3,3,0.8925702515194052,0.0,0.0
INSTANCE_023,0.25,V3,4,1.2455437625633596,0.0,0.0
INSTANCE_023,0.25,V3,5,1.051176888443077,0.0,0.0
INSTANCE_023,0.25,V3,6,0.8793901276130403,0.0,0.0
INSTANCE_023,0.25,V3,7,1.0943620642162015,0.0,0.0
INSTANCE_023,0.25,V3,8,1.167094339839882,0.0,0.0
INSTANCE_023,0.25,V3,9,1.044234363134732,0.0,0.0
INSTANCE_023,0.25,V3,10,0.9932211495018468,0.0,0.0
INSTANCE_023,0.25,V3,11,1.0719712279991411,0.0,0.0
INSTANCE_023,0.25,V3,12,1.177996395225299,0.0,0.0
INSTANCE_023,0.25,V3,13,0.9459966876449238,0.0,0.0
INSTANCE_023,0.25,V3,14,0.8641821426346293,0.0,0.0
INSTANCE_023,0.25,V3,15,0.9339674447270956,0.0,0.0
INSTANCE_023,0.25,V3,16,1.0572782377833292,0.0,0.0
INSTANCE_023,0.25,V3,17,1.0669523555514149,0.0,0.0
INSTANCE_023,0.25,V3,18,1.0694883476449055,0.0,0.0
INSTANCE_023,0.25,V3,19,1.080696239419903,0.0,0.0
INSTANCE_023,0.25,V4,0,0.942171843207134,0.0,0.0
INSTANCE_023,0.25,V4,1,0.979546351449972,0.0,0.0
INSTANCE_023,0.25,V4,2,0.9799329811532924,0.0,0.0
INSTANCE_023,0.25,V4,3,0.8816220790906588,0.0,0.0
INSTANCE_023,0.25,V4,4,1.1073669573756355,0.0,0.0
INSTANCE_023,0.25,V4,5,1.0929159543995806,0.0,0.0
INSTANCE_023,0.25,V4,6,1.2048323518170836,4.110413115586539,4.110413115586539
INSTANCE_023,0.25,V4,7,1.2481529536265763,12.082843013197705,12.082843013197705
INSTANCE_023,0.25,V4,8,0.880755796222279,0.0,0.0
INSTANCE_023,0.25,V4,9,0.9045243173879688,0.0,0.0
INSTANCE_023,0.25,V4,10,1.2048323518170836,4.110413115586539,4.110413115586539
INSTANCE_023,0.25,V4,11,1.085949750287931,0.0,0.0
INSTANCE_023,0.25,V4,12,1.0938011405543786,0.0,0.0
INSTANCE_023,0.25,V4,13,1.0933688029015818,0.0,0.0
INSTANCE_023,0.25,V4,14,1.248125601735383,12.076955564204924,12.076955564204924
INSTANCE_023,0.25,V4,15,0.8631968353942979,0.0,0.0
INSTANCE_023,0.25,V4,16,0.9516488441446742,0.0,0.0
INSTANCE_023,0.25,V4,17,0.9532421995654592,0.0,0.0
INSTANCE_023,0.25,V4,18,0.919153569936755,0.0,0.0
INSTANCE_023,0.25,V4,19,0.9918258124050138,0.0,0.0
INSTANCE_023,0.5,V1,0,0.8800185949283246,0.0,0.0
INSTANCE_023,0.5,V1,1,1.1461398626460653,0.0,0.0
INSTANCE_023,0.5,V1,2,1.0145441979277583,0.0,0.0
INSTANCE_023,0.5,V1,3,1.070257940710809,0.0,0.0
INSTANCE_023,0.5,V1,4,0.8799832501545745,0.0,0.0
INSTANCE_023,0.5,V1,5,1.3129535037479876,0.0,0.0
INSTANCE_023,0.5,V1,6,0.9453392154286028,0.0,0.0
INSTANCE_023,0.5,V1,7,0.972428037464628,0.0,0.0
INSTANCE_023,0.5,V1,8,0.9063141633517744,0.0,0.0
INSTANCE_023,0.5,V1,9,1.012584423881113,0.0,0.0
INSTANCE_023,0.5,V1,10,1.1220320873516914,0.0,0.0
INSTANCE_023,0.5,V1,11,0.8800185949283246,0.0,0.0
INSTANCE_023,0.5,V1,12,1.060191324394755,0.0,0.0
INSTANCE_023,0.5,V1,13,0.9628863296313755,0.0,0.0
INSTANCE_023,0.5,V1,14,0.8811862347754283,0.0,0.0
INSTANCE_023,0.5,V1,15,1.1435728920786965,0.0,0.0
INSTANCE_023,0.5,V1,16,0.8937847186723955,0.0,0.0
INSTANCE_023,0.5,V1,17,0.9809701430950316,0.0,0.0
INSTANCE_023,0.5,V1,18,0.9884310339536738,0.0,0.0
INSTANCE_023,0.5,V1,19,0.8867464758398487,0.0,0.0
INSTANCE_023,0.5,V2,0,0.9659105456587898,0.0,0.0
INSTANCE_023,0.5,V2,1,0.974806044763836,0.0,0.0
INSTANCE_023,0.5,V2,2,0.9776540571133564,0.0,0.0
INSTANCE_023,0.5,V2,3,0.9755567328734692,0.0,0.0
INSTANCE_023,0.5,V2,4,0.8907514742588356,0.0,0.0
INSTANCE_023,0.5,V2,5,1.4003561203525494,23.30978458015602,23.30978458015602
INSTANCE_023,0.5,V2,6,0.8511116192540826,0.0,0.0
INSTANCE_023,0.5,V2,7,0.9847151278109908,0.0,0.0
INSTANCE_023,0.5,V2,8,1.013791178773301,0.0,0.0
INSTANCE_023,0.5,V2,9,1.0337368668224365,0.0,0.0
INSTANCE_023,0.5,V2,10,0.9975290461370252,0.0,0.0
INSTANCE_023,0.5,V2,11,1.0126213912598352,0.0,0.0
INSTANCE_023,0.5,V2,12,1.0389137717478982,0.1847031164303416,0.1847031164303416
INSTANCE_023,0.5,V2,13,0.9374865383394811,0.0,0.0
INSTANCE_023,0.5,V2,14,1.3280913227765965,18.686282831246444,18.686282831246444
INSTANCE_023,0.5,V2,15,0.9389862098912972,0.0,0.0
INSTANCE_023,0.5,V2,16,1.206693469199039,10.919248159354424,10.919248159354424
INSTANCE_023,0.5,V2,17,1.1935103834373952,10.075794332324335,10.075794332324335
INSTANCE_023,0.5,V2,18,0.9467289146039016,0.0,0.0
INSTANCE_023,0.5,V2,19,0.9976600818897492,0.0,0.0
INSTANCE_023,0.5,V3,0,1.1909479187298964,0.0,0.0
INSTANCE_023,0.5,V3,1,1.0075822425351937,0.0,0.0
INSTANCE_023,0.5,V3,2,0.981521718152568,0.0,0.0
INSTANCE_023,0.5,V3,3,0.8844498874968189,0.0,0.0
INSTANCE_023,0.5,V3,4,1.0694883476449055,0.0,0.0
INSTANCE_023,0.5,V3,5,0.9226086734455392,0.0,0.0
INSTANCE_023,0.5,V3,6,0.9932211495018468,0.0,0.0
INSTANCE_023,0.5,V3,7,0.9947832248597468,0.0,0.0
INSTANCE_023,0.5,V3,8,1.1648619678689915,0.0,0.0
INSTANCE_023,0.5,V3,9,0.9507492824146152,0.0,0.0
INSTANCE_023,0.5,V3,10,0.8999741176040277,0.0,0.0
INSTANCE_023,0.5,V3,11,0.8799832501545745,0.0,0.0
INSTANCE_023,0.5,V3,12,0.8906923743355462,0.0,0.0
INSTANCE_023,0.5,V3,13,1.144054846394554,0.0,0.0
INSTANCE_023,0.5,V3,14,0.986076097550492,0.0,0.0
INSTANCE_023,0.5,V3,15,1.006914675427749,0.0,0.0
INSTANCE_023,0.5,V3,16,0.9451557067489208,0.0,0.0
INSTANCE_023,0.5,V3,17,1.183192346558996,0.0,0.0
INSTANCE_023,0.5,V3,18,0.882293744426373,0.0,0.0
INSTANCE_023,0.5,V3,19,1.0697925468478195,0.0,0.0
INSTANCE_023,0.5,V4,0,0.8702672940145558,0.0,0.0
INSTANCE_023,0.5,V4,1,1.1131701426062446,0.0,0.0
INSTANCE_023,0.5,V4,2,1.069901713115916,0.0,0.0
INSTANCE_023,0.5,V4,3,0.9404100930328472,0.0,0.0
INSTANCE_023,0.5,V4,4,0.9976600818897492,0.0,0.0
INSTANCE_023,0.5,V4,5,1.1211662824292314,0.0,0.0
INSTANCE_023,0.5,V4,6,0.9497469781670528,0.0,0.0
INSTANCE_023,0.5,V4,7,0.9507492824146152,0.0,0.0
INSTANCE_023,0.5,V4,8,1.0570136241678627,0.0,0.0
INSTANCE_023,0.5,V4,9,1.1388081253872318,0.0,0.0
INSTANCE_023,0.5,V4,10,1.0961923120914805,0.0,0.0
INSTANCE_023,0.5,V4,11,1.324959031920991,5.465840374378104,5.465840374378104
INSTANCE_023,0.5,V4,12,1.1283086169871177,0.0,0.0
INSTANCE_023,0.5,V4,13,1.1131701426062446,0.0,0.0
INSTANCE_023,0.5,V4,14,0.9388941757844352,0.0,0.0
INSTANCE_023,0.5,V4,15,1.3032943998413409,3.266158063890998,3.266158063890998
INSTANCE_023,0.5,V4,16,1.1088309628842337,0.0,0.0
INSTANCE_023,0.5,V4,17,1.0291748740913935,0.0,0.0
INSTANCE_023,0.5,V4,18,0.8960308343539007,0.0,0.0
INSTANCE_023,0.5,V4,19,0.8679353358630678,0.0,0.0
INSTANCE_023,0.75,V1,0,1.289559815894179,0.0,0.0
INSTANCE_023,0.75,V1,1,1.0139319529377937,0.0,0.0
INSTANCE_023,0.75,V1,2,0.9240716550528828,0.0,0.0
INSTANCE_023,0.75,V1,3,0.9683430660932292,0.0,0.0
INSTANCE_023,0.75,V1,4,1.0496155129586384,0.0,0.0
INSTANCE_023,0.75,V1,5,0.9814461698197354,0.0,0.0
INSTANCE_023,0.75,V1,6,0.9765066420583508,0.0,0.0
INSTANCE_023,0.75,V1,7,0.9780264967541612,0.0,0.0
INSTANCE_023,0.75,V1,8,1.2954936128766912,0.0,0.0
INSTANCE_023,0.75,V1,9,1.1811335905313414,0.0,0.0
INSTANCE_023,0.75,V1,10,0.9673007796898386,0.0,0.0
INSTANCE_023,0.75,V1,11,1.085653212967671,0.0,0.0
INSTANCE_023,0.75,V1,12,1.0259774424872496,0.0,0.0
INSTANCE_023,0.75,V1,13,0.9754845175553202,0.0,0.0
INSTANCE_023,0.75,V1,14,1.082883138706362,0.0,0.0
INSTANCE_023,0.75,V1,15,1.247893995574363,0.0,0.0
INSTANCE_023,0.75,V1,16,0.974806044763836,0.0,0.0
INSTANCE_023,0.75,V1,17,0.8680077147641335,0.0,0.0
INSTANCE_023,0.75,V1,18,0.9223161266858864,0.0,0.0
INSTANCE_023,0.75,V1,19,0.9683430660932292,0.0,0.0
INSTANCE_023,0.75,V2,0,1.069160783951708,0.1683049020861062,0.1683049020861062
INSTANCE_023,0.75,V2,1,0.9457172938331704,0.0,0.0
INSTANCE_023,0.75,V2,2,1.0968116297819277,1.1571452337179835,1.1571452337179835
INSTANCE_023,0.75,V2,3,1.0501016558609833,0.0,0.0
INSTANCE_023,0.75,V2,4,1.0202770281620477,0.0,0.0
INSTANCE_023,0.75,V2,5,0.9374865383394811,0.0,0.0
INSTANCE_023,0.75,V2,6,0.963375241646206,0.0,0.0
INSTANCE_023,0.75,V2,7,0.9457172938331704,0.0,0.0
INSTANCE_023,0.75,V2,8,1.0449803260265191,0.0,0.0
INSTANCE_023,0.75,V2,9,0.9748585664054288,0.0,0.0
INSTANCE_023,0.75,V2,10,0.9336186647134512,0.0,0.0
INSTANCE_023,0.75,V2,11,1.044234363134732,0.0,0.0
INSTANCE_023,0.75,V2,12,1.074884193292617,0.3729835591325354,0.3729835591325354
INSTANCE_023,0.75,V2,13,1.373729796677665,11.060200412187555,11.060200412187555
INSTANCE_023,0.75,V2,14,0.9847151278109908,0.0,0.0
INSTANCE_023,0.75,V2,15,0.9367595559628464,0.0,0.0
INSTANCE_023,0.75,V2,16,0.933106296922953,0.0,0.0
INSTANCE_023,0.75,V2,17,1.0448622446704332,0.0,0.0
INSTANCE_023,0.75,V2,18,0.9336186647134512,0.0,0.0
INSTANCE_023,0.75,V2,19,0.9283877447807056,0.0,0.0
INSTANCE_023,0.75,V3,0,1.0694883476449055,0.0,0.0
INSTANCE_023,0.75,V3,1,0.9529172306337892,0.0,0.0
INSTANCE_023,0.75,V3,2,1.057495060469951,0.0,0.0
INSTANCE_023,0.75,V3,3,1.0449803260265191,0.0,0.0
INSTANCE_023,0.75,V3,4,0.8980868940931249,0.0,0.0
INSTANCE_023,0.75,V3,5,1.0961923120914805,0.0,0.0
INSTANCE_023,0.75,V3,6,1.0139319529377937,0.0,0.0
INSTANCE_023,0.75,V3,7,1.0668779414103144,0.0,0.0
INSTANCE_023,0.75,V3,8,0.9976600818897492,0.0,0.0
INSTANCE_023,0.75,V3,9,1.308671119471844,0.0,0.0
INSTANCE_023,0.75,V3,10,1.2425746475155326,0.0,0.0
INSTANCE_023,0.75,V3,11,0.9339674447270956,0.0,0.0
INSTANCE_023,0.75,V3,12,0.8702672940145558,0.0,0.0
INSTANCE_023,0.75,V3,13,1.183192346558996,0.0,0.0
INSTANCE_023,0.75,V3,14,1.1211662824292314,0.0,0.0
INSTANCE_023,0.75,V3,15,1.2713073468204676,0.0,0.0
INSTANCE_023,0.75,V3,16,1.1239689485662845,0.0,0.0
INSTANCE_023,0.75,V3,17,1.1044253146328182,0.0,0.0
INSTANCE_023,0.75,V3,18,0.9293519926534468,0.0,0.0
INSTANCE_023,0.75,V3,19,0.8643444500834746,0.0,0.0
INSTANCE_023,0.75,V4,0,1.0835239337129088,0.0,0.0
INSTANCE_023,0.75,V4,1,1.0938011405543786,0.0,0.0
INSTANCE_023,0.75,V4,2,0.9096963627216734,0.0,0.0
INSTANCE_023,0.75,V4,3,0.9449696571202796,0.0,0.0
INSTANCE_023,0.75,V4,4,0.8511116192540826,0.0,0.0
INSTANCE_023,0.75,V4,5,0.9063141633517744,0.0,0.0
INSTANCE_023,0.75,V4,6,0.9662476228616288,0.0,0.0
INSTANCE_023,0.75,V4,7,0.9045243173879688,0.0,0.0
INSTANCE_023,0.75,V4,8,0.9452285442867292,0.0,0.0
INSTANCE_023,0.75,V4,9,0.9642277746733215,0.0,0.0
INSTANCE_023,0.75,V4,10,1.0554903071202004,0.0,0.0
INSTANCE_023,0.75,V4,11,1.0570136241678627,0.0,0.0
INSTANCE_023,0.75,V4,12,0.8720166317213677,0.0,0.0
INSTANCE_023,0.75,V4,13,1.2553471551593327,0.0,0.0
INSTANCE_023,0.75,V4,14,1.089583893562997,0.0,0.0
INSTANCE_023,0.75,V4,15,1.0364647119103343,0.0,0.0
INSTANCE_023,0.75,V4,16,0.8980868940931249,0.0,0.0
INSTANCE_023,0.75,V4,17,0.964958632170245,0.0,0.0
INSTANCE_023,0.75,V4,18,1.206693469199039,0.0,0.0
INSTANCE_023,0.75,V4,19,1.2493876552692316,0.0,0.0
INSTANCE_025,0.25,V1,0,0.9454783231219492,0.0,0.0
INSTANCE_025,0.25,V1,1,1.3139055004855815,84.16967938792732,84.16967938792732
INSTANCE_025,0.25,V1,2,0.863319685406451,0.0,0.0
INSTANCE_025,0.25,V1,3,0.9814461698197354,0.0,0.0
INSTANCE_025,0.25,V1,4,0.9834764924300962,0.0,0.0
INSTANCE_025,0.25,V1,5,1.0616527971120824,5.013266747382431,5.013266747382431
INSTANCE_025,0.25,V1,6,0.9928450800383156,0.0,0.0
INSTANCE_025,0.25,V1,7,0.9154274160947417,0.0,0.0
INSTANCE_025,0.25,V1,8,1.189502844118853,34.06936183310711,34.06936183310711
INSTANCE_025,0.25,V1,9,0.894302047203971,0.0,0.0
INSTANCE_025,0.25,V1,10,0.9427984361262643,0.0,0.0
INSTANCE_025,0.25,V1,11,0.8906923743355462,0.0,0.0
INSTANCE_025,0.25,V1,12,1.162678378179289,26.180450030214843,26.180450030214843
INSTANCE_025,0.25,V1,13,1.0058244244284724,0.0,0.0
INSTANCE_025,0.25,V1,14,1.1088309628842337,12.422614913712437,12.422614913712437
INSTANCE_025,0.25,V1,15,0.8750430865662231,0.0,0.0
INSTANCE_025,0.25,V1,16,1.137946263964407,19.86147728869344,19.86147728869344
INSTANCE_025,0.25,V1,17,1.3694375620705848,114.13076122784014,114.13076122784014
INSTANCE_025,0.25,V1,18,0.9901008979486572,0.0,0.0
INSTANCE_025,0.25,V1,19,0.8797734030963599,0.0,0.0
INSTANCE_025,0.25,V2,0,1.0980549731756724,20.089599082793143,20.089599082793143
INSTANCE_025,0.25,V2,1,0.955597594535316,0.0,0.0
INSTANCE_025,0.25,V2,2,1.0325425692032049,3.6789962958841897,3.6789962958841897
INSTANCE_025,0.25,V2,3,1.2566176852002269,124.00977846128433,124.00977846128433
INSTANCE_025,0.25,V2,4,1.062927406870324,8.527049069861164,8.527049069861164
INSTANCE_025,0.25,V2,5,0.8634422116178343,0.0,0.0
INSTANCE_025,0.25,V2,6,0.877336123156705,0.0,0.0
INSTANCE_025,0.25,V2,7,1.0227149055229203,2.1109434173760064,2.1109434173760064
INSTANCE_025,0.25,V2,8,1.080696239419903,14.087151468609022,14.087151468609022
INSTANCE_025,0.25,V2,9,0.957117167856376,0.0,0.0
INSTANCE_025,0.25,V2,10,1.177996395225299,64.54834153282081,64.54834153282081
INSTANCE_025,0.25,V2,11,0.9178288172426968,0.0,0.0
INSTANCE_025,0.25,V2,12,0.992766257786804,0.0,0.0
INSTANCE_025,0.25,V2,13,1.3098670257269611,174.00505287182216,174.00505287182216
INSTANCE_025,0.25,V2,14,0.9807133827342552,0.0,0.0
INSTANCE_025,0.25,V2,15,0.9853573831936768,0.0,0.0
INSTANCE_025,0.25,V2,16,0.9768866057323032,0.0,0.0
INSTANCE_025,0.25,V2,17,0.9405684112303276,0.0,0.0
INSTANCE_025,0.25,V2,18,0.953831281823618,0.0,0.0
INSTANCE_025,0.25,V2,19,0.8922637370099548,0.0,0.0
INSTANCE_025,0.5,V1,0,1.0360572208695804,0.7801943063661838,0.7801943063661838
INSTANCE_025,0.5,V1,1,1.2854101371713365,23.750887467652436,23.750887467652436
INSTANCE_025,0.5,V1,2,0.9393719900324564,0.0,0.0
INSTANCE_025,0.5,V1,3,1.1921550252101862,11.977585007744324,11.977585007744324
INSTANCE_025,0.5,V1,4,1.034526819734927,0.6826363353693523,0.6826363353693523
INSTANCE_025,0.5,V1,5,0.9898663445470748,0.0,0.0
INSTANCE_025,0.5,V1,6,0.9714404597389816,0.0,0.0
INSTANCE_025,0.5,V1,7,0.955597594535316,0.0,0.0
INSTANCE_025,0.5,V1,8,1.1935103834373952,12.148696724999128,12.148696724999128
INSTANCE_025,0.5,V1,9,1.0478855322366016,1.534209728309179,1.534209728309179
INSTANCE_025,0.5,V1,10,0.8925702515194052,0.0,0.0
INSTANCE_025,0.5,V1,11,0.9940166810593172,0.0,0.0
INSTANCE_025,0.5,V1,12,1.1009129004073823,4.914527691302737,4.914527691302737
INSTANCE_025,0.5,V1,13,0.9843594385968824,0.0,0.0
INSTANCE_025,0.5,V1,14,1.031028278224195,0.4596159758651765,0.4596159758651765
INSTANCE_025,0.5,V1,15,1.0325425692032049,0.5561469781404185,0.5561469781404185
INSTANCE_025,0.5,V1,16,1.0782548867186108,3.470154845355637,3.470154845355637
INSTANCE_025,0.5,V1,17,1.3951223470865473,43.4855137304379,43.4855137304379
INSTANCE_025,0.5,V1,18,1.2232753997046582,15.906480420380149,15.906480420380149
INSTANCE_025,0.5,V1,19,1.0093114265817889,0.0,0.0
INSTANCE_025,0.5,V2,0,0.9782508662188903,0.0,0.0
INSTANCE_025,0.5,V2,1,0.9114777750445822,0.0,0.0
INSTANCE_025,0.5,V2,2,1.0281817017159132,0.8077585894923232,0.8077585894923232
INSTANCE_025,0.5,V2,3,1.2455437625633596,32.65159959759603,32.65159959759603
INSTANCE_025,0.5,V2,4,0.979546351449972,0.0,0.0
INSTANCE_025,0.5,V2,5,1.2405465364027972,31.270332971975563,31.270332971975563
INSTANCE_025,0.5,V2,6,0.979372713542536,0.0,0.0
INSTANCE_025,0.5,V2,7,0.8907048561511263,0.0,0.0
INSTANCE_025,0.5,V2,8,0.9790806886126946,0.0,0.0
INSTANCE_025,0.5,V2,9,1.0040127080205763,0.0,0.0
INSTANCE_025,0.5,V2,10,0.9466174203795992,0.0,0.0
INSTANCE_025,0.5,V2,11,0.9240716550528828,0.0,0.0
INSTANCE_025,0.5,V2,12,0.997208885813998,0.0,0.0
INSTANCE_025,0.5,V2,13,0.8928767660288555,0.0,0.0
INSTANCE_025,0.5,V2,14,1.0313099029928987,1.06540246033353,1.06540246033353
INSTANCE_025,0.5,V2,15,1.0920709533600874,6.069783836992428,6.069783836992428
INSTANCE_025,0.5,V2,16,0.9783936238175074,0.0,0.0
INSTANCE_025,0.5,V2,17,0.9466174203795992,0.0,0.0
INSTANCE_025,0.5,V2,18,0.9374865383394811,0.0,0.0
INSTANCE_025,0.5,V2,19,0.9114777750445822,0.0,0.0
INSTANCE_025,0.75,V1,0,1.0443700815782662,0.0,0.0
INSTANCE_025,0.75,V1,1,1.08891748139568,8.085730030416016e-05,8.085730030416016e-05
INSTANCE_025,0.75,V1,2,1.066259467706908,0.0,0.0
INSTANCE_025,0.75,V1,3,1.1690890500818183,1.3691440118973333,1.3691440118973333
INSTANCE_025,0.75,V1,4,1.144054846394554,0.9416432602644136,0.9416432602644136
INSTANCE_025,0.75,V1,5,1.0653167694970953,0.0,0.0
INSTANCE_025,0.75,V1,6,0.9457172938331704,0.0,0.0
INSTANCE_025,0.75,V1,7,1.1699271502839552,1.3834559696822453,1.3834559696822453
INSTANCE_025,0.75,V1,8,0.8844498874968189,0.0,0.0
INSTANCE_025,0.75,V1,9,0.9774508000271784,0.0,0.0
INSTANCE_025,0.75,V1,10,0.948800957499302,0.0,0.0
INSTANCE_025,0.75,V1,11,1.0515367013384709,0.0,0.0
INSTANCE_025,0.75,V1,12,0.8735364864171783,0.0,0.0
INSTANCE_025,0.75,V1,13,1.035078042398154,0.0,0.0
INSTANCE_025,0.75,V1,14,1.3280913227765965,4.084372821948477,4.084372821948477
INSTANCE_025,0.75,V1,15,1.4013869287977576,5.336017454103057,5.336017454103057
INSTANCE_025,0.75,V1,16,0.8818956872441369,0.0,0.0
INSTANCE_025,0.75,V1,17,1.2002136116675404,1.9006477752428736,1.9006477752428736
INSTANCE_025,0.75,V1,18,1.264843010374234,3.0043024738240547,3.0043024738240547
INSTANCE_025,0.75,V1,19,0.9451557067489208,0.0,0.0
INSTANCE_025,0.75,V2,0,0.8620259995641838,0.0,0.0
INSTANCE_025,0.75,V2,1,0.9757918589093308,0.0,0.0
INSTANCE_025,0.75,V2,2,1.188205668839501,5.81570908739161,5.81570908739161
INSTANCE_025,0.75,V2,3,0.9452907471448646,0.0,0.0
INSTANCE_025,0.75,V2,4,0.8654758284768967,0.0,0.0
INSTANCE_025,0.75,V2,5,0.9505152028932846,0.0,0.0
INSTANCE_025,0.75,V2,6,0.9901008979486572,0.0,0.0
INSTANCE_025,0.75,V2,7,0.9273225802064884,0.0,0.0
INSTANCE_025,0.75,V2,8,1.1365853378946085,3.805527366512365,3.805527366512365
INSTANCE_025,0.75,V2,9,1.2954936128766912,10.700503894088683,10.700503894088683
INSTANCE_025,0.75,V2,10,0.9226086734455392,0.0,0.0
INSTANCE_025,0.75,V2,11,0.9628863296313755,0.0,0.0
INSTANCE_025,0.75,V2,12,1.060191324394755,0.8306171574723749,0.8306171574723749
INSTANCE_025,0.75,V2,13,1.4021645813362258,23.556679680351635,23.556679680351635
INSTANCE_025,0.75,V2,14,0.8920130963631127,0.0,0.0
INSTANCE_025,0.75,V2,15,1.08463797093738,1.7826103182530917,1.7826103182530917
INSTANCE_025,0.75,V2,16,1.2566176852002269,8.479787024505413,8.479787024505413
INSTANCE_025,0.75,V2,17,1.0932122742009152,2.1165079778405698,2.1165079778405698
INSTANCE_025,0.75,V2,18,0.8795913319636254,0.0,0.0
INSTANCE_025,0.75,V2,19,0.964727768165818,0.0,0.0
INSTANCE_026,0.25,V1,0,1.4051456778244835,43.77318449361224,43.77318449361224
INSTANCE_026,0.25,V1,1,1.177996395225299,10.441569132895893,10.441569132895893
INSTANCE_026,0.25,V1,2,0.9829524543843334,0.0,0.0
INSTANCE_026,0.25,V1,3,1.3431263188835012,25.57904756461221,25.57904756461221
INSTANCE_026,0.25,V1,4,0.9790806886126946,0.0,0.0
INSTANCE_026,0.25,V1,5,0.9979862211777156,0.0,0.0
INSTANCE_026,0.25,V1,6,1.0139319529377937,0.0,0.0
INSTANCE_026,0.25,V1,7,0.959116663272508,0.0,0.0
INSTANCE_026,0.25,V1,8,0.8797734030963599,0.0,0.0
INSTANCE_026,0.25,V1,9,1.0139319529377937,0.0,0.0
INSTANCE_026,0.25,V1,10,0.9783936238175074,0.0,0.0
INSTANCE_026,0.25,V1,11,1.1530051709364817,8.471261009965701,8.471261009965701
INSTANCE_026,0.25,V1,12,1.0536148665338825,0.635329410864756,0.635329410864756
INSTANCE_026,0.25,V1,13,1.0456464605865234,0.0071002859747295,0.0071002859747295
INSTANCE_026,0.25,V1,14,1.3129535037479876,21.0815875688246,21.0815875688246
INSTANCE_026,0.25,V1,15,1.2048323518170836,12.557315950592283,12.557315950592283
INSTANCE_026,0.25,V1,16,0.8659070570909859,0.0,0.0
INSTANCE_026,0.25,V1,17,1.0259774424872496,0.0,0.0
INSTANCE_026,0.25,V1,18,1.0669523555514149,1.686857045006832,1.686857045006832
INSTANCE_026,0.25,V1,19,1.1009129004073823,4.364306401451358,4.364306401451358
INSTANCE_026,0.25,V2,0,1.0694883476449055,0.0,0.0
INSTANCE_026,0.25,V2,1,1.0332808558291229,0.0,0.0
INSTANCE_026,0.25,V2,2,0.9608942732771272,0.0,0.0
INSTANCE_026,0.25,V2,3,1.2002083133375885,0.7405752138057551,0.7405752138057551
INSTANCE_026,0.25,V2,4,0.9935758266675258,0.0,0.0
INSTANCE_026,0.25,V2,5,0.8837955056139003,0.0,0.0
INSTANCE_026,0.25,V2,6,1.0222535276119855,0.0,0.0
INSTANCE_026,0.25,V2,7,0.9958628462390396,0.0,0.0
INSTANCE_026,0.25,V2,8,1.0403463157571715,0.0,0.0
INSTANCE_026,0.25,V2,9,1.137946263964407,0.0,0.0
INSTANCE_026,0.25,V2,10,0.99379310821491,0.0,0.0
INSTANCE_026,0.25,V2,11,0.9976911335901408,0.0,0.0
INSTANCE_026,0.25,V2,12,0.979372713542536,0.0,0.0
INSTANCE_026,0.25,V2,13,0.9917821436845996,0.0,0.0
INSTANCE_026,0.25,V2,14,0.9932211495018468,0.0,0.0
INSTANCE_026,0.25,V2,15,0.982523803280152,0.0,0.0
INSTANCE_026,0.25,V2,16,1.1376480387558012,0.0,0.0
INSTANCE_026,0.25,V2,17,0.9582989304915996,0.0,0.0
INSTANCE_026,0.25,V2,18,1.1530051709364817,0.0,0.0
INSTANCE_026,0.25,V2,19,1.1699271502839552,0.0,0.0
INSTANCE_026,0.5,V1,0,0.942183973564033,0.0,0.0
INSTANCE_026,0.5,V1,1,1.0160342584089286,0.0,0.0
INSTANCE_026,0.5,V1,2,0.9507492824146152,0.0,0.0
INSTANCE_026,0.5,V1,3,0.9301510738361254,0.0,0.0
INSTANCE_026,0.5,V1,4,0.9571698768690764,0.0,0.0
INSTANCE_026,0.5,V1,5,1.009821314185272,0.0,0.0
INSTANCE_026,0.5,V1,6,0.9880181554933756,0.0,0.0
INSTANCE_026,0.5,V1,7,0.9525106079077382,0.0,0.0
INSTANCE_026,0.5,V1,8,1.0785362869094035,0.0,0.0
INSTANCE_026,0.5,V1,9,0.958080808705026,0.0,0.0
INSTANCE_026,0.5,V1,10,1.2442988178327796,5.232406633453365,0.0
INSTANCE_026,0.5,V1,11,0.8560890846911426,0.0,0.0
INSTANCE_026,0.5,V1,12,0.9333414246843322,0.0,0.0
INSTANCE_026,0.5,V1,13,0.9879991545896802,0.0,0.0
INSTANCE_026,0.5,V1,14,0.915357795902608,0.0,0.0
INSTANCE_026,0.5,V1,15,0.9374865383394811,0.0,0.0
INSTANCE_026,0.5,V1,16,1.052485304120219,0.0,0.0
INSTANCE_026,0.5,V1,17,1.2459762285250382,5.292994707657613,0.0
INSTANCE_026,0.5,V1,18,1.0174271743362002,0.0,0.0
INSTANCE_026,0.5,V1,19,1.183192346558996,3.0252408910444046,3.0252408910444046
INSTANCE_026,0.5,V2,0,1.004850008268516,0.0,0.0
INSTANCE_026,0.5,V2,1,1.0570136241678627,0.0,0.0
INSTANCE_026,0.5,V2,2,1.2170262149925093,0.0,0.0
INSTANCE_026,0.5,V2,3,0.9790806886126946,0.0,0.0
INSTANCE_026,0.5,V2,4,1.0295773633380825,0.0,0.0
INSTANCE_026,0.5,V2,5,0.8745698193607322,0.0,0.0
INSTANCE_026,0.5,V2,6,0.945932363009206,0.0,0.0
INSTANCE_026,0.5,V2,7,0.916180219798298,0.0,0.0
INSTANCE_026,0.5,V2,8,1.185771088515122,0.0,0.0
INSTANCE_026,0.5,V2,9,0.8967142705282911,0.0,0.0
INSTANCE_026,0.5,V2,10,1.160928784209669,0.0,0.0
INSTANCE_026,0.5,V2,11,0.9799329811532924,0.0,0.0
INSTANCE_026,0.5,V2,12,0.9940166810593172,0.0,0.0
INSTANCE_026,0.5,V2,13,1.030416766768407,0.0,0.0
INSTANCE_026,0.5,V2,14,0.877336123156705,0.0,0.0
INSTANCE_026,0.5,V2,15,0.9635830674772012,0.0,0.0
INSTANCE_026,0.5,V2,16,1.0004212476182772,0.0,0.0
INSTANCE_026,0.5,V2,17,1.172213459534738,0.0,0.0
INSTANCE_026,0.5,V2,18,1.0448622446704332,0.0,0.0
INSTANCE_026,0.5,V2,19,0.933039909659936,0.0,0.0
INSTANCE_026,0.75,V1,0,0.880755796222279,0.0,0.0
INSTANCE_026,0.75,V1,1,0.9474481203169932,0.0,0.0
INSTANCE_026,0.75,V1,2,0.9192690909414114,0.0,0.0
INSTANCE_026,0.75,V1,3,0.9153515464809084,0.0,0.0
INSTANCE_026,0.75,V1,4,0.972428037464628,0.0,0.0
INSTANCE_026,0.75,V1,5,0.9768866057323032,0.0,0.0
INSTANCE_026,0.75,V1,6,0.8639865854724262,0.0,0.0
INSTANCE_026,0.75,V1,7,0.9706772601608552,0.0,0.0
INSTANCE_026,0.75,V1,8,0.9026102255194182,0.0,0.0
INSTANCE_026,0.75,V1,9,0.9949143416680848,0.0,0.0
INSTANCE_026,0.75,V1,10,0.8699925994870982,0.0,0.0
INSTANCE_026,0.75,V1,11,1.0202770281620477,0.0,0.0
INSTANCE_026,0.75,V1,12,0.9807133827342552,0.0,0.0
INSTANCE_026,0.75,V1,13,1.0337368668224365,0.0,0.0
INSTANCE_026,0.75,V1,14,1.1009129004073823,0.0,0.0
INSTANCE_026,0.75,V1,15,0.9332125938313875,0.0,0.0
INSTANCE_026,0.75,V1,16,0.942893023971548,0.0,0.0
INSTANCE_026,0.75,V1,17,1.388857765375337,0.0,0.0
INSTANCE_026,0.75,V1,18,0.9800898437937272,0.0,0.0
INSTANCE_026,0.75,V1,19,0.8682541501012496,0.0,0.0
INSTANCE_026,0.75,V2,0,1.0491025886038914,0.0,0.0
INSTANCE_026,0.75,V2,1,1.060191324394755,0.0,0.0
INSTANCE_026,0.75,V2,2,1.04885660584631,0.0,0.0
INSTANCE_026,0.75,V2,3,1.0657981054372272,0.0,0.0
INSTANCE_026,0.75,V2,4,1.3305307464676754,0.0,0.0
INSTANCE_026,0.75,V2,5,0.9313950618685568,0.0,0.0
INSTANCE_026,0.75,V2,6,0.9223161266858864,0.0,0.0
INSTANCE_026,0.75,V2,7,0.9791584718661454,0.0,0.0
INSTANCE_026,0.75,V2,8,0.948800957499302,0.0,0.0
INSTANCE_026,0.75,V2,9,1.6396937851623727,0.0,0.0
INSTANCE_026,0.75,V2,10,1.070257940710809,0.0,0.0
INSTANCE_026,0.75,V2,11,1.073496397718238,0.0,0.0
INSTANCE_026,0.75,V2,12,0.9400305127732984,0.0,0.0
INSTANCE_026,0.75,V2,13,1.266827799237727,0.0,0.0
INSTANCE_026,0.75,V2,14,1.2788437374224868,0.0,0.0
INSTANCE_026,0.75,V2,15,0.9642277746733215,0.0,0.0
INSTANCE_026,0.75,V2,16,1.1448046847804845,0.0,0.0
INSTANCE_026,0.75,V2,17,0.8745698193607322,0.0,0.0
INSTANCE_026,0.75,V2,18,0.9322551259494244,0.0,0.0
INSTANCE_026,0.75,V2,19,1.0850445936634314,0.0,0.0
INSTANCE_027,0.25,V1,0,0.928219591826866,0.0,0.0
INSTANCE_027,0.25,V1,1,0.9901008979486572,0.0,0.0
INSTANCE_027,0.25,V1,2,1.2798533551847038,19.007002277627063,19.007002277627063
INSTANCE_027,0.25,V1,3,1.1690890500818183,6.941415303427675,6.941415303427675
INSTANCE_027,0.25,V1,4,0.8922637370099548,0.0,0.0
INSTANCE_027,0.25,V1,5,1.161587654121252,6.611878978879645,6.611878978879645
INSTANCE_027,0.25,V1,6,1.160928784209669,6.582934823664232,6.582934823664232
INSTANCE_027,0.25,V1,7,0.9178288172426968,0.0,0.0
INSTANCE_027,0.25,V1,8,0.9310991020127204,0.0,0.0
INSTANCE_027,0.25,V1,9,0.9963868842848028,0.0,0.0
INSTANCE_027,0.25,V1,10,0.885315360309711,0.0,0.0
INSTANCE_027,0.25,V1,11,0.8800185949283246,0.0,0.0
INSTANCE_027,0.25,V1,12,1.0018575517432975,0.0,0.0
INSTANCE_027,0.25,V1,13,0.964958632170245,0.0,0.0
INSTANCE_027,0.25,V1,14,1.4003561203525494,34.50847798881887,34.50847798881887
INSTANCE_027,0.25,V1,15,1.102773106086061,4.028155883694126,4.028155883694126
INSTANCE_027,0.25,V1,16,1.0208357373528285,0.4286472752434065,0.4286472752434065
INSTANCE_027,0.25,V1,17,1.14509820157397,5.887497328478048,5.887497328478048
INSTANCE_027,0.25,V1,18,1.1174698025844003,4.67378176086595,4.67378176086595
INSTANCE_027,0.25,V1,19,1.0850445936634314,3.2493423329680127,3.2493423329680127
INSTANCE_027,0.25,V2,0,1.0749363660585711,0.0,0.0
INSTANCE_027,0.25,V2,1,0.9652394024198532,0.0,0.0
INSTANCE_027,0.25,V2,2,0.9405684112303276,0.0,0.0
INSTANCE_027,0.25,V2,3,1.1974555184618256,14.158050787555569,14.158050787555569
INSTANCE_027,0.25,V2,4,0.956705244011982,0.0,0.0
INSTANCE_027,0.25,V2,5,1.007181758175017,0.0,0.0
INSTANCE_027,0.25,V2,6,1.0040127080205763,0.0,0.0
INSTANCE_027,0.25,V2,7,0.979546351449972,0.0,0.0
INSTANCE_027,0.25,V2,8,0.9429615932852622,0.0,0.0
INSTANCE_027,0.25,V2,9,1.0075822425351937,0.0,0.0
INSTANCE_027,0.25,V2,10,1.172213459534738,10.62361562648664,10.62361562648664
INSTANCE_027,0.25,V2,11,0.9332125938313875,0.0,0.0
INSTANCE_027,0.25,V2,12,1.3305307464676754,52.884108908247526,52.884108908247526
INSTANCE_027,0.25,V2,13,0.8619384808417672,0.0,0.0
INSTANCE_027,0.25,V2,14,1.308671119471844,44.05471410293762,44.05471410293762
INSTANCE_027,0.25,V2,15,0.9495654082242784,0.0,0.0
INSTANCE_027,0.25,V2,16,0.9262254387798478,0.0,0.0
INSTANCE_027,0.25,V2,17,0.9152523252187308,0.0,0.0
INSTANCE_027,0.25,V2,18,0.9474481203169932,0.0,0.0
INSTANCE_027,0.25,V2,19,0.9693823231717382,0.0,0.0
INSTANCE_027,0.5,V1,0,1.0088685177384302,0.0,0.0
INSTANCE_027,0.5,V1,1,1.0298193229305517,0.0,0.0
INSTANCE_027,0.5,V1,2,0.9279359724178208,0.0,0.0
INSTANCE_027,0.5,V1,3,0.9739961677840204,0.0,0.0
INSTANCE_027,0.5,V1,4,1.0323934338889285,0.0,0.0
INSTANCE_027,0.5,V1,5,0.980821959833786,0.0,0.0
INSTANCE_027,0.5,V1,6,0.912414656301052,0.0,0.0
INSTANCE_027,0.5,V1,7,1.2425746475155326,2.789303948030579,2.789303948030579
INSTANCE_027,0.5,V1,8,1.0694883476449055,0.4517734682777927,0.4517734682777927
INSTANCE_027,0.5,V1,9,1.2459762285250382,2.8352422995639017,2.8352422995639017
INSTANCE_027,0.5,V1,10,0.8941170504784879,0.0,0.0
INSTANCE_027,0.5,V1,11,0.9114514330251692,0.0,0.0
INSTANCE_027,0.5,V1,12,0.8980868940931249,0.0,0.0
INSTANCE_027,0.5,V1,13,0.9223161266858864,0.0,0.0
INSTANCE_027,0.5,V1,14,0.8823579906758764,0.0,0.0
INSTANCE_027,0.5,V1,15,0.9812039707527128,0.0,0.0
INSTANCE_027,0.5,V1,16,1.007816544800714,0.0,0.0
INSTANCE_027,0.5,V1,17,1.1690890500818183,1.796880954688277,1.796880954688277
INSTANCE_027,0.5,V1,18,0.9693823231717382,0.0,0.0
INSTANCE_027,0.5,V1,19,0.9632079134700076,0.0,0.0
INSTANCE_027,0.5,V2,0,1.04745799835972,0.0,0.0
INSTANCE_027,0.5,V2,1,1.0377630079269302,0.0,0.0
INSTANCE_027,0.5,V2,2,0.9832347553004918,0.0,0.0
INSTANCE_027,0.5,V2,3,0.9525106079077382,0.0,0.0
INSTANCE_027,0.5,V2,4,0.9963832474602492,0.0,0.0
INSTANCE_027,0.5,V2,5,1.0109029913109135,0.0,0.0
INSTANCE_027,0.5,V2,6,1.1778941023923792,5.261224352839577,5.261224352839577
INSTANCE_027,0.5,V2,7,0.9178288172426968,0.0,0.0
INSTANCE_027,0.5,V2,8,0.8699925994870982,0.0,0.0
INSTANCE_027,0.5,V2,9,1.357481584824357,29.829727649403708,29.829727649403708
INSTANCE_027,0.5,V2,10,0.9192690909414114,0.0,0.0
INSTANCE_027,0.5,V2,11,0.9601441557445912,0.0,0.0
INSTANCE_027,0.5,V2,12,0.9693823231717382,0.0,0.0
INSTANCE_027,0.5,V2,13,0.8800185949283246,0.0,0.0
INSTANCE_027,0.5,V2,14,1.1276941879241162,0.0,0.0
INSTANCE_027,0.5,V2,15,0.928219591826866,0.0,0.0
INSTANCE_027,0.5,V2,16,1.2525117019197392,13.126416793686758,13.126416793686758
INSTANCE_027,0.5,V2,17,1.1457453263173203,1.8725290293542685,1.8725290293542685
INSTANCE_027,0.5,V2,18,1.2262377667637403,10.356968868676518,10.356968868676518
INSTANCE_027,0.5,V2,19,0.9452907471448646,0.0,0.0
INSTANCE_027,0.75,V1,0,0.916792033553504,0.0,0.0
INSTANCE_027,0.75,V1,1,0.9320438320700551,0.0,0.0
INSTANCE_027,0.75,V1,2,1.0943620642162015,0.0,0.0
INSTANCE_027,0.75,V1,3,1.004946172365598,0.0,0.0
INSTANCE_027,0.75,V1,4,0.9775531054198174,0.0,0.0
INSTANCE_027,0.75,V1,5,0.9063141633517744,0.0,0.0
INSTANCE_027,0.75,V1,6,0.936782719617004,0.0,0.0
INSTANCE_027,0.75,V1,7,1.58847655058736,1.7567030808123718,1.7567030808123718
INSTANCE_027,0.75,V1,8,1.404519219653363,0.0,0.0
INSTANCE_027,0.75,V1,9,0.9063141633517744,0.0,0.0
INSTANCE_027,0.75,V1,10,1.1173211796252085,0.0,0.0
INSTANCE_027,0.75,V1,11,1.0459543909654907,0.0,0.0
INSTANCE_027,0.75,V1,12,1.4051456778244835,0.0,0.0
INSTANCE_027,0.75,V1,13,1.0938011405543786,0.0,0.0
INSTANCE_027,0.75,V1,14,1.0571663219746068,0.0,0.0
INSTANCE_027,0.75,V1,15,1.065578588608788,0.0,0.0
INSTANCE_027,0.75,V1,16,0.8687250859411962,0.0,0.0
INSTANCE_027,0.75,V1,17,1.2894916487681851,0.0,0.0
INSTANCE_027,0.75,V1,18,0.895619622406056,0.0,0.0
INSTANCE_027,0.75,V1,19,0.988489618059527,0.0,0.0
INSTANCE_027,0.75,V2,0,1.0236024127383032,0.0,0.0
INSTANCE_027,0.75,V2,1,1.3061410091530687,2.3609609839153336,2.3609609839153336
INSTANCE_027,0.75,V2,2,0.9571698768690764,0.0,0.0
INSTANCE_027,0.75,V2,3,0.8659070570909859,0.0,0.0
INSTANCE_027,0.75,V2,4,1.1712086058859192,0.0,0.0
INSTANCE_027,0.75,V2,5,1.0887542440718676,0.0,0.0
INSTANCE_027,0.75,V2,6,1.032509757881784,0.0,0.0
INSTANCE_027,0.75,V2,7,1.0282120305371585,0.0,0.0
INSTANCE_027,0.75,V2,8,0.912414656301052,0.0,0.0
INSTANCE_027,0.75,V2,9,0.9471878234330842,0.0,0.0
INSTANCE_027,0.75,V2,10,0.982523803280152,0.0,0.0
INSTANCE_027,0.75,V2,11,0.8752691297583073,0.0,0.0
INSTANCE_027,0.75,V2,12,1.1174698025844003,0.0,0.0
INSTANCE_027,0.75,V2,13,0.9860500301904004,0.0,0.0
INSTANCE_027,0.75,V2,14,0.9807133827342552,0.0,0.0
INSTANCE_027,0.75,V2,15,0.9693823231717382,0.0,0.0
INSTANCE_027,0.75,V2,16,1.2336673023720526,0.0,0.0
INSTANCE_027,0.75,V2,17,0.9533847620609482,0.0,0.0
INSTANCE_027,0.75,V2,18,0.912852883052783,0.0,0.0
INSTANCE_027,0.75,V2,19,0.9829524543843334,0.0,0.0
INSTANCE_028,0.25,V1,0,0.9336186647134512,0.8692905489363056,0.8692905489363056
INSTANCE_028,0.25,V1,1,1.1461398626460653,54.05009724557476,54.05009724557476
INSTANCE_028,0.25,V1,2,0.9310991020127204,0.5282299439520557,0.5282299439520557
INSTANCE_028,0.25,V1,3,1.0265599296804746,13.45028488119749,13.45028488119749
INSTANCE_028,0.25,V1,4,0.9653098401769796,5.159166515557104,5.159166515557104
INSTANCE_028,0.25,V1,5,1.0109029913109135,11.330883418801932,11.330883418801932
INSTANCE_028,0.25,V1,6,0.8800868685777993,0.0,0.0
INSTANCE_028,0.25,V1,7,0.9590916403355204,4.3174398940177525,4.3174398940177525
INSTANCE_028,0.25,V1,8,1.0990001848087976,35.88898735910823,35.88898735910823
INSTANCE_028,0.25,V1,9,0.8982002670749375,0.0,0.0
INSTANCE_028,0.25,V1,10,0.9332636260046188,0.8212307341154883,0.8212307341154883
INSTANCE_028,0.25,V1,11,0.9903252533762577,8.545377923277442,8.545377923277442
INSTANCE_028,0.25,V1,12,1.2788437374224868,123.5948524130439,123.5948524130439
INSTANCE_028,0.25,V1,13,1.099212255084284,35.95863265137905,35.95863265137905
INSTANCE_028,0.25,V1,14,0.9336186647134512,0.8692905489363056,0.8692905489363056
INSTANCE_028,0.25,V1,15,1.1073669573756355,38.63669124854141,38.63669124854141
INSTANCE_028,0.25,V1,16,1.0850445936634314,31.305878189695136,31.305878189695136
INSTANCE_028,0.25,V1,17,0.9283286603166648,0.1532091037655618,0.1532091037655618
INSTANCE_028,0.25,V1,18,1.0795877110532444,29.513801561292095,29.513801561292095
INSTANCE_028,0.25,V1,19,1.1088309628842337,39.1174804176012,39.1174804176012
INSTANCE_028,0.25,V2,0,1.373729796677665,113.35177411129403,113.35177411129403
INSTANCE_028,0.25,V2,1,0.985334445501438,3.625207978224921,3.625207978224921
INSTANCE_028,0.25,V2,2,0.8907921204605406,0.0,0.0
INSTANCE_028,0.25,V2,3,1.035078042398154,9.7468208243248,9.7468208243248
INSTANCE_028,0.25,V2,4,0.9814461698197354,3.1467038119158133,3.1467038119158133
INSTANCE_028,0.25,V2,5,0.8907921204605406,0.0,0.0
INSTANCE_028,0.25,V2,6,1.082883138706362,17.57339227537193,17.57339227537193
INSTANCE_028,0.25,V2,7,0.8800868685777993,0.0,0.0
INSTANCE_028,0.25,V2,8,1.3966514745315108,124.57903721663035,124.57903721663035
INSTANCE_028,0.25,V2,9,1.064056605264944,14.340719595701898,14.340719595701898
INSTANCE_028,0.25,V2,10,1.1254714004314932,28.69703571738501,28.69703571738501
INSTANCE_028,0.25,V2,11,1.0572782377833292,13.176817412712126,13.176817412712126
INSTANCE_028,0.25,V2,12,0.8693568860036992,0.0,0.0
INSTANCE_028,0.25,V2,13,0.9384242201724676,0.0,0.0
INSTANCE_028,0.25,V2,14,1.2334711323482457,59.66289885210927,59.66289885210927
INSTANCE_028,0.25,V2,15,0.8800185949283246,0.0,0.0
INSTANCE_028,0.25,V2,16,0.9114514330251692,0.0,0.0
INSTANCE_028,0.25,V2,17,1.0055870301737375,6.117558556613631,6.117558556613631
INSTANCE_028,0.25,V2,18,0.8765761958087996,0.0,0.0
INSTANCE_028,0.25,V2,19,0.8766225867224798,0.0,0.0
INSTANCE_028,0.5,V1,0,1.14509820157397,24.98765606873701,24.98765606873701
INSTANCE_028,0.5,V1,1,1.0332808558291229,12.225650828801465,12.225650828801465
INSTANCE_028,0.5,V1,2,1.0146613276510976,10.89935080413386,10.89935080413386
INSTANCE_028,0.5,V1,3,1.0130717099772102,10.786119687860037,10.786119687860037
INSTANCE_028,0.5,V1,4,0.9242822870895306,4.46150111319912,4.46150111319912
INSTANCE_028,0.5,V1,5,1.0325425692032049,12.173061441959817,12.173061441959817
INSTANCE_028,0.5,V1,6,0.9374440844603016,5.399037876248258,5.399037876248258
INSTANCE_028,0.5,V1,7,0.9525106079077382,6.472251452281398,6.472251452281398
INSTANCE_028,0.5,V1,8,1.2403154208836862,37.93783267632091,37.93783267632091
INSTANCE_028,0.5,V1,9,1.0323934338889285,12.162438284964765,12.162438284964765
INSTANCE_028,0.5,V1,10,0.9730064332140586,7.932203248559404,7.932203248559404
INSTANCE_028,0.5,V1,11,0.8783423310657517,1.1891214790322238,1.1891214790322238
INSTANCE_028,0.5,V1,12,0.988489618059527,9.03509631041038,9.03509631041038
INSTANCE_028,0.5,V1,13,1.1215900192134878,21.790386546495935,21.790386546495935
INSTANCE_028,0.5,V1,14,1.1220320873516914,21.85051076041259,21.85051076041259
INSTANCE_028,0.5,V1,15,0.936782719617004,5.351927756185091,5.351927756185091
INSTANCE_028,0.5,V1,16,1.1507454617812989,25.755721105335624,25.755721105335624
INSTANCE_028,0.5,V1,17,1.0408052245863542,12.761624155993786,12.761624155993786
INSTANCE_028,0.5,V1,18,0.8771190010573032,1.1019816436472638,1.1019816436472638
INSTANCE_028,0.5,V1,19,1.0430593467110445,12.9221890318056,12.9221890318056
INSTANCE_028,0.5,V2,0,0.8922637370099548,0.0,0.0
INSTANCE_028,0.5,V2,1,1.1947673996824753,29.720006522682752,29.720006522682752
INSTANCE_028,0.5,V2,2,1.1382319817771245,18.980444311684774,18.980444311684774
INSTANCE_028,0.5,V2,3,1.189502844118853,28.71994277355782,28.71994277355782
INSTANCE_028,0.5,V2,4,1.1691862211197477,24.860563207608948,24.860563207608948
INSTANCE_028,0.5,V2,5,0.974806044763836,3.142136925004138,3.142136925004138
INSTANCE_028,0.5,V2,6,0.9159238562700172,0.0,0.0
INSTANCE_028,0.5,V2,7,1.3139055004855815,52.35167871474118,52.35167871474118
INSTANCE_028,0.5,V2,8,1.144054846394554,20.086565379186823,20.086565379186823
INSTANCE_028,0.5,V2,9,0.99379310821491,4.866352156995959,4.866352156995959
INSTANCE_028,0.5,V2,10,1.1028326622332307,14.768234057399582,14.768234057399582
INSTANCE_028,0.5,V2,11,1.1044253146328182,14.912862821806243,14.912862821806243
INSTANCE_028,0.5,V2,12,0.983860102837118,3.964335938638783,3.964335938638783
INSTANCE_028,0.5,V2,13,0.8913495453222449,0.0,0.0
INSTANCE_028,0.5,V2,14,1.0611621284754895,10.984132886859127,10.984132886859127
INSTANCE_028,0.5,V2,15,1.0313099029928987,8.27325229078508,8.27325229078508
INSTANCE_028,0.5,V2,16,1.0018575517432975,5.598684273808999,5.598684273808999
INSTANCE_028,0.5,V2,17,0.9293519926534468,0.0,0.0
INSTANCE_028,0.5,V2,18,1.1448046847804845,20.229005928708943,20.229005928708943
INSTANCE_028,0.5,V2,19,0.9529172306337892,1.1544137138546375,1.1544137138546375
INSTANCE_028,0.75,V1,0,0.9586483493825754,8.843469706480278,8.843469706480278
INSTANCE_028,0.75,V1,1,1.023883842600355,10.43923859640904,10.43923859640904
INSTANCE_028,0.75,V1,2,1.2798533551847038,17.137772483510616,17.137772483510616
INSTANCE_028,0.75,V1,3,0.9128985993746358,7.724354571702747,7.724354571702747
INSTANCE_028,0.75,V1,4,0.9184176583515375,7.859359952709269,7.859359952709269
INSTANCE_028,0.75,V1,5,1.1690890500818183,13.991199980084843,13.991199980084843
INSTANCE_028,0.75,V1,6,0.9410056319518668,8.41189943359609,8.41189943359609
INSTANCE_028,0.75,V1,7,0.9279359724178208,8.092193778627234,8.092193778627234
INSTANCE_028,0.75,V1,8,0.9910777260686452,9.636746309182628,9.636746309182628
INSTANCE_028,0.75,V1,9,0.9642708498237232,8.981005438104717,8.981005438104717
INSTANCE_028,0.75,V1,10,1.2894916487681851,17.54707868435571,17.54707868435571
INSTANCE_028,0.75,V1,11,0.956705244011982,8.795938110606471,8.795938110606471
INSTANCE_028,0.75,V1,12,0.8680632001614316,6.627605981282272,6.627605981282272
INSTANCE_028,0.75,V1,13,1.0430593467110445,10.90830338613,10.90830338613
INSTANCE_028,0.75,V1,14,0.9129208272330664,7.724898302166366,7.724898302166366
INSTANCE_028,0.75,V1,15,1.1028326622332307,12.370458305995273,12.370458305995273
INSTANCE_028,0.75,V1,16,0.9846497010211196,9.479506103145129,9.479506103145129
INSTANCE_028,0.75,V1,17,0.9270299655976186,8.070031341793765,8.070031341793765
INSTANCE_028,0.75,V1,18,1.5780846479199655,29.80266138166803,29.80266138166803
INSTANCE_028,0.75,V1,19,0.880755796222279,6.938088035257465,6.938088035257465
INSTANCE_028,0.75,V2,0,1.1397953623515606,10.862680773252237,10.862680773252237
INSTANCE_028,0.75,V2,1,0.9799329811532924,4.650162202585534,4.650162202585534
INSTANCE_028,0.75,V2,2,1.068751206974634,8.101786488379162,8.101786488379162
INSTANCE_028,0.75,V2,3,1.0669523555514149,8.031880123987094,8.031880123987094
INSTANCE_028,0.75,V2,4,1.1073152371507708,9.600448974407414,9.600448974407414
INSTANCE_028,0.75,V2,5,0.9774758061591422,4.554672287021049,4.554672287021049
INSTANCE_028,0.75,V2,6,1.102773106086061,9.423934191014496,9.423934191014496
INSTANCE_028,0.75,V2,7,1.0130717099772102,5.937988435897523,5.937988435897523
INSTANCE_028,0.75,V2,8,0.9879991545896802,4.963627145945793,4.963627145945793
INSTANCE_028,0.75,V2,9,0.9143314938142896,2.1007790687795023,2.1007790687795023
INSTANCE_028,0.75,V2,10,1.085131765699195,8.73836230134691,8.73836230134691
INSTANCE_028,0.75,V2,11,1.0264248054620404,6.456911981597159,6.456911981597159
INSTANCE_028,0.75,V2,12,1.1690890500818183,12.001082301263068,12.001082301263068
INSTANCE_028,0.75,V2,13,1.001301093002179,5.480562642552968,5.480562642552968
INSTANCE_028,0.75,V2,14,1.013284346910881,5.946251861534961,5.946251861534961
INSTANCE_028,0.75,V2,15,1.0202770281620477,6.217999109424,6.217999109424
INSTANCE_028,0.75,V2,16,1.162678378179289,11.751952906677388,11.751952906677388
INSTANCE_028,0.75,V2,17,0.9374440844603016,2.998972862268147,2.998972862268147
INSTANCE_028,0.75,V2,18,0.8980868940931249,1.469486849282248,1.469486849282248
INSTANCE_028,0.75,V2,19,1.042011075838818,7.062620425556247,7.062620425556247
INSTANCE_029,0.25,V1,0,0.9790806886126946,0.0,0.0
INSTANCE_029,0.25,V1,1,0.98583905609731,0.0,0.0
INSTANCE_029,0.25,V1,2,0.9279359724178208,0.0,0.0
INSTANCE_029,0.25,V1,3,1.0785362869094035,1.9363849427040805,1.9363849427040805
INSTANCE_029,0.25,V1,4,1.0264248054620404,0.0,0.0
INSTANCE_029,0.25,V1,5,1.2493876552692316,18.933248571700915,0.0
INSTANCE_029,0.25,V1,6,1.2713073468204676,21.1138925528561,0.0
INSTANCE_029,0.25,V1,7,0.981521718152568,0.0,0.0
INSTANCE_029,0.25,V1,8,1.0139319529377937,0.0,0.0
INSTANCE_029,0.25,V1,9,0.877336123156705,0.0,0.0
INSTANCE_029,0.25,V1,10,0.9653098401769796,0.0,0.0
INSTANCE_029,0.25,V1,11,0.988489618059527,0.0,0.0
INSTANCE_029,0.25,V1,12,1.0448622446704332,0.0,0.0
INSTANCE_029,0.25,V1,13,0.915357795902608,0.0,0.0
INSTANCE_029,0.25,V1,14,1.2221999148590432,16.22852152989401,2.7795469094807004
INSTANCE_029,0.25,V1,15,1.1507454617812989,9.119994356209531,0.0
INSTANCE_029,0.25,V1,16,1.1407856705286128,8.129161123088466,0.0
INSTANCE_029,0.25,V1,17,1.037300829890777,0.0,0.0
INSTANCE_029,0.25,V1,18,1.0198225008889543,0.0,0.0
INSTANCE_029,0.25,V1,19,0.8875019040349109,0.0,0.0
INSTANCE_029,0.25,V2,0,0.9159238562700172,0.0,0.0
INSTANCE_029,0.25,V2,1,0.942893023971548,0.0,0.0
INSTANCE_029,0.25,V2,2,0.9483818233047572,0.0,0.0
INSTANCE_029,0.25,V2,3,0.986076097550492,0.0,0.0
INSTANCE_029,0.25,V2,4,0.885315360309711,0.0,0.0
INSTANCE_029,0.25,V2,5,1.1211662824292314,0.0,0.0
INSTANCE_029,0.25,V2,6,0.9497469781670528,0.0,0.0
INSTANCE_029,0.25,V2,7,1.0496155129586384,0.0,0.0
INSTANCE_029,0.25,V2,8,1.160923983700295,4.188291082983255,4.188291082983255
INSTANCE_029,0.25,V2,9,1.0578821955632134,0.0,0.0
INSTANCE_029,0.25,V2,10,0.942183973564033,0.0,0.0
INSTANCE_029,0.25,V2,11,0.9192690909414114,0.0,0.0
INSTANCE_029,0.25,V2,12,0.9674106629308494,0.0,0.0
INSTANCE_029,0.25,V2,13,1.2935671554928894,28.08904313633809,28.08904313633809
INSTANCE_029,0.25,V2,14,0.9339674447270956,0.0,0.0
INSTANCE_029,0.25,V2,15,0.9570901497288432,0.0,0.0
INSTANCE_029,0.25,V2,16,1.065177372702552,0.0,0.0
INSTANCE_029,0.25,V2,17,1.0295773633380825,0.0,0.0
INSTANCE_029,0.25,V2,18,1.3280913227765965,34.30989529891065,34.30989529891065
INSTANCE_029,0.25,V2,19,1.4051456778244835,56.78293622718343,56.78293622718343
INSTANCE_029,0.5,V1,0,1.3032943998413409,19.614722149331897,19.614722149331897
INSTANCE_029,0.5,V1,1,1.062927406870324,0.0,0.0
INSTANCE_029,0.5,V1,2,1.2425746475155326,14.511328165934742,14.511328165934742
INSTANCE_029,0.5,V1,3,1.0041622259219942,0.0,0.0
INSTANCE_029,0.5,V1,4,1.2935671554928894,18.79716347391843,18.79716347391843
INSTANCE_029,0.5,V1,5,0.9586483493825754,0.0,0.0
INSTANCE_029,0.5,V1,6,0.8856953239836636,0.0,0.0
INSTANCE_029,0.5,V1,7,0.8837955056139003,0.0,0.0
INSTANCE_029,0.5,V1,8,0.9339674447270956,0.0,0.0
INSTANCE_029,0.5,V1,9,1.1283086169871177,4.9074587434058685,4.9074587434058685
INSTANCE_029,0.5,V1,10,0.9867656612550728,0.0,0.0
INSTANCE_029,0.5,V1,11,0.8811862347754283,0.0,0.0
INSTANCE_029,0.5,V1,12,0.988489618059527,0.0,0.0
INSTANCE_029,0.5,V1,13,0.8685123035367265,0.0,0.0
INSTANCE_029,0.5,V1,14,0.872033779386232,0.0,0.0
INSTANCE_029,0.5,V1,15,0.9281026349887276,0.0,0.0
INSTANCE_029,0.5,V1,16,1.1173211796252085,3.983982945533057,3.983982945533057
INSTANCE_029,0.5,V1,17,1.0041622259219942,0.0,0.0
INSTANCE_029,0.5,V1,18,1.000865027584959,0.0,0.0
INSTANCE_029,0.5,V1,19,1.0990001848087976,2.4441338662048797,2.4441338662048797
INSTANCE_029,0.5,V2,0,0.9799329811532924,0.0,0.0
INSTANCE_029,0.5,V2,1,0.8752691297583073,0.0,0.0
INSTANCE_029,0.5,V2,2,0.916180219798298,0.0,0.0
INSTANCE_029,0.5,V2,3,1.293506016761943,7.778373815236478,7.778373815236478
INSTANCE_029,0.5,V2,4,0.9910777260686452,0.0,0.0
INSTANCE_029,0.5,V2,5,0.8862593856799581,0.0,0.0
INSTANCE_029,0.5,V2,6,1.2481529536265763,3.804840777069785,3.804840777069785
INSTANCE_029,0.5,V2,7,1.2405465364027972,3.138417209370459,3.138417209370459
INSTANCE_029,0.5,V2,8,1.0943620642162015,0.0,0.0
INSTANCE_029,0.5,V2,9,1.0638111394358234,0.0,0.0
INSTANCE_029,0.5,V2,10,1.095581603068848,0.0,0.0
INSTANCE_029,0.5,V2,11,1.0004443535173688,0.0,0.0
INSTANCE_029,0.5,V2,12,1.0377087743721027,0.0,0.0
INSTANCE_029,0.5,V2,13,1.0758685194769508,0.0,0.0
INSTANCE_029,0.5,V2,14,1.1765118377013857,0.0,0.0
INSTANCE_029,0.5,V2,15,1.0722453613941898,0.0,0.0
INSTANCE_029,0.5,V2,16,0.8619384808417672,0.0,0.0
INSTANCE_029,0.5,V2,17,1.0461369992519114,0.0,0.0
INSTANCE_029,0.5,V2,18,0.8511116192540826,0.0,0.0
INSTANCE_029,0.5,V2,19,0.9843594385968824,0.0,0.0
INSTANCE_029,0.75,V1,0,1.0377630079269302,0.0,0.0
INSTANCE_029,0.75,V1,1,0.982523803280152,0.0,0.0
INSTANCE_029,0.75,V1,2,1.0496155129586384,0.0,0.0
INSTANCE_029,0.75,V1,3,0.9310991020127204,0.0,0.0
INSTANCE_029,0.75,V1,4,1.0332808558291229,0.0,0.0
INSTANCE_029,0.75,V1,5,1.0456464605865234,0.0,0.0
INSTANCE_029,0.75,V1,6,0.9910777260686452,0.0,0.0
INSTANCE_029,0.75,V1,7,0.8765761958087996,0.0,0.0
INSTANCE_029,0.75,V1,8,0.992766257786804,0.0,0.0
INSTANCE_029,0.75,V1,9,1.2048152496246916,3.4158012088057603,3.4158012088057603
INSTANCE_029,0.75,V1,10,0.8916507079910542,0.0,0.0
INSTANCE_029,0.75,V1,11,1.2798533551847038,6.8202800580634175,0.0
INSTANCE_029,0.75,V1,12,1.012908100204927,0.0,0.0
INSTANCE_029,0.75,V1,13,0.9571698768690764,0.0,0.0
INSTANCE_029,0.75,V1,14,0.9165244620774072,0.0,0.0
INSTANCE_029,0.75,V1,15,0.8746763774390363,0.0,0.0
INSTANCE_029,0.75,V1,16,1.1229045019288375,0.0,0.0
INSTANCE_029,0.75,V1,17,1.0697925468478195,0.0,0.0
INSTANCE_029,0.75,V1,18,0.919153569936755,0.0,0.0
INSTANCE_029,0.75,V1,19,0.9129444607249626,0.0,0.0
INSTANCE_029,0.75,V2,0,1.2788437374224868,0.0,0.0
INSTANCE_029,0.75,V2,1,0.9388941757844352,0.0,0.0
INSTANCE_029,0.75,V2,2,0.9532421995654592,0.0,0.0
INSTANCE_029,0.75,V2,3,0.9935758266675258,0.0,0.0
INSTANCE_029,0.75,V2,4,1.0100583330311137,0.0,0.0
INSTANCE_029,0.75,V2,5,1.0496155129586384,0.0,0.0
INSTANCE_029,0.75,V2,6,0.9730064332140586,0.0,0.0
INSTANCE_029,0.75,V2,7,1.1690890500818183,0.0,0.0
INSTANCE_029,0.75,V2,8,1.0088685177384302,0.0,0.0
INSTANCE_029,0.75,V2,9,1.1376480387558012,0.0,0.0
INSTANCE_029,0.75,V2,10,1.0448622446704332,0.0,0.0
INSTANCE_029,0.75,V2,11,1.051176888443077,0.0,0.0
INSTANCE_029,0.75,V2,12,0.8837303374256351,0.0,0.0
INSTANCE_029,0.75,V2,13,0.9376469833370062,0.0,0.0
INSTANCE_029,0.75,V2,14,1.0088685177384302,0.0,0.0
INSTANCE_029,0.75,V2,15,0.964958632170245,0.0,0.0
INSTANCE_029,0.75,V2,16,0.957117167856376,0.0,0.0
INSTANCE_029,0.75,V2,17,1.4021645813362258,0.0,0.0
INSTANCE_029,0.75,V2,18,0.8935635626668319,0.0,0.0
INSTANCE_029,0.75,V2,19,1.1664775395814988,0.0,0.0
INSTANCE_031,0.25,V1,0,1.0197619269699187,21.438258560433383,21.438258560433383
INSTANCE_031,0.25,V1,1,1.0491025886038914,27.84998449246621,27.84998449246621
INSTANCE_031,0.25,V1,2,0.9749750855827264,12.977501709242915,12.977501709242915
INSTANCE_031,0.25,V1,3,0.8875019040349109,2.5155763009360044,2.5155763009360044
INSTANCE_031,0.25,V1,4,0.9211318449250818,5.7030781484080535,5.7030781484080535
INSTANCE_031,0.25,V1,5,0.956705244011982,9.5261154883774,9.5261154883774
INSTANCE_031,0.25,V1,6,0.9152523252187308,5.145807471440435,5.145807471440435
INSTANCE_031,0.25,V1,7,0.986076097550492,15.074612381760062,15.074612381760062
INSTANCE_031,0.25,V1,8,0.9888439124139718,15.597484900644304,15.597484900644304
INSTANCE_031,0.25,V1,9,0.901399027263804,3.832768802442388,3.832768802442388
INSTANCE_031,0.25,V1,10,1.039932545501351,25.25692555414525,25.25692555414525
INSTANCE_031,0.25,V1,11,0.9955838879647624,16.870744915237424,16.870744915237424
INSTANCE_031,0.25,V1,12,0.9800898437937272,13.94373920747978,13.94373920747978
INSTANCE_031,0.25,V1,13,0.8634422116178343,0.2351585541579197,0.2351585541579197
INSTANCE_031,0.25,V1,14,1.2455437625633596,127.73102860142797,127.73102860142797
INSTANCE_031,0.25,V1,15,1.065177372702552,32.60333038276883,32.60333038276883
INSTANCE_031,0.25,V1,16,1.2170262149925093,109.50712747250702,109.50712747250702
INSTANCE_031,0.25,V1,17,1.085208594166825,41.52655679258555,41.52655679258555
INSTANCE_031,0.25,V1,18,1.0968116297819277,46.771438304893536,46.771438304893536
INSTANCE_031,0.25,V1,19,0.992766257786804,16.33846170226866,16.33846170226866
INSTANCE_031,0.5,V1,0,1.5749158421982845,163.31539094205857,163.31539094205857
INSTANCE_031,0.5,V1,1,0.9829524543843334,15.996068789757942,15.996068789757942
INSTANCE_031,0.5,V1,2,0.9674106629308494,14.438081905503736,14.438081905503736
INSTANCE_031,0.5,V1,3,0.9336186647134512,11.05060304420067,11.05060304420067
INSTANCE_031,0.5,V1,4,1.0186056551989542,19.570123905419337,19.570123905419337
INSTANCE_031,0.5,V1,5,0.8765761958087996,6.951808118227859,6.951808118227859
INSTANCE_031,0.5,V1,6,0.8935635626668319,7.808792463937607,7.808792463937607
INSTANCE_031,0.5,V1,7,1.2442988178327796,62.43390634253217,62.43390634253217
INSTANCE_031,0.5,V1,8,1.0887542440718676,27.25816690586487,27.25816690586487
INSTANCE_031,0.5,V1,9,1.0955550431636287,28.27675658983287,28.27675658983287
INSTANCE_031,0.5,V1,10,0.9946032170381304,17.163999491988307,17.163999491988307
INSTANCE_031,0.5,V1,11,0.9601441557445912,13.709650892617104,13.709650892617104
INSTANCE_031,0.5,V1,12,1.026209413070951,20.332362613298077,20.332362613298077
INSTANCE_031,0.5,V1,13,1.0611621284754895,23.836197569025785,23.836197569025785
INSTANCE_031,0.5,V1,14,1.0459543909654907,22.311697922336293,22.311697922336293
INSTANCE_031,0.5,V1,15,0.9706772601608552,14.765541944825486,14.765541944825486
INSTANCE_031,0.5,V1,16,0.982523803280152,15.953098659819943,15.953098659819943
INSTANCE_031,0.5,V1,17,1.0259774424872496,20.309108722135196,20.309108722135196
INSTANCE_031,0.5,V1,18,0.9767555071547408,15.37485581472754,15.37485581472754
INSTANCE_031,0.5,V1,19,1.0040127080205763,18.10725391552353,18.10725391552353
INSTANCE_031,0.75,V1,0,0.9779301014755536,17.64515379183547,17.64515379183547
INSTANCE_031,0.75,V1,1,1.1365853378946085,18.0753739079247,18.0753739079247
INSTANCE_031,0.75,V1,2,0.9940166810593172,17.688775233473166,17.688775233473166
INSTANCE_031,0.75,V1,3,0.877336123156705,17.37237645396067,17.37237645396067
INSTANCE_031,0.75,V1,4,1.0795877110532444,17.920815343139907,17.920815343139907
INSTANCE_031,0.75,V1,5,1.1283086169871177,18.05293019973101,18.05293019973101
INSTANCE_031,0.75,V1,6,0.9279359724178208,17.50958637854046,17.50958637854046
INSTANCE_031,0.75,V1,7,1.1318499454201147,18.06253310199793,18.06253310199793
INSTANCE_031,0.75,V1,8,1.0323934338889285,17.792840194895916,17.792840194895916
INSTANCE_031,0.75,V1,9,0.8750430865662231,17.366158503073052,17.366158503073052
INSTANCE_031,0.75,V1,10,0.9507492824146152,17.571448470814744,17.571448470814744
INSTANCE_031,0.75,V1,11,0.9242822870895306,17.499678801825326,17.499678801825326
INSTANCE_031,0.75,V1,12,1.0785362869094035,17.91796423133701,17.91796423133701
INSTANCE_031,0.75,V1,13,0.9837153170819758,17.66084136815448,17.66084136815448
INSTANCE_031,0.75,V1,14,1.1664775395814988,18.15643159483261,18.15643159483261
INSTANCE_031,0.75,V1,15,0.9782508662188903,17.6460235988975,17.6460235988975
INSTANCE_031,0.75,V1,16,1.0259774424872496,17.775442164878427,17.775442164878427
INSTANCE_031,0.75,V1,17,1.0139319529377937,17.742778812383676,17.742778812383676
INSTANCE_031,0.75,V1,18,1.0311264201890464,17.789404476080108,17.789404476080108
INSTANCE_031,0.75,V1,19,1.0284640600424286,17.78218504281574,17.78218504281574
INSTANCE_032,0.25,V1,0,1.1634910127954592,0.0,0.0
INSTANCE_032,0.25,V1,1,1.0204846158059413,0.0,0.0
INSTANCE_032,0.25,V1,2,0.9642920176961438,0.0,0.0
INSTANCE_032,0.25,V1,3,1.2633826575925584,0.0,0.0
INSTANCE_032,0.25,V1,4,0.8693568860036992,0.0,0.0
INSTANCE_032,0.25,V1,5,1.0718567699021446,0.0,0.0
INSTANCE_032,0.25,V1,6,0.9467428209320584,0.0,0.0
INSTANCE_032,0.25,V1,7,0.9429615932852622,0.0,0.0
INSTANCE_032,0.25,V1,8,1.0456464605865234,0.0,0.0
INSTANCE_032,0.25,V1,9,0.8750430865662231,0.0,0.0
INSTANCE_032,0.25,V1,10,0.8941170504784879,0.0,0.0
INSTANCE_032,0.25,V1,11,1.2935671554928894,0.7210703178358244,0.7210703178358244
INSTANCE_032,0.25,V1,12,0.9507492824146152,0.0,0.0
INSTANCE_032,0.25,V1,13,0.9533847620609482,0.0,0.0
INSTANCE_032,0.25,V1,14,1.2232753997046582,0.0,0.0
INSTANCE_032,0.25,V1,15,1.0004212476182772,0.0,0.0
INSTANCE_032,0.25,V1,16,1.1049113734112834,0.0,0.0
INSTANCE_032,0.25,V1,17,0.8758162684608942,0.0,0.0
INSTANCE_032,0.25,V1,18,0.9141241600590736,0.0,0.0
INSTANCE_032,0.25,V1,19,0.9768866057323032,0.0,0.0
INSTANCE_032,0.5,V1,0,0.8750430865662231,0.0,0.0
INSTANCE_032,0.5,V1,1,0.9898663445470748,0.0,0.0
INSTANCE_032,0.5,V1,2,0.8667695143191644,0.0,0.0
INSTANCE_032,0.5,V1,3,0.9467289146039016,0.0,0.0
INSTANCE_032,0.5,V1,4,0.9941478126347248,0.0,0.0
INSTANCE_032,0.5,V1,5,0.9670219792098108,0.0,0.0
INSTANCE_032,0.5,V1,6,0.865848180859542,0.0,0.0
INSTANCE_032,0.5,V1,7,0.9652660500372512,0.0,0.0
INSTANCE_032,0.5,V1,8,1.188205668839501,0.0,0.0
INSTANCE_032,0.5,V1,9,1.0793958457459554,0.0,0.0
INSTANCE_032,0.5,V1,10,1.0227149055229203,0.0,0.0
INSTANCE_032,0.5,V1,11,0.9374865383394811,0.0,0.0
INSTANCE_032,0.5,V1,12,0.9529172306337892,0.0,0.0
INSTANCE_032,0.5,V1,13,1.029972959035976,0.0,0.0
INSTANCE_032,0.5,V1,14,0.8667695143191644,0.0,0.0
INSTANCE_032,0.5,V1,15,0.9467289146039016,0.0,0.0
INSTANCE_032,0.5,V1,16,0.8795782850346832,0.0,0.0
INSTANCE_032,0.5,V1,17,1.0693292467678963,0.0,0.0
INSTANCE_032,0.5,V1,18,0.9505152028932846,0.0,0.0
INSTANCE_032,0.5,V1,19,0.9879991545896802,0.0,0.0
INSTANCE_032,0.75,V1,0,0.9757918589093308,0.0,0.0
INSTANCE_032,0.75,V1,1,1.0506100185940264,0.0,0.0
INSTANCE_032,0.75,V1,2,0.9293519926534468,0.0,0.0
INSTANCE_032,0.75,V1,3,0.8699925994870982,0.0,0.0
INSTANCE_032,0.75,V1,4,0.9739961677840204,0.0,0.0
INSTANCE_032,0.75,V1,5,1.388857765375337,0.0,0.0
INSTANCE_032,0.75,V1,6,0.9611497769027638,0.0,0.0
INSTANCE_032,0.75,V1,7,1.000865027584959,0.0,0.0
INSTANCE_032,0.75,V1,8,0.9673241866044946,0.0,0.0
INSTANCE_032,0.75,V1,9,0.9976911335901408,0.0,0.0
INSTANCE_032,0.75,V1,10,0.8676319715473424,0.0,0.0
INSTANCE_032,0.75,V1,11,1.0237060342378992,0.0,0.0
INSTANCE_032,0.75,V1,12,0.9765066420583508,0.0,0.0
INSTANCE_032,0.75,V1,13,1.0022179648717555,0.0,0.0
INSTANCE_032,0.75,V1,14,0.9977207993103812,0.0,0.0
INSTANCE_032,0.75,V1,15,0.9791584718661454,0.0,0.0
INSTANCE_032,0.75,V1,16,0.9452907471448646,0.0,0.0
INSTANCE_032,0.75,V1,17,0.9242822870895306,0.0,0.0
INSTANCE_032,0.75,V1,18,1.131482948891816,0.0,0.0
INSTANCE_032,0.75,V1,19,0.9494934942862694,0.0,0.0
INSTANCE_033,0.25,V1,0,0.9420001584075408,0.0,0.0
INSTANCE_033,0.25,V1,1,0.8742533364880948,0.0,0.0
INSTANCE_033,0.25,V1,2,1.035078042398154,0.0,0.0
INSTANCE_033,0.25,V1,3,1.062927406870324,0.0,0.0
INSTANCE_033,0.25,V1,4,1.0377087743721027,0.0,0.0
INSTANCE_033,0.25,V1,5,0.9563727735787926,0.0,0.0
INSTANCE_033,0.25,V1,6,0.986982783354474,0.0,0.0
INSTANCE_033,0.25,V1,7,0.8496078884780153,0.0,0.0
INSTANCE_033,0.25,V1,8,0.980821959833786,0.0,0.0
INSTANCE_033,0.25,V1,9,1.188205668839501,0.0,0.0
INSTANCE_033,0.25,V1,10,1.0236024127383032,0.0,0.0
INSTANCE_033,0.25,V1,11,0.8616377346865536,0.0,0.0
INSTANCE_033,0.25,V1,12,0.8837955056139003,0.0,0.0
INSTANCE_033,0.25,V1,13,1.1028326622332307,0.0,0.0
INSTANCE_033,0.25,V1,14,0.9683430660932292,0.0,0.0
INSTANCE_033,0.25,V1,15,1.0012739989705866,0.0,0.0
INSTANCE_033,0.25,V1,16,1.0313099029928987,0.0,0.0
INSTANCE_033,0.25,V1,17,1.0058244244284724,0.0,0.0
INSTANCE_033,0.25,V1,18,0.9452907471448646,0.0,0.0
INSTANCE_033,0.25,V1,19,0.8693568860036992,0.0,0.0
INSTANCE_033,0.5,V1,0,0.9281026349887276,0.0,0.0
INSTANCE_033,0.5,V1,1,1.0079500127579115,0.0,0.0
INSTANCE_033,0.5,V1,2,0.9603552986534024,0.0,0.0
INSTANCE_033,0.5,V1,3,1.1131701426062446,0.0,0.0
INSTANCE_033,0.5,V1,4,0.8907514742588356,0.0,0.0
INSTANCE_033,0.5,V1,5,1.161556407633213,0.0,0.0
INSTANCE_033,0.5,V1,6,0.9270299655976186,0.0,0.0
INSTANCE_033,0.5,V1,7,0.9779301014755536,0.0,0.0
INSTANCE_033,0.5,V1,8,1.030416766768407,0.0,0.0
INSTANCE_033,0.5,V1,9,1.0298193229305517,0.0,0.0
INSTANCE_033,0.5,V1,10,1.002312508247636,0.0,0.0
INSTANCE_033,0.5,V1,11,1.077588474551294,0.0,0.0
INSTANCE_033,0.5,V1,12,0.8907048561511263,0.0,0.0
INSTANCE_033,0.5,V1,13,1.1350028873595026,0.0,0.0
INSTANCE_033,0.5,V1,14,0.9465547524469162,0.0,0.0
INSTANCE_033,0.5,V1,15,0.940127050115456,0.0,0.0
INSTANCE_033,0.5,V1,16,1.0392318228862991,0.0,0.0
INSTANCE_033,0.5,V1,17,0.9710901386211532,0.0,0.0
INSTANCE_033,0.5,V1,18,1.0018575517432975,0.0,0.0
INSTANCE_033,0.5,V1,19,0.9814461698197354,0.0,0.0
INSTANCE_033,0.75,V1,0,0.9837153170819758,0.0,0.0
INSTANCE_033,0.75,V1,1,1.2954936128766912,0.0,0.0
INSTANCE_033,0.75,V1,2,1.1648884684697969,0.0,0.0
INSTANCE_033,0.75,V1,3,1.1448046847804845,0.0,0.0
INSTANCE_033,0.75,V1,4,1.0290682836218026,0.0,0.0
INSTANCE_033,0.75,V1,5,0.9776148694407124,0.0,0.0
INSTANCE_033,0.75,V1,6,0.8787802655337207,0.0,0.0
INSTANCE_033,0.75,V1,7,0.8659070570909859,0.0,0.0
INSTANCE_033,0.75,V1,8,1.095581603068848,0.0,0.0
INSTANCE_033,0.75,V1,9,1.074884193292617,0.0,0.0
INSTANCE_033,0.75,V1,10,0.956705244011982,0.0,0.0
INSTANCE_033,0.75,V1,11,0.9281026349887276,0.0,0.0
INSTANCE_033,0.75,V1,12,0.9341773555741504,0.0,0.0
INSTANCE_033,0.75,V1,13,0.9505152028932846,0.0,0.0
INSTANCE_033,0.75,V1,14,0.953831281823618,0.0,0.0
INSTANCE_033,0.75,V1,15,1.552989806209048,0.0,0.0
INSTANCE_033,0.75,V1,16,1.324959031920991,0.0,0.0
INSTANCE_033,0.75,V1,17,0.9799329811532924,0.0,0.0
INSTANCE_033,0.75,V1,18,0.9780264967541612,0.0,0.0
INSTANCE_033,0.75,V1,19,1.3305307464676754,0.0,0.0
INSTANCE_034,0.25,V1,0,0.953831281823618,0.0,0.0
INSTANCE_034,0.25,V1,1,1.0835239337129088,0.0,0.0
INSTANCE_034,0.25,V1,2,0.9800898437937272,0.0,0.0
INSTANCE_034,0.25,V1,3,1.1376480387558012,0.0,0.0
INSTANCE_034,0.25,V1,4,1.0377630079269302,0.0,0.0
INSTANCE_034,0.25,V1,5,1.2455437625633596,0.0,0.0
INSTANCE_034,0.25,V1,6,0.8687250859411962,0.0,0.0
INSTANCE_034,0.25,V1,7,0.9563727735787926,0.0,0.0
INSTANCE_034,0.25,V1,8,1.0448622446704332,0.0,0.0
INSTANCE_034,0.25,V1,9,0.8676319715473424,0.0,0.0
INSTANCE_034,0.25,V1,10,1.023883842600355,0.0,0.0
INSTANCE_034,0.25,V1,11,0.8625399731521941,0.0,0.0
INSTANCE_034,0.25,V1,12,0.915357795902608,0.0,0.0
INSTANCE_034,0.25,V1,13,1.0697925468478195,0.0,0.0
INSTANCE_034,0.25,V1,14,0.8631968353942979,0.0,0.0
INSTANCE_034,0.25,V1,15,1.102773106086061,0.0,0.0
INSTANCE_034,0.25,V1,16,1.0480976118828749,0.0,0.0
INSTANCE_034,0.25,V1,17,0.9268717304422636,0.0,0.0
INSTANCE_034,0.25,V1,18,1.152885779507178,0.0,0.0
INSTANCE_034,0.25,V1,19,1.2334711323482457,0.0,0.0
INSTANCE_034,0.5,V1,0,0.9652394024198532,0.0,0.0
INSTANCE_034,0.5,V1,1,0.8758162684608942,0.0,0.0
INSTANCE_034,0.5,V1,2,0.9800898437937272,0.0,0.0
INSTANCE_034,0.5,V1,3,0.9865782319571728,0.0,0.0
INSTANCE_034,0.5,V1,4,1.0075822425351937,0.0,0.0
INSTANCE_034,0.5,V1,5,1.137946263964407,0.0,0.0
INSTANCE_034,0.5,V1,6,1.308671119471844,0.0,0.0
INSTANCE_034,0.5,V1,7,0.872033779386232,0.0,0.0
INSTANCE_034,0.5,V1,8,1.2381209749437925,0.0,0.0
INSTANCE_034,0.5,V1,9,1.110209415093905,0.0,0.0
INSTANCE_034,0.5,V1,10,0.9706772601608552,0.0,0.0
INSTANCE_034,0.5,V1,11,1.2633826575925584,0.0,0.0
INSTANCE_034,0.5,V1,12,0.915357795902608,0.0,0.0
INSTANCE_034,0.5,V1,13,0.988489618059527,0.0,0.0
INSTANCE_034,0.5,V1,14,1.006914675427749,0.0,0.0
INSTANCE_034,0.5,V1,15,1.052485304120219,0.0,0.0
INSTANCE_034,0.5,V1,16,0.982523803280152,0.0,0.0
INSTANCE_034,0.5,V1,17,1.0248075301501796,0.0,0.0
INSTANCE_034,0.5,V1,18,0.9570901497288432,0.0,0.0
INSTANCE_034,0.5,V1,19,1.419554215760268,0.0,0.0
INSTANCE_034,0.75,V1,0,0.9774481250825152,0.0,0.0
INSTANCE_034,0.75,V1,1,1.2923715854488511,0.0,0.0
INSTANCE_034,0.75,V1,2,1.1002537364850078,0.0,0.0
INSTANCE_034,0.75,V1,3,0.8960308343539007,0.0,0.0
INSTANCE_034,0.75,V1,4,0.8625399731521941,0.0,0.0
INSTANCE_034,0.75,V1,5,1.0337368668224365,0.0,0.0
INSTANCE_034,0.75,V1,6,1.1699271502839552,0.0,0.0
INSTANCE_034,0.75,V1,7,1.2767554651595572,0.0,0.0
INSTANCE_034,0.75,V1,8,1.1395274132691646,0.0,0.0
INSTANCE_034,0.75,V1,9,0.9814461698197354,0.0,0.0
INSTANCE_034,0.75,V1,10,1.2170262149925093,0.0,0.0
INSTANCE_034,0.75,V1,11,1.3098670257269611,0.0,0.0
INSTANCE_034,0.75,V1,12,1.035078042398154,0.0,0.0
INSTANCE_034,0.75,V1,13,1.044234363134732,0.0,0.0
INSTANCE_034,0.75,V1,14,1.0076298823575358,0.0,0.0
INSTANCE_034,0.75,V1,15,0.97484902275561,0.0,0.0
INSTANCE_034,0.75,V1,16,0.959116663272508,0.0,0.0
INSTANCE_034,0.75,V1,17,0.8795782850346832,0.0,0.0
INSTANCE_034,0.75,V1,18,0.9603552986534024,0.0,0.0
INSTANCE_034,0.75,V1,19,1.0389137717478982,0.0,0.0
INSTANCE_035,0.25,V1,0,0.8685123035367265,0.0,0.0
INSTANCE_035,0.25,V1,1,1.0217346608569735,0.0,0.0
INSTANCE_035,0.25,V1,2,1.304285912273997,0.0,0.0
INSTANCE_035,0.25,V1,3,1.0148402960482492,0.0,0.0
INSTANCE_035,0.25,V1,4,0.882293744426373,0.0,0.0
INSTANCE_035,0.25,V1,5,0.9400305127732984,0.0,0.0
INSTANCE_035,0.25,V1,6,0.9586483493825754,0.0,0.0
INSTANCE_035,0.25,V1,7,1.1739973899230636,0.0,0.0
INSTANCE_035,0.25,V1,8,1.1935103834373952,0.0,0.0
INSTANCE_035,0.25,V1,9,0.9778499895358336,0.0,0.0
INSTANCE_035,0.25,V1,10,1.1921550252101862,0.0,0.0
INSTANCE_035,0.25,V1,11,1.1131701426062446,0.0,0.0
INSTANCE_035,0.25,V1,12,1.0070935069548954,0.0,0.0
INSTANCE_035,0.25,V1,13,1.0920709533600874,0.0,0.0
INSTANCE_035,0.25,V1,14,1.0093114265817889,0.0,0.0
INSTANCE_035,0.25,V1,15,1.1063826311913016,0.0,0.0
INSTANCE_035,0.25,V1,16,1.110209415093905,0.0,0.0
INSTANCE_035,0.25,V1,17,1.19980210899308,0.0,0.0
INSTANCE_035,0.25,V1,18,1.3139055004855815,0.0,0.0
INSTANCE_035,0.25,V1,19,1.1318499454201147,0.0,0.0
INSTANCE_035,0.25,V2,0,0.9659105456587898,0.0,0.0
INSTANCE_035,0.25,V2,1,0.8745698193607322,0.0,0.0
INSTANCE_035,0.25,V2,2,1.0160342584089286,0.0,0.0
INSTANCE_035,0.25,V2,3,1.0199306231308554,0.0,0.0
INSTANCE_035,0.25,V2,4,1.0291748740913935,0.884894387819827,0.884894387819827
INSTANCE_035,0.25,V2,5,1.1138635101922394,13.889018312647408,13.889018312647408
INSTANCE_035,0.25,V2,6,0.8795782850346832,0.0,0.0
INSTANCE_035,0.25,V2,7,1.024982501399423,0.2471296920540453,0.2471296920540453
INSTANCE_035,0.25,V2,8,1.1388081253872318,21.3519482866858,21.3519482866858
INSTANCE_035,0.25,V2,9,1.001301093002179,0.0,0.0
INSTANCE_035,0.25,V2,10,1.0408052245863542,2.654161456865836,2.654161456865836
INSTANCE_035,0.25,V2,11,0.9698370112915492,0.0,0.0
INSTANCE_035,0.25,V2,12,0.8680632001614316,0.0,0.0
INSTANCE_035,0.25,V2,13,0.9935758266675258,0.0,0.0
INSTANCE_035,0.25,V2,14,1.044234363134732,3.1758191585379336,3.1758191585379336
INSTANCE_035,0.25,V2,15,0.9683430660932292,0.0,0.0
INSTANCE_035,0.25,V2,16,1.5749158421982845,262.0900838445149,262.0900838445149
INSTANCE_035,0.25,V2,17,0.9459966876449238,0.0,0.0
INSTANCE_035,0.25,V2,18,1.0055870301737375,0.0,0.0
INSTANCE_035,0.25,V2,19,0.956705244011982,0.0,0.0
INSTANCE_035,0.5,V1,0,0.958080808705026,0.0,0.0
INSTANCE_035,0.5,V1,1,1.0635938190376404,0.0,0.0
INSTANCE_035,0.5,V1,2,1.047497102792718,0.0,0.0
INSTANCE_035,0.5,V1,3,1.037300829890777,0.0,0.0
INSTANCE_035,0.5,V1,4,0.8659070570909859,0.0,0.0
INSTANCE_035,0.5,V1,5,0.9611497769027638,0.0,0.0
INSTANCE_035,0.5,V1,6,1.185771088515122,0.0,0.0
INSTANCE_035,0.5,V1,7,1.155646810374408,0.0,0.0
INSTANCE_035,0.5,V1,8,0.8616377346865536,0.0,0.0
INSTANCE_035,0.5,V1,9,0.8783423310657517,0.0,0.0
INSTANCE_035,0.5,V1,10,1.0518190364867388,0.0,0.0
INSTANCE_035,0.5,V1,11,1.037300829890777,0.0,0.0
INSTANCE_035,0.5,V1,12,0.9457295844681848,0.0,0.0
INSTANCE_035,0.5,V1,13,1.3081670844429127,0.0,0.0
INSTANCE_035,0.5,V1,14,1.0961923120914805,0.0,0.0
INSTANCE_035,0.5,V1,15,1.0929359703127333,0.0,0.0
INSTANCE_035,0.5,V1,16,1.4021645813362258,0.0,0.0
INSTANCE_035,0.5,V1,17,1.2425746475155326,0.0,0.0
INSTANCE_035,0.5,V1,18,1.0932122742009152,0.0,0.0
INSTANCE_035,0.5,V1,19,1.0572782377833292,0.0,0.0
INSTANCE_035,0.5,V2,0,1.080696239419903,3.863054550552647,3.863054550552647
INSTANCE_035,0.5,V2,1,1.293506016761943,33.10689937768848,33.10689937768848
INSTANCE_035,0.5,V2,2,0.9457295844681848,0.0,0.0
INSTANCE_035,0.5,V2,3,0.901399027263804,0.0,0.0
INSTANCE_035,0.5,V2,4,1.1457195343963222,9.839020475360712,9.839020475360712
INSTANCE_035,0.5,V2,5,0.980038896953244,0.0,0.0
INSTANCE_035,0.5,V2,6,0.9332125938313875,0.0,0.0
INSTANCE_035,0.5,V2,7,0.9730064332140586,0.0,0.0
INSTANCE_035,0.5,V2,8,1.031028278224195,0.0,0.0
INSTANCE_035,0.5,V2,9,0.9410056319518668,0.0,0.0
INSTANCE_035,0.5,V2,10,0.882293744426373,0.0,0.0
INSTANCE_035,0.5,V2,11,1.057495060469951,1.7307501991573415,1.7307501991573415
INSTANCE_035,0.5,V2,12,1.2481529536265763,24.17819226454776,24.17819226454776
INSTANCE_035,0.5,V2,13,0.8539188058970851,0.0,0.0
INSTANCE_035,0.5,V2,14,1.0408052245863542,0.1968708322754082,0.1968708322754082
INSTANCE_035,0.5,V2,15,0.9683430660932292,0.0,0.0
INSTANCE_035,0.5,V2,16,1.19980210899308,15.5359622947567,15.5359622947567
INSTANCE_035,0.5,V2,17,0.9301510738361254,0.0,0.0
INSTANCE_035,0.5,V2,18,1.085653212967671,4.318625204460318,4.318625204460318
INSTANCE_035,0.5,V2,19,1.0136142055379385,0.0,0.0
INSTANCE_035,0.75,V1,0,1.0569736132014742,0.0,0.0
INSTANCE_035,0.75,V1,1,0.9739961677840204,0.0,0.0
INSTANCE_035,0.75,V1,2,1.0277338873858977,0.0,0.0
INSTANCE_035,0.75,V1,3,1.070257940710809,0.0,0.0
INSTANCE_035,0.75,V1,4,0.8537198344567576,0.0,0.0
INSTANCE_035,0.75,V1,5,0.9532421995654592,0.0,0.0
INSTANCE_035,0.75,V1,6,1.1947673996824753,0.0,0.0
INSTANCE_035,0.75,V1,7,1.2002083133375885,0.0,0.0
INSTANCE_035,0.75,V1,8,0.8945535962683786,0.0,0.0
INSTANCE_035,0.75,V1,9,0.9467428209320584,0.0,0.0
INSTANCE_035,0.75,V1,10,1.1229045019288375,0.0,0.0
INSTANCE_035,0.75,V1,11,0.9704608909424204,0.0,0.0
INSTANCE_035,0.75,V1,12,0.8676319715473424,0.0,0.0
INSTANCE_035,0.75,V1,13,0.9919309100108846,0.0,0.0
INSTANCE_035,0.75,V1,14,0.938547427936957,0.0,0.0
INSTANCE_035,0.75,V1,15,0.8797734030963599,0.0,0.0
INSTANCE_035,0.75,V1,16,0.8920130963631127,0.0,0.0
INSTANCE_035,0.75,V1,17,1.082883138706362,0.0,0.0
INSTANCE_035,0.75,V1,18,0.90047418981061,0.0,0.0
INSTANCE_035,0.75,V1,19,1.0448622446704332,0.0,0.0
INSTANCE_035,0.75,V2,0,1.0236024127383032,0.0,0.0
INSTANCE_035,0.75,V2,1,0.915357795902608,0.0,0.0
INSTANCE_035,0.75,V2,2,0.8795782850346832,0.0,0.0
INSTANCE_035,0.75,V2,3,1.177996395225299,2.110511962735813,2.110511962735813
INSTANCE_035,0.75,V2,4,0.9405684112303276,0.0,0.0
INSTANCE_035,0.75,V2,5,1.1690890500818183,1.8270802402701063,1.8270802402701063
INSTANCE_035,0.75,V2,6,0.8619384808417672,0.0,0.0
INSTANCE_035,0.75,V2,7,0.8679353358630678,0.0,0.0
INSTANCE_035,0.75,V2,8,1.0377087743721027,0.0,0.0
INSTANCE_035,0.75,V2,9,1.069160783951708,0.0,0.0
INSTANCE_035,0.75,V2,10,0.8982002670749375,0.0,0.0
INSTANCE_035,0.75,V2,11,1.2788437374224868,5.319474391450058,1.65345567750569
INSTANCE_035,0.75,V2,12,1.0079500127579115,0.0,0.0
INSTANCE_035,0.75,V2,13,1.304285912273997,6.1290443952252645,2.3900914467063785
INSTANCE_035,0.75,V2,14,0.9851915260344116,0.0,0.0
INSTANCE_035,0.75,V2,15,1.0264248054620404,0.0,0.0
INSTANCE_035,0.75,V2,16,1.552989806209048,14.04280230023869,14.04280230023869
INSTANCE_035,0.75,V2,17,1.0866961075046238,0.0,0.0
INSTANCE_035,0.75,V2,18,0.9677097615563328,0.0,0.0
INSTANCE_035,0.75,V2,19,0.954987878669527,0.0,0.0
INSTANCE_036,0.25,V1,0,1.1989320954418774,65.26516388206176,65.26516388206176
INSTANCE_036,0.25,V1,1,1.3694375620705848,202.56338355229852,202.56338355229852
INSTANCE_036,0.25,V1,2,1.1811335905313414,55.480396344592805,55.480396344592805
INSTANCE_036,0.25,V1,3,0.9698370112915492,0.0,0.0
INSTANCE_036,0.25,V1,4,0.8913495453222449,0.0,0.0
INSTANCE_036,0.25,V1,5,0.9958628462390396,0.0,0.0
INSTANCE_036,0.25,V1,6,1.1739973899230636,51.836117098960585,51.836117098960585
INSTANCE_036,0.25,V1,7,1.188205668839501,59.09192993461204,59.09192993461204
INSTANCE_036,0.25,V1,8,0.9514081523261984,0.0,0.0
INSTANCE_036,0.25,V1,9,0.9847151278109908,0.0,0.0
INSTANCE_036,0.25,V1,10,1.0725153203874618,11.734831564257776,11.734831564257776
INSTANCE_036,0.25,V1,11,0.9270299655976186,0.0,0.0
INSTANCE_036,0.25,V1,12,0.8765761958087996,0.0,0.0
INSTANCE_036,0.25,V1,13,0.9505152028932846,0.0,0.0
INSTANCE_036,0.25,V1,14,1.2935671554928894,136.79404586736302,136.79404586736302
INSTANCE_036,0.25,V1,15,1.004946172365598,0.0,0.0
INSTANCE_036,0.25,V1,16,0.9242822870895306,0.0,0.0
INSTANCE_036,0.25,V1,17,0.9776540571133564,0.0,0.0
INSTANCE_036,0.25,V1,18,0.8971002760274478,0.0,0.0
INSTANCE_036,0.25,V1,19,1.024227123207293,2.4129116641933024,2.4129116641933024
INSTANCE_036,0.5,V1,0,0.9846497010211196,0.0,0.0
INSTANCE_036,0.5,V1,1,0.9790806886126946,0.0,0.0
INSTANCE_036,0.5,V1,2,0.9757918589093308,0.0,0.0
INSTANCE_036,0.5,V1,3,0.9653098401769796,0.0,0.0
INSTANCE_036,0.5,V1,4,0.9765066420583508,0.0,0.0
INSTANCE_036,0.5,V1,5,0.9242822870895306,0.0,0.0
INSTANCE_036,0.5,V1,6,0.8560890846911426,0.0,0.0
INSTANCE_036,0.5,V1,7,0.9632079134700076,0.0,0.0
INSTANCE_036,0.5,V1,8,1.0943999581416457,7.624969165985362,7.624969165985362
INSTANCE_036,0.5,V1,9,1.0943620642162015,7.62119650992463,7.62119650992463
INSTANCE_036,0.5,V1,10,0.8679353358630678,0.0,0.0
INSTANCE_036,0.5,V1,11,1.044234363134732,2.6305661364220896,2.6305661364220896
INSTANCE_036,0.5,V1,12,0.9971889735237308,0.0,0.0
INSTANCE_036,0.5,V1,13,0.8851375383563126,0.0,0.0
INSTANCE_036,0.5,V1,14,1.373729796677665,74.10315146975609,74.10315146975609
INSTANCE_036,0.5,V1,15,0.8980868940931249,0.0,0.0
INSTANCE_036,0.5,V1,16,0.8811862347754283,0.0,0.0
INSTANCE_036,0.5,V1,17,1.2221999148590432,30.67022485487541,30.67022485487541
INSTANCE_036,0.5,V1,18,0.9529172306337892,0.0,0.0
INSTANCE_036,0.5,V1,19,0.9873198867754548,0.0,0.0
INSTANCE_036,0.75,V1,0,0.9393719900324564,0.0,0.0
INSTANCE_036,0.75,V1,1,0.9389862098912972,0.0,0.0
INSTANCE_036,0.75,V1,2,0.9706772601608552,0.0,0.0
INSTANCE_036,0.75,V1,3,1.0093114265817889,0.0,0.0
INSTANCE_036,0.75,V1,4,1.031028278224195,0.0,0.0
INSTANCE_036,0.75,V1,5,0.986076097550492,0.0,0.0
INSTANCE_036,0.75,V1,6,1.2002136116675404,8.262040262149412,8.262040262149412
INSTANCE_036,0.75,V1,7,1.58847655058736,46.93794947229799,19.277672643317487
INSTANCE_036,0.75,V1,8,1.023883842600355,0.0,0.0
INSTANCE_036,0.75,V1,9,0.8765761958087996,0.0,0.0
INSTANCE_036,0.75,V1,10,1.0572782377833292,1.0976428718263378,1.0976428718263378
INSTANCE_036,0.75,V1,11,1.041800250400152,0.3218345508901166,0.3218345508901166
INSTANCE_036,0.75,V1,12,1.0380336169762574,0.133038328239877,0.133038328239877
INSTANCE_036,0.75,V1,13,1.0022179648717555,0.0,0.0
INSTANCE_036,0.75,V1,14,0.9389862098912972,0.0,0.0
INSTANCE_036,0.75,V1,15,1.3081670844429127,17.176679243419358,17.176679243419358
INSTANCE_036,0.75,V1,16,0.9333414246843322,0.0,0.0
INSTANCE_036,0.75,V1,17,1.0160342584089286,0.0,0.0
INSTANCE_036,0.75,V1,18,1.0635938190376404,1.4142008562298545,1.4142008562298545
INSTANCE_036,0.75,V1,19,0.9047059775316004,0.0,0.0
INSTANCE_039,0.25,V1,0,1.1989320954418774,10.49212418063621,10.49212418063621
INSTANCE_039,0.25,V1,1,1.0186056551989542,0.0,0.0
INSTANCE_039,0.25,V1,2,1.0850445936634314,2.8624208114920293,2.8624208114920293
INSTANCE_039,0.25,V1,3,0.8894972007448494,0.0,0.0
INSTANCE_039,0.25,V1,4,1.0259774424872496,0.0,0.0
INSTANCE_039,0.25,V1,5,1.053765922428726,0.7669583632417698,0.7669583632417698
INSTANCE_039,0.25,V1,6,0.9884310339536738,0.0,0.0
INSTANCE_039,0.25,V1,7,0.9367595559628464,0.0,0.0
INSTANCE_039,0.25,V1,8,0.9947832248597468,0.0,0.0
INSTANCE_039,0.25,V1,9,0.9465547524469162,0.0,0.0
INSTANCE_039,0.25,V1,10,0.9653098401769796,0.0,0.0
INSTANCE_039,0.25,V1,11,0.8622392269969805,0.0,0.0
INSTANCE_039,0.25,V1,12,0.8680077147641335,0.0,0.0
INSTANCE_039,0.25,V1,13,1.552989806209048,48.2438984732164,48.2438984732164
INSTANCE_039,0.25,V1,14,0.9388941757844352,0.0,0.0
INSTANCE_039,0.25,V1,15,1.0040127080205763,0.0,0.0
INSTANCE_039,0.25,V1,16,1.0004443535173688,0.0,0.0
INSTANCE_039,0.25,V1,17,1.0999082182341633,3.858184566900832,3.858184566900832
INSTANCE_039,0.25,V1,18,0.9187929580656782,0.0,0.0
INSTANCE_039,0.25,V1,19,1.1382319817771245,6.4256212325221895,6.4256212325221895
INSTANCE_039,0.25,V2,0,1.177996395225299,0.0,0.0
INSTANCE_039,0.25,V2,1,1.304285912273997,0.0,0.0
INSTANCE_039,0.25,V2,2,0.9955838879647624,0.0,0.0
INSTANCE_039,0.25,V2,3,0.8878997164095318,0.0,0.0
INSTANCE_039,0.25,V2,4,0.9879991545896802,0.0,0.0
INSTANCE_039,0.25,V2,5,0.9757918589093308,0.0,0.0
INSTANCE_039,0.25,V2,6,1.299274246905029,0.0,0.0
INSTANCE_039,0.25,V2,7,0.9632079134700076,0.0,0.0
INSTANCE_039,0.25,V2,8,1.2381209749437925,0.0,0.0
INSTANCE_039,0.25,V2,9,1.2002136116675404,0.0,0.0
INSTANCE_039,0.25,V2,10,1.3114991452794968,0.0,0.0
INSTANCE_039,0.25,V2,11,1.1002537364850078,0.0,0.0
INSTANCE_039,0.25,V2,12,1.0006573082060333,0.0,0.0
INSTANCE_039,0.25,V2,13,1.01206038583535,0.0,0.0
INSTANCE_039,0.25,V2,14,1.265697342894251,0.0,0.0
INSTANCE_039,0.25,V2,15,1.074884193292617,0.0,0.0
INSTANCE_039,0.25,V2,16,1.0237060342378992,0.0,0.0
INSTANCE_039,0.25,V2,17,0.9532421995654592,0.0,0.0
INSTANCE_039,0.25,V2,18,0.880755796222279,0.0,0.0
INSTANCE_039,0.25,V2,19,0.945932363009206,0.0,0.0
INSTANCE_039,0.25,V3,0,0.9324308558798414,0.0,0.0
INSTANCE_039,0.25,V3,1,0.8795913319636254,0.0,0.0
INSTANCE_039,0.25,V3,2,0.8800868685777993,0.0,0.0
INSTANCE_039,0.25,V3,3,1.1311065405886327,10.91673531469462,0.0
INSTANCE_039,0.25,V3,4,0.9341773555741504,0.0,0.0
INSTANCE_039,0.25,V3,5,1.040583194032862,2.0799970961647887,2.0799970961647887
INSTANCE_039,0.25,V3,6,0.9374440844603016,0.0,0.0
INSTANCE_039,0.25,V3,7,1.0459543909654907,2.604324388733062,2.604324388733062
INSTANCE_039,0.25,V3,8,1.0669523555514149,4.654110695003169,4.654110695003169
INSTANCE_039,0.25,V3,9,1.247893995574363,22.317332024643637,0.0
INSTANCE_039,0.25,V3,10,0.9361391135228758,0.0,0.0
INSTANCE_039,0.25,V3,11,1.0145441979277583,0.0,0.0
INSTANCE_039,0.25,V3,12,1.0202770281620477,0.0977430274655262,0.0977430274655262
INSTANCE_039,0.25,V3,13,1.0282120305371585,0.8723447343198814,0.8723447343198814
INSTANCE_039,0.25,V3,14,0.9677097615563328,0.0,0.0
INSTANCE_039,0.25,V3,15,1.3966514745315108,43.62743284194539,5.086403114442646
INSTANCE_039,0.25,V3,16,0.947243660248802,0.0,0.0
INSTANCE_039,0.25,V3,17,0.9332636260046188,0.0,0.0
INSTANCE_039,0.25,V3,18,1.0039568266996444,0.0,0.0
INSTANCE_039,0.25,V3,19,1.0344257611856866,1.4789187640116097,1.4789187640116097
INSTANCE_039,0.5,V1,0,0.8679353358630678,0.0,0.0
INSTANCE_039,0.5,V1,1,0.9367595559628464,0.0,0.0
INSTANCE_039,0.5,V1,2,0.9814461698197354,0.0,0.0
INSTANCE_039,0.5,V1,3,1.188205668839501,0.9027645831523614,0.9027645831523614
INSTANCE_039,0.5,V1,4,0.9427984361262643,0.0,0.0
INSTANCE_039,0.5,V1,5,1.1138635101922394,0.0,0.0
INSTANCE_039,0.5,V1,6,1.0128716436795813,0.0,0.0
INSTANCE_039,0.5,V1,7,0.9601441557445912,0.0,0.0
INSTANCE_039,0.5,V1,8,1.0281817017159132,0.0,0.0
INSTANCE_039,0.5,V1,9,1.0929159543995806,0.0,0.0
INSTANCE_039,0.5,V1,10,0.882293744426373,0.0,0.0
INSTANCE_039,0.5,V1,11,1.0999082182341633,0.0,0.0
INSTANCE_039,0.5,V1,12,1.3280913227765965,3.6808936703431527,3.6808936703431527
INSTANCE_039,0.5,V1,13,1.153903139133133,0.2215163431837936,0.2215163431837936
INSTANCE_039,0.5,V1,14,1.018318691956402,0.0,0.0
INSTANCE_039,0.5,V1,15,1.1049113734112834,0.0,0.0
INSTANCE_039,0.5,V1,16,1.0938011405543786,0.0,0.0
INSTANCE_039,0.5,V1,17,0.959116663272508,0.0,0.0
INSTANCE_039,0.5,V1,18,0.9861237001572118,0.0,0.0
INSTANCE_039,0.5,V1,19,1.0697925468478195,0.0,0.0
INSTANCE_039,0.5,V2,0,1.1457195343963222,0.0,0.0
INSTANCE_039,0.5,V2,1,1.0990001848087976,0.0,0.0
INSTANCE_039,0.5,V2,2,1.2048152496246916,0.0,0.0
INSTANCE_039,0.5,V2,3,1.1935103834373952,0.0,0.0
INSTANCE_039,0.5,V2,4,0.9422638483906888,0.0,0.0
INSTANCE_039,0.5,V2,5,1.012584423881113,0.0,0.0
INSTANCE_039,0.5,V2,6,1.0204846158059413,0.0,0.0
INSTANCE_039,0.5,V2,7,0.9642920176961438,0.0,0.0
INSTANCE_039,0.5,V2,8,1.306771268852181,0.0,0.0
INSTANCE_039,0.5,V2,9,1.090776017802234,0.0,0.0
INSTANCE_039,0.5,V2,10,0.9431170881192978,0.0,0.0
INSTANCE_039,0.5,V2,11,0.8607323137219164,0.0,0.0
INSTANCE_039,0.5,V2,12,0.9865782319571728,0.0,0.0
INSTANCE_039,0.5,V2,13,1.1340904528200977,0.0,0.0
INSTANCE_039,0.5,V2,14,1.04885660584631,0.0,0.0
INSTANCE_039,0.5,V2,15,1.0233666890774118,0.0,0.0
INSTANCE_039,0.5,V2,16,1.0966036056056736,0.0,0.0
INSTANCE_039,0.5,V2,17,1.264843010374234,0.0,0.0
INSTANCE_039,0.5,V2,18,1.3212002828942648,0.0,0.0
INSTANCE_039,0.5,V2,19,1.040583194032862,0.0,0.0
INSTANCE_039,0.5,V3,0,0.8745698193607322,0.0,0.0
INSTANCE_039,0.5,V3,1,0.9635830674772012,0.0,0.0
INSTANCE_039,0.5,V3,2,0.9223161266858864,0.0,0.0
INSTANCE_039,0.5,V3,3,1.266071963835614,14.771777549804485,1.0744537125442548
INSTANCE_039,0.5,V3,4,0.916180219798298,0.0,0.0
INSTANCE_039,0.5,V3,5,0.9045243173879688,0.0,0.0
INSTANCE_039,0.5,V3,6,1.3951223470865473,22.849041037480447,8.570990475590975
INSTANCE_039,0.5,V3,7,0.8851375383563126,0.0,0.0
INSTANCE_039,0.5,V3,8,0.8844498874968189,0.0,0.0
INSTANCE_039,0.5,V3,9,1.167094339839882,8.576768063911686,0.0
INSTANCE_039,0.5,V3,10,0.8920130963631127,0.0,0.0
INSTANCE_039,0.5,V3,11,0.9283286603166648,0.0,0.0
INSTANCE_039,0.5,V3,12,0.895619622406056,0.0,0.0
INSTANCE_039,0.5,V3,13,1.2788437374224868,15.571162858606954,1.816366040205708
INSTANCE_039,0.5,V3,14,0.9932211495018468,0.0,0.0
INSTANCE_039,0.5,V3,15,0.9045243173879688,0.0,0.0
INSTANCE_039,0.5,V3,16,1.0130358229898395,0.0,0.0
INSTANCE_039,0.5,V3,17,0.9652660500372512,0.0,0.0
INSTANCE_039,0.5,V3,18,1.093579739942364,3.975489256326,0.0
INSTANCE_039,0.5,V3,19,1.1699271502839552,8.754073669606214,0.0
INSTANCE_039,0.75,V1,0,1.3139055004855815,0.0,0.0
INSTANCE_039,0.75,V1,1,0.872033779386232,0.0,0.0
INSTANCE_039,0.75,V1,2,0.9685274049053448,0.0,0.0
INSTANCE_039,0.75,V1,3,1.009821314185272,0.0,0.0
INSTANCE_039,0.75,V1,4,0.9791584718661454,0.0,0.0
INSTANCE_039,0.75,V1,5,1.04745799835972,0.0,0.0
INSTANCE_039,0.75,V1,6,0.8616377346865536,0.0,0.0
INSTANCE_039,0.75,V1,7,0.981521718152568,0.0,0.0
INSTANCE_039,0.75,V1,8,0.9214119093352142,0.0,0.0
INSTANCE_039,0.75,V1,9,0.9800898437937272,0.0,0.0
INSTANCE_039,0.75,V1,10,0.9279359724178208,0.0,0.0
INSTANCE_039,0.75,V1,11,0.9533847620609482,0.0,0.0
INSTANCE_039,0.75,V1,12,1.2398503542348074,0.0,0.0
INSTANCE_039,0.75,V1,13,1.0981679474111026,0.0,0.0
INSTANCE_039,0.75,V1,14,0.9525106079077382,0.0,0.0
INSTANCE_039,0.75,V1,15,1.2442988178327796,0.0,0.0
INSTANCE_039,0.75,V1,16,0.939347482758234,0.0,0.0
INSTANCE_039,0.75,V1,17,1.14509820157397,0.0,0.0
INSTANCE_039,0.75,V1,18,1.0603238483103044,0.0,0.0
INSTANCE_039,0.75,V1,19,1.078622864135118,0.0,0.0
INSTANCE_039,0.75,V2,0,1.0038686602862834,0.0,0.0
INSTANCE_039,0.75,V2,1,1.0518190364867388,0.0,0.0
INSTANCE_039,0.75,V2,2,0.9833459881894986,0.0,0.0
INSTANCE_039,0.75,V2,3,0.863319685406451,0.0,0.0
INSTANCE_039,0.75,V2,4,1.06485658767624,0.0,0.0
INSTANCE_039,0.75,V2,5,1.1573313544924242,0.0,0.0
INSTANCE_039,0.75,V2,6,0.9405684112303276,0.0,0.0
INSTANCE_039,0.75,V2,7,1.0461369992519114,0.0,0.0
INSTANCE_039,0.75,V2,8,1.0793958457459554,0.0,0.0
INSTANCE_039,0.75,V2,9,1.6396937851623727,0.0,0.0
INSTANCE_039,0.75,V2,10,1.2027149548483924,0.0,0.0
INSTANCE_039,0.75,V2,11,0.8823579906758764,0.0,0.0
INSTANCE_039,0.75,V2,12,1.0284640600424286,0.0,0.0
INSTANCE_039,0.75,V2,13,1.0571663219746068,0.0,0.0
INSTANCE_039,0.75,V2,14,0.8742533364880948,0.0,0.0
INSTANCE_039,0.75,V2,15,1.1921550252101862,0.0,0.0
INSTANCE_039,0.75,V2,16,1.155646810374408,0.0,0.0
INSTANCE_039,0.75,V2,17,0.9367595559628464,0.0,0.0
INSTANCE_039,0.75,V2,18,0.9755567328734692,0.0,0.0
INSTANCE_039,0.75,V2,19,0.9901008979486572,0.0,0.0
INSTANCE_039,0.75,V3,0,1.236672880236256,0.0,0.0
INSTANCE_039,0.75,V3,1,1.1912368001424978,0.0,0.0
INSTANCE_039,0.75,V3,2,0.97484902275561,0.0,0.0
INSTANCE_039,0.75,V3,3,1.08463797093738,0.0,0.0
INSTANCE_039,0.75,V3,4,1.1002537364850078,0.0,0.0
INSTANCE_039,0.75,V3,5,1.006914675427749,0.0,0.0
INSTANCE_039,0.75,V3,6,0.9910777260686452,0.0,0.0
INSTANCE_039,0.75,V3,7,0.9642708498237232,0.0,0.0
INSTANCE_039,0.75,V3,8,1.0040127080205763,0.0,0.0
INSTANCE_039,0.75,V3,9,1.5780846479199655,0.0,0.0
INSTANCE_039,0.75,V3,10,1.039657141720413,0.0,0.0
INSTANCE_039,0.75,V3,11,0.9264428207650176,0.0,0.0
INSTANCE_039,0.75,V3,12,1.0617718848554352,0.0,0.0
INSTANCE_039,0.75,V3,13,0.9459966876449238,0.0,0.0
INSTANCE_039,0.75,V3,14,0.9674106629308494,0.0,0.0
INSTANCE_039,0.75,V3,15,0.9547025018841144,0.0,0.0
INSTANCE_039,0.75,V3,16,0.8679353358630678,0.0,0.0
INSTANCE_039,0.75,V3,17,0.9652394024198532,0.0,0.0
INSTANCE_039,0.75,V3,18,0.930572354963956,0.0,0.0
INSTANCE_039,0.75,V3,19,0.9543089229792588,0.0,0.0
INSTANCE_040,0.25,V1,0,1.0638889052483538,6.367553634426258,6.367553634426258
INSTANCE_040,0.25,V1,1,0.9192690909414114,0.0,0.0
INSTANCE_040,0.25,V1,2,0.8811862347754283,0.0,0.0
INSTANCE_040,0.25,V1,3,1.0427388421051456,2.8659139303314305,2.8659139303314305
INSTANCE_040,0.25,V1,4,0.9917821436845996,0.0,0.0
INSTANCE_040,0.25,V1,5,0.8680632001614316,0.0,0.0
INSTANCE_040,0.25,V1,6,1.14509820157397,28.86380500304904,28.86380500304904
INSTANCE_040,0.25,V1,7,1.0397658533417564,2.373700955683603,2.373700955683603
INSTANCE_040,0.25,V1,8,1.5780846479199655,301.1313880349114,301.1313880349114
INSTANCE_040,0.25,V1,9,0.954987878669527,0.0,0.0
INSTANCE_040,0.25,V1,10,0.9809701430950316,0.0,0.0
INSTANCE_040,0.25,V1,11,1.01206038583535,0.0,0.0
INSTANCE_040,0.25,V1,12,0.9467289146039016,0.0,0.0
INSTANCE_040,0.25,V1,13,0.98583905609731,0.0,0.0
INSTANCE_040,0.25,V1,14,1.0961923120914805,12.78786856144393,12.78786856144393
INSTANCE_040,0.25,V1,15,0.9837153170819758,0.0,0.0
INSTANCE_040,0.25,V1,16,1.1042449612439666,15.43486828543928,15.43486828543928
INSTANCE_040,0.25,V1,17,1.0782548867186108,8.74600946994451,8.74600946994451
INSTANCE_040,0.25,V1,18,0.928219591826866,0.0,0.0
INSTANCE_040,0.25,V1,19,0.9829524543843334,0.0,0.0
INSTANCE_040,0.25,V2,0,0.963375241646206,0.0,0.0
INSTANCE_040,0.25,V2,1,1.1044253146328182,12.45886690237876,12.45886690237876
INSTANCE_040,0.25,V2,2,0.9012738346157227,0.0,0.0
INSTANCE_040,0.25,V2,3,0.9240716550528828,0.0,0.0
INSTANCE_040,0.25,V2,4,1.0277338873858977,1.135069809507172,1.135069809507172
INSTANCE_040,0.25,V2,5,1.0758685194769508,7.3543851732185885,7.3543851732185885
INSTANCE_040,0.25,V2,6,0.8862593856799581,0.0,0.0
INSTANCE_040,0.25,V2,7,1.0570136241678627,4.91820699998209,4.91820699998209
INSTANCE_040,0.25,V2,8,0.9833459881894986,0.0,0.0
INSTANCE_040,0.25,V2,9,1.013791178773301,0.0,0.0
INSTANCE_040,0.25,V2,10,1.0410971100607462,2.86168726724884,2.86168726724884
INSTANCE_040,0.25,V2,11,1.0921384134030634,9.456563934431642,9.456563934431642
INSTANCE_040,0.25,V2,12,0.9563727735787926,0.0,0.0
INSTANCE_040,0.25,V2,13,0.9995787523817228,0.0,0.0
INSTANCE_040,0.25,V2,14,1.0040127080205763,0.0,0.0
INSTANCE_040,0.25,V2,15,0.9332636260046188,0.0,0.0
INSTANCE_040,0.25,V2,16,1.58847655058736,217.80284096619232,217.80284096619232
INSTANCE_040,0.25,V2,17,1.2048323518170836,42.88297070236763,42.88297070236763
INSTANCE_040,0.25,V2,18,0.9734985963062254,0.0,0.0
INSTANCE_040,0.25,V2,19,1.0611621284754895,5.454221413223422,5.454221413223422
INSTANCE_040,0.5,V1,0,1.0291748740913935,0.0,0.0
INSTANCE_040,0.5,V1,1,0.9880181554933756,0.0,0.0
INSTANCE_040,0.5,V1,2,1.0661790585999142,2.9579641353876696,2.9579641353876696
INSTANCE_040,0.5,V1,3,1.3175448024731606,49.19013471244682,49.19013471244682
INSTANCE_040,0.5,V1,4,1.1530051709364817,13.943826008255996,13.943826008255996
INSTANCE_040,0.5,V1,5,1.0198225008889543,0.0,0.0
INSTANCE_040,0.5,V1,6,0.979372713542536,0.0,0.0
INSTANCE_040,0.5,V1,7,0.9389862098912972,0.0,0.0
INSTANCE_040,0.5,V1,8,1.3114991452794968,47.89508440889654,47.89508440889654
INSTANCE_040,0.5,V1,9,1.0782548867186108,4.265917205304049,4.265917205304049
INSTANCE_040,0.5,V1,10,0.9847151278109908,0.0,0.0
INSTANCE_040,0.5,V1,11,0.8496078884780153,0.0,0.0
INSTANCE_040,0.5,V1,12,0.8867464758398487,0.0,0.0
INSTANCE_040,0.5,V1,13,0.9516488441446742,0.0,0.0
INSTANCE_040,0.5,V1,14,0.8967142705282911,0.0,0.0
INSTANCE_040,0.5,V1,15,1.037300829890777,0.0,0.0
INSTANCE_040,0.5,V1,16,1.3098670257269611,47.545465359348896,47.545465359348896
INSTANCE_040,0.5,V1,17,1.1691862211197477,17.409995736429778,17.409995736429778
INSTANCE_040,0.5,V1,18,1.1425127712082706,11.696231575142292,11.696231575142292
INSTANCE_040,0.5,V1,19,1.306771268852181,46.88231811960725,46.88231811960725
INSTANCE_040,0.5,V2,0,0.9790806886126946,0.0,0.0
INSTANCE_040,0.5,V2,1,0.865848180859542,0.0,0.0
INSTANCE_040,0.5,V2,2,0.8750430865662231,0.0,0.0
INSTANCE_040,0.5,V2,3,1.0795877110532444,4.658981909906515,4.658981909906515
INSTANCE_040,0.5,V2,4,1.0311264201890464,0.3313078669156084,0.3313078669156084
INSTANCE_040,0.5,V2,5,0.9879991545896802,0.0,0.0
INSTANCE_040,0.5,V2,6,0.8818956872441369,0.0,0.0
INSTANCE_040,0.5,V2,7,0.9165244620774072,0.0,0.0
INSTANCE_040,0.5,V2,8,1.3280913227765965,54.51681422452077,54.51681422452077
INSTANCE_040,0.5,V2,9,1.0100583330311137,0.0,0.0
INSTANCE_040,0.5,V2,10,1.0501016558609833,2.025828037812176,2.025828037812176
INSTANCE_040,0.5,V2,11,1.1530051709364817,14.656147656750363,14.656147656750363
INSTANCE_040,0.5,V2,12,0.9739961677840204,0.0,0.0
INSTANCE_040,0.5,V2,13,1.2788437374224868,41.93627102336302,41.93627102336302
INSTANCE_040,0.5,V2,14,0.9611497769027638,0.0,0.0
INSTANCE_040,0.5,V2,15,1.1425127712082706,12.381535294337368,12.381535294337368
INSTANCE_040,0.5,V2,16,1.0174271743362002,0.0,0.0
INSTANCE_040,0.5,V2,17,0.9979862211777156,0.0,0.0
INSTANCE_040,0.5,V2,18,1.0058244244284724,0.0,0.0
INSTANCE_040,0.5,V2,19,0.8799832501545745,0.0,0.0
INSTANCE_040,0.75,V1,0,1.2002136116675404,2.288933834728482,2.288933834728482
INSTANCE_040,0.75,V1,1,0.8913441934816038,0.0,0.0
INSTANCE_040,0.75,V1,2,0.9884310339536738,0.0,0.0
INSTANCE_040,0.75,V1,3,1.0093114265817889,0.0,0.0
INSTANCE_040,0.75,V1,4,1.388857765375337,8.41232306408358,8.41232306408358
INSTANCE_040,0.75,V1,5,0.9888299083492366,0.0,0.0
INSTANCE_040,0.75,V1,6,0.9884310339536738,0.0,0.0
INSTANCE_040,0.75,V1,7,1.1631261406411382,1.085074525211553,1.085074525211553
INSTANCE_040,0.75,V1,8,0.8941170504784879,0.0,0.0
INSTANCE_040,0.75,V1,9,0.9571698768690764,0.0,0.0
INSTANCE_040,0.75,V1,10,1.1073669573756355,0.0,0.0
INSTANCE_040,0.75,V1,11,0.8508108730988692,0.0,0.0
INSTANCE_040,0.75,V1,12,0.9505152028932846,0.0,0.0
INSTANCE_040,0.75,V1,13,1.552989806209048,15.73480446978408,15.73480446978408
INSTANCE_040,0.75,V1,14,0.9313950618685568,0.0,0.0
INSTANCE_040,0.75,V1,15,0.9284579023767574,0.0,0.0
INSTANCE_040,0.75,V1,16,0.8875019040349109,0.0,0.0
INSTANCE_040,0.75,V1,17,1.0079500127579115,0.0,0.0
INSTANCE_040,0.75,V1,18,1.1422304547810254,0.4068005621923021,0.4068005621923021
INSTANCE_040,0.75,V1,19,1.0041622259219942,0.0,0.0
INSTANCE_040,0.75,V2,0,0.8631968353942979,0.0,0.0
INSTANCE_040,0.75,V2,1,1.0459543909654907,0.0,0.0
INSTANCE_040,0.75,V2,2,0.9963868842848028,0.0,0.0
INSTANCE_040,0.75,V2,3,0.9710901386211532,0.0,0.0
INSTANCE_040,0.75,V2,4,0.877336123156705,0.0,0.0
INSTANCE_040,0.75,V2,5,0.959652807807777,0.0,0.0
INSTANCE_040,0.75,V2,6,0.9963832474602492,0.0,0.0
INSTANCE_040,0.75,V2,7,1.0128716436795813,0.0,0.0
INSTANCE_040,0.75,V2,8,1.06485658767624,0.8878895367325867,0.8878895367325867
INSTANCE_040,0.75,V2,9,0.9768866057323032,0.0,0.0
INSTANCE_040,0.75,V2,10,1.0506100185940264,0.1550460231435408,0.1550460231435408
INSTANCE_040,0.75,V2,11,0.8837955056139003,0.0,0.0
INSTANCE_040,0.75,V2,12,1.2481529536265763,16.4919494817442,16.4919494817442
INSTANCE_040,0.75,V2,13,0.9782508662188903,0.0,0.0
INSTANCE_040,0.75,V2,14,0.9294505076403106,0.0,0.0
INSTANCE_040,0.75,V2,15,1.085653212967671,1.9576679417237983,1.9576679417237983
INSTANCE_040,0.75,V2,16,0.9514081523261984,0.0,0.0
INSTANCE_040,0.75,V2,17,1.0965462769001335,2.518007150409858,2.518007150409858
INSTANCE_040,0.75,V2,18,1.3175448024731606,26.280594986206324,26.280594986206324
INSTANCE_040,0.75,V2,19,1.3431263188835012,29.889208962770116,29.889208962770116
INSTANCE_041,0.25,V1,0,0.944253038701776,0.0,0.0
INSTANCE_041,0.25,V1,1,1.000865027584959,0.0,0.0
INSTANCE_041,0.25,V1,2,1.0439830175845648,0.0,0.0
INSTANCE_041,0.25,V1,3,1.067896550925003,0.0,0.0
INSTANCE_041,0.25,V1,4,0.8793901276130403,0.0,0.0
INSTANCE_041,0.25,V1,5,1.167704362791332,11.72778167686954,11.72778167686954
INSTANCE_041,0.25,V1,6,1.1699271502839552,12.22224445924951,12.22224445924951
INSTANCE_041,0.25,V1,7,1.0990001848087976,2.5711439475226143,2.5711439475226143
INSTANCE_041,0.25,V1,8,0.880755796222279,0.0,0.0
INSTANCE_041,0.25,V1,9,0.9673241866044946,0.0,0.0
INSTANCE_041,0.25,V1,10,1.0007614819111672,0.0,0.0
INSTANCE_041,0.25,V1,11,1.4021645813362258,80.84967776493261,80.84967776493261
INSTANCE_041,0.25,V1,12,1.1220320873516914,5.140199130165456,5.140199130165456
INSTANCE_041,0.25,V1,13,1.1912368001424978,16.962611586366165,16.962611586366165
INSTANCE_041,0.25,V1,14,1.0236024127383032,0.0,0.0
INSTANCE_041,0.25,V1,15,0.9853573831936768,0.0,0.0
INSTANCE_041,0.25,V1,16,1.0957594611952377,2.2096628332537875,2.2096628332537875
INSTANCE_041,0.25,V1,17,1.1425127712082706,7.424682876474435,7.424682876474435
INSTANCE_041,0.25,V1,18,0.9093171923887252,0.0,0.0
INSTANCE_041,0.25,V1,19,0.9880181554933756,0.0,0.0
INSTANCE_041,0.25,V2,0,1.3061410091530687,0.0,0.0
INSTANCE_041,0.25,V2,1,0.9642708498237232,0.0,0.0
INSTANCE_041,0.25,V2,2,1.023883842600355,0.0,0.0
INSTANCE_041,0.25,V2,3,0.9601441557445912,0.0,0.0
INSTANCE_041,0.25,V2,4,0.9884310339536738,0.0,0.0
INSTANCE_041,0.25,V2,5,0.986397847582322,0.0,0.0
INSTANCE_041,0.25,V2,6,1.0543663768590927,0.0,0.0
INSTANCE_041,0.25,V2,7,1.152885779507178,0.0,0.0
INSTANCE_041,0.25,V2,8,0.8795913319636254,0.0,0.0
INSTANCE_041,0.25,V2,9,0.9322551259494244,0.0,0.0
INSTANCE_041,0.25,V2,10,1.0543663768590927,0.0,0.0
INSTANCE_041,0.25,V2,11,0.8767150589374235,0.0,0.0
INSTANCE_041,0.25,V2,12,1.0795877110532444,0.0,0.0
INSTANCE_041,0.25,V2,13,1.1518536993163848,0.0,0.0
INSTANCE_041,0.25,V2,14,1.2157472228130168,0.0,0.0
INSTANCE_041,0.25,V2,15,1.1242373262634713,0.0,0.0
INSTANCE_041,0.25,V2,16,1.0657981054372272,0.0,0.0
INSTANCE_041,0.25,V2,17,1.3139055004855815,0.0,0.0
INSTANCE_041,0.25,V2,18,1.031028278224195,0.0,0.0
INSTANCE_041,0.25,V2,19,0.9814461698197354,0.0,0.0
INSTANCE_041,0.25,V3,0,1.0570136241678627,0.3639242609955317,0.3639242609955317
INSTANCE_041,0.25,V3,1,0.9289035647041978,0.0,0.0
INSTANCE_041,0.25,V3,2,1.3092975776429652,15.064870860021417,15.064870860021417
INSTANCE_041,0.25,V3,3,0.9093171923887252,0.0,0.0
INSTANCE_041,0.25,V3,4,0.8980868940931249,0.0,0.0
INSTANCE_041,0.25,V3,5,1.0966036056056736,2.516959418188435,2.516959418188435
INSTANCE_041,0.25,V3,6,0.9426491646829258,0.0,0.0
INSTANCE_041,0.25,V3,7,1.2048323518170836,8.402799399652395,5.187905074220339
INSTANCE_041,0.25,V3,8,0.9765227659780942,0.0,0.0
INSTANCE_041,0.25,V3,9,1.180300158582863,7.068656957598023,7.068656957598023
INSTANCE_041,0.25,V3,10,0.98583905609731,0.0,0.0
INSTANCE_041,0.25,V3,11,1.026828730761398,0.0,0.0
INSTANCE_041,0.25,V3,12,0.9755567328734692,0.0,0.0
INSTANCE_041,0.25,V3,13,1.0335424935505932,0.0,0.0
INSTANCE_041,0.25,V3,14,1.299274246905029,13.538864460851755,13.538864460851755
INSTANCE_041,0.25,V3,15,1.1311065405886327,4.393344032344999,4.393344032344999
INSTANCE_041,0.25,V3,16,0.9673241866044946,0.0,0.0
INSTANCE_041,0.25,V3,17,1.0572782377833292,0.3783148314498703,0.3783148314498703
INSTANCE_041,0.25,V3,18,1.1067023847763022,3.0661646920846124,3.0661646920846124
INSTANCE_041,0.25,V3,19,0.9495654082242784,0.0,0.0
INSTANCE_041,0.5,V1,0,0.8634422116178343,0.0,0.0
INSTANCE_041,0.5,V1,1,0.9461196595349984,0.0,0.0
INSTANCE_041,0.5,V1,2,0.897347543318212,0.0,0.0
INSTANCE_041,0.5,V1,3,0.9946032170381304,0.0,0.0
INSTANCE_041,0.5,V1,4,0.9211318449250818,0.0,0.0
INSTANCE_041,0.5,V1,5,0.99340200542335,0.0,0.0
INSTANCE_041,0.5,V1,6,0.9903252533762577,0.0,0.0
INSTANCE_041,0.5,V1,7,1.0392318228862991,0.0,0.0
INSTANCE_041,0.5,V1,8,0.9851915260344116,0.0,0.0
INSTANCE_041,0.5,V1,9,0.9874576676353544,0.0,0.0
INSTANCE_041,0.5,V1,10,0.9754845175553202,0.0,0.0
INSTANCE_041,0.5,V1,11,0.980038896953244,0.0,0.0
INSTANCE_041,0.5,V1,12,0.986397847582322,0.0,0.0
INSTANCE_041,0.5,V1,13,1.1318499454201147,2.020732239957056,2.020732239957056
INSTANCE_041,0.5,V1,14,0.9322551259494244,0.0,0.0
INSTANCE_041,0.5,V1,15,1.034526819734927,0.0,0.0
INSTANCE_041,0.5,V1,16,1.0265599296804746,0.0,0.0
INSTANCE_041,0.5,V1,17,0.863319685406451,0.0,0.0
INSTANCE_041,0.5,V1,18,1.04885660584631,0.0,0.0
INSTANCE_041,0.5,V1,19,0.9248178013348936,0.0,0.0
INSTANCE_041,0.5,V2,0,1.0380336169762574,0.0,0.0
INSTANCE_041,0.5,V2,1,0.9935860092025228,0.0,0.0
INSTANCE_041,0.5,V2,2,1.0782548867186108,0.0,0.0
INSTANCE_041,0.5,V2,3,0.9642920176961438,0.0,0.0
INSTANCE_041,0.5,V2,4,0.97484902275561,0.0,0.0
INSTANCE_041,0.5,V2,5,0.9374440844603016,0.0,0.0
INSTANCE_041,0.5,V2,6,0.8616377346865536,0.0,0.0
INSTANCE_041,0.5,V2,7,0.931757014051816,0.0,0.0
INSTANCE_041,0.5,V2,8,1.3900376589859758,0.0,0.0
INSTANCE_041,0.5,V2,9,0.877336123156705,0.0,0.0
INSTANCE_041,0.5,V2,10,0.9683430660932292,0.0,0.0
INSTANCE_041,0.5,V2,11,0.8541266754060963,0.0,0.0
INSTANCE_041,0.5,V2,12,0.8746763774390363,0.0,0.0
INSTANCE_041,0.5,V2,13,1.0943999581416457,0.0,0.0
INSTANCE_041,0.5,V2,14,0.894302047203971,0.0,0.0
INSTANCE_041,0.5,V2,15,0.8800185949283246,0.0,0.0
INSTANCE_041,0.5,V2,16,1.404519219653363,0.0,0.0
INSTANCE_041,0.5,V2,17,0.882293744426373,0.0,0.0
INSTANCE_041,0.5,V2,18,1.0920709533600874,0.0,0.0
INSTANCE_041,0.5,V2,19,0.870328681575902,0.0,0.0
INSTANCE_041,0.5,V3,0,0.980821959833786,0.0,0.0
INSTANCE_041,0.5,V3,1,1.236672880236256,5.822608047077665,0.5205490214565316
INSTANCE_041,0.5,V3,2,0.974806044763836,0.0,0.0
INSTANCE_041,0.5,V3,3,1.0265599296804746,0.0,0.0
INSTANCE_041,0.5,V3,4,1.023883842600355,0.0,0.0
INSTANCE_041,0.5,V3,5,0.9471878234330842,0.0,0.0
INSTANCE_041,0.5,V3,6,0.98743059768449,0.0,0.0
INSTANCE_041,0.5,V3,7,1.304285912273997,8.267833350722412,2.80710907658613
INSTANCE_041,0.5,V3,8,0.964958632170245,0.0,0.0
INSTANCE_041,0.5,V3,9,0.9659105456587898,0.0,0.0
INSTANCE_041,0.5,V3,10,1.0202770281620477,0.0,0.0
INSTANCE_041,0.5,V3,11,0.945932363009206,0.0,0.0
INSTANCE_041,0.5,V3,12,1.0142994574854285,0.0,0.0
INSTANCE_041,0.5,V3,13,0.8750430865662231,0.0,0.0
INSTANCE_041,0.5,V3,14,1.357481584824357,11.059640272018669,4.978602707836899
INSTANCE_041,0.5,V3,15,1.3524319042851258,10.298316769387498,4.435326283082532
INSTANCE_041,0.5,V3,16,0.8686621197822783,0.0,0.0
INSTANCE_041,0.5,V3,17,1.4386739193309737,23.30073790446636,15.272937434599726
INSTANCE_041,0.5,V3,18,0.9673007796898386,0.0,0.0
INSTANCE_041,0.5,V3,19,0.979546351449972,0.0,0.0
INSTANCE_041,0.75,V1,0,0.9628863296313755,0.0,0.0
INSTANCE_041,0.75,V1,1,1.060191324394755,0.0,0.0
INSTANCE_041,0.75,V1,2,1.1311065405886327,0.0,0.0
INSTANCE_041,0.75,V1,3,0.956705244011982,0.0,0.0
INSTANCE_041,0.75,V1,4,1.1094044228210198,0.0,0.0
INSTANCE_041,0.75,V1,5,1.0570136241678627,0.0,0.0
INSTANCE_041,0.75,V1,6,0.8746763774390363,0.0,0.0
INSTANCE_041,0.75,V1,7,1.0506100185940264,0.0,0.0
INSTANCE_041,0.75,V1,8,0.9184176583515375,0.0,0.0
INSTANCE_041,0.75,V1,9,0.940127050115456,0.0,0.0
INSTANCE_041,0.75,V1,10,0.8766225867224798,0.0,0.0
INSTANCE_041,0.75,V1,11,0.9114514330251692,0.0,0.0
INSTANCE_041,0.75,V1,12,1.14509820157397,0.0,0.0
INSTANCE_041,0.75,V1,13,0.897347543318212,0.0,0.0
INSTANCE_041,0.75,V1,14,1.293506016761943,0.0,0.0
INSTANCE_041,0.75,V1,15,1.0259774424872496,0.0,0.0
INSTANCE_041,0.75,V1,16,0.9730064332140586,0.0,0.0
INSTANCE_041,0.75,V1,17,0.8631968353942979,0.0,0.0
INSTANCE_041,0.75,V1,18,1.0295773633380825,0.0,0.0
INSTANCE_041,0.75,V1,19,0.9266458893311968,0.0,0.0
INSTANCE_041,0.75,V2,0,0.9898663445470748,0.0,0.0
INSTANCE_041,0.75,V2,1,1.0004443535173688,0.0,0.0
INSTANCE_041,0.75,V2,2,0.9256191084614976,0.0,0.0
INSTANCE_041,0.75,V2,3,0.8687250859411962,0.0,0.0
INSTANCE_041,0.75,V2,4,0.9642708498237232,0.0,0.0
INSTANCE_041,0.75,V2,5,1.14509820157397,0.0,0.0
INSTANCE_041,0.75,V2,6,0.9941478126347248,0.0,0.0
INSTANCE_041,0.75,V2,7,0.8667504193251824,0.0,0.0
INSTANCE_041,0.75,V2,8,0.964958632170245,0.0,0.0
INSTANCE_041,0.75,V2,9,1.01206038583535,0.0,0.0
INSTANCE_041,0.75,V2,10,1.1690890500818183,0.0,0.0
INSTANCE_041,0.75,V2,11,0.9302715361817976,0.0,0.0
INSTANCE_041,0.75,V2,12,0.8907921204605406,0.0,0.0
INSTANCE_041,0.75,V2,13,0.9240219941471683,0.0,0.0
INSTANCE_041,0.75,V2,14,1.0053431708851155,0.0,0.0
INSTANCE_041,0.75,V2,15,0.9008138785893592,0.0,0.0
INSTANCE_041,0.75,V2,16,1.0148402960482492,0.0,0.0
INSTANCE_041,0.75,V2,17,1.0518190364867388,0.0,0.0
INSTANCE_041,0.75,V2,18,0.9867656612550728,0.0,0.0
INSTANCE_041,0.75,V2,19,1.0749363660585711,0.0,0.0
INSTANCE_041,0.75,V3,0,0.8795913319636254,0.0,0.0
INSTANCE_041,0.75,V3,1,1.1909479187298964,0.0,0.0
INSTANCE_041,0.75,V3,2,1.0680371770873054,0.0,0.0
INSTANCE_041,0.75,V3,3,0.9975290461370252,0.0,0.0
INSTANCE_041,0.75,V3,4,1.1629053939444185,0.0,0.0
INSTANCE_041,0.75,V3,5,0.9159238562700172,0.0,0.0
INSTANCE_041,0.75,V3,6,0.8878997164095318,0.0,0.0
INSTANCE_041,0.75,V3,7,1.0999082182341633,0.0,0.0
INSTANCE_041,0.75,V3,8,1.1457195343963222,0.0,0.0
INSTANCE_041,0.75,V3,9,1.0697925468478195,0.0,0.0
INSTANCE_041,0.75,V3,10,1.1063826311913016,0.0,0.0
INSTANCE_041,0.75,V3,11,1.0427388421051456,0.0,0.0
INSTANCE_041,0.75,V3,12,0.9322551259494244,0.0,0.0
INSTANCE_041,0.75,V3,13,1.161556407633213,0.0,0.0
INSTANCE_041,0.75,V3,14,0.8750430865662231,0.0,0.0
INSTANCE_041,0.75,V3,15,0.9677674775574394,0.0,0.0
INSTANCE_041,0.75,V3,16,1.248125601735383,0.0,0.0
INSTANCE_041,0.75,V3,17,0.8862593856799581,0.0,0.0
INSTANCE_041,0.75,V3,18,1.1691862211197477,0.0,0.0
INSTANCE_041,0.75,V3,19,0.8999741176040277,0.0,0.0
INSTANCE_042,0.25,V1,0,1.110209415093905,0.0,0.0
INSTANCE_042,0.25,V1,1,0.942893023971548,0.0,0.0
INSTANCE_042,0.25,V1,2,1.0981679474111026,0.0,0.0
INSTANCE_042,0.25,V1,3,1.0929359703127333,0.0,0.0
INSTANCE_042,0.25,V1,4,0.9809388658565696,0.0,0.0
INSTANCE_042,0.25,V1,5,0.958080808705026,0.0,0.0
INSTANCE_042,0.25,V1,6,1.160928784209669,3.8955573718375263,0.0
INSTANCE_042,0.25,V1,7,0.9532421995654592,0.0,0.0
INSTANCE_042,0.25,V1,8,0.9452285442867292,0.0,0.0
INSTANCE_042,0.25,V1,9,1.419554215760268,42.92666217722751,3.672688431651181
INSTANCE_042,0.25,V1,10,0.988489618059527,0.0,0.0
INSTANCE_042,0.25,V1,11,0.9154274160947417,0.0,0.0
INSTANCE_042,0.25,V1,12,0.8999741176040277,0.0,0.0
INSTANCE_042,0.25,V1,13,0.9114514330251692,0.0,0.0
INSTANCE_042,0.25,V1,14,1.023883842600355,0.0,0.0
INSTANCE_042,0.25,V1,15,0.9814461698197354,0.0,0.0
INSTANCE_042,0.25,V1,16,0.9971889735237308,0.0,0.0
INSTANCE_042,0.25,V1,17,1.0677365243569064,0.0,0.0
INSTANCE_042,0.25,V1,18,0.8667695143191644,0.0,0.0
INSTANCE_042,0.25,V1,19,0.9642708498237232,0.0,0.0
INSTANCE_042,0.25,V2,0,1.0155389159454924,0.0,0.0
INSTANCE_042,0.25,V2,1,0.9302715361817976,0.0,0.0
INSTANCE_042,0.25,V2,2,1.1312758223395143,0.4035614998275605,0.4035614998275605
INSTANCE_042,0.25,V2,3,0.8765761958087996,0.0,0.0
INSTANCE_042,0.25,V2,4,1.0360572208695804,0.0,0.0
INSTANCE_042,0.25,V2,5,1.1555775955532903,3.774946497774863,3.774946497774863
INSTANCE_042,0.25,V2,6,0.956705244011982,0.0,0.0
INSTANCE_042,0.25,V2,7,1.0295773633380825,0.0,0.0
INSTANCE_042,0.25,V2,8,0.9341773555741504,0.0,0.0
INSTANCE_042,0.25,V2,9,0.9153515464809084,0.0,0.0
INSTANCE_042,0.25,V2,10,0.8667504193251824,0.0,0.0
INSTANCE_042,0.25,V2,11,0.8907514742588356,0.0,0.0
INSTANCE_042,0.25,V2,12,1.1254714004314932,0.0,0.0
INSTANCE_042,0.25,V2,13,1.1173211796252085,0.0,0.0
INSTANCE_042,0.25,V2,14,0.916478383256532,0.0,0.0
INSTANCE_042,0.25,V2,15,1.183192346558996,7.605940904796057,7.605940904796057
INSTANCE_042,0.25,V2,16,1.0943620642162015,0.0,0.0
INSTANCE_042,0.25,V2,17,1.4076515105089678,70.41131474394979,70.41131474394979
INSTANCE_042,0.25,V2,18,0.877336123156705,0.0,0.0
INSTANCE_042,0.25,V2,19,1.0045332939053,0.0,0.0
INSTANCE_042,0.25,V3,0,1.0075822425351937,0.0,0.0
INSTANCE_042,0.25,V3,1,0.9812039707527128,0.0,0.0
INSTANCE_042,0.25,V3,2,0.9336186647134512,0.0,0.0
INSTANCE_042,0.25,V3,3,0.8982002670749375,0.0,0.0
INSTANCE_042,0.25,V3,4,1.04745799835972,0.0,0.0
INSTANCE_042,0.25,V3,5,0.9917821436845996,0.0,0.0
INSTANCE_042,0.25,V3,6,0.9628279497960548,0.0,0.0
INSTANCE_042,0.25,V3,7,1.137200816025485,0.0,0.0
INSTANCE_042,0.25,V3,8,0.9529172306337892,0.0,0.0
INSTANCE_042,0.25,V3,9,0.9935860092025228,0.0,0.0
INSTANCE_042,0.25,V3,10,1.001301093002179,0.0,0.0
INSTANCE_042,0.25,V3,11,1.0543663768590927,0.0,0.0
INSTANCE_042,0.25,V3,12,0.9748585664054288,0.0,0.0
INSTANCE_042,0.25,V3,13,1.3900376589859758,0.0,0.0
INSTANCE_042,0.25,V3,14,1.0430593467110445,0.0,0.0
INSTANCE_042,0.25,V3,15,1.0938011405543786,0.0,0.0
INSTANCE_042,0.25,V3,16,1.1947673996824753,0.0,0.0
INSTANCE_042,0.25,V3,17,1.0680371770873054,0.0,0.0
INSTANCE_042,0.25,V3,18,1.2455437625633596,0.0,0.0
INSTANCE_042,0.25,V3,19,1.3966514745315108,0.0,0.0
INSTANCE_042,0.25,V4,0,0.880755796222279,0.0,0.0
INSTANCE_042,0.25,V4,1,1.306771268852181,12.420747677161785,12.420747677161785
INSTANCE_042,0.25,V4,2,1.206693469199039,5.773580224200259,5.773580224200259
INSTANCE_042,0.25,V4,3,0.9603552986534024,0.0,0.0
INSTANCE_042,0.25,V4,4,0.8867464758398487,0.0,0.0
INSTANCE_042,0.25,V4,5,0.8818956872441369,0.0,0.0
INSTANCE_042,0.25,V4,6,1.3114991452794968,12.734773229464508,12.734773229464508
INSTANCE_042,0.25,V4,7,1.0427388421051456,0.0,0.0
INSTANCE_042,0.25,V4,8,0.8742533364880948,0.0,0.0
INSTANCE_042,0.25,V4,9,1.5749158421982845,41.44265930170627,41.44265930170627
INSTANCE_042,0.25,V4,10,0.9754845175553202,0.0,0.0
INSTANCE_042,0.25,V4,11,1.3524319042851258,15.45352708261828,15.45352708261828
INSTANCE_042,0.25,V4,12,0.9427984361262643,0.0,0.0
INSTANCE_042,0.25,V4,13,0.90047418981061,0.0,0.0
INSTANCE_042,0.25,V4,14,0.9427984361262643,0.0,0.0
INSTANCE_042,0.25,V4,15,0.8622392269969805,0.0,0.0
INSTANCE_042,0.25,V4,16,1.085131765699195,0.0,0.0
INSTANCE_042,0.25,V4,17,0.8829405873475067,0.0,0.0
INSTANCE_042,0.25,V4,18,0.9800898437937272,0.0,0.0
INSTANCE_042,0.25,V4,19,0.9603552986534024,0.0,0.0
INSTANCE_042,0.5,V1,0,1.102773106086061,0.0,0.0
INSTANCE_042,0.5,V1,1,0.9812039707527128,0.0,0.0
INSTANCE_042,0.5,V1,2,0.986076097550492,0.0,0.0
INSTANCE_042,0.5,V1,3,1.148440204521932,0.0,0.0
INSTANCE_042,0.5,V1,4,1.0749228258820265,0.0,0.0
INSTANCE_042,0.5,V1,5,1.001064968341412,0.0,0.0
INSTANCE_042,0.5,V1,6,1.0456464605865234,0.0,0.0
INSTANCE_042,0.5,V1,7,1.1397953623515606,0.0,0.0
INSTANCE_042,0.5,V1,8,1.053765922428726,0.0,0.0
INSTANCE_042,0.5,V1,9,0.9393719900324564,0.0,0.0
INSTANCE_042,0.5,V1,10,0.9310991020127204,0.0,0.0
INSTANCE_042,0.5,V1,11,0.8837303374256351,0.0,0.0
INSTANCE_042,0.5,V1,12,1.5780846479199655,10.677478438912315,2.3989046305026704
INSTANCE_042,0.5,V1,13,0.9860500301904004,0.0,0.0
INSTANCE_042,0.5,V1,14,1.029972959035976,0.0,0.0
INSTANCE_042,0.5,V1,15,1.004850008268516,0.0,0.0
INSTANCE_042,0.5,V1,16,1.0982472517381152,0.0,0.0
INSTANCE_042,0.5,V1,17,0.9494934942862694,0.0,0.0
INSTANCE_042,0.5,V1,18,0.8607323137219164,0.0,0.0
INSTANCE_042,0.5,V1,19,1.3966514745315108,3.951676814143866,3.951676814143866
INSTANCE_042,0.5,V2,0,0.8823579906758764,0.0,0.0
INSTANCE_042,0.5,V2,1,1.0230975058065837,0.0,0.0
INSTANCE_042,0.5,V2,2,1.0982472517381152,0.0,0.0
INSTANCE_042,0.5,V2,3,0.875825315215036,0.0,0.0
INSTANCE_042,0.5,V2,4,1.0449803260265191,0.0,0.0
INSTANCE_042,0.5,V2,5,0.8767150589374235,0.0,0.0
INSTANCE_042,0.5,V2,6,0.9214119093352142,0.0,0.0
INSTANCE_042,0.5,V2,7,0.9141241600590736,0.0,0.0
INSTANCE_042,0.5,V2,8,0.9466174203795992,0.0,0.0
INSTANCE_042,0.5,V2,9,1.0053431708851155,0.0,0.0
INSTANCE_042,0.5,V2,10,0.9426491646829258,0.0,0.0
INSTANCE_042,0.5,V2,11,0.9847151278109908,0.0,0.0
INSTANCE_042,0.5,V2,12,1.1595571711312622,0.6492402231310734,0.6492402231310734
INSTANCE_042,0.5,V2,13,1.102773106086061,0.0,0.0
INSTANCE_042,0.5,V2,14,1.0006573082060333,0.0,0.0
INSTANCE_042,0.5,V2,15,1.248125601735383,10.894836275415855,10.894836275415855
INSTANCE_042,0.5,V2,16,0.938547427936957,0.0,0.0
INSTANCE_042,0.5,V2,17,1.236672880236256,9.569985452396736,9.569985452396736
INSTANCE_042,0.5,V2,18,1.0311264201890464,0.0,0.0
INSTANCE_042,0.5,V2,19,0.895619622406056,0.0,0.0
INSTANCE_042,0.5,V3,0,1.2027149548483924,0.0,0.0
INSTANCE_042,0.5,V3,1,1.0139319529377937,0.0,0.0
INSTANCE_042,0.5,V3,2,0.9262254387798478,0.0,0.0
INSTANCE_042,0.5,V3,3,1.324959031920991,0.0,0.0
INSTANCE_042,0.5,V3,4,1.0174271743362002,0.0,0.0
INSTANCE_042,0.5,V3,5,1.1067023847763022,0.0,0.0
INSTANCE_042,0.5,V3,6,0.9768866057323032,0.0,0.0
INSTANCE_042,0.5,V3,7,1.3175448024731606,0.0,0.0
INSTANCE_042,0.5,V3,8,1.1049113734112834,0.0,0.0
INSTANCE_042,0.5,V3,9,0.9273225802064884,0.0,0.0
INSTANCE_042,0.5,V3,10,1.065177372702552,0.0,0.0
INSTANCE_042,0.5,V3,11,0.981617781319966,0.0,0.0
INSTANCE_042,0.5,V3,12,0.8922637370099548,0.0,0.0
INSTANCE_042,0.5,V3,13,1.1388081253872318,0.0,0.0
INSTANCE_042,0.5,V3,14,1.1475629659850743,0.0,0.0
INSTANCE_042,0.5,V3,15,1.0126213912598352,0.0,0.0
INSTANCE_042,0.5,V3,16,1.0075822425351937,0.0,0.0
INSTANCE_042,0.5,V3,17,0.9283877447807056,0.0,0.0
INSTANCE_042,0.5,V3,18,1.0955550431636287,0.0,0.0
INSTANCE_042,0.5,V3,19,1.065578588608788,0.0,0.0
INSTANCE_042,0.5,V4,0,0.9533847620609482,0.0,0.0
INSTANCE_042,0.5,V4,1,1.085208594166825,0.0,0.0
INSTANCE_042,0.5,V4,2,0.9833459881894986,0.0,0.0
INSTANCE_042,0.5,V4,3,0.8537198344567576,0.0,0.0
INSTANCE_042,0.5,V4,4,0.948800957499302,0.0,0.0
INSTANCE_042,0.5,V4,5,1.073496397718238,0.0,0.0
INSTANCE_042,0.5,V4,6,0.9843594385968824,0.0,0.0
INSTANCE_042,0.5,V4,7,0.980821959833786,0.0,0.0
INSTANCE_042,0.5,V4,8,1.0966036056056736,0.0,0.0
INSTANCE_042,0.5,V4,9,0.9632079134700076,0.0,0.0
INSTANCE_042,0.5,V4,10,1.0038686602862834,0.0,0.0
INSTANCE_042,0.5,V4,11,1.1648884684697969,0.0,0.0
INSTANCE_042,0.5,V4,12,0.9633994387340196,0.0,0.0
INSTANCE_042,0.5,V4,13,0.8941170504784879,0.0,0.0
INSTANCE_042,0.5,V4,14,1.2798533551847038,2.963478652531194,2.963478652531194
INSTANCE_042,0.5,V4,15,0.9320438320700551,0.0,0.0
INSTANCE_042,0.5,V4,16,0.9427984361262643,0.0,0.0
INSTANCE_042,0.5,V4,17,1.0459543909654907,0.0,0.0
INSTANCE_042,0.5,V4,18,1.3305307464676754,4.940657073436341,4.940657073436341
INSTANCE_042,0.5,V4,19,1.034526819734927,0.0,0.0
INSTANCE_042,0.75,V1,0,1.0126213912598352,0.0,0.0
INSTANCE_042,0.75,V1,1,0.9710901386211532,0.0,0.0
INSTANCE_042,0.75,V1,2,1.3305307464676754,0.0,0.0
INSTANCE_042,0.75,V1,3,0.9273353666104306,0.0,0.0
INSTANCE_042,0.75,V1,4,1.0018575517432975,0.0,0.0
INSTANCE_042,0.75,V1,5,0.9659105456587898,0.0,0.0
INSTANCE_042,0.75,V1,6,1.266827799237727,0.0,0.0
INSTANCE_042,0.75,V1,7,1.1425127712082706,0.0,0.0
INSTANCE_042,0.75,V1,8,0.8679353358630678,0.0,0.0
INSTANCE_042,0.75,V1,9,1.2262377667637403,0.0,0.0
INSTANCE_042,0.75,V1,10,0.8840186588827298,0.0,0.0
INSTANCE_042,0.75,V1,11,1.1699271502839552,0.0,0.0
INSTANCE_042,0.75,V1,12,1.1457453263173203,0.0,0.0
INSTANCE_042,0.75,V1,13,1.1622465240328352,0.0,0.0
INSTANCE_042,0.75,V1,14,1.304285912273997,0.0,0.0
INSTANCE_042,0.75,V1,15,1.0968116297819277,0.0,0.0
INSTANCE_042,0.75,V1,16,0.9829524543843334,0.0,0.0
INSTANCE_042,0.75,V1,17,1.0988076321462972,0.0,0.0
INSTANCE_042,0.75,V1,18,0.9384242201724676,0.0,0.0
INSTANCE_042,0.75,V1,19,0.98743059768449,0.0,0.0
INSTANCE_042,0.75,V2,0,1.1507454617812989,0.0,0.0
INSTANCE_042,0.75,V2,1,0.895619622406056,0.0,0.0
INSTANCE_042,0.75,V2,2,0.9799329811532924,0.0,0.0
INSTANCE_042,0.75,V2,3,1.5041260688616074,7.826477268279405,7.826477268279405
INSTANCE_042,0.75,V2,4,1.0795877110532444,0.0,0.0
INSTANCE_042,0.75,V2,5,0.9642277746733215,0.0,0.0
INSTANCE_042,0.75,V2,6,1.1547883188444277,0.0,0.0
INSTANCE_042,0.75,V2,7,1.0531594431615243,0.0,0.0
INSTANCE_042,0.75,V2,8,1.1947673996824753,0.0,0.0
INSTANCE_042,0.75,V2,9,1.2854101371713365,0.0,0.0
INSTANCE_042,0.75,V2,10,0.9258766510273724,0.0,0.0
INSTANCE_042,0.75,V2,11,1.0782548867186108,0.0,0.0
INSTANCE_042,0.75,V2,12,0.9837153170819758,0.0,0.0
INSTANCE_042,0.75,V2,13,0.8631968353942979,0.0,0.0
INSTANCE_042,0.75,V2,14,1.0543663768590927,0.0,0.0
INSTANCE_042,0.75,V2,15,0.9642708498237232,0.0,0.0
INSTANCE_042,0.75,V2,16,1.4003561203525494,2.549775386593751,2.549775386593751
INSTANCE_042,0.75,V2,17,1.013284346910881,0.0,0.0
INSTANCE_042,0.75,V2,18,0.9693823231717382,0.0,0.0
INSTANCE_042,0.75,V2,19,0.880189548411491,0.0,0.0
INSTANCE_042,0.75,V3,0,1.0039568266996444,0.0,0.0
INSTANCE_042,0.75,V3,1,1.0093114265817889,0.0,0.0
INSTANCE_042,0.75,V3,2,0.9778499895358336,0.0,0.0
INSTANCE_042,0.75,V3,3,1.068751206974634,0.0,0.0
INSTANCE_042,0.75,V3,4,0.9774758061591422,0.0,0.0
INSTANCE_042,0.75,V3,5,0.865848180859542,0.0,0.0
INSTANCE_042,0.75,V3,6,1.6396937851623727,0.0,0.0
INSTANCE_042,0.75,V3,7,1.1388081253872318,0.0,0.0
INSTANCE_042,0.75,V3,8,0.988489618059527,0.0,0.0
INSTANCE_042,0.75,V3,9,1.0088685177384302,0.0,0.0
INSTANCE_042,0.75,V3,10,0.9829524543843334,0.0,0.0
INSTANCE_042,0.75,V3,11,0.9861237001572118,0.0,0.0
INSTANCE_042,0.75,V3,12,0.9851915260344116,0.0,0.0
INSTANCE_042,0.75,V3,13,0.8971002760274478,0.0,0.0
INSTANCE_042,0.75,V3,14,1.083964907944071,0.0,0.0
INSTANCE_042,0.75,V3,15,1.0835239337129088,0.0,0.0
INSTANCE_042,0.75,V3,16,0.8750430865662231,0.0,0.0
INSTANCE_042,0.75,V3,17,1.152758917318771,0.0,0.0
INSTANCE_042,0.75,V3,18,0.8619384808417672,0.0,0.0
INSTANCE_042,0.75,V3,19,1.0282120305371585,0.0,0.0
INSTANCE_042,0.75,V4,0,0.9884310339536738,0.0,0.0
INSTANCE_042,0.75,V4,1,0.8679353358630678,0.0,0.0
INSTANCE_042,0.75,V4,2,1.026828730761398,0.0,0.0
INSTANCE_042,0.75,V4,3,1.1778941023923792,0.0,0.0
INSTANCE_042,0.75,V4,4,1.1691862211197477,0.0,0.0
INSTANCE_042,0.75,V4,5,0.9012738346157227,0.0,0.0
INSTANCE_042,0.75,V4,6,1.067896550925003,0.0,0.0
INSTANCE_042,0.75,V4,7,1.1220320873516914,0.0,0.0
INSTANCE_042,0.75,V4,8,1.0491025886038914,0.0,0.0
INSTANCE_042,0.75,V4,9,0.9214119093352142,0.0,0.0
INSTANCE_042,0.75,V4,10,1.006914675427749,0.0,0.0
INSTANCE_042,0.75,V4,11,1.0722453613941898,0.0,0.0
INSTANCE_042,0.75,V4,12,1.0199306231308554,0.0,0.0
INSTANCE_042,0.75,V4,13,1.1173211796252085,0.0,0.0
INSTANCE_042,0.75,V4,14,0.9248178013348936,0.0,0.0
INSTANCE_042,0.75,V4,15,1.0210221536392128,0.0,0.0
INSTANCE_042,0.75,V4,16,1.152885779507178,0.0,0.0
INSTANCE_042,0.75,V4,17,0.985334445501438,0.0,0.0
INSTANCE_042,0.75,V4,18,1.040583194032862,0.0,0.0
INSTANCE_042,0.75,V4,19,1.148440204521932,0.0,0.0
INSTANCE_043,0.25,V1,0,0.9704608909424204,0.0,0.0
INSTANCE_043,0.25,V1,1,1.013284346910881,0.0,0.0
INSTANCE_043,0.25,V1,2,0.9450787956223722,0.0,0.0
INSTANCE_043,0.25,V1,3,1.3175448024731606,13.273298847625938,13.273298847625938
INSTANCE_043,0.25,V1,4,1.1811335905313414,7.263475553509352,7.263475553509352
INSTANCE_043,0.25,V1,5,1.289559815894179,12.040373622244717,12.040373622244717
INSTANCE_043,0.25,V1,6,1.0408052245863542,1.0810755111929211,1.0810755111929211
INSTANCE_043,0.25,V1,7,0.8657550638203773,0.0,0.0
INSTANCE_043,0.25,V1,8,0.8685123035367265,0.0,0.0
INSTANCE_043,0.25,V1,9,0.9283877447807056,0.0,0.0
INSTANCE_043,0.25,V1,10,1.0290682836218026,0.5639850154312853,0.5639850154312853
INSTANCE_043,0.25,V1,11,0.9466174203795992,0.0,0.0
INSTANCE_043,0.25,V1,12,0.8789033483894577,0.0,0.0
INSTANCE_043,0.25,V1,13,0.9141241600590736,0.0,0.0
INSTANCE_043,0.25,V1,14,1.3139055004855815,13.112963333060064,13.112963333060064
INSTANCE_043,0.25,V1,15,0.8867464758398487,0.0,0.0
INSTANCE_043,0.25,V1,16,1.0040127080205763,0.0,0.0
INSTANCE_043,0.25,V1,17,1.065578588608788,2.172507352141224,2.172507352141224
INSTANCE_043,0.25,V1,18,0.9601441557445912,0.0,0.0
INSTANCE_043,0.25,V1,19,0.936782719617004,0.0,0.0
INSTANCE_043,0.25,V2,0,0.9765066420583508,0.0,0.0
INSTANCE_043,0.25,V2,1,0.8667695143191644,0.0,0.0
INSTANCE_043,0.25,V2,2,0.9833459881894986,0.0,0.0
INSTANCE_043,0.25,V2,3,0.9867656612550728,0.0,0.0
INSTANCE_043,0.25,V2,4,0.9184176583515375,0.0,0.0
INSTANCE_043,0.25,V2,5,0.8811862347754283,0.0,0.0
INSTANCE_043,0.25,V2,6,1.1220320873516914,0.0,0.0
INSTANCE_043,0.25,V2,7,1.5780846479199655,13.227736350750774,13.227736350750774
INSTANCE_043,0.25,V2,8,1.3694375620705848,2.143595396593355,2.143595396593355
INSTANCE_043,0.25,V2,9,1.2481529536265763,0.0,0.0
INSTANCE_043,0.25,V2,10,1.0459543909654907,0.0,0.0
INSTANCE_043,0.25,V2,11,0.9884075368055268,0.0,0.0
INSTANCE_043,0.25,V2,12,1.1691862211197477,0.0,0.0
INSTANCE_043,0.25,V2,13,1.155646810374408,0.0,0.0
INSTANCE_043,0.25,V2,14,1.089583893562997,0.0,0.0
INSTANCE_043,0.25,V2,15,1.0850445936634314,0.0,0.0
INSTANCE_043,0.25,V2,16,0.916478383256532,0.0,0.0
INSTANCE_043,0.25,V2,17,0.9955838879647624,0.0,0.0
INSTANCE_043,0.25,V2,18,0.9543089229792588,0.0,0.0
INSTANCE_043,0.25,V2,19,1.0295773633380825,0.0,0.0
INSTANCE_043,0.25,V3,0,0.9376469833370062,0.0,0.0
INSTANCE_043,0.25,V3,1,1.180300158582863,0.0,0.0
INSTANCE_043,0.25,V3,2,1.039657141720413,0.0,0.0
INSTANCE_043,0.25,V3,3,1.064056605264944,0.0,0.0
INSTANCE_043,0.25,V3,4,1.1388081253872318,0.0,0.0
INSTANCE_043,0.25,V3,5,1.0277338873858977,0.0,0.0
INSTANCE_043,0.25,V3,6,0.8767150589374235,0.0,0.0
INSTANCE_043,0.25,V3,7,1.0100583330311137,0.0,0.0
INSTANCE_043,0.25,V3,8,1.0174271743362002,0.0,0.0
INSTANCE_043,0.25,V3,9,1.0222535276119855,0.0,0.0
INSTANCE_043,0.25,V3,10,1.248125601735383,0.0,0.0
INSTANCE_043,0.25,V3,11,0.8878997164095318,0.0,0.0
INSTANCE_043,0.25,V3,12,1.0313099029928987,0.0,0.0
INSTANCE_043,0.25,V3,13,0.9642920176961438,0.0,0.0
INSTANCE_043,0.25,V3,14,1.011463300061996,0.0,0.0
INSTANCE_043,0.25,V3,15,1.0553173445219677,0.0,0.0
INSTANCE_043,0.25,V3,16,0.8496078884780153,0.0,0.0
INSTANCE_043,0.25,V3,17,1.0018575517432975,0.0,0.0
INSTANCE_043,0.25,V3,18,1.1475629659850743,0.0,0.0
INSTANCE_043,0.25,V3,19,0.9963868842848028,0.0,0.0
INSTANCE_043,0.25,V4,0,1.0075822425351937,0.0,0.0
INSTANCE_043,0.25,V4,1,1.301268075376899,3.903226589842575,0.0
INSTANCE_043,0.25,V4,2,1.301268075376899,3.903226589842575,0.0
INSTANCE_043,0.25,V4,3,0.9880181554933756,0.0,0.0
INSTANCE_043,0.25,V4,4,1.0145441979277583,0.0,0.0
INSTANCE_043,0.25,V4,5,1.0785362869094035,0.0,0.0
INSTANCE_043,0.25,V4,6,0.9947407375316092,0.0,0.0
INSTANCE_043,0.25,V4,7,0.9453392154286028,0.0,0.0
INSTANCE_043,0.25,V4,8,1.093579739942364,0.0,0.0
INSTANCE_043,0.25,V4,9,0.8907514742588356,0.0,0.0
INSTANCE_043,0.25,V4,10,1.0410971100607462,0.0,0.0
INSTANCE_043,0.25,V4,11,0.9507492824146152,0.0,0.0
INSTANCE_043,0.25,V4,12,0.9129208272330664,0.0,0.0
INSTANCE_043,0.25,V4,13,0.9240219941471683,0.0,0.0
INSTANCE_043,0.25,V4,14,1.2336673023720526,0.0,0.0
INSTANCE_043,0.25,V4,15,0.9633994387340196,0.0,0.0
INSTANCE_043,0.25,V4,16,0.9284579023767574,0.0,0.0
INSTANCE_043,0.25,V4,17,0.9223161266858864,0.0,0.0
INSTANCE_043,0.25,V4,18,0.8783423310657517,0.0,0.0
INSTANCE_043,0.25,V4,19,0.9400305127732984,0.0,0.0
INSTANCE_043,0.5,V1,0,1.024227123207293,0.0,0.0
INSTANCE_043,0.5,V1,1,1.137200816025485,3.1409629439167475,3.1409629439167475
INSTANCE_043,0.5,V1,2,1.011463300061996,0.0,0.0
INSTANCE_043,0.5,V1,3,1.025141992324292,0.0,0.0
INSTANCE_043,0.5,V1,4,0.8742533364880948,0.0,0.0
INSTANCE_043,0.5,V1,5,0.9963832474602492,0.0,0.0
INSTANCE_043,0.5,V1,6,1.3694375620705848,9.670686120218306,9.670686120218306
INSTANCE_043,0.5,V1,7,0.9734985963062254,0.0,0.0
INSTANCE_043,0.5,V1,8,1.324959031920991,8.420098114178586,8.420098114178586
INSTANCE_043,0.5,V1,9,0.915357795902608,0.0,0.0
INSTANCE_043,0.5,V1,10,1.1530051709364817,3.5853287228309227,3.5853287228309227
INSTANCE_043,0.5,V1,11,0.8765761958087996,0.0,0.0
INSTANCE_043,0.5,V1,12,1.3129535037479876,8.082542680381039,8.082542680381039
INSTANCE_043,0.5,V1,13,0.8862593856799581,0.0,0.0
INSTANCE_043,0.5,V1,14,0.931757014051816,0.0,0.0
INSTANCE_043,0.5,V1,15,1.0426116213116785,0.4814300858802198,0.4814300858802198
INSTANCE_043,0.5,V1,16,0.9283286603166648,0.0,0.0
INSTANCE_043,0.5,V1,17,1.0515367013384709,0.7323735859667977,0.7323735859667977
INSTANCE_043,0.5,V1,18,0.9867656612550728,0.0,0.0
INSTANCE_043,0.5,V1,19,1.2381209749437925,5.978501412169749,5.978501412169749
INSTANCE_043,0.5,V2,0,0.8634422116178343,0.0,0.0
INSTANCE_043,0.5,V2,1,1.1909479187298964,0.0,0.0
INSTANCE_043,0.5,V2,2,1.1028326622332307,0.0,0.0
INSTANCE_043,0.5,V2,3,0.8631968353942979,0.0,0.0
INSTANCE_043,0.5,V2,4,0.9837153170819758,0.0,0.0
INSTANCE_043,0.5,V2,5,0.9704608909424204,0.0,0.0
INSTANCE_043,0.5,V2,6,0.9757918589093308,0.0,0.0
INSTANCE_043,0.5,V2,7,1.0966036056056736,0.0,0.0
INSTANCE_043,0.5,V2,8,1.0427388421051456,0.0,0.0
INSTANCE_043,0.5,V2,9,1.0186056551989542,0.0,0.0
INSTANCE_043,0.5,V2,10,0.8654758284768967,0.0,0.0
INSTANCE_043,0.5,V2,11,0.9248178013348936,0.0,0.0
INSTANCE_043,0.5,V2,12,1.078622864135118,0.0,0.0
INSTANCE_043,0.5,V2,13,0.9775531054198174,0.0,0.0
INSTANCE_043,0.5,V2,14,0.872033779386232,0.0,0.0
INSTANCE_043,0.5,V2,15,0.9603552986534024,0.0,0.0
INSTANCE_043,0.5,V2,16,0.9374440844603016,0.0,0.0
INSTANCE_043,0.5,V2,17,0.9659105456587898,0.0,0.0
INSTANCE_043,0.5,V2,18,1.227900540926577,0.0,0.0
INSTANCE_043,0.5,V2,19,1.0039568266996444,0.0,0.0
INSTANCE_043,0.5,V3,0,1.1691862211197477,0.0,0.0
INSTANCE_043,0.5,V3,1,0.9045243173879688,0.0,0.0
INSTANCE_043,0.5,V3,2,0.8603010851078271,0.0,0.0
INSTANCE_043,0.5,V3,3,0.955597594535316,0.0,0.0
INSTANCE_043,0.5,V3,4,0.9404100930328472,0.0,0.0
INSTANCE_043,0.5,V3,5,0.9529172306337892,0.0,0.0
INSTANCE_043,0.5,V3,6,0.8797734030963599,0.0,0.0
INSTANCE_043,0.5,V3,7,0.8894972007448494,0.0,0.0
INSTANCE_043,0.5,V3,8,1.1475629659850743,0.0,0.0
INSTANCE_043,0.5,V3,9,0.981617781319966,0.0,0.0
INSTANCE_043,0.5,V3,10,0.8856953239836636,0.0,0.0
INSTANCE_043,0.5,V3,11,0.9782508662188903,0.0,0.0
INSTANCE_043,0.5,V3,12,0.8616377346865536,0.0,0.0
INSTANCE_043,0.5,V3,13,1.1475629659850743,0.0,0.0
INSTANCE_043,0.5,V3,14,0.8862593856799581,0.0,0.0
INSTANCE_043,0.5,V3,15,0.9026102255194182,0.0,0.0
INSTANCE_043,0.5,V3,16,1.105583711636677,0.0,0.0
INSTANCE_043,0.5,V3,17,0.8928767660288555,0.0,0.0
INSTANCE_043,0.5,V3,18,0.8686621197822783,0.0,0.0
INSTANCE_043,0.5,V3,19,1.085131765699195,0.0,0.0
INSTANCE_043,0.5,V4,0,1.0943999581416457,0.0,0.0
INSTANCE_043,0.5,V4,1,0.948970926259148,0.0,0.0
INSTANCE_043,0.5,V4,2,0.9949143416680848,0.0,0.0
INSTANCE_043,0.5,V4,3,0.9294505076403106,0.0,0.0
INSTANCE_043,0.5,V4,4,0.9283368949472788,0.0,0.0
INSTANCE_043,0.5,V4,5,1.0041622259219942,0.0,0.0
INSTANCE_043,0.5,V4,6,0.9851915260344116,0.0,0.0
INSTANCE_043,0.5,V4,7,1.0569736132014742,0.0,0.0
INSTANCE_043,0.5,V4,8,0.945932363009206,0.0,0.0
INSTANCE_043,0.5,V4,9,1.1229045019288375,0.0,0.0
INSTANCE_043,0.5,V4,10,0.8980868940931249,0.0,0.0
INSTANCE_043,0.5,V4,11,0.9240716550528828,0.0,0.0
INSTANCE_043,0.5,V4,12,0.9928450800383156,0.0,0.0
INSTANCE_043,0.5,V4,13,0.8496078884780153,0.0,0.0
INSTANCE_043,0.5,V4,14,1.0198225008889543,0.0,0.0
INSTANCE_043,0.5,V4,15,0.8990070562178624,0.0,0.0
INSTANCE_043,0.5,V4,16,1.1634910127954592,0.0,0.0
INSTANCE_043,0.5,V4,17,0.9976911335901408,0.0,0.0
INSTANCE_043,0.5,V4,18,1.0335424935505932,0.0,0.0
INSTANCE_043,0.5,V4,19,1.0210221536392128,0.0,0.0
INSTANCE_043,0.75,V1,0,0.8928767660288555,0.0,0.0
INSTANCE_043,0.75,V1,1,1.0795877110532444,0.0,0.0
INSTANCE_043,0.75,V1,2,1.0277338873858977,0.0,0.0
INSTANCE_043,0.75,V1,3,0.880755796222279,0.0,0.0
INSTANCE_043,0.75,V1,4,1.089583893562997,0.0,0.0
INSTANCE_043,0.75,V1,5,0.8925702515194052,0.0,0.0
INSTANCE_043,0.75,V1,6,0.9405684112303276,0.0,0.0
INSTANCE_043,0.75,V1,7,0.9754845175553202,0.0,0.0
INSTANCE_043,0.75,V1,8,1.266071963835614,0.0,0.0
INSTANCE_043,0.75,V1,9,1.1808332906127663,0.0,0.0
INSTANCE_043,0.75,V1,10,0.9374440844603016,0.0,0.0
INSTANCE_043,0.75,V1,11,1.304285912273997,0.0,0.0
INSTANCE_043,0.75,V1,12,0.959652807807777,0.0,0.0
INSTANCE_043,0.75,V1,13,0.9685274049053448,0.0,0.0
INSTANCE_043,0.75,V1,14,1.1049113734112834,0.0,0.0
INSTANCE_043,0.75,V1,15,1.0145441979277583,0.0,0.0
INSTANCE_043,0.75,V1,16,0.9917821436845996,0.0,0.0
INSTANCE_043,0.75,V1,17,0.8907514742588356,0.0,0.0
INSTANCE_043,0.75,V1,18,0.9935860092025228,0.0,0.0
INSTANCE_043,0.75,V1,19,0.9976600818897492,0.0,0.0
INSTANCE_043,0.75,V2,0,1.0160342584089286,0.0,0.0
INSTANCE_043,0.75,V2,1,0.8811862347754283,0.0,0.0
INSTANCE_043,0.75,V2,2,0.915357795902608,0.0,0.0
INSTANCE_043,0.75,V2,3,0.9977207993103812,0.0,0.0
INSTANCE_043,0.75,V2,4,0.972428037464628,0.0,0.0
INSTANCE_043,0.75,V2,5,0.986982783354474,0.0,0.0
INSTANCE_043,0.75,V2,6,0.9901008979486572,0.0,0.0
INSTANCE_043,0.75,V2,7,0.919153569936755,0.0,0.0
INSTANCE_043,0.75,V2,8,1.2425746475155326,0.0,0.0
INSTANCE_043,0.75,V2,9,1.0075822425351937,0.0,0.0
INSTANCE_043,0.75,V2,10,0.9628863296313755,0.0,0.0
INSTANCE_043,0.75,V2,11,0.9279359724178208,0.0,0.0
INSTANCE_043,0.75,V2,12,0.9940166810593172,0.0,0.0
INSTANCE_043,0.75,V2,13,0.9586483493825754,0.0,0.0
INSTANCE_043,0.75,V2,14,1.2604338402955244,0.0,0.0
INSTANCE_043,0.75,V2,15,1.0661790585999142,0.0,0.0
INSTANCE_043,0.75,V2,16,0.945932363009206,0.0,0.0
INSTANCE_043,0.75,V2,17,0.9154274160947417,0.0,0.0
INSTANCE_043,0.75,V2,18,0.8742533364880948,0.0,0.0
INSTANCE_043,0.75,V2,19,1.3305307464676754,0.0,0.0
INSTANCE_043,0.75,V3,0,0.9642920176961438,0.0,0.0
INSTANCE_043,0.75,V3,1,1.0725153203874618,0.0,0.0
INSTANCE_043,0.75,V3,2,1.0478855322366016,0.0,0.0
INSTANCE_043,0.75,V3,3,0.8541266754060963,0.0,0.0
INSTANCE_043,0.75,V3,4,0.928746091878952,0.0,0.0
INSTANCE_043,0.75,V3,5,1.1912368001424978,0.0,0.0
INSTANCE_043,0.75,V3,6,0.9495654082242784,0.0,0.0
INSTANCE_043,0.75,V3,7,1.137200816025485,0.0,0.0
INSTANCE_043,0.75,V3,8,1.039657141720413,0.0,0.0
INSTANCE_043,0.75,V3,9,1.167094339839882,0.0,0.0
INSTANCE_043,0.75,V3,10,1.0965462769001335,0.0,0.0
INSTANCE_043,0.75,V3,11,1.0496155129586384,0.0,0.0
INSTANCE_043,0.75,V3,12,0.9602824735965674,0.0,0.0
INSTANCE_043,0.75,V3,13,1.08891748139568,0.0,0.0
INSTANCE_043,0.75,V3,14,0.9833459881894986,0.0,0.0
INSTANCE_043,0.75,V3,15,1.1530051709364817,0.0,0.0
INSTANCE_043,0.75,V3,16,1.057495060469951,0.0,0.0
INSTANCE_043,0.75,V3,17,1.067896550925003,0.0,0.0
INSTANCE_043,0.75,V3,18,1.0496155129586384,0.0,0.0
INSTANCE_043,0.75,V3,19,0.981617781319966,0.0,0.0
INSTANCE_043,0.75,V4,0,0.8913441934816038,0.0,0.0
INSTANCE_043,0.75,V4,1,0.982523803280152,0.0,0.0
INSTANCE_043,0.75,V4,2,1.004850008268516,0.0,0.0
INSTANCE_043,0.75,V4,3,1.266827799237727,0.0,0.0
INSTANCE_043,0.75,V4,4,1.266071963835614,0.0,0.0
INSTANCE_043,0.75,V4,5,1.0217346608569735,0.0,0.0
INSTANCE_043,0.75,V4,6,1.58847655058736,0.0,0.0
INSTANCE_043,0.75,V4,7,1.069160783951708,0.0,0.0
INSTANCE_043,0.75,V4,8,0.9726881952359552,0.0,0.0
INSTANCE_043,0.75,V4,9,0.9461196595349984,0.0,0.0
INSTANCE_043,0.75,V4,10,0.8682541501012496,0.0,0.0
INSTANCE_043,0.75,V4,11,1.001301093002179,0.0,0.0
INSTANCE_043,0.75,V4,12,0.8867464758398487,0.0,0.0
INSTANCE_043,0.75,V4,13,0.8980868940931249,0.0,0.0
INSTANCE_043,0.75,V4,14,1.0929359703127333,0.0,0.0
INSTANCE_043,0.75,V4,15,1.039657141720413,0.0,0.0
INSTANCE_043,0.75,V4,16,1.2425746475155326,0.0,0.0
INSTANCE_043,0.75,V4,17,0.9898663445470748,0.0,0.0
INSTANCE_043,0.75,V4,18,0.8783423310657517,0.0,0.0
INSTANCE_043,0.75,V4,19,0.954987878669527,0.0,0.0
INSTANCE_044,0.25,V1,0,1.1634910127954592,6.875752042186491,0.0
INSTANCE_044,0.25,V1,1,1.0805336175127418,0.2485622577013373,0.2485622577013373
INSTANCE_044,0.25,V1,2,1.0456464605865234,0.0,0.0
INSTANCE_044,0.25,V1,3,0.9571698768690764,0.0,0.0
INSTANCE_044,0.25,V1,4,1.1397953623515606,4.982785513725162,4.982785513725162
INSTANCE_044,0.25,V1,5,1.2604338402955244,14.620191388408555,14.620191388408555
INSTANCE_044,0.25,V1,6,1.1739973899230636,7.715071489654178,0.0
INSTANCE_044,0.25,V1,7,0.9910777260686452,0.0,0.0
INSTANCE_044,0.25,V1,8,0.8750430865662231,0.0,0.0
INSTANCE_044,0.25,V1,9,1.026828730761398,0.0,0.0
INSTANCE_044,0.25,V1,10,1.2935671554928894,17.2671014951419,17.2671014951419
INSTANCE_044,0.25,V1,11,1.0439830175845648,0.0,0.0
INSTANCE_044,0.25,V1,12,1.080696239419903,0.261553579791439,0.261553579791439
INSTANCE_044,0.25,V1,13,1.0197619269699187,0.0,0.0
INSTANCE_044,0.25,V1,14,1.363511215906526,22.854699334719385,22.854699334719385
INSTANCE_044,0.25,V1,15,1.011463300061996,0.0,0.0
INSTANCE_044,0.25,V1,16,1.0785362869094035,0.0890021735691561,0.0890021735691561
INSTANCE_044,0.25,V1,17,0.9147226446552368,0.0,0.0
INSTANCE_044,0.25,V1,18,1.0448622446704332,0.0,0.0
INSTANCE_044,0.25,V1,19,0.9426491646829258,0.0,0.0
INSTANCE_044,0.25,V2,0,0.9241139826124164,0.0,0.0
INSTANCE_044,0.25,V2,1,0.8875019040349109,0.0,0.0
INSTANCE_044,0.25,V2,2,0.9829524543843334,0.0,0.0
INSTANCE_044,0.25,V2,3,0.9389862098912972,0.0,0.0
INSTANCE_044,0.25,V2,4,0.8631968353942979,0.0,0.0
INSTANCE_044,0.25,V2,5,1.1690890500818183,23.95759708531909,18.139430579411965
INSTANCE_044,0.25,V2,6,0.8907048561511263,0.0,0.0
INSTANCE_044,0.25,V2,7,1.0943999581416457,2.8300645594681555,0.1068326636257097
INSTANCE_044,0.25,V2,8,0.9963868842848028,0.0,0.0
INSTANCE_044,0.25,V2,9,1.1220320873516914,7.741813687199851,4.9498238431730215
INSTANCE_044,0.25,V2,10,0.9336186647134512,0.0,0.0
INSTANCE_044,0.25,V2,11,0.9283877447807056,0.0,0.0
INSTANCE_044,0.25,V2,12,0.982523803280152,0.0,0.0
INSTANCE_044,0.25,V2,13,1.0265599296804746,0.0,0.0
INSTANCE_044,0.25,V2,14,0.8639865854724262,0.0,0.0
INSTANCE_044,0.25,V2,15,0.9467289146039016,0.0,0.0
INSTANCE_044,0.25,V2,16,1.167094339839882,23.24889315894484,17.440653661008355
INSTANCE_044,0.25,V2,17,0.936824273489918,0.0,0.0
INSTANCE_044,0.25,V2,18,0.986982783354474,0.0,0.0
INSTANCE_044,0.25,V2,19,1.2048323518170836,36.6568943310109,30.660845326801223
INSTANCE_044,0.25,V3,0,1.1009129004073823,0.0,0.0
INSTANCE_044,0.25,V3,1,1.0248075301501796,0.0,0.0
INSTANCE_044,0.25,V3,2,0.9616398094187742,0.0,0.0
INSTANCE_044,0.25,V3,3,1.031028278224195,0.0,0.0
INSTANCE_044,0.25,V3,4,1.1318499454201147,0.0,0.0
INSTANCE_044,0.25,V3,5,1.0040127080205763,0.0,0.0
INSTANCE_044,0.25,V3,6,0.9138126358561608,0.0,0.0
INSTANCE_044,0.25,V3,7,0.8685123035367265,0.0,0.0
INSTANCE_044,0.25,V3,8,1.0079500127579115,0.0,0.0
INSTANCE_044,0.25,V3,9,1.2030130770246334,0.0,0.0
INSTANCE_044,0.25,V3,10,1.1276941879241162,0.0,0.0
INSTANCE_044,0.25,V3,11,0.9653098401769796,0.0,0.0
INSTANCE_044,0.25,V3,12,1.051176888443077,0.0,0.0
INSTANCE_044,0.25,V3,13,1.0264248054620404,0.0,0.0
INSTANCE_044,0.25,V3,14,0.9730064332140586,0.0,0.0
INSTANCE_044,0.25,V3,15,1.0697925468478195,0.0,0.0
INSTANCE_044,0.25,V3,16,1.026209413070951,0.0,0.0
INSTANCE_044,0.25,V3,17,1.289559815894179,0.0,0.0
INSTANCE_044,0.25,V3,18,0.9264428207650176,0.0,0.0
INSTANCE_044,0.25,V3,19,0.9652660500372512,0.0,0.0
INSTANCE_044,0.5,V1,0,1.0392318228862991,0.0,0.0
INSTANCE_044,0.5,V1,1,1.0332808558291229,0.0,0.0
INSTANCE_044,0.5,V1,2,1.1340904528200977,0.0,0.0
INSTANCE_044,0.5,V1,3,0.8657550638203773,0.0,0.0
INSTANCE_044,0.5,V1,4,1.0461369992519114,0.0,0.0
INSTANCE_044,0.5,V1,5,0.958080808705026,0.0,0.0
INSTANCE_044,0.5,V1,6,1.2788437374224868,0.0025425334049486,0.0025425334049486
INSTANCE_044,0.5,V1,7,0.8789033483894577,0.0,0.0
INSTANCE_044,0.5,V1,8,0.9533847620609482,0.0,0.0
INSTANCE_044,0.5,V1,9,0.9833459881894986,0.0,0.0
INSTANCE_044,0.5,V1,10,0.9093171923887252,0.0,0.0
INSTANCE_044,0.5,V1,11,0.9310991020127204,0.0,0.0
INSTANCE_044,0.5,V1,12,0.9642708498237232,0.0,0.0
INSTANCE_044,0.5,V1,13,0.8857435733390863,0.0,0.0
INSTANCE_044,0.5,V1,14,0.9152523252187308,0.0,0.0
INSTANCE_044,0.5,V1,15,0.972428037464628,0.0,0.0
INSTANCE_044,0.5,V1,16,0.882293744426373,0.0,0.0
INSTANCE_044,0.5,V1,17,0.9940166810593172,0.0,0.0
INSTANCE_044,0.5,V1,18,1.0669523555514149,0.0,0.0
INSTANCE_044,0.5,V1,19,0.881431287198195,0.0,0.0
INSTANCE_044,0.5,V2,0,1.247893995574363,23.58734865741133,23.58734865741133
INSTANCE_044,0.5,V2,1,1.0311264201890464,0.0,0.0
INSTANCE_044,0.5,V2,2,1.0208357373528285,0.0,0.0
INSTANCE_044,0.5,V2,3,1.1648884684697969,5.924831547006988,5.924831547006988
INSTANCE_044,0.5,V2,4,0.8800185949283246,0.0,0.0
INSTANCE_044,0.5,V2,5,0.9214119093352142,0.0,0.0
INSTANCE_044,0.5,V2,6,1.025141992324292,0.0,0.0
INSTANCE_044,0.5,V2,7,0.8708767406995097,0.0,0.0
INSTANCE_044,0.5,V2,8,0.8676319715473424,0.0,0.0
INSTANCE_044,0.5,V2,9,0.9324308558798414,0.0,0.0
INSTANCE_044,0.5,V2,10,0.8750430865662231,0.0,0.0
INSTANCE_044,0.5,V2,11,1.012908100204927,0.0,0.0
INSTANCE_044,0.5,V2,12,1.0507162459797583,0.0,0.0
INSTANCE_044,0.5,V2,13,0.9851915260344116,0.0,0.0
INSTANCE_044,0.5,V2,14,1.5780846479199655,117.79165684390703,117.79165684390703
INSTANCE_044,0.5,V2,15,0.9754845175553202,0.0,0.0
INSTANCE_044,0.5,V2,16,0.8702672940145558,0.0,0.0
INSTANCE_044,0.5,V2,17,1.0227149055229203,0.0,0.0
INSTANCE_044,0.5,V2,18,1.0281817017159132,0.0,0.0
INSTANCE_044,0.5,V2,19,0.9706772601608552,0.0,0.0
INSTANCE_044,0.5,V3,0,1.2894916487681851,0.0,0.0
INSTANCE_044,0.5,V3,1,1.08463797093738,0.0,0.0
INSTANCE_044,0.5,V3,2,0.98743059768449,0.0,0.0
INSTANCE_044,0.5,V3,3,0.9099177981961156,0.0,0.0
INSTANCE_044,0.5,V3,4,1.14509820157397,0.0,0.0
INSTANCE_044,0.5,V3,5,1.2788437374224868,0.0,0.0
INSTANCE_044,0.5,V3,6,1.122274703284189,0.0,0.0
INSTANCE_044,0.5,V3,7,0.939347482758234,0.0,0.0
INSTANCE_044,0.5,V3,8,1.0553173445219677,0.0,0.0
INSTANCE_044,0.5,V3,9,1.248125601735383,0.0,0.0
INSTANCE_044,0.5,V3,10,0.9754845175553202,0.0,0.0
INSTANCE_044,0.5,V3,11,1.1002537364850078,0.0,0.0
INSTANCE_044,0.5,V3,12,0.9184176583515375,0.0,0.0
INSTANCE_044,0.5,V3,13,1.04885660584631,0.0,0.0
INSTANCE_044,0.5,V3,14,0.9917821436845996,0.0,0.0
INSTANCE_044,0.5,V3,15,1.1648619678689915,0.0,0.0
INSTANCE_044,0.5,V3,16,0.8945535962683786,0.0,0.0
INSTANCE_044,0.5,V3,17,0.8742533364880948,0.0,0.0
INSTANCE_044,0.5,V3,18,0.901399027263804,0.0,0.0
INSTANCE_044,0.5,V3,19,0.9749750855827264,0.0,0.0
INSTANCE_044,0.75,V1,0,1.012908100204927,0.0,0.0
INSTANCE_044,0.75,V1,1,1.177996395225299,0.0,0.0
INSTANCE_044,0.75,V1,2,1.0353092831079391,0.0,0.0
INSTANCE_044,0.75,V1,3,1.0198225008889543,0.0,0.0
INSTANCE_044,0.75,V1,4,1.1088309628842337,0.0,0.0
INSTANCE_044,0.75,V1,5,0.9642920176961438,0.0,0.0
INSTANCE_044,0.75,V1,6,1.14509820157397,0.0,0.0
INSTANCE_044,0.75,V1,7,0.8750430865662231,0.0,0.0
INSTANCE_044,0.75,V1,8,1.0501016558609833,0.0,0.0
INSTANCE_044,0.75,V1,9,0.8750430865662231,0.0,0.0
INSTANCE_044,0.75,V1,10,0.9529172306337892,0.0,0.0
INSTANCE_044,0.75,V1,11,0.9178288172426968,0.0,0.0
INSTANCE_044,0.75,V1,12,1.0344257611856866,0.0,0.0
INSTANCE_044,0.75,V1,13,0.9211854734188176,0.0,0.0
INSTANCE_044,0.75,V1,14,0.8537198344567576,0.0,0.0
INSTANCE_044,0.75,V1,15,1.162678378179289,0.0,0.0
INSTANCE_044,0.75,V1,16,0.9192690909414114,0.0,0.0
INSTANCE_044,0.75,V1,17,1.0264248054620404,0.0,0.0
INSTANCE_044,0.75,V1,18,1.14509820157397,0.0,0.0
INSTANCE_044,0.75,V1,19,1.0281817017159132,0.0,0.0
INSTANCE_044,0.75,V2,0,0.8875019040349109,0.0,0.0
INSTANCE_044,0.75,V2,1,1.1530051709364817,0.0,0.0
INSTANCE_044,0.75,V2,2,0.9322551259494244,0.0,0.0
INSTANCE_044,0.75,V2,3,0.8560890846911426,0.0,0.0
INSTANCE_044,0.75,V2,4,1.2002136116675404,0.0,0.0
INSTANCE_044,0.75,V2,5,0.928219591826866,0.0,0.0
INSTANCE_044,0.75,V2,6,1.1365853378946085,0.0,0.0
INSTANCE_044,0.75,V2,7,1.5780846479199655,40.63685579423998,20.1217553712803
INSTANCE_044,0.75,V2,8,1.2403154208836862,2.030174437362234,2.030174437362234
INSTANCE_044,0.75,V2,9,1.0554903071202004,0.0,0.0
INSTANCE_044,0.75,V2,10,1.3212002828942648,7.408748144858919,0.0
INSTANCE_044,0.75,V2,11,0.8837955056139003,0.0,0.0
INSTANCE_044,0.75,V2,12,0.9851915260344116,0.0,0.0
INSTANCE_044,0.75,V2,13,0.9837153170819758,0.0,0.0
INSTANCE_044,0.75,V2,14,1.4076515105089678,18.00759597449462,4.007731792169579
INSTANCE_044,0.75,V2,15,0.9628279497960548,0.0,0.0
INSTANCE_044,0.75,V2,16,0.9294505076403106,0.0,0.0
INSTANCE_044,0.75,V2,17,1.025141992324292,0.0,0.0
INSTANCE_044,0.75,V2,18,1.404519219653363,17.591706056141447,3.8198047818028726
INSTANCE_044,0.75,V2,19,1.0965462769001335,0.0,0.0
INSTANCE_044,0.75,V3,0,1.0461369992519114,0.0,0.0
INSTANCE_044,0.75,V3,1,1.0616527971120824,0.0,0.0
INSTANCE_044,0.75,V3,2,0.9147226446552368,0.0,0.0
INSTANCE_044,0.75,V3,3,1.053765922428726,0.0,0.0
INSTANCE_044,0.75,V3,4,1.0943999581416457,0.0,0.0
INSTANCE_044,0.75,V3,5,1.2455437625633596,0.0,0.0
INSTANCE_044,0.75,V3,6,0.989669669334568,0.0,0.0
INSTANCE_044,0.75,V3,7,1.0943620642162015,0.0,0.0
INSTANCE_044,0.75,V3,8,1.0004212476182772,0.0,0.0
INSTANCE_044,0.75,V3,9,0.8679353358630678,0.0,0.0
INSTANCE_044,0.75,V3,10,0.986397847582322,0.0,0.0
INSTANCE_044,0.75,V3,11,1.08463797093738,0.0,0.0
INSTANCE_044,0.75,V3,12,1.0093114265817889,0.0,0.0
INSTANCE_044,0.75,V3,13,0.8856953239836636,0.0,0.0
INSTANCE_044,0.75,V3,14,1.1762697902790085,0.0,0.0
INSTANCE_044,0.75,V3,15,0.8708767406995097,0.0,0.0
INSTANCE_044,0.75,V3,16,0.9507492824146152,0.0,0.0
INSTANCE_044,0.75,V3,17,1.0921384134030634,0.0,0.0
INSTANCE_044,0.75,V3,18,1.0227149055229203,0.0,0.0
INSTANCE_044,0.75,V3,19,1.2935671554928894,0.0,0.0
INSTANCE_046,0.25,V1,0,0.9459966876449238,0.0,0.0
INSTANCE_046,0.25,V1,1,0.9264605184944188,0.0,0.0
INSTANCE_046,0.25,V1,2,1.160928784209669,0.0,0.0
INSTANCE_046,0.25,V1,3,1.1063826311913016,0.0,0.0
INSTANCE_046,0.25,V1,4,1.299274246905029,4.273869603041362,4.273869603041362
INSTANCE_046,0.25,V1,5,0.8616377346865536,0.0,0.0
INSTANCE_046,0.25,V1,6,0.9336186647134512,0.0,0.0
INSTANCE_046,0.25,V1,7,1.0781558024966225,0.0,0.0
INSTANCE_046,0.25,V1,8,0.9757918589093308,0.0,0.0
INSTANCE_046,0.25,V1,9,0.8941170504784879,0.0,0.0
INSTANCE_046,0.25,V1,10,1.2403154208836862,0.0,0.0
INSTANCE_046,0.25,V1,11,0.986397847582322,0.0,0.0
INSTANCE_046,0.25,V1,12,1.106910609913234,0.0,0.0
INSTANCE_046,0.25,V1,13,0.880189548411491,0.0,0.0
INSTANCE_046,0.25,V1,14,1.0237060342378992,0.0,0.0
INSTANCE_046,0.25,V1,15,0.928219591826866,0.0,0.0
INSTANCE_046,0.25,V1,16,1.1311065405886327,0.0,0.0
INSTANCE_046,0.25,V1,17,1.0160342584089286,0.0,0.0
INSTANCE_046,0.25,V1,18,1.083964907944071,0.0,0.0
INSTANCE_046,0.25,V1,19,1.1912368001424978,0.0,0.0
INSTANCE_046,0.25,V2,0,0.8619384808417672,0.0,0.0
INSTANCE_046,0.25,V2,1,1.0570136241678627,0.0,0.0
INSTANCE_046,0.25,V2,2,1.0657981054372272,0.0,0.0
INSTANCE_046,0.25,V2,3,0.9888439124139718,0.0,0.0
INSTANCE_046,0.25,V2,4,0.986397847582322,0.0,0.0
INSTANCE_046,0.25,V2,5,0.9389862098912972,0.0,0.0
INSTANCE_046,0.25,V2,6,1.030416766768407,0.0,0.0
INSTANCE_046,0.25,V2,7,0.9422638483906888,0.0,0.0
INSTANCE_046,0.25,V2,8,0.9851915260344116,0.0,0.0
INSTANCE_046,0.25,V2,9,1.0197619269699187,0.0,0.0
INSTANCE_046,0.25,V2,10,1.144054846394554,0.0,0.0
INSTANCE_046,0.25,V2,11,0.8867464758398487,0.0,0.0
INSTANCE_046,0.25,V2,12,1.0570136241678627,0.0,0.0
INSTANCE_046,0.25,V2,13,0.9603552986534024,0.0,0.0
INSTANCE_046,0.25,V2,14,0.9268717304422636,0.0,0.0
INSTANCE_046,0.25,V2,15,1.1042449612439666,0.0,0.0
INSTANCE_046,0.25,V2,16,0.9662476228616288,0.0,0.0
INSTANCE_046,0.25,V2,17,0.9301510738361254,0.0,0.0
INSTANCE_046,0.25,V2,18,0.9149465839547634,0.0,0.0
INSTANCE_046,0.25,V2,19,0.8823579906758764,0.0,0.0
INSTANCE_046,0.5,V1,0,1.3212002828942648,0.0,0.0
INSTANCE_046,0.5,V1,1,0.8686621197822783,0.0,0.0
INSTANCE_046,0.5,V1,2,1.0938011405543786,0.0,0.0
INSTANCE_046,0.5,V1,3,0.9941478126347248,0.0,0.0
INSTANCE_046,0.5,V1,4,0.8941170504784879,0.0,0.0
INSTANCE_046,0.5,V1,5,1.1063826311913016,0.0,0.0
INSTANCE_046,0.5,V1,6,0.9400305127732984,0.0,0.0
INSTANCE_046,0.5,V1,7,0.982523803280152,0.0,0.0
INSTANCE_046,0.5,V1,8,1.0155389159454924,0.0,0.0
INSTANCE_046,0.5,V1,9,0.9674106629308494,0.0,0.0
INSTANCE_046,0.5,V1,10,1.0955550431636287,0.0,0.0
INSTANCE_046,0.5,V1,11,0.9339674447270956,0.0,0.0
INSTANCE_046,0.5,V1,12,0.9466174203795992,0.0,0.0
INSTANCE_046,0.5,V1,13,1.169974276520548,0.0,0.0
INSTANCE_046,0.5,V1,14,1.2788437374224868,0.0,0.0
INSTANCE_046,0.5,V1,15,1.1935103834373952,0.0,0.0
INSTANCE_046,0.5,V1,16,0.9652394024198532,0.0,0.0
INSTANCE_046,0.5,V1,17,0.957117167856376,0.0,0.0
INSTANCE_046,0.5,V1,18,0.9465547524469162,0.0,0.0
INSTANCE_046,0.5,V1,19,1.265697342894251,0.0,0.0
INSTANCE_046,0.5,V2,0,0.9941478126347248,0.0,0.0
INSTANCE_046,0.5,V2,1,0.9026102255194182,0.0,0.0
INSTANCE_046,0.5,V2,2,0.9776540571133564,0.0,0.0
INSTANCE_046,0.5,V2,3,1.1063826311913016,0.0,0.0
INSTANCE_046,0.5,V2,4,1.1629053939444185,0.0,0.0
INSTANCE_046,0.5,V2,5,1.099212255084284,0.0,0.0
INSTANCE_046,0.5,V2,6,0.8945535962683786,0.0,0.0
INSTANCE_046,0.5,V2,7,1.3098670257269611,0.0,0.0
INSTANCE_046,0.5,V2,8,0.8913441934816038,0.0,0.0
INSTANCE_046,0.5,V2,9,0.9874576676353544,0.0,0.0
INSTANCE_046,0.5,V2,10,1.0380336169762574,0.0,0.0
INSTANCE_046,0.5,V2,11,1.1461398626460653,0.0,0.0
INSTANCE_046,0.5,V2,12,0.897817974533582,0.0,0.0
INSTANCE_046,0.5,V2,13,0.986982783354474,0.0,0.0
INSTANCE_046,0.5,V2,14,1.0887542440718676,0.0,0.0
INSTANCE_046,0.5,V2,15,0.9281026349887276,0.0,0.0
INSTANCE_046,0.5,V2,16,0.957117167856376,0.0,0.0
INSTANCE_046,0.5,V2,17,1.035078042398154,0.0,0.0
INSTANCE_046,0.5,V2,18,1.0943999581416457,0.0,0.0
INSTANCE_046,0.5,V2,19,1.0933688029015818,0.0,0.0
INSTANCE_046,0.75,V1,0,1.3061410091530687,0.0,0.0
INSTANCE_046,0.75,V1,1,0.9755567328734692,0.0,0.0
INSTANCE_046,0.75,V1,2,0.9026102255194182,0.0,0.0
INSTANCE_046,0.75,V1,3,1.1407856705286128,0.0,0.0
INSTANCE_046,0.75,V1,4,1.2894916487681851,0.0,0.0
INSTANCE_046,0.75,V1,5,0.9099177981961156,0.0,0.0
INSTANCE_046,0.75,V1,6,1.0988076321462972,0.0,0.0
INSTANCE_046,0.75,V1,7,0.9833459881894986,0.0,0.0
INSTANCE_046,0.75,V1,8,1.106910609913234,0.0,0.0
INSTANCE_046,0.75,V1,9,0.9754845175553202,0.0,0.0
INSTANCE_046,0.75,V1,10,0.9532421995654592,0.0,0.0
INSTANCE_046,0.75,V1,11,0.9776148694407124,0.0,0.0
INSTANCE_046,0.75,V1,12,1.0638111394358234,0.0,0.0
INSTANCE_046,0.75,V1,13,0.9955838879647624,0.0,0.0
INSTANCE_046,0.75,V1,14,0.9495654082242784,0.0,0.0
INSTANCE_046,0.75,V1,15,0.9706772601608552,0.0,0.0
INSTANCE_046,0.75,V1,16,0.8856953239836636,0.0,0.0
INSTANCE_046,0.75,V1,17,1.037300829890777,0.0,0.0
INSTANCE_046,0.75,V1,18,1.1422304547810254,0.0,0.0
INSTANCE_046,0.75,V1,19,1.0669523555514149,0.0,0.0
INSTANCE_046,0.75,V2,0,1.0570136241678627,0.0,0.0
INSTANCE_046,0.75,V2,1,1.0785362869094035,0.0,0.0
INSTANCE_046,0.75,V2,2,1.044234363134732,0.0,0.0
INSTANCE_046,0.75,V2,3,0.9910777260686452,0.0,0.0
INSTANCE_046,0.75,V2,4,1.1254714004314932,0.0,0.0
INSTANCE_046,0.75,V2,5,0.8603010851078271,0.0,0.0
INSTANCE_046,0.75,V2,6,1.0677365243569064,0.0,0.0
INSTANCE_046,0.75,V2,7,1.0920709533600874,0.0,0.0
INSTANCE_046,0.75,V2,8,1.0230975058065837,0.0,0.0
INSTANCE_046,0.75,V2,9,0.9765066420583508,0.0,0.0
INSTANCE_046,0.75,V2,10,1.185771088515122,0.0,0.0
INSTANCE_046,0.75,V2,11,1.264843010374234,0.0,0.0
INSTANCE_046,0.75,V2,12,1.58847655058736,0.0,0.0
INSTANCE_046,0.75,V2,13,1.2604338402955244,0.0,0.0
INSTANCE_046,0.75,V2,14,1.0536148665338825,0.0,0.0
INSTANCE_046,0.75,V2,15,1.3524319042851258,0.0,0.0
INSTANCE_046,0.75,V2,16,1.08891748139568,0.0,0.0
INSTANCE_046,0.75,V2,17,1.1811335905313414,0.0,0.0
INSTANCE_046,0.75,V2,18,0.9273353666104306,0.0,0.0
INSTANCE_046,0.75,V2,19,0.9449696571202796,0.0,0.0
INSTANCE_048,0.25,V1,0,0.928746091878952,0.0,0.0
INSTANCE_048,0.25,V1,1,1.0531594431615243,0.0,0.0
INSTANCE_048,0.25,V1,2,0.938547427936957,0.0,0.0
INSTANCE_048,0.25,V1,3,0.9829524543843334,0.0,0.0
INSTANCE_048,0.25,V1,4,1.2767554651595572,16.14743898107224,16.14743898107224
INSTANCE_048,0.25,V1,5,0.8616173352380412,0.0,0.0
INSTANCE_048,0.25,V1,6,0.9782508662188903,0.0,0.0
INSTANCE_048,0.25,V1,7,0.959652807807777,0.0,0.0
INSTANCE_048,0.25,V1,8,1.007181758175017,0.0,0.0
INSTANCE_048,0.25,V1,9,1.4919803115329875,56.691414184796486,56.691414184796486
INSTANCE_048,0.25,V1,10,1.004120415445002,0.0,0.0
INSTANCE_048,0.25,V1,11,1.2157472228130168,7.956069553059706,7.956069553059706
INSTANCE_048,0.25,V1,12,0.9293519926534468,0.0,0.0
INSTANCE_048,0.25,V1,13,1.2713073468204676,15.407439227468103,15.407439227468103
INSTANCE_048,0.25,V1,14,1.0603238483103044,0.0,0.0
INSTANCE_048,0.25,V1,15,0.9384242201724676,0.0,0.0
INSTANCE_048,0.25,V1,16,0.8680632001614316,0.0,0.0
INSTANCE_048,0.25,V1,17,1.2788437374224868,16.431082041638433,16.431082041638433
INSTANCE_048,0.25,V1,18,0.8941170504784879,0.0,0.0
INSTANCE_048,0.25,V1,19,1.419554215760268,35.88412476936878,35.88412476936878
INSTANCE_048,0.25,V2,0,1.064056605264944,2.605924010834997,2.605924010834997
INSTANCE_048,0.25,V2,1,0.9266458893311968,0.0,0.0
INSTANCE_048,0.25,V2,2,1.053765922428726,1.836798375656258,1.836798375656258
INSTANCE_048,0.25,V2,3,0.8960308343539007,0.0,0.0
INSTANCE_048,0.25,V2,4,1.0616527971120824,2.426263389490373,2.426263389490373
INSTANCE_048,0.25,V2,5,0.9853573831936768,0.0,0.0
INSTANCE_048,0.25,V2,6,1.1215900192134878,6.905971369349118,1.2770207447963458
INSTANCE_048,0.25,V2,7,0.989669669334568,0.0,0.0
INSTANCE_048,0.25,V2,8,0.9652394024198532,0.0,0.0
INSTANCE_048,0.25,V2,9,1.0496155129586384,1.5265967718618183,1.5265967718618183
INSTANCE_048,0.25,V2,10,0.9129444607249626,0.0,0.0
INSTANCE_048,0.25,V2,11,0.9389862098912972,0.0,0.0
INSTANCE_048,0.25,V2,12,0.8659070570909859,0.0,0.0
INSTANCE_048,0.25,V2,13,1.1690890500818183,10.45604893644827,10.45604893644827
INSTANCE_048,0.25,V2,14,1.1376480387558012,8.106147749941783,0.6748389197974802
INSTANCE_048,0.25,V2,15,0.8999741176040277,0.0,0.0
INSTANCE_048,0.25,V2,16,0.9008138785893592,0.0,0.0
INSTANCE_048,0.25,V2,17,0.9261341549956502,0.0,0.0
INSTANCE_048,0.25,V2,18,0.97484902275561,0.0,0.0
INSTANCE_048,0.25,V2,19,0.9799329811532924,0.0,0.0
INSTANCE_048,0.25,V3,0,0.8907921204605406,0.0,0.0
INSTANCE_048,0.25,V3,1,0.8906923743355462,0.0,0.0
INSTANCE_048,0.25,V3,2,1.1935103834373952,18.22160377666296,8.62302882505844
INSTANCE_048,0.25,V3,3,1.0265599296804746,0.260754419244563,0.260754419244563
INSTANCE_048,0.25,V3,4,1.172213459534738,14.299775239988548,14.299775239988548
INSTANCE_048,0.25,V3,5,0.8990070562178624,0.0,0.0
INSTANCE_048,0.25,V3,6,1.0572782377833292,3.1646072813874757,3.1646072813874757
INSTANCE_048,0.25,V3,7,0.9096963627216734,0.0,0.0
INSTANCE_048,0.25,V3,8,1.3280913227765965,49.06948259351225,35.87460446330124
INSTANCE_048,0.25,V3,9,0.9516488441446742,0.0,0.0
INSTANCE_048,0.25,V3,10,0.9693823231717382,0.0,0.0
INSTANCE_048,0.25,V3,11,0.9187929580656782,0.0,0.0
INSTANCE_048,0.25,V3,12,0.9388941757844352,0.0,0.0
INSTANCE_048,0.25,V3,13,0.9283368949472788,0.0,0.0
INSTANCE_048,0.25,V3,14,1.083964907944071,5.687342689466277,5.687342689466277
INSTANCE_048,0.25,V3,15,1.1049113734112834,7.667446980857562,7.667446980857562
INSTANCE_048,0.25,V3,16,0.9273225802064884,0.0,0.0
INSTANCE_048,0.25,V3,17,0.8631968353942979,0.0,0.0
INSTANCE_048,0.25,V3,18,1.0611621284754895,3.531757941668843,3.531757941668843
INSTANCE_048,0.25,V3,19,0.9457172938331704,0.0,0.0
INSTANCE_048,0.25,V4,0,1.404519219653363,127.08236179125264,127.08236179125264
INSTANCE_048,0.25,V4,1,0.9178288172426968,0.0,0.0
INSTANCE_048,0.25,V4,2,1.1631261406411382,38.6081774370864,38.6081774370864
INSTANCE_048,0.25,V4,3,1.0410971100607462,6.255879945822244,6.255879945822244
INSTANCE_048,0.25,V4,4,0.9367595559628464,0.0,0.0
INSTANCE_048,0.25,V4,5,1.289559815894179,84.94801592245517,84.94801592245517
INSTANCE_048,0.25,V4,6,1.301268075376899,89.23926864676389,89.23926864676389
INSTANCE_048,0.25,V4,7,1.0781558024966225,13.160135787790978,13.160135787790978
INSTANCE_048,0.25,V4,8,1.131482948891816,27.01047301308404,27.01047301308404
INSTANCE_048,0.25,V4,9,1.0198225008889543,3.650697679690211,3.650697679690211
INSTANCE_048,0.25,V4,10,1.2455437625633596,68.81547213590966,68.81547213590966
INSTANCE_048,0.25,V4,11,0.9367595559628464,0.0,0.0
INSTANCE_048,0.25,V4,12,0.994004893167698,0.4892025261838171,0.4892025261838171
INSTANCE_048,0.25,V4,13,0.8800868685777993,0.0,0.0
INSTANCE_048,0.25,V4,14,1.1712086058859192,41.5705221862778,41.5705221862778
INSTANCE_048,0.25,V4,15,0.915357795902608,0.0,0.0
INSTANCE_048,0.25,V4,16,0.9674106629308494,0.0,0.0
INSTANCE_048,0.25,V4,17,1.0208357373528285,3.7747735508741016,3.7747735508741016
INSTANCE_048,0.25,V4,18,1.3951223470865473,123.63826704242511,123.63826704242511
INSTANCE_048,0.25,V4,19,1.0933688029015818,16.87991722680897,16.87991722680897
INSTANCE_048,0.5,V1,0,1.0277338873858977,0.0,0.0
INSTANCE_048,0.5,V1,1,1.102773106086061,0.0,0.0
INSTANCE_048,0.5,V1,2,1.1457195343963222,0.0,0.0
INSTANCE_048,0.5,V1,3,1.106910609913234,0.0,0.0
INSTANCE_048,0.5,V1,4,1.0966036056056736,0.0,0.0
INSTANCE_048,0.5,V1,5,1.1573313544924242,0.0,0.0
INSTANCE_048,0.5,V1,6,0.9799329811532924,0.0,0.0
INSTANCE_048,0.5,V1,7,0.8657550638203773,0.0,0.0
INSTANCE_048,0.5,V1,8,0.9642708498237232,0.0,0.0
INSTANCE_048,0.5,V1,9,1.0694883476449055,0.0,0.0
INSTANCE_048,0.5,V1,10,0.9093171923887252,0.0,0.0
INSTANCE_048,0.5,V1,11,0.8745698193607322,0.0,0.0
INSTANCE_048,0.5,V1,12,1.06485658767624,0.0,0.0
INSTANCE_048,0.5,V1,13,0.948800957499302,0.0,0.0
INSTANCE_048,0.5,V1,14,0.9782508662188903,0.0,0.0
INSTANCE_048,0.5,V1,15,1.1242373262634713,0.0,0.0
INSTANCE_048,0.5,V1,16,1.183192346558996,0.9064664096118804,0.9064664096118804
INSTANCE_048,0.5,V1,17,1.0281817017159132,0.0,0.0
INSTANCE_048,0.5,V1,18,0.9670219792098108,0.0,0.0
INSTANCE_048,0.5,V1,19,1.2788437374224868,9.108254338186953,9.108254338186953
INSTANCE_048,0.5,V2,0,1.19980210899308,3.153049643448526,3.153049643448526
INSTANCE_048,0.5,V2,1,1.0517077858614825,0.0,0.0
INSTANCE_048,0.5,V2,2,1.4051456778244835,8.63572293124696,0.0
INSTANCE_048,0.5,V2,3,0.8616173352380412,0.0,0.0
INSTANCE_048,0.5,V2,4,1.1765118377013857,2.531199399960314,2.531199399960314
INSTANCE_048,0.5,V2,5,0.8508108730988692,0.0,0.0
INSTANCE_048,0.5,V2,6,1.2086041721501906,3.388064729743405,3.388064729743405
INSTANCE_048,0.5,V2,7,0.9258766510273724,0.0,0.0
INSTANCE_048,0.5,V2,8,0.9240716550528828,0.0,0.0
INSTANCE_048,0.5,V2,9,0.881431287198195,0.0,0.0
INSTANCE_048,0.5,V2,10,0.9374865383394811,0.0,0.0
INSTANCE_048,0.5,V2,11,0.9429615932852622,0.0,0.0
INSTANCE_048,0.5,V2,12,1.0295773633380825,0.0,0.0
INSTANCE_048,0.5,V2,13,1.3129535037479876,6.174191883404546,6.174191883404546
INSTANCE_048,0.5,V2,14,1.078622864135118,0.0,0.0
INSTANCE_048,0.5,V2,15,0.9453392154286028,0.0,0.0
INSTANCE_048,0.5,V2,16,0.877336123156705,0.0,0.0
INSTANCE_048,0.5,V2,17,0.939347482758234,0.0,0.0
INSTANCE_048,0.5,V2,18,1.2157472228130168,3.5787841824407,3.5787841824407
INSTANCE_048,0.5,V2,19,1.2002136116675404,3.164036764856519,3.164036764856519
INSTANCE_048,0.5,V3,0,1.236672880236256,14.489382012913095,14.489382012913095
INSTANCE_048,0.5,V3,1,0.8758162684608942,0.0,0.0
INSTANCE_048,0.5,V3,2,1.0130358229898395,0.0,0.0
INSTANCE_048,0.5,V3,3,0.99340200542335,0.0,0.0
INSTANCE_048,0.5,V3,4,1.1739973899230636,9.904587673075524,9.904587673075524
INSTANCE_048,0.5,V3,5,0.872033779386232,0.0,0.0
INSTANCE_048,0.5,V3,6,0.8862593856799581,0.0,0.0
INSTANCE_048,0.5,V3,7,0.8999741176040277,0.0,0.0
INSTANCE_048,0.5,V3,8,1.0109029913109135,0.0,0.0
INSTANCE_048,0.5,V3,9,0.972428037464628,0.0,0.0
INSTANCE_048,0.5,V3,10,0.8641821426346293,0.0,0.0
INSTANCE_048,0.5,V3,11,1.1507454617812989,8.280324232732482,8.280324232732482
INSTANCE_048,0.5,V3,12,0.8641821426346293,0.0,0.0
INSTANCE_048,0.5,V3,13,0.9698370112915492,0.0,0.0
INSTANCE_048,0.5,V3,14,0.8625399731521941,0.0,0.0
INSTANCE_048,0.5,V3,15,0.9642708498237232,0.0,0.0
INSTANCE_048,0.5,V3,16,0.90047418981061,0.0,0.0
INSTANCE_048,0.5,V3,17,1.1073669573756355,5.250118807474905,5.250118807474905
INSTANCE_048,0.5,V3,18,1.106910609913234,5.2182406554888985,5.2182406554888985
INSTANCE_048,0.5,V3,19,1.0204846158059413,0.0,0.0
INSTANCE_048,0.5,V4,0,0.916180219798298,0.0,0.0
INSTANCE_048,0.5,V4,1,0.8647763355505546,0.0,0.0
INSTANCE_048,0.5,V4,2,0.945932363009206,0.0,0.0
INSTANCE_048,0.5,V4,3,1.1629053939444185,19.04511761087224,19.04511761087224
INSTANCE_048,0.5,V4,4,1.1947673996824753,23.93381135794766,23.93381135794766
INSTANCE_048,0.5,V4,5,0.9149465839547634,0.0,0.0
INSTANCE_048,0.5,V4,6,1.0694883476449055,6.568029592441235,6.568029592441235
INSTANCE_048,0.5,V4,7,1.0988076321462972,9.210384358980036,9.210384358980036
INSTANCE_048,0.5,V4,8,1.1407856705286128,15.651214714773118,15.651214714773118
INSTANCE_048,0.5,V4,9,1.037300829890777,4.092326664382313,4.092326664382313
INSTANCE_048,0.5,V4,10,1.2633826575925584,39.37035606724157,39.37035606724157
INSTANCE_048,0.5,V4,11,0.9946032170381304,0.8082397718211496,0.8082397718211496
INSTANCE_048,0.5,V4,12,0.9755567328734692,0.0,0.0
INSTANCE_048,0.5,V4,13,0.9336186647134512,0.0,0.0
INSTANCE_048,0.5,V4,14,1.04885660584631,4.981139172002258,4.981139172002258
INSTANCE_048,0.5,V4,15,1.161587654121252,18.84293239733745,18.84293239733745
INSTANCE_048,0.5,V4,16,1.0571663219746068,5.620280988010222,5.620280988010222
INSTANCE_048,0.5,V4,17,0.8811862347754283,0.0,0.0
INSTANCE_048,0.5,V4,18,1.2566176852002269,37.815122739106414,37.815122739106414
INSTANCE_048,0.5,V4,19,0.9138126358561608,0.0,0.0
INSTANCE_048,0.75,V1,0,0.9698370112915492,0.0,0.0
INSTANCE_048,0.75,V1,1,1.0018575517432975,0.0,0.0
INSTANCE_048,0.75,V1,2,1.001064968341412,0.0,0.0
INSTANCE_048,0.75,V1,3,0.9525106079077382,0.0,0.0
INSTANCE_048,0.75,V1,4,0.9242822870895306,0.0,0.0
INSTANCE_048,0.75,V1,5,0.9901008979486572,0.0,0.0
INSTANCE_048,0.75,V1,6,1.0669523555514149,0.0,0.0
INSTANCE_048,0.75,V1,7,0.9293519926534468,0.0,0.0
INSTANCE_048,0.75,V1,8,0.9946032170381304,0.0,0.0
INSTANCE_048,0.75,V1,9,0.9976600818897492,0.0,0.0
INSTANCE_048,0.75,V1,10,0.9995787523817228,0.0,0.0
INSTANCE_048,0.75,V1,11,0.9685274049053448,0.0,0.0
INSTANCE_048,0.75,V1,12,0.9928450800383156,0.0,0.0
INSTANCE_048,0.75,V1,13,0.9673241866044946,0.0,0.0
INSTANCE_048,0.75,V1,14,1.265697342894251,0.2841856339639435,0.2841856339639435
INSTANCE_048,0.75,V1,15,0.8643833628688705,0.0,0.0
INSTANCE_048,0.75,V1,16,1.0298193229305517,0.0,0.0
INSTANCE_048,0.75,V1,17,1.078622864135118,0.0,0.0
INSTANCE_048,0.75,V1,18,1.0635938190376404,0.0,0.0
INSTANCE_048,0.75,V1,19,0.9237317317660896,0.0,0.0
INSTANCE_048,0.75,V2,0,1.0337368668224365,0.0,0.0
INSTANCE_048,0.75,V2,1,1.0353092831079391,0.0,0.0
INSTANCE_048,0.75,V2,2,0.9405684112303276,0.0,0.0
INSTANCE_048,0.75,V2,3,0.9790806886126946,0.0,0.0
INSTANCE_048,0.75,V2,4,1.1276941879241162,0.0,0.0
INSTANCE_048,0.75,V2,5,1.0291748740913935,0.0,0.0
INSTANCE_048,0.75,V2,6,0.897854161550149,0.0,0.0
INSTANCE_048,0.75,V2,7,0.9611497769027638,0.0,0.0
INSTANCE_048,0.75,V2,8,1.0227149055229203,0.0,0.0
INSTANCE_048,0.75,V2,9,1.0222535276119855,0.0,0.0
INSTANCE_048,0.75,V2,10,0.9339674447270956,0.0,0.0
INSTANCE_048,0.75,V2,11,1.0943620642162015,0.0,0.0
INSTANCE_048,0.75,V2,12,0.9779301014755536,0.0,0.0
INSTANCE_048,0.75,V2,13,1.4021645813362258,0.0,0.0
INSTANCE_048,0.75,V2,14,1.189502844118853,0.0,0.0
INSTANCE_048,0.75,V2,15,0.9963832474602492,0.0,0.0
INSTANCE_048,0.75,V2,16,1.3212002828942648,0.0,0.0
INSTANCE_048,0.75,V2,17,0.9734985963062254,0.0,0.0
INSTANCE_048,0.75,V2,18,0.9384242201724676,0.0,0.0
INSTANCE_048,0.75,V2,19,0.9389862098912972,0.0,0.0
INSTANCE_048,0.75,V3,0,0.9114514330251692,0.0,0.0
INSTANCE_048,0.75,V3,1,0.9958628462390396,0.0,0.0
INSTANCE_048,0.75,V3,2,0.8560890846911426,0.0,0.0
INSTANCE_048,0.75,V3,3,0.877336123156705,0.0,0.0
INSTANCE_048,0.75,V3,4,0.9466174203795992,0.0,0.0
INSTANCE_048,0.75,V3,5,1.248125601735383,1.0641309538453925,1.0641309538453925
INSTANCE_048,0.75,V3,6,1.4021645813362258,3.1215782580475206,3.1215782580475206
INSTANCE_048,0.75,V3,7,1.0041622259219942,0.0,0.0
INSTANCE_048,0.75,V3,8,0.9791584718661454,0.0,0.0
INSTANCE_048,0.75,V3,9,1.4051456778244835,3.1613957701423487,3.1613957701423487
INSTANCE_048,0.75,V3,10,0.9642277746733215,0.0,0.0
INSTANCE_048,0.75,V3,11,1.247893995574363,1.061037467554911,1.061037467554911
INSTANCE_048,0.75,V3,12,0.9262254387798478,0.0,0.0
INSTANCE_048,0.75,V3,13,1.0236024127383032,0.0,0.0
INSTANCE_048,0.75,V3,14,1.1622465240328352,0.0,0.0
INSTANCE_048,0.75,V3,15,1.137200816025485,0.0,0.0
INSTANCE_048,0.75,V3,16,0.8907514742588356,0.0,0.0
INSTANCE_048,0.75,V3,17,1.0554903071202004,0.0,0.0
INSTANCE_048,0.75,V3,18,1.0718567699021446,0.0,0.0
INSTANCE_048,0.75,V3,19,1.006914675427749,0.0,0.0
INSTANCE_048,0.75,V4,0,0.9739961677840204,0.0,0.0
INSTANCE_048,0.75,V4,1,0.9129208272330664,0.0,0.0
INSTANCE_048,0.75,V4,2,1.1049113734112834,6.406130032139913,6.406130032139913
INSTANCE_048,0.75,V4,3,0.8837955056139003,0.0,0.0
INSTANCE_048,0.75,V4,4,0.8750430865662231,0.0,0.0
INSTANCE_048,0.75,V4,5,1.029972959035976,2.704047464642485,2.704047464642485
INSTANCE_048,0.75,V4,6,1.1318499454201147,7.7369403869962525,7.7369403869962525
INSTANCE_048,0.75,V4,7,1.2713073468204676,20.74845164277985,20.74845164277985
INSTANCE_048,0.75,V4,8,0.8742533364880948,0.0,0.0
INSTANCE_048,0.75,V4,9,1.0233666890774118,2.3776867182393744,2.3776867182393744
INSTANCE_048,0.75,V4,10,0.9635830674772012,0.0,0.0
INSTANCE_048,0.75,V4,11,0.8767150589374235,0.0,0.0
INSTANCE_048,0.75,V4,12,0.932747492274802,0.0,0.0
INSTANCE_048,0.75,V4,13,1.162678378179289,10.058636935363552,10.058636935363552
INSTANCE_048,0.75,V4,14,1.001064968341412,1.27594454434643,1.27594454434643
INSTANCE_048,0.75,V4,15,0.912414656301052,0.0,0.0
INSTANCE_048,0.75,V4,16,0.930572354963956,0.0,0.0
INSTANCE_048,0.75,V4,17,0.940127050115456,0.0,0.0
INSTANCE_048,0.75,V4,18,1.0478855322366016,3.588958435041945,3.588958435041945
INSTANCE_048,0.75,V4,19,0.981521718152568,0.3104754129338971,0.3104754129338971
INSTANCE_049,0.25,V1,0,1.0012739989705866,2.015507074481434,2.015507074481434
INSTANCE_049,0.25,V1,1,1.039932545501351,6.228515475404038,6.228515475404038
INSTANCE_049,0.25,V1,2,1.4386739193309737,192.3134928208784,192.3134928208784
INSTANCE_049,0.25,V1,3,1.0578821955632134,8.34112648641053,8.34112648641053
INSTANCE_049,0.25,V1,4,1.2405465364027972,70.99666531195044,70.99666531195044
INSTANCE_049,0.25,V1,5,1.0130717099772102,3.3012216199832665,3.3012216199832665
INSTANCE_049,0.25,V1,6,1.1211662824292314,22.986855627154,22.986855627154
INSTANCE_049,0.25,V1,7,0.9008138785893592,0.0,0.0
INSTANCE_049,0.25,V1,8,1.01206038583535,3.1910075150034345,3.1910075150034345
INSTANCE_049,0.25,V1,9,1.0572782377833292,8.209503954247225,8.209503954247225
INSTANCE_049,0.25,V1,10,0.9704608909424204,0.0,0.0
INSTANCE_049,0.25,V1,11,1.2459762285250382,73.63465408108198,73.63465408108198
INSTANCE_049,0.25,V1,12,0.9393719900324564,0.0,0.0
INSTANCE_049,0.25,V1,13,0.9765066420583508,0.0,0.0
INSTANCE_049,0.25,V1,14,1.106910609913234,19.166026519961637,19.166026519961637
INSTANCE_049,0.25,V1,15,0.9814461698197354,0.0,0.0
INSTANCE_049,0.25,V1,16,0.8654758284768967,0.0,0.0
INSTANCE_049,0.25,V1,17,1.0921384134030634,15.806698227641164,15.806698227641164
INSTANCE_049,0.25,V1,18,1.007816544800714,2.728513719048806,2.728513719048806
INSTANCE_049,0.25,V1,19,1.085653212967671,14.393356879421958,14.393356879421958
INSTANCE_049,0.25,V2,0,0.939347482758234,6.977833287886369,6.977833287886369
INSTANCE_049,0.25,V2,1,1.0344257611856866,18.027513879130083,18.027513879130083
INSTANCE_049,0.25,V2,2,0.9452285442867292,7.661310655189709,7.661310655189709
INSTANCE_049,0.25,V2,3,1.0758685194769508,25.3672185482161,25.3672185482161
INSTANCE_049,0.25,V2,4,1.0785362869094035,25.95674624171841,25.95674624171841
INSTANCE_049,0.25,V2,5,0.9601441557445912,9.394753300117486,9.394753300117486
INSTANCE_049,0.25,V2,6,1.1138635101922394,33.76341492146537,33.76341492146537
INSTANCE_049,0.25,V2,7,1.5041260688616074,215.6021068152505,215.6021068152505
INSTANCE_049,0.25,V2,8,0.930572354963956,5.958017186061284,5.958017186061284
INSTANCE_049,0.25,V2,9,0.9947832248597468,13.420390449117235,13.420390449117235
INSTANCE_049,0.25,V2,10,0.98743059768449,12.565892627566086,12.565892627566086
INSTANCE_049,0.25,V2,11,0.8960308343539007,1.943716799162644,1.943716799162644
INSTANCE_049,0.25,V2,12,0.9281026349887276,5.670994562940109,5.670994562940109
INSTANCE_049,0.25,V2,13,1.0603238483103044,21.932131206025588,21.932131206025588
INSTANCE_049,0.25,V2,14,1.041800250400152,18.884552434004945,18.884552434004945
INSTANCE_049,0.25,V2,15,1.0929359703127333,29.13881227965885,29.13881227965885
INSTANCE_049,0.25,V2,16,1.0999082182341633,30.67955124575019,30.67955124575019
INSTANCE_049,0.25,V2,17,0.9757918589093308,11.213277202913105,11.213277202913105
INSTANCE_049,0.25,V2,18,0.932747492274802,6.210804393870262,6.210804393870262
INSTANCE_049,0.25,V2,19,1.0259774424872496,17.045678441060318,17.045678441060318
INSTANCE_049,0.5,V1,0,1.090776017802234,7.222617648403229,7.222617648403229
INSTANCE_049,0.5,V1,1,1.0070935069548954,2.294415113752166,2.294415113752166
INSTANCE_049,0.5,V1,2,1.206693469199039,20.06620062131492,20.06620062131492
INSTANCE_049,0.5,V1,3,0.9958628462390396,1.6330227864275455,1.6330227864275455
INSTANCE_049,0.5,V1,4,1.0427388421051456,4.393628309642281,4.393628309642281
INSTANCE_049,0.5,V1,5,0.9289035647041978,0.0,0.0
INSTANCE_049,0.5,V1,6,0.9674106629308494,0.0,0.0
INSTANCE_049,0.5,V1,7,0.9765066420583508,0.4931036618862663,0.4931036618862663
INSTANCE_049,0.5,V1,8,1.0943620642162015,7.433805898465948,7.433805898465948
INSTANCE_049,0.5,V1,9,0.8787802655337207,0.0,0.0
INSTANCE_049,0.5,V1,10,1.0480976118828749,4.709215193135606,4.709215193135606
INSTANCE_049,0.5,V1,11,1.3212002828942648,38.2767679586558,38.2767679586558
INSTANCE_049,0.5,V1,12,1.0257450539352442,3.392835801336446,3.392835801336446
INSTANCE_049,0.5,V1,13,0.9774481250825152,0.5485491663179118,0.5485491663179118
INSTANCE_049,0.5,V1,14,1.2086041721501906,20.291198631832916,20.291198631832916
INSTANCE_049,0.5,V1,15,0.9635830674772012,0.0,0.0
INSTANCE_049,0.5,V1,16,0.8708767406995097,0.0,0.0
INSTANCE_049,0.5,V1,17,0.8795782850346832,0.0,0.0
INSTANCE_049,0.5,V1,18,1.2381209749437925,23.76699893946511,23.76699893946511
INSTANCE_049,0.5,V1,19,0.8945535962683786,0.0,0.0
INSTANCE_049,0.5,V2,0,0.8878997164095318,5.023145556292434,5.023145556292434
INSTANCE_049,0.5,V2,1,1.1664775395814988,33.437063484000646,33.437063484000646
INSTANCE_049,0.5,V2,2,1.0990001848087976,23.37067923675136,23.37067923675136
INSTANCE_049,0.5,V2,3,1.039657141720413,17.21179609917806,17.21179609917806
INSTANCE_049,0.5,V2,4,1.1461398626460653,30.403054942644985,30.403054942644985
INSTANCE_049,0.5,V2,5,1.004946172365598,14.42392674383052,14.42392674383052
INSTANCE_049,0.5,V2,6,0.9673007796898386,11.400374288755645,11.400374288755645
INSTANCE_049,0.5,V2,7,0.9336186647134512,8.695139087568919,8.695139087568919
INSTANCE_049,0.5,V2,8,1.131482948891816,28.216512120596462,28.216512120596462
INSTANCE_049,0.5,V2,9,1.2403154208836862,46.20816179124404,46.20816179124404
INSTANCE_049,0.5,V2,10,1.308671119471844,61.0374748952878,61.0374748952878
INSTANCE_049,0.5,V2,11,1.0461369992519114,17.732236656583154,17.732236656583154
INSTANCE_049,0.5,V2,12,1.0697925468478195,19.632171387660943,19.632171387660943
INSTANCE_049,0.5,V2,13,1.0920709533600874,22.336964940513557,22.336964940513557
INSTANCE_049,0.5,V2,14,0.8537198344567576,2.2779313707853817,2.2779313707853817
INSTANCE_049,0.5,V2,15,1.085653212967671,21.37955573253919,21.37955573253919
INSTANCE_049,0.5,V2,16,0.8851375383563126,4.801296622317977,4.801296622317977
INSTANCE_049,0.5,V2,17,0.9807133827342552,12.477629856606429,12.477629856606429
INSTANCE_049,0.5,V2,18,0.9785219509065192,12.301621356975602,12.301621356975602
INSTANCE_049,0.5,V2,19,1.0496155129586384,18.011619282461538,18.011619282461538
INSTANCE_049,0.75,V1,0,0.8939970884413038,0.0,0.0
INSTANCE_049,0.75,V1,1,0.9867656612550728,1.5448156226377705,1.5448156226377705
INSTANCE_049,0.75,V1,2,0.9790806886126946,1.352114933630105,1.352114933630105
INSTANCE_049,0.75,V1,3,1.012584423881113,2.19222109548582,2.19222109548582
INSTANCE_049,0.75,V1,4,1.1397953623515606,5.3820353776324055,5.3820353776324055
INSTANCE_049,0.75,V1,5,1.2405465364027972,7.908371066966879,7.908371066966879
INSTANCE_049,0.75,V1,6,1.0603238483103044,3.389287163047584,3.389287163047584
INSTANCE_049,0.75,V1,7,0.9685274049053448,1.087491344668365,1.087491344668365
INSTANCE_049,0.75,V1,8,1.1063826311913016,4.54421114378863,4.54421114378863
INSTANCE_049,0.75,V1,9,0.8631968353942979,0.0,0.0
INSTANCE_049,0.75,V1,10,0.99379310821491,1.7210288551556232,1.7210288551556232
INSTANCE_049,0.75,V1,11,0.9662476228616288,1.0303258099221466,1.0303258099221466
INSTANCE_049,0.75,V1,12,0.8939970884413038,0.0,0.0
INSTANCE_049,0.75,V1,13,1.2894916487681851,10.236953075090696,10.236953075090696
INSTANCE_049,0.75,V1,14,0.8720166317213677,0.0,0.0
INSTANCE_049,0.75,V1,15,0.9800898437937272,1.3774194997945417,1.3774194997945417
INSTANCE_049,0.75,V1,16,1.0518190364867388,3.1760290065718664,3.1760290065718664
INSTANCE_049,0.75,V1,17,1.1595571711312622,5.87756273278319,5.87756273278319
INSTANCE_049,0.75,V1,18,1.2336673023720526,7.735874273646004,7.735874273646004
INSTANCE_049,0.75,V1,19,0.9322551259494244,0.1779639498487313,0.1779639498487313
INSTANCE_049,0.75,V2,0,1.3280913227765965,30.70135135002738,30.70135135002738
INSTANCE_049,0.75,V2,1,1.089583893562997,17.556719992516946,17.556719992516946
INSTANCE_049,0.75,V2,2,1.3212002828942648,30.237182388619885,30.237182388619885
INSTANCE_049,0.75,V2,3,0.9467428209320584,11.928067525494724,11.928067525494724
INSTANCE_049,0.75,V2,4,0.981617781319966,13.302315339580105,13.302315339580105
INSTANCE_049,0.75,V2,5,0.9289035647041978,11.225111633835922,11.225111633835922
INSTANCE_049,0.75,V2,6,1.1690890500818183,20.689620685140767,20.689620685140767
INSTANCE_049,0.75,V2,7,0.9776540571133564,13.14612478721881,13.14612478721881
INSTANCE_049,0.75,V2,8,1.0722453613941898,16.87349513240497,16.87349513240497
INSTANCE_049,0.75,V2,9,1.023883842600355,14.967809484333998,14.967809484333998
INSTANCE_049,0.75,V2,10,0.9874576676353544,13.532436059837892,13.532436059837892
INSTANCE_049,0.75,V2,11,0.8797734030963599,9.289137615679124,9.289137615679124
INSTANCE_049,0.75,V2,12,1.0408052245863542,15.6345965414921,15.6345965414921
INSTANCE_049,0.75,V2,13,0.933106296922953,11.390720296915902,11.390720296915902
INSTANCE_049,0.75,V2,14,0.9012738346157227,10.136362119699356,10.136362119699356
INSTANCE_049,0.75,V2,15,1.009821314185272,14.413675552137532,14.413675552137532
INSTANCE_049,0.75,V2,16,0.9278608340766128,11.184022833455742,11.184022833455742
INSTANCE_049,0.75,V2,17,0.8625399731521941,8.610054308729218,8.610054308729218
INSTANCE_049,0.75,V2,18,0.997208885813998,13.916682812167323,13.916682812167323
INSTANCE_049,0.75,V2,19,0.9814461698197354,13.295552988413531,13.295552988413531
INSTANCE_050,0.25,V1,0,0.895619622406056,0.0,0.0
INSTANCE_050,0.25,V1,1,0.9935758266675258,0.0,0.0
INSTANCE_050,0.25,V1,2,0.9241139826124164,0.0,0.0
INSTANCE_050,0.25,V1,3,0.9532421995654592,0.0,0.0
INSTANCE_050,0.25,V1,4,1.2334711323482457,0.0,0.0
INSTANCE_050,0.25,V1,5,0.9739961677840204,0.0,0.0
INSTANCE_050,0.25,V1,6,0.9505152028932846,0.0,0.0
INSTANCE_050,0.25,V1,7,0.9748585664054288,0.0,0.0
INSTANCE_050,0.25,V1,8,1.01206038583535,0.0,0.0
INSTANCE_050,0.25,V1,9,0.9833459881894986,0.0,0.0
INSTANCE_050,0.25,V1,10,1.2633826575925584,0.0,0.0
INSTANCE_050,0.25,V1,11,0.8766225867224798,0.0,0.0
INSTANCE_050,0.25,V1,12,1.1507454617812989,0.0,0.0
INSTANCE_050,0.25,V1,13,0.9336186647134512,0.0,0.0
INSTANCE_050,0.25,V1,14,0.9388941757844352,0.0,0.0
INSTANCE_050,0.25,V1,15,0.9884310339536738,0.0,0.0
INSTANCE_050,0.25,V1,16,1.0055870301737375,0.0,0.0
INSTANCE_050,0.25,V1,17,0.9336186647134512,0.0,0.0
INSTANCE_050,0.25,V1,18,1.0572782377833292,0.0,0.0
INSTANCE_050,0.25,V1,19,0.9975290461370252,0.0,0.0
INSTANCE_050,0.25,V2,0,1.0093114265817889,0.0,0.0
INSTANCE_050,0.25,V2,1,1.5749158421982845,35.85759571355948,35.85759571355948
INSTANCE_050,0.25,V2,2,0.9547025018841144,0.0,0.0
INSTANCE_050,0.25,V2,3,1.177996395225299,0.0,0.0
INSTANCE_050,0.25,V2,4,0.9940166810593172,0.0,0.0
INSTANCE_050,0.25,V2,5,1.2403154208836862,0.8041164172022945,0.8041164172022945
INSTANCE_050,0.25,V2,6,0.8750430865662231,0.0,0.0
INSTANCE_050,0.25,V2,7,1.1311065405886327,0.0,0.0
INSTANCE_050,0.25,V2,8,1.0041622259219942,0.0,0.0
INSTANCE_050,0.25,V2,9,1.1989320954418774,0.0,0.0
INSTANCE_050,0.25,V2,10,1.099212255084284,0.0,0.0
INSTANCE_050,0.25,V2,11,0.9128985993746358,0.0,0.0
INSTANCE_050,0.25,V2,12,1.0719712279991411,0.0,0.0
INSTANCE_050,0.25,V2,13,1.0669523555514149,0.0,0.0
INSTANCE_050,0.25,V2,14,0.9313950618685568,0.0,0.0
INSTANCE_050,0.25,V2,15,1.227900540926577,0.0,0.0
INSTANCE_050,0.25,V2,16,0.9529172306337892,0.0,0.0
INSTANCE_050,0.25,V2,17,0.8999741176040277,0.0,0.0
INSTANCE_050,0.25,V2,18,1.1073669573756355,0.0,0.0
INSTANCE_050,0.25,V2,19,0.9284579023767574,0.0,0.0
INSTANCE_050,0.5,V1,0,0.9726881952359552,0.0,0.0
INSTANCE_050,0.5,V1,1,0.90047418981061,0.0,0.0
INSTANCE_050,0.5,V1,2,0.8993205299366595,0.0,0.0
INSTANCE_050,0.5,V1,3,1.102773106086061,0.0,0.0
INSTANCE_050,0.5,V1,4,1.0448622446704332,0.0,0.0
INSTANCE_050,0.5,V1,5,0.9853573831936768,0.0,0.0
INSTANCE_050,0.5,V1,6,1.009821314185272,0.0,0.0
INSTANCE_050,0.5,V1,7,1.004946172365598,0.0,0.0
INSTANCE_050,0.5,V1,8,1.3431263188835012,0.0,0.0
INSTANCE_050,0.5,V1,9,0.9774508000271784,0.0,0.0
INSTANCE_050,0.5,V1,10,1.012908100204927,0.0,0.0
INSTANCE_050,0.5,V1,11,0.8907921204605406,0.0,0.0
INSTANCE_050,0.5,V1,12,1.0990001848087976,0.0,0.0
INSTANCE_050,0.5,V1,13,0.9860500301904004,0.0,0.0
INSTANCE_050,0.5,V1,14,1.0722453613941898,0.0,0.0
INSTANCE_050,0.5,V1,15,1.160923983700295,0.0,0.0
INSTANCE_050,0.5,V1,16,1.067896550925003,0.0,0.0
INSTANCE_050,0.5,V1,17,1.1211662824292314,0.0,0.0
INSTANCE_050,0.5,V1,18,0.8837303374256351,0.0,0.0
INSTANCE_050,0.5,V1,19,1.4021645813362258,0.0,0.0
INSTANCE_050,0.5,V2,0,1.2713073468204676,0.0,0.0
INSTANCE_050,0.5,V2,1,0.9714404597389816,0.0,0.0
INSTANCE_050,0.5,V2,2,0.8616173352380412,0.0,0.0
INSTANCE_050,0.5,V2,3,1.1811335905313414,0.0,0.0
INSTANCE_050,0.5,V2,4,1.236672880236256,0.0,0.0
INSTANCE_050,0.5,V2,5,1.3139055004855815,0.0,0.0
INSTANCE_050,0.5,V2,6,1.1457453263173203,0.0,0.0
INSTANCE_050,0.5,V2,7,1.0311264201890464,0.0,0.0
INSTANCE_050,0.5,V2,8,1.0264248054620404,0.0,0.0
INSTANCE_050,0.5,V2,9,1.4003561203525494,0.0,0.0
INSTANCE_050,0.5,V2,10,1.0968116297819277,0.0,0.0
INSTANCE_050,0.5,V2,11,1.1088309628842337,0.0,0.0
INSTANCE_050,0.5,V2,12,1.0968116297819277,0.0,0.0
INSTANCE_050,0.5,V2,13,0.9214119093352142,0.0,0.0
INSTANCE_050,0.5,V2,14,0.985334445501438,0.0,0.0
INSTANCE_050,0.5,V2,15,1.004850008268516,0.0,0.0
INSTANCE_050,0.5,V2,16,0.8676319715473424,0.0,0.0
INSTANCE_050,0.5,V2,17,0.9495654082242784,0.0,0.0
INSTANCE_050,0.5,V2,18,1.1530051709364817,0.0,0.0
INSTANCE_050,0.5,V2,19,0.936824273489918,0.0,0.0
INSTANCE_050,0.75,V1,0,0.9505152028932846,0.0,0.0
INSTANCE_050,0.75,V1,1,0.930572354963956,0.0,0.0
INSTANCE_050,0.75,V1,2,1.2935671554928894,0.0,0.0
INSTANCE_050,0.75,V1,3,1.011463300061996,0.0,0.0
INSTANCE_050,0.75,V1,4,1.0392318228862991,0.0,0.0
INSTANCE_050,0.75,V1,5,0.9963868842848028,0.0,0.0
INSTANCE_050,0.75,V1,6,1.038104005136531,0.0,0.0
INSTANCE_050,0.75,V1,7,0.8907921204605406,0.0,0.0
INSTANCE_050,0.75,V1,8,1.0805336175127418,0.0,0.0
INSTANCE_050,0.75,V1,9,0.8875019040349109,0.0,0.0
INSTANCE_050,0.75,V1,10,0.9149465839547634,0.0,0.0
INSTANCE_050,0.75,V1,11,0.9616398094187742,0.0,0.0
INSTANCE_050,0.75,V1,12,1.0966036056056736,0.0,0.0
INSTANCE_050,0.75,V1,13,1.0543663768590927,0.0,0.0
INSTANCE_050,0.75,V1,14,1.3305307464676754,0.0,0.0
INSTANCE_050,0.75,V1,15,1.0427388421051456,0.0,0.0
INSTANCE_050,0.75,V1,16,1.404519219653363,0.0,0.0
INSTANCE_050,0.75,V1,17,0.9465547524469162,0.0,0.0
INSTANCE_050,0.75,V1,18,1.1989320954418774,0.0,0.0
INSTANCE_050,0.75,V1,19,0.8625399731521941,0.0,0.0
INSTANCE_050,0.75,V2,0,1.1073152371507708,0.0,0.0
INSTANCE_050,0.75,V2,1,0.9748585664054288,0.0,0.0
INSTANCE_050,0.75,V2,2,0.9754845175553202,0.0,0.0
INSTANCE_050,0.75,V2,3,0.8840186588827298,0.0,0.0
INSTANCE_050,0.75,V2,4,0.8941170504784879,0.0,0.0
INSTANCE_050,0.75,V2,5,1.023883842600355,0.0,0.0
INSTANCE_050,0.75,V2,6,0.9685274049053448,0.0,0.0
INSTANCE_050,0.75,V2,7,1.01932978376704,0.0,0.0
INSTANCE_050,0.75,V2,8,1.1811335905313414,0.0,0.0
INSTANCE_050,0.75,V2,9,1.299274246905029,0.0,0.0
INSTANCE_050,0.75,V2,10,0.9659105456587898,0.0,0.0
INSTANCE_050,0.75,V2,11,1.08891748139568,0.0,0.0
INSTANCE_050,0.75,V2,12,1.14509820157397,0.0,0.0
INSTANCE_050,0.75,V2,13,0.9324308558798414,0.0,0.0
INSTANCE_050,0.75,V2,14,1.1254714004314932,0.0,0.0
INSTANCE_050,0.75,V2,15,0.9525106079077382,0.0,0.0
INSTANCE_050,0.75,V2,16,0.8607323137219164,0.0,0.0
INSTANCE_050,0.75,V2,17,0.9474481203169932,0.0,0.0
INSTANCE_050,0.75,V2,18,0.912414656301052,0.0,0.0
INSTANCE_050,0.75,V2,19,1.0461369992519114,0.0,0.0
INSTANCE_052,0.25,V1,0,1.0055870301737375,0.9053834663942552,0.9053834663942552
INSTANCE_052,0.25,V1,1,1.161587654121252,39.90206098537146,39.90206098537146
INSTANCE_052,0.25,V1,2,0.907589462482472,0.0,0.0
INSTANCE_052,0.25,V1,3,1.0055870301737375,0.9053834663942552,0.9053834663942552
INSTANCE_052,0.25,V1,4,0.8631968353942979,0.0,0.0
INSTANCE_052,0.25,V1,5,0.9843594385968824,0.0,0.0
INSTANCE_052,0.25,V1,6,0.8418735832848321,0.0,0.0
INSTANCE_052,0.25,V1,7,1.018318691956402,3.1204804222148823,3.1204804222148823
INSTANCE_052,0.25,V1,8,1.0758685194769508,13.133191246998535,13.133191246998535
INSTANCE_052,0.25,V1,9,1.1382319817771245,31.935752557753744,31.935752557753744
INSTANCE_052,0.25,V1,10,0.8829405873475067,0.0,0.0
INSTANCE_052,0.25,V1,11,0.9211854734188176,0.0,0.0
INSTANCE_052,0.25,V1,12,1.1634910127954592,40.55127125102797,40.55127125102797
INSTANCE_052,0.25,V1,13,1.105583711636677,20.799862923115825,20.799862923115825
INSTANCE_052,0.25,V1,14,0.8960630797532062,0.0,0.0
INSTANCE_052,0.25,V1,15,0.912852883052783,0.0,0.0
INSTANCE_052,0.25,V1,16,1.1312758223395143,29.56309932237764,29.56309932237764
INSTANCE_052,0.25,V1,17,1.177996395225299,45.49886379274688,45.49886379274688
INSTANCE_052,0.25,V1,18,1.266827799237727,75.798071282666,75.798071282666
INSTANCE_052,0.25,V1,19,0.9063141633517744,0.0,0.0
INSTANCE_052,0.25,V2,0,1.0980549731756724,6.175466551255909,6.175466551255909
INSTANCE_052,0.25,V2,1,1.0076298823575358,0.0,0.0
INSTANCE_052,0.25,V2,2,1.1808332906127663,12.574920308455148,12.574920308455148
INSTANCE_052,0.25,V2,3,0.9332636260046188,0.0,0.0
INSTANCE_052,0.25,V2,4,0.8765761958087996,0.0,0.0
INSTANCE_052,0.25,V2,5,0.936782719617004,0.0,0.0
INSTANCE_052,0.25,V2,6,0.964958632170245,0.0,0.0
INSTANCE_052,0.25,V2,7,0.942183973564033,0.0,0.0
INSTANCE_052,0.25,V2,8,0.9450787956223722,0.0,0.0
INSTANCE_052,0.25,V2,9,1.2854101371713365,20.659582021154165,20.659582021154165
INSTANCE_052,0.25,V2,10,1.0938011405543786,5.846609841024815,5.846609841024815
INSTANCE_052,0.25,V2,11,0.9452907471448646,0.0,0.0
INSTANCE_052,0.25,V2,12,0.8894972007448494,0.0,0.0
INSTANCE_052,0.25,V2,13,1.065177372702552,3.633754054679798,3.633754054679798
INSTANCE_052,0.25,V2,14,0.9790806886126946,0.0,0.0
INSTANCE_052,0.25,V2,15,0.9768866057323032,0.0,0.0
INSTANCE_052,0.25,V2,16,1.0638889052483538,3.5341447832414588,3.5341447832414588
INSTANCE_052,0.25,V2,17,1.183192346558996,12.757294991898448,12.757294991898448
INSTANCE_052,0.25,V2,18,1.0076298823575358,0.0,0.0
INSTANCE_052,0.25,V2,19,1.01206038583535,0.0,0.0
INSTANCE_052,0.5,V1,0,1.0805336175127418,8.849344350865067,8.849344350865067
INSTANCE_052,0.5,V1,1,1.0932122742009152,10.2530195639074,10.2530195639074
INSTANCE_052,0.5,V1,2,0.9516488441446742,0.0,0.0
INSTANCE_052,0.5,V1,3,1.1407856705286128,15.519949560340706,15.519949560340706
INSTANCE_052,0.5,V1,4,0.8657550638203773,0.0,0.0
INSTANCE_052,0.5,V1,5,0.97484902275561,0.0,0.0
INSTANCE_052,0.5,V1,6,1.01932978376704,2.073365910488974,2.073365910488974
INSTANCE_052,0.5,V1,7,1.3129535037479876,51.928754539106194,51.928754539106194
INSTANCE_052,0.5,V1,8,1.0697925468478195,7.6601825157672465,7.6601825157672465
INSTANCE_052,0.5,V1,9,0.9431170881192978,0.0,0.0
INSTANCE_052,0.5,V1,10,0.9467289146039016,0.0,0.0
INSTANCE_052,0.5,V1,11,1.1648884684697969,20.162388320405967,20.162388320405967
INSTANCE_052,0.5,V1,12,0.9192690909414114,0.0,0.0
INSTANCE_052,0.5,V1,13,0.9995787523817228,0.0,0.0
INSTANCE_052,0.5,V1,14,0.8928767660288555,0.0,0.0
INSTANCE_052,0.5,V1,15,0.8906923743355462,0.0,0.0
INSTANCE_052,0.5,V1,16,0.885315360309711,0.0,0.0
INSTANCE_052,0.5,V1,17,1.0204846158059413,2.201219290235599,2.201219290235599
INSTANCE_052,0.5,V1,18,0.8685123035367265,0.0,0.0
INSTANCE_052,0.5,V1,19,0.9452907471448646,0.0,0.0
INSTANCE_052,0.5,V2,0,1.0570136241678627,0.6781828043868927,0.6781828043868927
INSTANCE_052,0.5,V2,1,0.90047418981061,0.0,0.0
INSTANCE_052,0.5,V2,2,1.1974555184618256,5.8096955520643405,5.8096955520643405
INSTANCE_052,0.5,V2,3,0.9410056319518668,0.0,0.0
INSTANCE_052,0.5,V2,4,0.9467289146039016,0.0,0.0
INSTANCE_052,0.5,V2,5,0.9427984361262643,0.0,0.0
INSTANCE_052,0.5,V2,6,0.8616377346865536,0.0,0.0
INSTANCE_052,0.5,V2,7,0.9192690909414114,0.0,0.0
INSTANCE_052,0.5,V2,8,1.0785362869094035,1.4645850298580854,1.4645850298580854
INSTANCE_052,0.5,V2,9,0.9533847620609482,0.0,0.0
INSTANCE_052,0.5,V2,10,1.029972959035976,0.0,0.0
INSTANCE_052,0.5,V2,11,0.9947832248597468,0.0,0.0
INSTANCE_052,0.5,V2,12,1.0694883476449055,1.1339884090320993,1.1339884090320993
INSTANCE_052,0.5,V2,13,1.1921550252101862,5.616024362804865,5.616024362804865
INSTANCE_052,0.5,V2,14,0.9710901386211532,0.0,0.0
INSTANCE_052,0.5,V2,15,0.9336186647134512,0.0,0.0
INSTANCE_052,0.5,V2,16,0.8795782850346832,0.0,0.0
INSTANCE_052,0.5,V2,17,1.1049113734112834,2.428286732159336,2.428286732159336
INSTANCE_052,0.5,V2,18,1.0045332939053,0.0,0.0
INSTANCE_052,0.5,V2,19,1.012584423881113,0.0,0.0
INSTANCE_052,0.75,V1,0,1.0681698050247663,3.679036886761196,3.679036886761196
INSTANCE_052,0.75,V1,1,0.916478383256532,0.0,0.0
INSTANCE_052,0.75,V1,2,1.2381209749437925,13.017287169911924,13.017287169911924
INSTANCE_052,0.75,V1,3,0.9601441557445912,0.0,0.0
INSTANCE_052,0.75,V1,4,1.1518536993163848,8.27718793177121,8.27718793177121
INSTANCE_052,0.75,V1,5,1.6396937851623727,50.68365578886062,50.68365578886062
INSTANCE_052,0.75,V1,6,1.074884193292617,4.047970140785424,4.047970140785424
INSTANCE_052,0.75,V1,7,0.9898663445470748,0.0,0.0
INSTANCE_052,0.75,V1,8,0.9339674447270956,0.0,0.0
INSTANCE_052,0.75,V1,9,1.1229045019288375,6.686526032650363,6.686526032650363
INSTANCE_052,0.75,V1,10,0.9603552986534024,0.0,0.0
INSTANCE_052,0.75,V1,11,1.1388081253872318,7.560377129610856,7.560377129610856
INSTANCE_052,0.75,V1,12,0.9143314938142896,0.0,0.0
INSTANCE_052,0.75,V1,13,1.0638111394358234,3.439542741534069,3.439542741534069
INSTANCE_052,0.75,V1,14,1.0217346608569735,1.1275804985548348,1.1275804985548348
INSTANCE_052,0.75,V1,15,1.0298193229305517,1.5718057306243054,1.5718057306243054
INSTANCE_052,0.75,V1,16,1.069901713115916,3.7741994633429385,3.7741994633429385
INSTANCE_052,0.75,V1,17,1.007181758175017,0.3279470058570268,0.3279470058570268
INSTANCE_052,0.75,V1,18,0.9008138785893592,0.0,0.0
INSTANCE_052,0.75,V1,19,0.9256191084614976,0.0,0.0
INSTANCE_052,0.75,V2,0,0.8754770151805792,0.0,0.0
INSTANCE_052,0.75,V2,1,1.0697925468478195,0.0,0.0
INSTANCE_052,0.75,V2,2,1.0055870301737375,0.0,0.0
INSTANCE_052,0.75,V2,3,0.9141241600590736,0.0,0.0
INSTANCE_052,0.75,V2,4,0.931757014051816,0.0,0.0
INSTANCE_052,0.75,V2,5,0.9775531054198174,0.0,0.0
INSTANCE_052,0.75,V2,6,0.9211318449250818,0.0,0.0
INSTANCE_052,0.75,V2,7,1.0198225008889543,0.0,0.0
INSTANCE_052,0.75,V2,8,0.8913495453222449,0.0,0.0
INSTANCE_052,0.75,V2,9,1.0264248054620404,0.0,0.0
INSTANCE_052,0.75,V2,10,1.1388081253872318,0.0,0.0
INSTANCE_052,0.75,V2,11,1.167704362791332,0.0,0.0
INSTANCE_052,0.75,V2,12,1.0616527971120824,0.0,0.0
INSTANCE_052,0.75,V2,13,1.0938011405543786,0.0,0.0
INSTANCE_052,0.75,V2,14,0.9765066420583508,0.0,0.0
INSTANCE_052,0.75,V2,15,1.0725153203874618,0.0,0.0
INSTANCE_052,0.75,V2,16,1.19980210899308,0.0,0.0
INSTANCE_052,0.75,V2,17,1.0004443535173688,0.0,0.0
INSTANCE_052,0.75,V2,18,0.9248178013348936,0.0,0.0
INSTANCE_052,0.75,V2,19,1.6396937851623727,0.0,0.0
INSTANCE_053,0.25,V1,0,0.8939970884413038,0.0,0.0
INSTANCE_053,0.25,V1,1,1.2923715854488511,0.0,0.0
INSTANCE_053,0.25,V1,2,1.1088309628842337,0.0,0.0
INSTANCE_053,0.25,V1,3,1.5749158421982845,2.8879999009081985,2.8879999009081985
INSTANCE_053,0.25,V1,4,1.0657981054372272,0.0,0.0
INSTANCE_053,0.25,V1,5,1.1009129004073823,0.0,0.0
INSTANCE_053,0.25,V1,6,1.0410971100607462,0.0,0.0
INSTANCE_053,0.25,V1,7,0.9192690909414114,0.0,0.0
INSTANCE_053,0.25,V1,8,0.9704608909424204,0.0,0.0
INSTANCE_053,0.25,V1,9,1.0569736132014742,0.0,0.0
INSTANCE_053,0.25,V1,10,0.8607323137219164,0.0,0.0
INSTANCE_053,0.25,V1,11,1.0007614819111672,0.0,0.0
INSTANCE_053,0.25,V1,12,0.8971002760274478,0.0,0.0
INSTANCE_053,0.25,V1,13,1.1648884684697969,0.0,0.0
INSTANCE_053,0.25,V1,14,0.9765227659780942,0.0,0.0
INSTANCE_053,0.25,V1,15,1.3280913227765965,0.0,0.0
INSTANCE_053,0.25,V1,16,0.8647763355505546,0.0,0.0
INSTANCE_053,0.25,V1,17,0.9677674775574394,0.0,0.0
INSTANCE_053,0.25,V1,18,0.8619384808417672,0.0,0.0
INSTANCE_053,0.25,V1,19,0.948800957499302,0.0,0.0
INSTANCE_053,0.25,V2,0,0.912414656301052,0.0,0.0
INSTANCE_053,0.25,V2,1,0.986397847582322,0.0,0.0
INSTANCE_053,0.25,V2,2,1.1365853378946085,1.092388958578567,1.092388958578567
INSTANCE_053,0.25,V2,3,1.306771268852181,8.916119847916434,8.916119847916434
INSTANCE_053,0.25,V2,4,1.0722453613941898,0.0,0.0
INSTANCE_053,0.25,V2,5,0.8750430865662231,0.0,0.0
INSTANCE_053,0.25,V2,6,0.994004893167698,0.0,0.0
INSTANCE_053,0.25,V2,7,0.8625399731521941,0.0,0.0
INSTANCE_053,0.25,V2,8,1.0264248054620404,0.0,0.0
INSTANCE_053,0.25,V2,9,0.98743059768449,0.0,0.0
INSTANCE_053,0.25,V2,10,0.9674106629308494,0.0,0.0
INSTANCE_053,0.25,V2,11,1.0543663768590927,0.0,0.0
INSTANCE_053,0.25,V2,12,1.0206355538569265,0.0,0.0
INSTANCE_053,0.25,V2,13,1.0866961075046238,0.0,0.0
INSTANCE_053,0.25,V2,14,0.8907921204605406,0.0,0.0
INSTANCE_053,0.25,V2,15,1.0635938190376404,0.0,0.0
INSTANCE_053,0.25,V2,16,1.0277338873858977,0.0,0.0
INSTANCE_053,0.25,V2,17,1.044234363134732,0.0,0.0
INSTANCE_053,0.25,V2,18,0.881431287198195,0.0,0.0
INSTANCE_053,0.25,V2,19,0.98743059768449,0.0,0.0
INSTANCE_053,0.25,V3,0,0.9833459881894986,0.0,0.0
INSTANCE_053,0.25,V3,1,0.8823579906758764,0.0,0.0
INSTANCE_053,0.25,V3,2,1.01206038583535,0.0,0.0
INSTANCE_053,0.25,V3,3,1.404519219653363,4.1015782634920015,4.1015782634920015
INSTANCE_053,0.25,V3,4,0.9273353666104306,0.0,0.0
INSTANCE_053,0.25,V3,5,1.1276941879241162,0.0,0.0
INSTANCE_053,0.25,V3,6,1.1691862211197477,0.0,0.0
INSTANCE_053,0.25,V3,7,1.5749158421982845,8.120098611842991,8.120098611842991
INSTANCE_053,0.25,V3,8,0.9706772601608552,0.0,0.0
INSTANCE_053,0.25,V3,9,1.0145441979277583,0.0,0.0
INSTANCE_053,0.25,V3,10,1.404519219653363,4.1015782634920015,4.1015782634920015
INSTANCE_053,0.25,V3,11,0.8702672940145558,0.0,0.0
INSTANCE_053,0.25,V3,12,1.095581603068848,0.0,0.0
INSTANCE_053,0.25,V3,13,1.006914675427749,0.0,0.0
INSTANCE_053,0.25,V3,14,0.959652807807777,0.0,0.0
INSTANCE_053,0.25,V3,15,1.0155389159454924,0.0,0.0
INSTANCE_053,0.25,V3,16,0.9768866057323032,0.0,0.0
INSTANCE_053,0.25,V3,17,0.9941478126347248,0.0,0.0
INSTANCE_053,0.25,V3,18,0.8643444500834746,0.0,0.0
INSTANCE_053,0.25,V3,19,1.2604338402955244,0.7035647336363127,0.7035647336363127
INSTANCE_053,0.25,V4,0,1.0638111394358234,0.0,0.0
INSTANCE_053,0.25,V4,1,1.0126213912598352,0.0,0.0
INSTANCE_053,0.25,V4,2,1.1350028873595026,0.0,0.0
INSTANCE_053,0.25,V4,3,1.0669523555514149,0.0,0.0
INSTANCE_053,0.25,V4,4,0.9045243173879688,0.0,0.0
INSTANCE_053,0.25,V4,5,0.9958628462390396,0.0,0.0
INSTANCE_053,0.25,V4,6,1.081713668787783,0.0,0.0
INSTANCE_053,0.25,V4,7,0.9322551259494244,0.0,0.0
INSTANCE_053,0.25,V4,8,1.0325425692032049,0.0,0.0
INSTANCE_053,0.25,V4,9,0.982523803280152,0.0,0.0
INSTANCE_053,0.25,V4,10,1.080696239419903,0.0,0.0
INSTANCE_053,0.25,V4,11,0.9874576676353544,0.0,0.0
INSTANCE_053,0.25,V4,12,0.9361391135228758,0.0,0.0
INSTANCE_053,0.25,V4,13,0.9602824735965674,0.0,0.0
INSTANCE_053,0.25,V4,14,0.9178288172426968,0.0,0.0
INSTANCE_053,0.25,V4,15,1.095581603068848,0.0,0.0
INSTANCE_053,0.25,V4,16,0.9749750855827264,0.0,0.0
INSTANCE_053,0.25,V4,17,0.963375241646206,0.0,0.0
INSTANCE_053,0.25,V4,18,1.1365853378946085,0.0,0.0
INSTANCE_053,0.25,V4,19,0.9388941757844352,0.0,0.0
INSTANCE_053,0.25,V5,0,0.9279359724178208,0.0,0.0
INSTANCE_053,0.25,V5,1,0.9782508662188903,0.0,0.0
INSTANCE_053,0.25,V5,2,1.1507454617812989,0.0,0.0
INSTANCE_053,0.25,V5,3,1.1690890500818183,0.0,0.0
INSTANCE_053,0.25,V5,4,1.1049113734112834,0.0,0.0
INSTANCE_053,0.25,V5,5,1.188205668839501,0.0,0.0
INSTANCE_053,0.25,V5,6,0.8607323137219164,0.0,0.0
INSTANCE_053,0.25,V5,7,0.9586483493825754,0.0,0.0
INSTANCE_053,0.25,V5,8,1.073496397718238,0.0,0.0
INSTANCE_053,0.25,V5,9,1.552989806209048,0.0,0.0
INSTANCE_053,0.25,V5,10,0.8925702515194052,0.0,0.0
INSTANCE_053,0.25,V5,11,0.9662476228616288,0.0,0.0
INSTANCE_053,0.25,V5,12,1.2481529536265763,0.0,0.0
INSTANCE_053,0.25,V5,13,1.2157472228130168,0.0,0.0
INSTANCE_053,0.25,V5,14,0.9853573831936768,0.0,0.0
INSTANCE_053,0.25,V5,15,0.9814461698197354,0.0,0.0
INSTANCE_053,0.25,V5,16,1.0850445936634314,0.0,0.0
INSTANCE_053,0.25,V5,17,1.034526819734927,0.0,0.0
INSTANCE_053,0.25,V5,18,0.8789033483894577,0.0,0.0
INSTANCE_053,0.25,V5,19,1.006914675427749,0.0,0.0
INSTANCE_053,0.5,V1,0,1.1457453263173203,0.0,0.0
INSTANCE_053,0.5,V1,1,1.161556407633213,0.0,0.0
INSTANCE_053,0.5,V1,2,0.9652660500372512,0.0,0.0
INSTANCE_053,0.5,V1,3,0.9336186647134512,0.0,0.0
INSTANCE_053,0.5,V1,4,1.153903139133133,0.0,0.0
INSTANCE_053,0.5,V1,5,0.981521718152568,0.0,0.0
INSTANCE_053,0.5,V1,6,1.264843010374234,0.0,0.0
INSTANCE_053,0.5,V1,7,1.2935671554928894,0.0,0.0
INSTANCE_053,0.5,V1,8,0.8800185949283246,0.0,0.0
INSTANCE_053,0.5,V1,9,1.3212002828942648,0.0,0.0
INSTANCE_053,0.5,V1,10,1.0233666890774118,0.0,0.0
INSTANCE_053,0.5,V1,11,0.98743059768449,0.0,0.0
INSTANCE_053,0.5,V1,12,1.0353092831079391,0.0,0.0
INSTANCE_053,0.5,V1,13,1.137200816025485,0.0,0.0
INSTANCE_053,0.5,V1,14,0.9683430660932292,0.0,0.0
INSTANCE_053,0.5,V1,15,1.0616527971120824,0.0,0.0
INSTANCE_053,0.5,V1,16,1.1457453263173203,0.0,0.0
INSTANCE_053,0.5,V1,17,1.3694375620705848,0.0,0.0
INSTANCE_053,0.5,V1,18,1.160928784209669,0.0,0.0
INSTANCE_053,0.5,V1,19,1.0749363660585711,0.0,0.0
INSTANCE_053,0.5,V2,0,1.0657981054372272,0.0,0.0
INSTANCE_053,0.5,V2,1,0.969518024483864,0.0,0.0
INSTANCE_053,0.5,V2,2,0.9955838879647624,0.0,0.0
INSTANCE_053,0.5,V2,3,1.0290682836218026,0.0,0.0
INSTANCE_053,0.5,V2,4,0.9507492824146152,0.0,0.0
INSTANCE_053,0.5,V2,5,0.9466174203795992,0.0,0.0
INSTANCE_053,0.5,V2,6,0.8539188058970851,0.0,0.0
INSTANCE_053,0.5,V2,7,0.9884310339536738,0.0,0.0
INSTANCE_053,0.5,V2,8,0.9495654082242784,0.0,0.0
INSTANCE_053,0.5,V2,9,1.102773106086061,0.0,0.0
INSTANCE_053,0.5,V2,10,0.9807133827342552,0.0,0.0
INSTANCE_053,0.5,V2,11,1.2798533551847038,0.0,0.0
INSTANCE_053,0.5,V2,12,0.9211854734188176,0.0,0.0
INSTANCE_053,0.5,V2,13,0.8720166317213677,0.0,0.0
INSTANCE_053,0.5,V2,14,1.1425127712082706,0.0,0.0
INSTANCE_053,0.5,V2,15,0.8657550638203773,0.0,0.0
INSTANCE_053,0.5,V2,16,1.083964907944071,0.0,0.0
INSTANCE_053,0.5,V2,17,1.0518190364867388,0.0,0.0
INSTANCE_053,0.5,V2,18,1.0186056551989542,0.0,0.0
INSTANCE_053,0.5,V2,19,1.1631261406411382,0.0,0.0
INSTANCE_053,0.5,V3,0,0.954987878669527,0.0,0.0
INSTANCE_053,0.5,V3,1,1.0929159543995806,0.0,0.0
INSTANCE_053,0.5,V3,2,0.8856953239836636,0.0,0.0
INSTANCE_053,0.5,V3,3,1.289559815894179,0.0,0.0
INSTANCE_053,0.5,V3,4,0.8816220790906588,0.0,0.0
INSTANCE_053,0.5,V3,5,0.885315360309711,0.0,0.0
INSTANCE_053,0.5,V3,6,1.2002136116675404,0.0,0.0
INSTANCE_053,0.5,V3,7,0.964958632170245,0.0,0.0
INSTANCE_053,0.5,V3,8,1.0553173445219677,0.0,0.0
INSTANCE_053,0.5,V3,9,0.9281026349887276,0.0,0.0
INSTANCE_053,0.5,V3,10,1.1340904528200977,0.0,0.0
INSTANCE_053,0.5,V3,11,0.9008138785893592,0.0,0.0
INSTANCE_053,0.5,V3,12,1.0040127080205763,0.0,0.0
INSTANCE_053,0.5,V3,13,1.1808332906127663,0.0,0.0
INSTANCE_053,0.5,V3,14,1.0109029913109135,0.0,0.0
INSTANCE_053,0.5,V3,15,0.8913495453222449,0.0,0.0
INSTANCE_053,0.5,V3,16,1.069160783951708,0.0,0.0
INSTANCE_053,0.5,V3,17,1.01932978376704,0.0,0.0
INSTANCE_053,0.5,V3,18,0.8625399731521941,0.0,0.0
INSTANCE_053,0.5,V3,19,1.08463797093738,0.0,0.0
INSTANCE_053,0.5,V4,0,1.052485304120219,0.0,0.0
INSTANCE_053,0.5,V4,1,0.9273225802064884,0.0,0.0
INSTANCE_053,0.5,V4,2,0.9837153170819758,0.0,0.0
INSTANCE_053,0.5,V4,3,1.0531594431615243,0.0,0.0
INSTANCE_053,0.5,V4,4,1.1318499454201147,0.0,0.0
INSTANCE_053,0.5,V4,5,1.007816544800714,0.0,0.0
INSTANCE_053,0.5,V4,6,0.892741138771142,0.0,0.0
INSTANCE_053,0.5,V4,7,1.08891748139568,0.0,0.0
INSTANCE_053,0.5,V4,8,1.0146613276510976,0.0,0.0
INSTANCE_053,0.5,V4,9,1.0281817017159132,0.0,0.0
INSTANCE_053,0.5,V4,10,0.9313950618685568,0.0,0.0
INSTANCE_053,0.5,V4,11,1.0449803260265191,0.0,0.0
INSTANCE_053,0.5,V4,12,1.152758917318771,0.0,0.0
INSTANCE_053,0.5,V4,13,1.1028326622332307,0.0,0.0
INSTANCE_053,0.5,V4,14,1.102773106086061,0.0,0.0
INSTANCE_053,0.5,V4,15,0.9153515464809084,0.0,0.0
INSTANCE_053,0.5,V4,16,1.0148402960482492,0.0,0.0
INSTANCE_053,0.5,V4,17,1.0208357373528285,0.0,0.0
INSTANCE_053,0.5,V4,18,0.8878997164095318,0.0,0.0
INSTANCE_053,0.5,V4,19,0.9903252533762577,0.0,0.0
INSTANCE_053,0.5,V5,0,0.9141241600590736,0.0,0.0
INSTANCE_053,0.5,V5,1,0.9867656612550728,0.0,0.0
INSTANCE_053,0.5,V5,2,1.58847655058736,0.0,0.0
INSTANCE_053,0.5,V5,3,1.1073669573756355,0.0,0.0
INSTANCE_053,0.5,V5,4,1.0536148665338825,0.0,0.0
INSTANCE_053,0.5,V5,5,0.8993205299366595,0.0,0.0
INSTANCE_053,0.5,V5,6,0.9165244620774072,0.0,0.0
INSTANCE_053,0.5,V5,7,0.9748585664054288,0.0,0.0
INSTANCE_053,0.5,V5,8,0.8840186588827298,0.0,0.0
INSTANCE_053,0.5,V5,9,0.8939970884413038,0.0,0.0
INSTANCE_053,0.5,V5,10,1.0749363660585711,0.0,0.0
INSTANCE_053,0.5,V5,11,1.161587654121252,0.0,0.0
INSTANCE_053,0.5,V5,12,0.9662476228616288,0.0,0.0
INSTANCE_053,0.5,V5,13,0.97484902275561,0.0,0.0
INSTANCE_053,0.5,V5,14,0.9783936238175074,0.0,0.0
INSTANCE_053,0.5,V5,15,1.183192346558996,0.0,0.0
INSTANCE_053,0.5,V5,16,1.2027149548483924,0.0,0.0
INSTANCE_053,0.5,V5,17,0.9628863296313755,0.0,0.0
INSTANCE_053,0.5,V5,18,0.8508108730988692,0.0,0.0
INSTANCE_053,0.5,V5,19,0.933039909659936,0.0,0.0
INSTANCE_053,0.75,V1,0,1.093579739942364,0.0,0.0
INSTANCE_053,0.75,V1,1,0.8960630797532062,0.0,0.0
INSTANCE_053,0.75,V1,2,1.148440204521932,0.0,0.0
INSTANCE_053,0.75,V1,3,0.9739961677840204,0.0,0.0
INSTANCE_053,0.75,V1,4,1.1912368001424978,0.0,0.0
INSTANCE_053,0.75,V1,5,1.2405465364027972,0.0,0.0
INSTANCE_053,0.75,V1,6,1.0217346608569735,0.0,0.0
INSTANCE_053,0.75,V1,7,1.0295773633380825,0.0,0.0
INSTANCE_053,0.75,V1,8,1.0661790585999142,0.0,0.0
INSTANCE_053,0.75,V1,9,1.1042449612439666,0.0,0.0
INSTANCE_053,0.75,V1,10,1.0795877110532444,0.0,0.0
INSTANCE_053,0.75,V1,11,1.2455437625633596,0.0,0.0
INSTANCE_053,0.75,V1,12,0.9652394024198532,0.0,0.0
INSTANCE_053,0.75,V1,13,0.9242822870895306,0.0,0.0
INSTANCE_053,0.75,V1,14,0.9673241866044946,0.0,0.0
INSTANCE_053,0.75,V1,15,0.8720166317213677,0.0,0.0
INSTANCE_053,0.75,V1,16,1.2425746475155326,0.0,0.0
INSTANCE_053,0.75,V1,17,1.102773106086061,0.0,0.0
INSTANCE_053,0.75,V1,18,1.042011075838818,0.0,0.0
INSTANCE_053,0.75,V1,19,0.9774508000271784,0.0,0.0
INSTANCE_053,0.75,V2,0,1.0980549731756724,0.0,0.0
INSTANCE_053,0.75,V2,1,1.167094339839882,0.0,0.0
INSTANCE_053,0.75,V2,2,0.880189548411491,0.0,0.0
INSTANCE_053,0.75,V2,3,1.0480976118828749,0.0,0.0
INSTANCE_053,0.75,V2,4,0.8837303374256351,0.0,0.0
INSTANCE_053,0.75,V2,5,1.085653212967671,0.0,0.0
INSTANCE_053,0.75,V2,6,1.1989320954418774,0.0,0.0
INSTANCE_053,0.75,V2,7,1.1311065405886327,0.0,0.0
INSTANCE_053,0.75,V2,8,0.8511116192540826,0.0,0.0
INSTANCE_053,0.75,V2,9,0.9686780178825674,0.0,0.0
INSTANCE_053,0.75,V2,10,1.072715221910997,0.0,0.0
INSTANCE_053,0.75,V2,11,1.293506016761943,0.0,0.0
INSTANCE_053,0.75,V2,12,0.9178288172426968,0.0,0.0
INSTANCE_053,0.75,V2,13,0.9393719900324564,0.0,0.0
INSTANCE_053,0.75,V2,14,1.0323934338889285,0.0,0.0
INSTANCE_053,0.75,V2,15,0.9685274049053448,0.0,0.0
INSTANCE_053,0.75,V2,16,1.0501016558609833,0.0,0.0
INSTANCE_053,0.75,V2,17,1.3061410091530687,0.0,0.0
INSTANCE_053,0.75,V2,18,1.062927406870324,0.0,0.0
INSTANCE_053,0.75,V2,19,0.9726881952359552,0.0,0.0
INSTANCE_053,0.75,V3,0,0.894302047203971,0.0,0.0
INSTANCE_053,0.75,V3,1,0.9903252533762577,0.0,0.0
INSTANCE_053,0.75,V3,2,0.880189548411491,0.0,0.0
INSTANCE_053,0.75,V3,3,1.0088685177384302,0.0,0.0
INSTANCE_053,0.75,V3,4,1.1173211796252085,0.0,0.0
INSTANCE_053,0.75,V3,5,1.0377087743721027,0.0,0.0
INSTANCE_053,0.75,V3,6,1.0281817017159132,0.0,0.0
INSTANCE_053,0.75,V3,7,1.08463797093738,0.0,0.0
INSTANCE_053,0.75,V3,8,1.0197619269699187,0.0,0.0
INSTANCE_053,0.75,V3,9,1.031028278224195,0.0,0.0
INSTANCE_053,0.75,V3,10,1.0018575517432975,0.0,0.0
INSTANCE_053,0.75,V3,11,0.988489618059527,0.0,0.0
INSTANCE_053,0.75,V3,12,1.3061410091530687,0.0,0.0
INSTANCE_053,0.75,V3,13,0.9791584718661454,0.0,0.0
INSTANCE_053,0.75,V3,14,1.081713668787783,0.0,0.0
INSTANCE_053,0.75,V3,15,0.9495654082242784,0.0,0.0
INSTANCE_053,0.75,V3,16,0.8643833628688705,0.0,0.0
INSTANCE_053,0.75,V3,17,1.0681698050247663,0.0,0.0
INSTANCE_053,0.75,V3,18,1.0199306231308554,0.0,0.0
INSTANCE_053,0.75,V3,19,0.9608942732771272,0.0,0.0
INSTANCE_053,0.75,V4,0,0.9853573831936768,0.0,0.0
INSTANCE_053,0.75,V4,1,0.947243660248802,0.0,0.0
INSTANCE_053,0.75,V4,2,0.9976911335901408,0.0,0.0
INSTANCE_053,0.75,V4,3,0.897854161550149,0.0,0.0
INSTANCE_053,0.75,V4,4,1.102773106086061,0.0,0.0
INSTANCE_053,0.75,V4,5,0.8682541501012496,0.0,0.0
INSTANCE_053,0.75,V4,6,0.9652394024198532,0.0,0.0
INSTANCE_053,0.75,V4,7,1.013284346910881,0.0,0.0
INSTANCE_053,0.75,V4,8,0.979372713542536,0.0,0.0
INSTANCE_053,0.75,V4,9,1.301268075376899,0.0,0.0
INSTANCE_053,0.75,V4,10,1.3305307464676754,0.0,0.0
INSTANCE_053,0.75,V4,11,1.161587654121252,0.0,0.0
INSTANCE_053,0.75,V4,12,0.942893023971548,0.0,0.0
INSTANCE_053,0.75,V4,13,0.9706772601608552,0.0,0.0
INSTANCE_053,0.75,V4,14,1.1340904528200977,0.0,0.0
INSTANCE_053,0.75,V4,15,0.9704608909424204,0.0,0.0
INSTANCE_053,0.75,V4,16,1.2525117019197392,0.0,0.0
INSTANCE_053,0.75,V4,17,1.0344257611856866,0.0,0.0
INSTANCE_053,0.75,V4,18,1.1762697902790085,0.0,0.0
INSTANCE_053,0.75,V4,19,0.9096963627216734,0.0,0.0
INSTANCE_053,0.75,V5,0,1.038104005136531,0.0,0.0
INSTANCE_053,0.75,V5,1,0.9714404597389816,0.0,0.0
INSTANCE_053,0.75,V5,2,1.085131765699195,0.0,0.0
INSTANCE_053,0.75,V5,3,1.0887542440718676,0.0,0.0
INSTANCE_053,0.75,V5,4,1.3951223470865473,0.0,0.0
INSTANCE_053,0.75,V5,5,0.980038896953244,0.0,0.0
INSTANCE_053,0.75,V5,6,1.0088685177384302,0.0,0.0
INSTANCE_053,0.75,V5,7,0.8631968353942979,0.0,0.0
INSTANCE_053,0.75,V5,8,1.3212002828942648,0.0,0.0
INSTANCE_053,0.75,V5,9,0.8745698193607322,0.0,0.0
INSTANCE_053,0.75,V5,10,0.8654758284768967,0.0,0.0
INSTANCE_053,0.75,V5,11,0.9755567328734692,0.0,0.0
INSTANCE_053,0.75,V5,12,1.172213459534738,0.0,0.0
INSTANCE_053,0.75,V5,13,1.0186056551989542,0.0,0.0
INSTANCE_053,0.75,V5,14,0.9652394024198532,0.0,0.0
INSTANCE_053,0.75,V5,15,0.933106296922953,0.0,0.0
INSTANCE_053,0.75,V5,16,1.0668779414103144,0.0,0.0
INSTANCE_053,0.75,V5,17,0.9431170881192978,0.0,0.0
INSTANCE_053,0.75,V5,18,0.8982002670749375,0.0,0.0
INSTANCE_053,0.75,V5,19,0.9405684112303276,0.0,0.0
INSTANCE_054,0.25,V1,0,0.915357795902608,0.0,0.0
INSTANCE_054,0.25,V1,1,1.1595571711312622,6.811396648311529,6.811396648311529
INSTANCE_054,0.25,V1,2,1.0198225008889543,0.0,0.0
INSTANCE_054,0.25,V1,3,1.0227149055229203,0.0,0.0
INSTANCE_054,0.25,V1,4,1.0785362869094035,2.2245343228979664,2.2245343228979664
INSTANCE_054,0.25,V1,5,0.9748585664054288,0.0,0.0
INSTANCE_054,0.25,V1,6,1.2221999148590432,10.357811179886994,10.357811179886994
INSTANCE_054,0.25,V1,7,0.986397847582322,0.0,0.0
INSTANCE_054,0.25,V1,8,1.065177372702552,1.468241659934165,1.468241659934165
INSTANCE_054,0.25,V1,9,1.0145441979277583,0.0,0.0
INSTANCE_054,0.25,V1,10,0.8907921204605406,0.0,0.0
INSTANCE_054,0.25,V1,11,1.2232753997046582,10.418697961946918,10.418697961946918
INSTANCE_054,0.25,V1,12,1.0955550431636287,3.1880228436371,3.1880228436371
INSTANCE_054,0.25,V1,13,1.0850445936634314,2.592991262599412,2.592991262599412
INSTANCE_054,0.25,V1,14,0.974806044763836,0.0,0.0
INSTANCE_054,0.25,V1,15,0.8607323137219164,0.0,0.0
INSTANCE_054,0.25,V1,16,0.9143314938142896,0.0,0.0
INSTANCE_054,0.25,V1,17,1.3212002828942648,15.962552015587676,15.962552015587676
INSTANCE_054,0.25,V1,18,1.1712086058859192,7.471023207888379,7.471023207888379
INSTANCE_054,0.25,V1,19,1.0145441979277583,0.0,0.0
INSTANCE_054,0.25,V2,0,1.102773106086061,0.0,0.0
INSTANCE_054,0.25,V2,1,1.2604338402955244,0.0,0.0
INSTANCE_054,0.25,V2,2,1.0364647119103343,0.0,0.0
INSTANCE_054,0.25,V2,3,1.066259467706908,0.0,0.0
INSTANCE_054,0.25,V2,4,0.9332636260046188,0.0,0.0
INSTANCE_054,0.25,V2,5,0.9283877447807056,0.0,0.0
INSTANCE_054,0.25,V2,6,0.9947407375316092,0.0,0.0
INSTANCE_054,0.25,V2,7,0.9404100930328472,0.0,0.0
INSTANCE_054,0.25,V2,8,1.004120415445002,0.0,0.0
INSTANCE_054,0.25,V2,9,0.9853573831936768,0.0,0.0
INSTANCE_054,0.25,V2,10,1.2566176852002269,0.0,0.0
INSTANCE_054,0.25,V2,11,0.985334445501438,0.0,0.0
INSTANCE_054,0.25,V2,12,1.0248075301501796,0.0,0.0
INSTANCE_054,0.25,V2,13,0.9935758266675258,0.0,0.0
INSTANCE_054,0.25,V2,14,1.0725153203874618,0.0,0.0
INSTANCE_054,0.25,V2,15,1.0230975058065837,0.0,0.0
INSTANCE_054,0.25,V2,16,1.0456464605865234,0.0,0.0
INSTANCE_054,0.25,V2,17,0.9283286603166648,0.0,0.0
INSTANCE_054,0.25,V2,18,1.1964501706679431,0.0,0.0
INSTANCE_054,0.25,V2,19,0.9570901497288432,0.0,0.0
INSTANCE_054,0.25,V3,0,0.9302715361817976,0.0,0.0
INSTANCE_054,0.25,V3,1,1.0284640600424286,0.0,0.0
INSTANCE_054,0.25,V3,2,1.0148402960482492,0.0,0.0
INSTANCE_054,0.25,V3,3,0.9332125938313875,0.0,0.0
INSTANCE_054,0.25,V3,4,1.0515367013384709,0.0,0.0
INSTANCE_054,0.25,V3,5,0.944253038701776,0.0,0.0
INSTANCE_054,0.25,V3,6,1.373729796677665,21.911725789609363,21.911725789609363
INSTANCE_054,0.25,V3,7,1.068751206974634,0.0,0.0
INSTANCE_054,0.25,V3,8,0.9778499895358336,0.0,0.0
INSTANCE_054,0.25,V3,9,0.8541266754060963,0.0,0.0
INSTANCE_054,0.25,V3,10,0.9310991020127204,0.0,0.0
INSTANCE_054,0.25,V3,11,1.266071963835614,4.430848430419928,4.430848430419928
INSTANCE_054,0.25,V3,12,0.8667695143191644,0.0,0.0
INSTANCE_054,0.25,V3,13,1.049949924538092,0.0,0.0
INSTANCE_054,0.25,V3,14,1.227900540926577,0.1705995385802907,0.1705995385802907
INSTANCE_054,0.25,V3,15,1.58847655058736,86.81860741764251,86.81860741764251
INSTANCE_054,0.25,V3,16,1.266827799237727,4.51520595992406,4.51520595992406
INSTANCE_054,0.25,V3,17,0.8920130963631127,0.0,0.0
INSTANCE_054,0.25,V3,18,0.8496078884780153,0.0,0.0
INSTANCE_054,0.25,V3,19,1.0039139762148528,0.0,0.0
INSTANCE_054,0.5,V1,0,0.99379310821491,0.0,0.0
INSTANCE_054,0.5,V1,1,0.8560890846911426,0.0,0.0
INSTANCE_054,0.5,V1,2,1.08891748139568,0.4670497749367541,0.4670497749367541
INSTANCE_054,0.5,V1,3,1.1422304547810254,2.0791452351539874,2.0791452351539874
INSTANCE_054,0.5,V1,4,1.0617718848554352,0.0,0.0
INSTANCE_054,0.5,V1,5,1.0459543909654907,0.0,0.0
INSTANCE_054,0.5,V1,6,0.9341773555741504,0.0,0.0
INSTANCE_054,0.5,V1,7,0.9755567328734692,0.0,0.0
INSTANCE_054,0.5,V1,8,0.8829405873475067,0.0,0.0
INSTANCE_054,0.5,V1,9,1.1699271502839552,2.91664714600347,2.91664714600347
INSTANCE_054,0.5,V1,10,0.9211318449250818,0.0,0.0
INSTANCE_054,0.5,V1,11,0.948800957499302,0.0,0.0
INSTANCE_054,0.5,V1,12,1.041800250400152,0.0,0.0
INSTANCE_054,0.5,V1,13,1.0264248054620404,0.0,0.0
INSTANCE_054,0.5,V1,14,0.9129208272330664,0.0,0.0
INSTANCE_054,0.5,V1,15,1.1388081253872318,1.9756596981681012,1.9756596981681012
INSTANCE_054,0.5,V1,16,1.0966036056056736,0.6994653608400085,0.6994653608400085
INSTANCE_054,0.5,V1,17,1.4021645813362258,9.939119998639056,1.6713487105411104
INSTANCE_054,0.5,V1,18,1.0957594611952377,0.673939840775688,0.673939840775688
INSTANCE_054,0.5,V1,19,0.9466174203795992,0.0,0.0
INSTANCE_054,0.5,V2,0,0.9429615932852622,0.0,0.0
INSTANCE_054,0.5,V2,1,0.9659105456587898,0.0,0.0
INSTANCE_054,0.5,V2,2,1.2398503542348074,0.0,0.0
INSTANCE_054,0.5,V2,3,1.004850008268516,0.0,0.0
INSTANCE_054,0.5,V2,4,1.167704362791332,0.0,0.0
INSTANCE_054,0.5,V2,5,0.99340200542335,0.0,0.0
INSTANCE_054,0.5,V2,6,1.19980210899308,0.0,0.0
INSTANCE_054,0.5,V2,7,1.072715221910997,0.0,0.0
INSTANCE_054,0.5,V2,8,1.006914675427749,0.0,0.0
INSTANCE_054,0.5,V2,9,0.9332636260046188,0.0,0.0
INSTANCE_054,0.5,V2,10,0.9791584718661454,0.0,0.0
INSTANCE_054,0.5,V2,11,1.106910609913234,0.0,0.0
INSTANCE_054,0.5,V2,12,1.026828730761398,0.0,0.0
INSTANCE_054,0.5,V2,13,0.974806044763836,0.0,0.0
INSTANCE_054,0.5,V2,14,0.9919309100108846,0.0,0.0
INSTANCE_054,0.5,V2,15,0.9867656612550728,0.0,0.0
INSTANCE_054,0.5,V2,16,0.9336186647134512,0.0,0.0
INSTANCE_054,0.5,V2,17,1.373729796677665,0.0,0.0
INSTANCE_054,0.5,V2,18,0.9533847620609482,0.0,0.0
INSTANCE_054,0.5,V2,19,0.8643444500834746,0.0,0.0
INSTANCE_054,0.5,V3,0,0.9928450800383156,0.0,0.0
INSTANCE_054,0.5,V3,1,0.9829524543843334,0.0,0.0
INSTANCE_054,0.5,V3,2,1.0635938190376404,0.0,0.0
INSTANCE_054,0.5,V3,3,0.98743059768449,0.0,0.0
INSTANCE_054,0.5,V3,4,1.1254714004314932,0.0,0.0
INSTANCE_054,0.5,V3,5,0.942171843207134,0.0,0.0
INSTANCE_054,0.5,V3,6,1.1311065405886327,0.0,0.0
INSTANCE_054,0.5,V3,7,1.0845369842778954,0.0,0.0
INSTANCE_054,0.5,V3,8,1.0146613276510976,0.0,0.0
INSTANCE_054,0.5,V3,9,1.0921384134030634,0.0,0.0
INSTANCE_054,0.5,V3,10,1.0139319529377937,0.0,0.0
INSTANCE_054,0.5,V3,11,0.8659070570909859,0.0,0.0
INSTANCE_054,0.5,V3,12,0.9211854734188176,0.0,0.0
INSTANCE_054,0.5,V3,13,0.9374865383394811,0.0,0.0
INSTANCE_054,0.5,V3,14,1.090776017802234,0.0,0.0
INSTANCE_054,0.5,V3,15,1.3092975776429652,0.0,0.0
INSTANCE_054,0.5,V3,16,1.3129535037479876,0.0,0.0
INSTANCE_054,0.5,V3,17,1.131482948891816,0.0,0.0
INSTANCE_054,0.5,V3,18,1.0968116297819277,0.0,0.0
INSTANCE_054,0.5,V3,19,0.948800957499302,0.0,0.0
INSTANCE_054,0.75,V1,0,1.042011075838818,0.0,0.0
INSTANCE_054,0.75,V1,1,0.8758162684608942,0.0,0.0
INSTANCE_054,0.75,V1,2,1.2954936128766912,0.0,0.0
INSTANCE_054,0.75,V1,3,1.0657981054372272,0.0,0.0
INSTANCE_054,0.75,V1,4,0.9256191084614976,0.0,0.0
INSTANCE_054,0.75,V1,5,0.933039909659936,0.0,0.0
INSTANCE_054,0.75,V1,6,1.4076515105089678,0.0,0.0
INSTANCE_054,0.75,V1,7,0.9426491646829258,0.0,0.0
INSTANCE_054,0.75,V1,8,0.897347543318212,0.0,0.0
INSTANCE_054,0.75,V1,9,0.9971889735237308,0.0,0.0
INSTANCE_054,0.75,V1,10,1.2767554651595572,0.0,0.0
INSTANCE_054,0.75,V1,11,0.8708767406995097,0.0,0.0
INSTANCE_054,0.75,V1,12,0.8937847186723955,0.0,0.0
INSTANCE_054,0.75,V1,13,1.0360572208695804,0.0,0.0
INSTANCE_054,0.75,V1,14,1.0921384134030634,0.0,0.0
INSTANCE_054,0.75,V1,15,1.0070935069548954,0.0,0.0
INSTANCE_054,0.75,V1,16,0.9873198867754548,0.0,0.0
INSTANCE_054,0.75,V1,17,0.9847151278109908,0.0,0.0
INSTANCE_054,0.75,V1,18,1.0461369992519114,0.0,0.0
INSTANCE_054,0.75,V1,19,0.9774481250825152,0.0,0.0
INSTANCE_054,0.75,V2,0,1.324959031920991,0.0,0.0
INSTANCE_054,0.75,V2,1,1.0693292467678963,0.0,0.0
INSTANCE_054,0.75,V2,2,1.4021645813362258,0.0,0.0
INSTANCE_054,0.75,V2,3,0.979372713542536,0.0,0.0
INSTANCE_054,0.75,V2,4,0.9935758266675258,0.0,0.0
INSTANCE_054,0.75,V2,5,1.0389137717478982,0.0,0.0
INSTANCE_054,0.75,V2,6,1.0039568266996444,0.0,0.0
INSTANCE_054,0.75,V2,7,1.0449803260265191,0.0,0.0
INSTANCE_054,0.75,V2,8,1.0933688029015818,0.0,0.0
INSTANCE_054,0.75,V2,9,1.1461398626460653,0.0,0.0
INSTANCE_054,0.75,V2,10,0.8616377346865536,0.0,0.0
INSTANCE_054,0.75,V2,11,1.009821314185272,0.0,0.0
INSTANCE_054,0.75,V2,12,0.8857435733390863,0.0,0.0
INSTANCE_054,0.75,V2,13,0.9153515464809084,0.0,0.0
INSTANCE_054,0.75,V2,14,0.9642708498237232,0.0,0.0
INSTANCE_054,0.75,V2,15,0.8508108730988692,0.0,0.0
INSTANCE_054,0.75,V2,16,0.8800868685777993,0.0,0.0
INSTANCE_054,0.75,V2,17,1.0233666890774118,0.0,0.0
INSTANCE_054,0.75,V2,18,1.0611621284754895,0.0,0.0
INSTANCE_054,0.75,V2,19,1.040583194032862,0.0,0.0
INSTANCE_054,0.75,V3,0,1.363511215906526,0.0,0.0
INSTANCE_054,0.75,V3,1,1.0570136241678627,0.0,0.0
INSTANCE_054,0.75,V3,2,0.9958628462390396,0.0,0.0
INSTANCE_054,0.75,V3,3,1.1073669573756355,0.0,0.0
INSTANCE_054,0.75,V3,4,1.0295773633380825,0.0,0.0
INSTANCE_054,0.75,V3,5,0.9241139826124164,0.0,0.0
INSTANCE_054,0.75,V3,6,0.8800185949283246,0.0,0.0
INSTANCE_054,0.75,V3,7,1.1935103834373952,0.0,0.0
INSTANCE_054,0.75,V3,8,0.9322551259494244,0.0,0.0
INSTANCE_054,0.75,V3,9,1.0004212476182772,0.0,0.0
INSTANCE_054,0.75,V3,10,1.0999082182341633,0.0,0.0
INSTANCE_054,0.75,V3,11,0.9410308257675228,0.0,0.0
INSTANCE_054,0.75,V3,12,0.936782719617004,0.0,0.0
INSTANCE_054,0.75,V3,13,1.324959031920991,0.0,0.0
INSTANCE_054,0.75,V3,14,0.9426491646829258,0.0,0.0
INSTANCE_054,0.75,V3,15,1.0093114265817889,0.0,0.0
INSTANCE_054,0.75,V3,16,1.3966514745315108,1.3251926810106625,1.3251926810106625
INSTANCE_054,0.75,V3,17,0.9775531054198174,0.0,0.0
INSTANCE_054,0.75,V3,18,1.0410971100607462,0.0,0.0
INSTANCE_054,0.75,V3,19,0.9807133827342552,0.0,0.0
INSTANCE_056,0.25,V1,0,1.037300829890777,6.066721025615834,6.066721025615834
INSTANCE_056,0.25,V1,1,0.8750430865662231,0.0,0.0
INSTANCE_056,0.25,V1,2,1.0517077858614825,8.05199955837918,8.05199955837918
INSTANCE_056,0.25,V1,3,0.9683430660932292,0.0,0.0
INSTANCE_056,0.25,V1,4,0.9662476228616288,0.0,0.0
INSTANCE_056,0.25,V1,5,0.9602824735965674,0.0,0.0
INSTANCE_056,0.25,V1,6,1.078622864135118,13.307022407948123,13.307022407948123
INSTANCE_056,0.25,V1,7,1.0332808558291229,5.512768599919696,5.512768599919696
INSTANCE_056,0.25,V1,8,0.9611497769027638,0.0,0.0
INSTANCE_056,0.25,V1,9,0.8799832501545745,0.0,0.0
INSTANCE_056,0.25,V1,10,0.9663341968632886,0.0,0.0
INSTANCE_056,0.25,V1,11,1.0093114265817889,2.209781249636876,2.209781249636876
INSTANCE_056,0.25,V1,12,1.1530051709364817,36.83804937007278,36.83804937007278
INSTANCE_056,0.25,V1,13,1.2002136116675404,56.14134474279911,56.14134474279911
INSTANCE_056,0.25,V1,14,1.0681698050247663,10.44762293184158,10.44762293184158
INSTANCE_056,0.25,V1,15,0.9782508662188903,0.0,0.0
INSTANCE_056,0.25,V1,16,0.992766257786804,0.0,0.0
INSTANCE_056,0.25,V1,17,0.980821959833786,0.0,0.0
INSTANCE_056,0.25,V1,18,1.0668779414103144,10.142446993008091,10.142446993008091
INSTANCE_056,0.25,V1,19,0.8906923743355462,0.0,0.0
INSTANCE_056,0.25,V2,0,1.160923983700295,36.47822087606357,36.47822087606357
INSTANCE_056,0.25,V2,1,1.040583194032862,11.982912039462803,11.982912039462803
INSTANCE_056,0.25,V2,2,0.9941478126347248,6.458804283735844,6.458804283735844
INSTANCE_056,0.25,V2,3,1.007816544800714,8.084882224642342,8.084882224642342
INSTANCE_056,0.25,V2,4,0.9032982593501672,0.0,0.0
INSTANCE_056,0.25,V2,5,1.004946172365598,7.743413151852678,7.743413151852678
INSTANCE_056,0.25,V2,6,0.9693823231717382,3.512619105587305,3.512619105587305
INSTANCE_056,0.25,V2,7,1.0136142055379385,8.77459127147813,8.77459127147813
INSTANCE_056,0.25,V2,8,0.90047418981061,0.0,0.0
INSTANCE_056,0.25,V2,9,1.14509820157397,31.59081056154389,31.59081056154389
INSTANCE_056,0.25,V2,10,0.933039909659936,0.0,0.0
INSTANCE_056,0.25,V2,11,1.0501016558609833,13.115259986742103,13.115259986742103
INSTANCE_056,0.25,V2,12,1.2002136116675404,51.91459184268808,51.91459184268808
INSTANCE_056,0.25,V2,13,1.2002083133375885,51.9125101994938,51.9125101994938
INSTANCE_056,0.25,V2,14,1.085653212967671,17.616741434321284,17.616741434321284
INSTANCE_056,0.25,V2,15,1.301268075376899,99.34992252261134,99.34992252261134
INSTANCE_056,0.25,V2,16,0.8654758284768967,0.0,0.0
INSTANCE_056,0.25,V2,17,0.9320438320700551,0.0,0.0
INSTANCE_056,0.25,V2,18,0.8754770151805792,0.0,0.0
INSTANCE_056,0.25,V2,19,0.986076097550492,5.498566151598197,5.498566151598197
INSTANCE_056,0.5,V1,0,0.916478383256532,0.0,0.0
INSTANCE_056,0.5,V1,1,1.0364647119103343,3.7591847133415968,3.7591847133415968
INSTANCE_056,0.5,V1,2,0.955597594535316,0.0,0.0
INSTANCE_056,0.5,V1,3,1.2459762285250382,30.48794750482716,30.48794750482716
INSTANCE_056,0.5,V1,4,0.9571698768690764,0.0,0.0
INSTANCE_056,0.5,V1,5,0.9333414246843322,0.0,0.0
INSTANCE_056,0.5,V1,6,1.0507162459797583,4.866220127297652,4.866220127297652
INSTANCE_056,0.5,V1,7,0.9008138785893592,0.0,0.0
INSTANCE_056,0.5,V1,8,1.0611621284754895,5.6776388697619495,5.6776388697619495
INSTANCE_056,0.5,V1,9,0.8758162684608942,0.0,0.0
INSTANCE_056,0.5,V1,10,1.025141992324292,2.879654727097204,2.879654727097204
INSTANCE_056,0.5,V1,11,1.08891748139568,7.833628425680672,7.833628425680672
INSTANCE_056,0.5,V1,12,0.9283877447807056,0.0,0.0
INSTANCE_056,0.5,V1,13,0.9324308558798414,0.0,0.0
INSTANCE_056,0.5,V1,14,1.2232753997046582,26.0288630260568,26.0288630260568
INSTANCE_056,0.5,V1,15,1.5780846479199655,139.41414342486155,139.41414342486155
INSTANCE_056,0.5,V1,16,0.9114514330251692,0.0,0.0
INSTANCE_056,0.5,V1,17,1.0079500127579115,1.5442104076802252,1.5442104076802252
INSTANCE_056,0.5,V1,18,0.9765227659780942,0.0,0.0
INSTANCE_056,0.5,V1,19,1.4386739193309737,84.36200846114025,84.36200846114025
INSTANCE_056,0.5,V2,0,0.99379310821491,6.820469222423185,6.820469222423185
INSTANCE_056,0.5,V2,1,1.024227123207293,8.460761183795967,8.460761183795967
INSTANCE_056,0.5,V2,2,1.2455437625633596,22.36938660342537,22.36938660342537
INSTANCE_056,0.5,V2,3,1.0284640600424286,8.689117956086875,8.689117956086875
INSTANCE_056,0.5,V2,4,0.9026102255194182,1.9060157880782072,1.9060157880782072
INSTANCE_056,0.5,V2,5,0.8878997164095318,1.1131683820858598,1.1131683820858598
INSTANCE_056,0.5,V2,6,1.1028326622332307,12.697337718830454,12.697337718830454
INSTANCE_056,0.5,V2,7,1.0426116213116785,9.45162434996189,9.45162434996189
INSTANCE_056,0.5,V2,8,1.012584423881113,7.833258499112503,7.833258499112503
INSTANCE_056,0.5,V2,9,1.308671119471844,28.646560549881546,28.646560549881546
INSTANCE_056,0.5,V2,10,1.007816544800714,7.576285709609351,7.576285709609351
INSTANCE_056,0.5,V2,11,0.992766257786804,6.76512540718295,6.76512540718295
INSTANCE_056,0.5,V2,12,1.1131701426062446,13.25449345266793,13.25449345266793
INSTANCE_056,0.5,V2,13,1.1088309628842337,13.020626129583889,13.020626129583889
INSTANCE_056,0.5,V2,14,0.9474481203169932,4.322628858018334,4.322628858018334
INSTANCE_056,0.5,V2,15,1.152758917318771,15.388196447090763,15.388196447090763
INSTANCE_056,0.5,V2,16,0.979546351449972,6.052616521981918,6.052616521981918
INSTANCE_056,0.5,V2,17,0.9289035647041978,3.3231391256741745,3.3231391256741745
INSTANCE_056,0.5,V2,18,1.552989806209048,60.68157205153864,60.68157205153864
INSTANCE_056,0.5,V2,19,0.9698370112915492,5.529315451910065,5.529315451910065
INSTANCE_056,0.75,V1,0,1.0055870301737375,1.1133014096203624,1.1133014096203624
INSTANCE_056,0.75,V1,1,0.916180219798298,0.0,0.0
INSTANCE_056,0.75,V1,2,1.265697342894251,9.80228640604912,9.80228640604912
INSTANCE_056,0.75,V1,3,0.9677674775574394,0.0,0.0
INSTANCE_056,0.75,V1,4,1.0230975058065837,1.6982388481355883,1.6982388481355883
INSTANCE_056,0.75,V1,5,1.0966036056056736,4.15371011192417,4.15371011192417
INSTANCE_056,0.75,V1,6,1.1407856705286128,5.629611990675016,5.629611990675016
INSTANCE_056,0.75,V1,7,1.0277338873858977,1.853117174792601,1.853117174792601
INSTANCE_056,0.75,V1,8,0.8793901276130403,0.0,0.0
INSTANCE_056,0.75,V1,9,1.3114991452794968,11.97164631781584,11.97164631781584
INSTANCE_056,0.75,V1,10,1.137200816025485,5.509859925998057,5.509859925998057
INSTANCE_056,0.75,V1,11,0.9843814447512644,0.4049288285824559,0.4049288285824559
INSTANCE_056,0.75,V1,12,0.8767150589374235,0.0,0.0
INSTANCE_056,0.75,V1,13,0.979546351449972,0.2434125368530431,0.2434125368530431
INSTANCE_056,0.75,V1,14,0.9256191084614976,0.0,0.0
INSTANCE_056,0.75,V1,15,1.085131765699195,3.7704932998482255,3.7704932998482255
INSTANCE_056,0.75,V1,16,1.0076298823575358,1.1815428868201252,1.1815428868201252
INSTANCE_056,0.75,V1,17,0.980821959833786,0.2860242349144073,0.2860242349144073
INSTANCE_056,0.75,V1,18,1.0932122742009152,4.040422686348052,4.040422686348052
INSTANCE_056,0.75,V1,19,1.0988076321462972,4.227335618513735,4.227335618513735
INSTANCE_056,0.75,V2,0,1.041800250400152,8.301511201392259,8.301511201392259
INSTANCE_056,0.75,V2,1,0.9332125938313875,5.323132761138709,5.323132761138709
INSTANCE_056,0.75,V2,2,0.9632079134700076,6.145854386626638,6.145854386626638
INSTANCE_056,0.75,V2,3,0.9919309100108846,6.933678310081973,6.933678310081973
INSTANCE_056,0.75,V2,4,1.4021645813362258,18.185704191750688,18.185704191750688
INSTANCE_056,0.75,V2,5,0.8783423310657517,3.818132903915398,3.818132903915398
INSTANCE_056,0.75,V2,6,0.9663341968632886,6.231603129631935,6.231603129631935
INSTANCE_056,0.75,V2,7,0.9611497769027638,6.0894031308147305,6.0894031308147305
INSTANCE_056,0.75,V2,8,0.8742533364880948,3.705978597641092,3.705978597641092
INSTANCE_056,0.75,V2,9,0.9809388658565696,6.632184859002791,6.632184859002791
INSTANCE_056,0.75,V2,10,0.8679353358630678,3.532686370497572,3.532686370497572
INSTANCE_056,0.75,V2,11,0.9963868842848028,7.055898257791796,7.055898257791796
INSTANCE_056,0.75,V2,12,1.3212002828942648,15.96498842598487,15.96498842598487
INSTANCE_056,0.75,V2,13,0.8537198344567576,3.14277885942488,3.14277885942488
INSTANCE_056,0.75,V2,14,0.8685123035367265,3.5485116321733585,3.5485116321733585
INSTANCE_056,0.75,V2,15,1.0929159543995806,9.703529769256647,9.703529769256647
INSTANCE_056,0.75,V2,16,0.9947832248597468,7.011912552528202,7.011912552528202
INSTANCE_056,0.75,V2,17,0.9505152028932846,5.79771449002476,5.79771449002476
INSTANCE_056,0.75,V2,18,0.9726881952359552,6.405882714997119,6.405882714997119
INSTANCE_056,0.75,V2,19,0.9389862098912972,5.481493426968655,5.481493426968655
INSTANCE_058,0.25,V1,0,0.99340200542335,0.0,0.0
INSTANCE_058,0.25,V1,1,1.0427388421051456,3.76455075788158,3.76455075788158
INSTANCE_058,0.25,V1,2,0.9420001584075408,0.0,0.0
INSTANCE_058,0.25,V1,3,1.106910609913234,13.10351780109454,13.10351780109454
INSTANCE_058,0.25,V1,4,0.9336186647134512,0.0,0.0
INSTANCE_058,0.25,V1,5,1.2923715854488511,75.87282532958443,75.87282532958443
INSTANCE_058,0.25,V1,6,1.001301093002179,0.0,0.0
INSTANCE_058,0.25,V1,7,0.9847151278109908,0.0,0.0
INSTANCE_058,0.25,V1,8,0.880755796222279,0.0,0.0
INSTANCE_058,0.25,V1,9,1.1365853378946085,19.643481643029645,19.643481643029645
INSTANCE_058,0.25,V1,10,0.9093171923887252,0.0,0.0
INSTANCE_058,0.25,V1,11,1.0491025886038914,4.467532621109967,4.467532621109967
INSTANCE_058,0.25,V1,12,0.9223161266858864,0.0,0.0
INSTANCE_058,0.25,V1,13,0.9601441557445912,0.0,0.0
INSTANCE_058,0.25,V1,14,1.304285912273997,81.25752519541913,81.25752519541913
INSTANCE_058,0.25,V1,15,0.8765761958087996,0.0,0.0
INSTANCE_058,0.25,V1,16,0.9570901497288432,0.0,0.0
INSTANCE_058,0.25,V1,17,1.0018575517432975,0.0,0.0
INSTANCE_058,0.25,V1,18,1.012908100204927,0.4692481359711564,0.4692481359711564
INSTANCE_058,0.25,V1,19,0.8659070570909859,0.0,0.0
INSTANCE_058,0.25,V2,0,0.9918258124050138,0.0,0.0
INSTANCE_058,0.25,V2,1,1.0943999581416457,0.0,0.0
INSTANCE_058,0.25,V2,2,1.0210221536392128,0.0,0.0
INSTANCE_058,0.25,V2,3,1.0210221536392128,0.0,0.0
INSTANCE_058,0.25,V2,4,1.082883138706362,0.0,0.0
INSTANCE_058,0.25,V2,5,0.9829524543843334,0.0,0.0
INSTANCE_058,0.25,V2,6,0.9453392154286028,0.0,0.0
INSTANCE_058,0.25,V2,7,0.9389862098912972,0.0,0.0
INSTANCE_058,0.25,V2,8,1.0325425692032049,0.0,0.0
INSTANCE_058,0.25,V2,9,0.912852883052783,0.0,0.0
INSTANCE_058,0.25,V2,10,1.0392318228862991,0.0,0.0
INSTANCE_058,0.25,V2,11,0.9834764924300962,0.0,0.0
INSTANCE_058,0.25,V2,12,0.8742533364880948,0.0,0.0
INSTANCE_058,0.25,V2,13,1.299274246905029,0.0,0.0
INSTANCE_058,0.25,V2,14,0.8639865854724262,0.0,0.0
INSTANCE_058,0.25,V2,15,0.9152523252187308,0.0,0.0
INSTANCE_058,0.25,V2,16,1.1049113734112834,0.0,0.0
INSTANCE_058,0.25,V2,17,1.004946172365598,0.0,0.0
INSTANCE_058,0.25,V2,18,0.953831281823618,0.0,0.0
INSTANCE_058,0.25,V2,19,0.956705244011982,0.0,0.0
INSTANCE_058,0.25,V3,0,1.1808332906127663,0.0,0.0
INSTANCE_058,0.25,V3,1,0.9487692938598062,0.0,0.0
INSTANCE_058,0.25,V3,2,1.0247643384599074,0.0,0.0
INSTANCE_058,0.25,V3,3,1.1461398626460653,0.0,0.0
INSTANCE_058,0.25,V3,4,0.9918258124050138,0.0,0.0
INSTANCE_058,0.25,V3,5,0.8708767406995097,0.0,0.0
INSTANCE_058,0.25,V3,6,1.304285912273997,7.570967656551602,7.570967656551602
INSTANCE_058,0.25,V3,7,0.897817974533582,0.0,0.0
INSTANCE_058,0.25,V3,8,0.9159238562700172,0.0,0.0
INSTANCE_058,0.25,V3,9,0.9389862098912972,0.0,0.0
INSTANCE_058,0.25,V3,10,1.0938011405543786,0.0,0.0
INSTANCE_058,0.25,V3,11,0.9376469833370062,0.0,0.0
INSTANCE_058,0.25,V3,12,1.06485658767624,0.0,0.0
INSTANCE_058,0.25,V3,13,1.070257940710809,0.0,0.0
INSTANCE_058,0.25,V3,14,0.9884310339536738,0.0,0.0
INSTANCE_058,0.25,V3,15,1.2381209749437925,3.2617555631310324,3.2617555631310324
INSTANCE_058,0.25,V3,16,1.2170262149925093,1.8878890054371595,1.8878890054371595
INSTANCE_058,0.25,V3,17,0.969518024483864,0.0,0.0
INSTANCE_058,0.25,V3,18,0.9642708498237232,0.0,0.0
INSTANCE_058,0.25,V3,19,0.9451557067489208,0.0,0.0
INSTANCE_058,0.5,V1,0,1.082883138706362,3.045069408640984,3.045069408640984
INSTANCE_058,0.5,V1,1,0.9611497769027638,0.0,0.0
INSTANCE_058,0.5,V1,2,0.9507492824146152,0.0,0.0
INSTANCE_058,0.5,V1,3,0.932747492274802,0.0,0.0
INSTANCE_058,0.5,V1,4,1.2442988178327796,12.998831990273288,12.998831990273288
INSTANCE_058,0.5,V1,5,1.0130358229898395,0.0,0.0
INSTANCE_058,0.5,V1,6,0.986982783354474,0.0,0.0
INSTANCE_058,0.5,V1,7,1.0079500127579115,0.0,0.0
INSTANCE_058,0.5,V1,8,1.189502844118853,8.192846485464884,8.192846485464884
INSTANCE_058,0.5,V1,9,1.0204846158059413,0.0323647254706429,0.0323647254706429
INSTANCE_058,0.5,V1,10,1.299274246905029,18.27748106407546,18.27748106407546
INSTANCE_058,0.5,V1,11,1.0543663768590927,1.6682326187183207,1.6682326187183207
INSTANCE_058,0.5,V1,12,0.9935758266675258,0.0,0.0
INSTANCE_058,0.5,V1,13,0.9888299083492366,0.0,0.0
INSTANCE_058,0.5,V1,14,0.992766257786804,0.0,0.0
INSTANCE_058,0.5,V1,15,0.8745698193607322,0.0,0.0
INSTANCE_058,0.5,V1,16,1.065177372702552,2.1902055163668592,2.1902055163668592
INSTANCE_058,0.5,V1,17,0.992766257786804,0.0,0.0
INSTANCE_058,0.5,V1,18,0.9422638483906888,0.0,0.0
INSTANCE_058,0.5,V1,19,1.206693469199039,9.388029090043004,9.388029090043004
INSTANCE_058,0.5,V2,0,0.8742533364880948,0.0,0.0
INSTANCE_058,0.5,V2,1,0.8616173352380412,0.0,0.0
INSTANCE_058,0.5,V2,2,0.9264428207650176,0.0,0.0
INSTANCE_058,0.5,V2,3,1.012908100204927,0.0,0.0
INSTANCE_058,0.5,V2,4,1.1042449612439666,0.0,0.0
INSTANCE_058,0.5,V2,5,1.0202770281620477,0.0,0.0
INSTANCE_058,0.5,V2,6,0.959652807807777,0.0,0.0
INSTANCE_058,0.5,V2,7,0.9888439124139718,0.0,0.0
INSTANCE_058,0.5,V2,8,0.9289035647041978,0.0,0.0
INSTANCE_058,0.5,V2,9,0.8508108730988692,0.0,0.0
INSTANCE_058,0.5,V2,10,0.9367595559628464,0.0,0.0
INSTANCE_058,0.5,V2,11,0.958080808705026,0.0,0.0
INSTANCE_058,0.5,V2,12,1.0449803260265191,0.0,0.0
INSTANCE_058,0.5,V2,13,0.9248178013348936,0.0,0.0
INSTANCE_058,0.5,V2,14,0.8907048561511263,0.0,0.0
INSTANCE_058,0.5,V2,15,0.8758162684608942,0.0,0.0
INSTANCE_058,0.5,V2,16,0.9963832474602492,0.0,0.0
INSTANCE_058,0.5,V2,17,1.0543663768590927,0.0,0.0
INSTANCE_058,0.5,V2,18,0.9374865383394811,0.0,0.0
INSTANCE_058,0.5,V2,19,0.9611497769027638,0.0,0.0
INSTANCE_058,0.5,V3,0,0.9782508662188903,0.0,0.0
INSTANCE_058,0.5,V3,1,1.3431263188835012,2.4991868873518115,2.4991868873518115
INSTANCE_058,0.5,V3,2,1.0202770281620477,0.0,0.0
INSTANCE_058,0.5,V3,3,1.2336673023720526,0.0,0.0
INSTANCE_058,0.5,V3,4,1.0517077858614825,0.0,0.0
INSTANCE_058,0.5,V3,5,1.1382319817771245,0.0,0.0
INSTANCE_058,0.5,V3,6,1.1220320873516914,0.0,0.0
INSTANCE_058,0.5,V3,7,0.9114777750445822,0.0,0.0
INSTANCE_058,0.5,V3,8,1.0093114265817889,0.0,0.0
INSTANCE_058,0.5,V3,9,1.4003561203525494,4.958637605484114,4.958637605484114
INSTANCE_058,0.5,V3,10,0.9012738346157227,0.0,0.0
INSTANCE_058,0.5,V3,11,0.880755796222279,0.0,0.0
INSTANCE_058,0.5,V3,12,1.0148402960482492,0.0,0.0
INSTANCE_058,0.5,V3,13,1.0603238483103044,0.0,0.0
INSTANCE_058,0.5,V3,14,1.0988076321462972,0.0,0.0
INSTANCE_058,0.5,V3,15,0.8907514742588356,0.0,0.0
INSTANCE_058,0.5,V3,16,0.8750430865662231,0.0,0.0
INSTANCE_058,0.5,V3,17,1.0364647119103343,0.0,0.0
INSTANCE_058,0.5,V3,18,1.1808332906127663,0.0,0.0
INSTANCE_058,0.5,V3,19,1.04885660584631,0.0,0.0
INSTANCE_058,0.75,V1,0,0.98743059768449,0.0,0.0
INSTANCE_058,0.75,V1,1,0.9211318449250818,0.0,0.0
INSTANCE_058,0.75,V1,2,0.8657550638203773,0.0,0.0
INSTANCE_058,0.75,V1,3,0.9783936238175074,0.0,0.0
INSTANCE_058,0.75,V1,4,0.9571698768690764,0.0,0.0
INSTANCE_058,0.75,V1,5,1.0281817017159132,0.0,0.0
INSTANCE_058,0.75,V1,6,0.9686780178825674,0.0,0.0
INSTANCE_058,0.75,V1,7,1.3098670257269611,7.450025741305581,7.450025741305581
INSTANCE_058,0.75,V1,8,0.9776540571133564,0.0,0.0
INSTANCE_058,0.75,V1,9,0.8752691297583073,0.0,0.0
INSTANCE_058,0.75,V1,10,1.0208357373528285,0.0,0.0
INSTANCE_058,0.75,V1,11,1.1974555184618256,4.400301549202368,4.400301549202368
INSTANCE_058,0.75,V1,12,1.0284640600424286,0.0,0.0
INSTANCE_058,0.75,V1,13,0.9611497769027638,0.0,0.0
INSTANCE_058,0.75,V1,14,1.2403154208836862,5.563090701907527,5.563090701907527
INSTANCE_058,0.75,V1,15,0.9590916403355204,0.0,0.0
INSTANCE_058,0.75,V1,16,0.9633994387340196,0.0,0.0
INSTANCE_058,0.75,V1,17,1.148440204521932,3.070516082013341,3.070516082013341
INSTANCE_058,0.75,V1,18,0.964727768165818,0.0,0.0
INSTANCE_058,0.75,V1,19,1.248125601735383,5.77498090841425,5.77498090841425
INSTANCE_058,0.75,V2,0,0.870328681575902,0.0,0.0
INSTANCE_058,0.75,V2,1,0.9507492824146152,0.0,0.0
INSTANCE_058,0.75,V2,2,0.8685123035367265,0.0,0.0
INSTANCE_058,0.75,V2,3,1.160928784209669,0.0,0.0
INSTANCE_058,0.75,V2,4,0.8837955056139003,0.0,0.0
INSTANCE_058,0.75,V2,5,1.552989806209048,0.0,0.0
INSTANCE_058,0.75,V2,6,0.9947832248597468,0.0,0.0
INSTANCE_058,0.75,V2,7,0.9971889735237308,0.0,0.0
INSTANCE_058,0.75,V2,8,0.897817974533582,0.0,0.0
INSTANCE_058,0.75,V2,9,1.0264248054620404,0.0,0.0
INSTANCE_058,0.75,V2,10,0.9426491646829258,0.0,0.0
INSTANCE_058,0.75,V2,11,0.953831281823618,0.0,0.0
INSTANCE_058,0.75,V2,12,1.0793958457459554,0.0,0.0
INSTANCE_058,0.75,V2,13,1.1690890500818183,0.0,0.0
INSTANCE_058,0.75,V2,14,0.938547427936957,0.0,0.0
INSTANCE_058,0.75,V2,15,0.9602824735965674,0.0,0.0
INSTANCE_058,0.75,V2,16,1.0569736132014742,0.0,0.0
INSTANCE_058,0.75,V2,17,1.4003561203525494,0.0,0.0
INSTANCE_058,0.75,V2,18,1.19980210899308,0.0,0.0
INSTANCE_058,0.75,V2,19,1.0070935069548954,0.0,0.0
INSTANCE_058,0.75,V3,0,1.289559815894179,0.0,0.0
INSTANCE_058,0.75,V3,1,0.947243660248802,0.0,0.0
INSTANCE_058,0.75,V3,2,1.1778941023923792,0.0,0.0
INSTANCE_058,0.75,V3,3,0.9459966876449238,0.0,0.0
INSTANCE_058,0.75,V3,4,0.8679353358630678,0.0,0.0
INSTANCE_058,0.75,V3,5,0.8625399731521941,0.0,0.0
INSTANCE_058,0.75,V3,6,0.932747492274802,0.0,0.0
INSTANCE_058,0.75,V3,7,0.9211854734188176,0.0,0.0
INSTANCE_058,0.75,V3,8,0.9917821436845996,0.0,0.0
INSTANCE_058,0.75,V3,9,1.0282120305371585,0.0,0.0
INSTANCE_058,0.75,V3,10,1.1311065405886327,0.0,0.0
INSTANCE_058,0.75,V3,11,0.939347482758234,0.0,0.0
INSTANCE_058,0.75,V3,12,0.942183973564033,0.0,0.0
INSTANCE_058,0.75,V3,13,0.9426491646829258,0.0,0.0
INSTANCE_058,0.75,V3,14,1.3139055004855815,0.0,0.0
INSTANCE_058,0.75,V3,15,0.9159238562700172,0.0,0.0
INSTANCE_058,0.75,V3,16,0.9152523252187308,0.0,0.0
INSTANCE_058,0.75,V3,17,0.948970926259148,0.0,0.0
INSTANCE_058,0.75,V3,18,1.0076298823575358,0.0,0.0
INSTANCE_058,0.75,V3,19,0.9653098401769796,0.0,0.0
INSTANCE_059,0.25,V1,0,0.8816220790906588,0.0,0.0
INSTANCE_059,0.25,V1,1,0.8907048561511263,0.0,0.0
INSTANCE_059,0.25,V1,2,1.1311065405886327,1.9701890071411297,1.9701890071411297
INSTANCE_059,0.25,V1,3,0.959116663272508,0.0,0.0
INSTANCE_059,0.25,V1,4,1.0139319529377937,0.0,0.0
INSTANCE_059,0.25,V1,5,0.9459966876449238,0.0,0.0
INSTANCE_059,0.25,V1,6,0.9450787956223722,0.0,0.0
INSTANCE_059,0.25,V1,7,1.085653212967671,0.0,0.0
INSTANCE_059,0.25,V1,8,1.1507454617812989,3.083683107230172,3.083683107230172
INSTANCE_059,0.25,V1,9,0.9947407375316092,0.0,0.0
INSTANCE_059,0.25,V1,10,1.072715221910997,0.0,0.0
INSTANCE_059,0.25,V1,11,1.3061410091530687,13.329359610629808,1.4350079599992114
INSTANCE_059,0.25,V1,12,0.897347543318212,0.0,0.0
INSTANCE_059,0.25,V1,13,1.257214911607743,9.637722463843147,0.5173990005365567
INSTANCE_059,0.25,V1,14,1.0795877110532444,0.0,0.0
INSTANCE_059,0.25,V1,15,1.1461398626460653,2.822553312261107,2.822553312261107
INSTANCE_059,0.25,V1,16,0.9505152028932846,0.0,0.0
INSTANCE_059,0.25,V1,17,0.8631968353942979,0.0,0.0
INSTANCE_059,0.25,V1,18,0.9361391135228758,0.0,0.0
INSTANCE_059,0.25,V1,19,0.8928767660288555,0.0,0.0
INSTANCE_059,0.25,V2,0,1.024982501399423,1.8452566335713527,1.8452566335713527
INSTANCE_059,0.25,V2,1,1.0160342584089286,0.5915332219113907,0.5915332219113907
INSTANCE_059,0.25,V2,2,0.8797734030963599,0.0,0.0
INSTANCE_059,0.25,V2,3,1.4386739193309737,157.58365578122277,157.58365578122277
INSTANCE_059,0.25,V2,4,0.895619622406056,0.0,0.0
INSTANCE_059,0.25,V2,5,1.180300158582863,46.10820075429103,46.10820075429103
INSTANCE_059,0.25,V2,6,1.58847655058736,241.7127528656104,241.7127528656104
INSTANCE_059,0.25,V2,7,1.007816544800714,0.0,0.0
INSTANCE_059,0.25,V2,8,0.963375241646206,0.0,0.0
INSTANCE_059,0.25,V2,9,0.8906923743355462,0.0,0.0
INSTANCE_059,0.25,V2,10,1.0491025886038914,5.224681851644277,5.224681851644277
INSTANCE_059,0.25,V2,11,1.0053431708851155,0.0,0.0
INSTANCE_059,0.25,V2,12,1.289559815894179,92.65539876875096,92.65539876875096
INSTANCE_059,0.25,V2,13,1.1765118377013857,44.51751638549865,44.51751638549865
INSTANCE_059,0.25,V2,14,1.248125601735383,74.61383701163334,74.61383701163334
INSTANCE_059,0.25,V2,15,0.9979862211777156,0.0,0.0
INSTANCE_059,0.25,V2,16,0.9514081523261984,0.0,0.0
INSTANCE_059,0.25,V2,17,1.081713668787783,11.260372018371754,11.260372018371754
INSTANCE_059,0.25,V2,18,0.863319685406451,0.0,0.0
INSTANCE_059,0.25,V2,19,0.8625399731521941,0.0,0.0
INSTANCE_059,0.25,V3,0,1.0677365243569064,0.0,0.0
INSTANCE_059,0.25,V3,1,0.9730064332140586,0.0,0.0
INSTANCE_059,0.25,V3,2,0.8758162684608942,0.0,0.0
INSTANCE_059,0.25,V3,3,1.0282120305371585,0.0,0.0
INSTANCE_059,0.25,V3,4,0.9310991020127204,0.0,0.0
INSTANCE_059,0.25,V3,5,0.9532421995654592,0.0,0.0
INSTANCE_059,0.25,V3,6,1.293506016761943,0.0,0.0
INSTANCE_059,0.25,V3,7,1.0055870301737375,0.0,0.0
INSTANCE_059,0.25,V3,8,1.066259467706908,0.0,0.0
INSTANCE_059,0.25,V3,9,1.0045332939053,0.0,0.0
INSTANCE_059,0.25,V3,10,1.0932122742009152,0.0,0.0
INSTANCE_059,0.25,V3,11,0.934202765686096,0.0,0.0
INSTANCE_059,0.25,V3,12,1.0148402960482492,0.0,0.0
INSTANCE_059,0.25,V3,13,0.9780264967541612,0.0,0.0
INSTANCE_059,0.25,V3,14,1.0518190364867388,0.0,0.0
INSTANCE_059,0.25,V3,15,0.979546351449972,0.0,0.0
INSTANCE_059,0.25,V3,16,0.9153515464809084,0.0,0.0
INSTANCE_059,0.25,V3,17,1.1242373262634713,0.0,0.0
INSTANCE_059,0.25,V3,18,1.1397953623515606,0.0,0.0
INSTANCE_059,0.25,V3,19,0.8765761958087996,0.0,0.0
INSTANCE_059,0.5,V1,0,1.105583711636677,0.0,0.0
INSTANCE_059,0.5,V1,1,0.9608942732771272,0.0,0.0
INSTANCE_059,0.5,V1,2,1.0491025886038914,0.0,0.0
INSTANCE_059,0.5,V1,3,1.1765118377013857,0.3618514972088178,0.3618514972088178
INSTANCE_059,0.5,V1,4,0.986397847582322,0.0,0.0
INSTANCE_059,0.5,V1,5,0.9693823231717382,0.0,0.0
INSTANCE_059,0.5,V1,6,0.8844498874968189,0.0,0.0
INSTANCE_059,0.5,V1,7,0.974806044763836,0.0,0.0
INSTANCE_059,0.5,V1,8,1.324959031920991,5.260856318446258,0.0
INSTANCE_059,0.5,V1,9,1.013284346910881,0.0,0.0
INSTANCE_059,0.5,V1,10,1.0070935069548954,0.0,0.0
INSTANCE_059,0.5,V1,11,0.8765761958087996,0.0,0.0
INSTANCE_059,0.5,V1,12,1.4003561203525494,7.749085898501562,0.0
INSTANCE_059,0.5,V1,13,0.936782719617004,0.0,0.0
INSTANCE_059,0.5,V1,14,0.9400305127732984,0.0,0.0
INSTANCE_059,0.5,V1,15,1.1236292737938758,0.0,0.0
INSTANCE_059,0.5,V1,16,0.8622392269969805,0.0,0.0
INSTANCE_059,0.5,V1,17,0.9888299083492366,0.0,0.0
INSTANCE_059,0.5,V1,18,1.1382319817771245,0.0,0.0
INSTANCE_059,0.5,V1,19,0.9932211495018468,0.0,0.0
INSTANCE_059,0.5,V2,0,1.167094339839882,14.388233996078156,14.388233996078156
INSTANCE_059,0.5,V2,1,1.1461398626460653,11.126669620860524,11.126669620860524
INSTANCE_059,0.5,V2,2,0.930572354963956,0.0,0.0
INSTANCE_059,0.5,V2,3,1.032509757881784,0.8784854317275403,0.8784854317275403
INSTANCE_059,0.5,V2,4,1.1229045019288375,7.9229478353146305,7.9229478353146305
INSTANCE_059,0.5,V2,5,1.3092975776429652,42.57831839350479,42.57831839350479
INSTANCE_059,0.5,V2,6,0.8856953239836636,0.0,0.0
INSTANCE_059,0.5,V2,7,0.919153569936755,0.0,0.0
INSTANCE_059,0.5,V2,8,1.030416766768407,0.7153786342622652,0.7153786342622652
INSTANCE_059,0.5,V2,9,0.9995787523817228,0.0,0.0
INSTANCE_059,0.5,V2,10,1.5041260688616074,88.04284567598279,88.04284567598279
INSTANCE_059,0.5,V2,11,1.065578588608788,3.455539410283336,3.455539410283336
INSTANCE_059,0.5,V2,12,0.9783936238175074,0.0,0.0
INSTANCE_059,0.5,V2,13,0.9918258124050138,0.0,0.0
INSTANCE_059,0.5,V2,14,1.3098670257269611,42.71120290022577,42.71120290022577
INSTANCE_059,0.5,V2,15,1.0206355538569265,0.0,0.0
INSTANCE_059,0.5,V2,16,0.8680077147641335,0.0,0.0
INSTANCE_059,0.5,V2,17,0.9774508000271784,0.0,0.0
INSTANCE_059,0.5,V2,18,0.8685123035367265,0.0,0.0
INSTANCE_059,0.5,V2,19,1.0055870301737375,0.0,0.0
INSTANCE_059,0.5,V3,0,0.8811862347754283,0.0,0.0
INSTANCE_059,0.5,V3,1,0.8960308343539007,0.0,0.0
INSTANCE_059,0.5,V3,2,1.1131701426062446,0.0,0.0
INSTANCE_059,0.5,V3,3,0.9642920176961438,0.0,0.0
INSTANCE_059,0.5,V3,4,0.9374865383394811,0.0,0.0
INSTANCE_059,0.5,V3,5,1.304285912273997,0.0,0.0
INSTANCE_059,0.5,V3,6,0.8916507079910542,0.0,0.0
INSTANCE_059,0.5,V3,7,1.1555775955532903,0.0,0.0
INSTANCE_059,0.5,V3,8,0.9310991020127204,0.0,0.0
INSTANCE_059,0.5,V3,9,1.110209415093905,0.0,0.0
INSTANCE_059,0.5,V3,10,0.959116663272508,0.0,0.0
INSTANCE_059,0.5,V3,11,0.958080808705026,0.0,0.0
INSTANCE_059,0.5,V3,12,1.1009129004073823,0.0,0.0
INSTANCE_059,0.5,V3,13,1.012584423881113,0.0,0.0
INSTANCE_059,0.5,V3,14,0.985334445501438,0.0,0.0
INSTANCE_059,0.5,V3,15,0.9843594385968824,0.0,0.0
INSTANCE_059,0.5,V3,16,1.0142994574854285,0.0,0.0
INSTANCE_059,0.5,V3,17,0.9917821436845996,0.0,0.0
INSTANCE_059,0.5,V3,18,1.1173211796252085,0.0,0.0
INSTANCE_059,0.5,V3,19,1.064056605264944,0.0,0.0
INSTANCE_059,0.75,V1,0,1.172213459534738,0.0,0.0
INSTANCE_059,0.75,V1,1,1.080696239419903,0.0,0.0
INSTANCE_059,0.75,V1,2,1.169974276520548,0.0,0.0
INSTANCE_059,0.75,V1,3,1.0677365243569064,0.0,0.0
INSTANCE_059,0.75,V1,4,0.9483818233047572,0.0,0.0
INSTANCE_059,0.75,V1,5,1.1283086169871177,0.0,0.0
INSTANCE_059,0.75,V1,6,0.897854161550149,0.0,0.0
INSTANCE_059,0.75,V1,7,1.2027149548483924,0.0,0.0
INSTANCE_059,0.75,V1,8,0.880755796222279,0.0,0.0
INSTANCE_059,0.75,V1,9,1.0668779414103144,0.0,0.0
INSTANCE_059,0.75,V1,10,1.552989806209048,0.0,0.0
INSTANCE_059,0.75,V1,11,1.0929159543995806,0.0,0.0
INSTANCE_059,0.75,V1,12,1.0109029913109135,0.0,0.0
INSTANCE_059,0.75,V1,13,0.9765227659780942,0.0,0.0
INSTANCE_059,0.75,V1,14,0.8643444500834746,0.0,0.0
INSTANCE_059,0.75,V1,15,0.948800957499302,0.0,0.0
INSTANCE_059,0.75,V1,16,0.9963868842848028,0.0,0.0
INSTANCE_059,0.75,V1,17,0.932747492274802,0.0,0.0
INSTANCE_059,0.75,V1,18,0.8750430865662231,0.0,0.0
INSTANCE_059,0.75,V1,19,1.0990001848087976,0.0,0.0
INSTANCE_059,0.75,V2,0,0.9123202214256764,0.0,0.0
INSTANCE_059,0.75,V2,1,1.0332808558291229,0.0,0.0
INSTANCE_059,0.75,V2,2,0.8844498874968189,0.0,0.0
INSTANCE_059,0.75,V2,3,1.1239689485662845,2.29093163286484,2.29093163286484
INSTANCE_059,0.75,V2,4,1.0681698050247663,0.5148448939384025,0.5148448939384025
INSTANCE_059,0.75,V2,5,0.9901008979486572,0.0,0.0
INSTANCE_059,0.75,V2,6,0.9449696571202796,0.0,0.0
INSTANCE_059,0.75,V2,7,1.01932978376704,0.0,0.0
INSTANCE_059,0.75,V2,8,0.9483818233047572,0.0,0.0
INSTANCE_059,0.75,V2,9,0.9242822870895306,0.0,0.0
INSTANCE_059,0.75,V2,10,0.8878997164095318,0.0,0.0
INSTANCE_059,0.75,V2,11,0.9389862098912972,0.0,0.0
INSTANCE_059,0.75,V2,12,1.248125601735383,6.242837903237387,6.242837903237387
INSTANCE_059,0.75,V2,13,1.2027149548483924,4.79741701282444,4.79741701282444
INSTANCE_059,0.75,V2,14,1.026209413070951,0.0,0.0
INSTANCE_059,0.75,V2,15,0.9635830674772012,0.0,0.0
INSTANCE_059,0.75,V2,16,0.953831281823618,0.0,0.0
INSTANCE_059,0.75,V2,17,0.8676319715473424,0.0,0.0
INSTANCE_059,0.75,V2,18,1.1909479187298964,4.422872253172727,4.422872253172727
INSTANCE_059,0.75,V2,19,0.9453392154286028,0.0,0.0
INSTANCE_059,0.75,V3,0,1.0217346608569735,0.0,0.0
INSTANCE_059,0.75,V3,1,1.007181758175017,0.0,0.0
INSTANCE_059,0.75,V3,2,1.3114991452794968,0.0,0.0
INSTANCE_059,0.75,V3,3,1.024227123207293,0.0,0.0
INSTANCE_059,0.75,V3,4,0.9374440844603016,0.0,0.0
INSTANCE_059,0.75,V3,5,1.0392318228862991,0.0,0.0
INSTANCE_059,0.75,V3,6,1.1964501706679431,0.0,0.0
INSTANCE_059,0.75,V3,7,1.0725153203874618,0.0,0.0
INSTANCE_059,0.75,V3,8,1.1049113734112834,0.0,0.0
INSTANCE_059,0.75,V3,9,0.9932211495018468,0.0,0.0
INSTANCE_059,0.75,V3,10,0.8939970884413038,0.0,0.0
INSTANCE_059,0.75,V3,11,0.97484902275561,0.0,0.0
INSTANCE_059,0.75,V3,12,1.1935103834373952,0.0,0.0
INSTANCE_059,0.75,V3,13,1.0845369842778954,0.0,0.0
INSTANCE_059,0.75,V3,14,1.2048152496246916,0.0,0.0
INSTANCE_059,0.75,V3,15,1.1042449612439666,0.0,0.0
INSTANCE_059,0.75,V3,16,1.3212002828942648,0.0,0.0
INSTANCE_059,0.75,V3,17,0.969518024483864,0.0,0.0
INSTANCE_059,0.75,V3,18,1.0237060342378992,0.0,0.0
INSTANCE_059,0.75,V3,19,0.8616173352380412,0.0,0.0
INSTANCE_061,0.25,V1,0,0.8720166317213677,0.0,0.0
INSTANCE_061,0.25,V1,1,1.1395274132691646,0.0,0.0
INSTANCE_061,0.25,V1,2,1.1242373262634713,0.0,0.0
INSTANCE_061,0.25,V1,3,1.3212002828942648,0.0,0.0
INSTANCE_061,0.25,V1,4,0.9673007796898386,0.0,0.0
INSTANCE_061,0.25,V1,5,0.9918258124050138,0.0,0.0
INSTANCE_061,0.25,V1,6,1.0443700815782662,0.0,0.0
INSTANCE_061,0.25,V1,7,1.0496155129586384,0.0,0.0
INSTANCE_061,0.25,V1,8,0.9946032170381304,0.0,0.0
INSTANCE_061,0.25,V1,9,0.983860102837118,0.0,0.0
INSTANCE_061,0.25,V1,10,1.007181758175017,0.0,0.0
INSTANCE_061,0.25,V1,11,0.938547427936957,0.0,0.0
INSTANCE_061,0.25,V1,12,1.1547883188444277,0.0,0.0
INSTANCE_061,0.25,V1,13,0.8939970884413038,0.0,0.0
INSTANCE_061,0.25,V1,14,1.0284640600424286,0.0,0.0
INSTANCE_061,0.25,V1,15,1.3061410091530687,0.0,0.0
INSTANCE_061,0.25,V1,16,1.0456464605865234,0.0,0.0
INSTANCE_061,0.25,V1,17,0.98743059768449,0.0,0.0
INSTANCE_061,0.25,V1,18,1.189502844118853,0.0,0.0
INSTANCE_061,0.25,V1,19,0.9153515464809084,0.0,0.0
INSTANCE_061,0.25,V2,0,0.8765761958087996,0.0,0.0
INSTANCE_061,0.25,V2,1,1.0749363660585711,11.355238553385108,2.938459719563184
INSTANCE_061,0.25,V2,2,1.0311264201890464,4.634792857000093,0.0
INSTANCE_061,0.25,V2,3,0.9976911335901408,0.0,0.0
INSTANCE_061,0.25,V2,4,0.9420001584075408,0.0,0.0
INSTANCE_061,0.25,V2,5,0.9367595559628464,0.0,0.0
INSTANCE_061,0.25,V2,6,0.934202765686096,0.0,0.0
INSTANCE_061,0.25,V2,7,1.185771088515122,31.343356122412843,19.91815447536908
INSTANCE_061,0.25,V2,8,1.3092975776429652,84.59533493913943,61.15649762407884
INSTANCE_061,0.25,V2,9,0.9677097615563328,0.0,0.0
INSTANCE_061,0.25,V2,10,0.958080808705026,0.0,0.0
INSTANCE_061,0.25,V2,11,1.0202770281620477,2.970496120058442,2.970496120058442
INSTANCE_061,0.25,V2,12,0.9734985963062254,0.0,0.0
INSTANCE_061,0.25,V2,13,0.9152523252187308,0.0,0.0
INSTANCE_061,0.25,V2,14,1.4021645813362258,146.23202330085633,124.75936870857196
INSTANCE_061,0.25,V2,15,1.0248075301501796,3.6654751250380286,3.6654751250380286
INSTANCE_061,0.25,V2,16,0.9465547524469162,0.0,0.0
INSTANCE_061,0.25,V2,17,1.01206038583535,1.710063187142964,1.710063187142964
INSTANCE_061,0.25,V2,18,1.1229045019288375,18.71355059588393,10.287098187994957
INSTANCE_061,0.25,V2,19,1.1340904528200977,20.42947546260325,12.000767221284493
INSTANCE_061,0.25,V3,0,0.8928767660288555,0.0,0.0
INSTANCE_061,0.25,V3,1,1.2002083133375885,0.0,0.0
INSTANCE_061,0.25,V3,2,0.9812039707527128,0.0,0.0
INSTANCE_061,0.25,V3,3,0.915357795902608,0.0,0.0
INSTANCE_061,0.25,V3,4,0.9099177981961156,0.0,0.0
INSTANCE_061,0.25,V3,5,0.9264605184944188,0.0,0.0
INSTANCE_061,0.25,V3,6,1.1173211796252085,0.0,0.0
INSTANCE_061,0.25,V3,7,1.1699271502839552,0.0,0.0
INSTANCE_061,0.25,V3,8,1.0943620642162015,0.0,0.0
INSTANCE_061,0.25,V3,9,1.0377630079269302,0.0,0.0
INSTANCE_061,0.25,V3,10,1.0160342584089286,0.0,0.0
INSTANCE_061,0.25,V3,11,1.155646810374408,0.0,0.0
INSTANCE_061,0.25,V3,12,0.916180219798298,0.0,0.0
INSTANCE_061,0.25,V3,13,0.9861237001572118,0.0,0.0
INSTANCE_061,0.25,V3,14,1.0929159543995806,0.0,0.0
INSTANCE_061,0.25,V3,15,1.0554903071202004,0.0,0.0
INSTANCE_061,0.25,V3,16,1.1457195343963222,0.0,0.0
INSTANCE_061,0.25,V3,17,0.9829524543843334,0.0,0.0
INSTANCE_061,0.25,V3,18,1.0448622446704332,0.0,0.0
INSTANCE_061,0.25,V3,19,0.872033779386232,0.0,0.0
INSTANCE_061,0.5,V1,0,0.9730064332140586,0.0,0.0
INSTANCE_061,0.5,V1,1,1.0669523555514149,0.0,0.0
INSTANCE_061,0.5,V1,2,0.9867656612550728,0.0,0.0
INSTANCE_061,0.5,V1,3,1.068751206974634,0.0,0.0
INSTANCE_061,0.5,V1,4,0.912414656301052,0.0,0.0
INSTANCE_061,0.5,V1,5,0.9461196595349984,0.0,0.0
INSTANCE_061,0.5,V1,6,0.9616398094187742,0.0,0.0
INSTANCE_061,0.5,V1,7,1.419554215760268,0.0,0.0
INSTANCE_061,0.5,V1,8,1.090776017802234,0.0,0.0
INSTANCE_061,0.5,V1,9,1.032509757881784,0.0,0.0
INSTANCE_061,0.5,V1,10,1.0955550431636287,0.0,0.0
INSTANCE_061,0.5,V1,11,0.9497469781670528,0.0,0.0
INSTANCE_061,0.5,V1,12,0.9226086734455392,0.0,0.0
INSTANCE_061,0.5,V1,13,0.8631968353942979,0.0,0.0
INSTANCE_061,0.5,V1,14,1.3431263188835012,0.0,0.0
INSTANCE_061,0.5,V1,15,0.9032982593501672,0.0,0.0
INSTANCE_061,0.5,V1,16,1.1407856705286128,0.0,0.0
INSTANCE_061,0.5,V1,17,0.933039909659936,0.0,0.0
INSTANCE_061,0.5,V1,18,0.8789033483894577,0.0,0.0
INSTANCE_061,0.5,V1,19,1.0642095748746716,0.0,0.0
INSTANCE_061,0.5,V2,0,1.2027149548483924,30.685331878960028,30.685331878960028
INSTANCE_061,0.5,V2,1,1.0507162459797583,7.04243475565363,7.04243475565363
INSTANCE_061,0.5,V2,2,0.9704608909424204,0.0,0.0
INSTANCE_061,0.5,V2,3,1.0693292467678963,9.67840792726986,9.67840792726986
INSTANCE_061,0.5,V2,4,1.0955550431636287,13.392505212833385,13.392505212833385
INSTANCE_061,0.5,V2,5,0.9270299655976186,0.0,0.0
INSTANCE_061,0.5,V2,6,1.06485658767624,9.04498994670928,9.04498994670928
INSTANCE_061,0.5,V2,7,1.004120415445002,0.4435332353216381,0.4435332353216381
INSTANCE_061,0.5,V2,8,1.1648884684697969,23.2115049046929,23.2115049046929
INSTANCE_061,0.5,V2,9,0.9410056319518668,0.0,0.0
INSTANCE_061,0.5,V2,10,0.9242822870895306,0.0,0.0
INSTANCE_061,0.5,V2,11,1.004850008268516,0.5468581709874343,0.5468581709874343
INSTANCE_061,0.5,V2,12,0.9341773555741504,0.0,0.0
INSTANCE_061,0.5,V2,13,1.301268075376899,65.74774730983108,65.74774730983108
INSTANCE_061,0.5,V2,14,0.9829524543843334,0.0,0.0
INSTANCE_061,0.5,V2,15,1.0038686602862834,0.4078796697435791,0.4078796697435791
INSTANCE_061,0.5,V2,16,0.948970926259148,0.0,0.0
INSTANCE_061,0.5,V2,17,0.8599126873267401,0.0,0.0
INSTANCE_061,0.5,V2,18,0.8539188058970851,0.0,0.0
INSTANCE_061,0.5,V2,19,1.0355387761279442,4.893001475239657,4.893001475239657
INSTANCE_061,0.5,V3,0,1.0100583330311137,0.0,0.0
INSTANCE_061,0.5,V3,1,0.90047418981061,0.0,0.0
INSTANCE_061,0.5,V3,2,0.8945535962683786,0.0,0.0
INSTANCE_061,0.5,V3,3,0.9963868842848028,0.0,0.0
INSTANCE_061,0.5,V3,4,1.1376480387558012,0.0,0.0
INSTANCE_061,0.5,V3,5,0.8634422116178343,0.0,0.0
INSTANCE_061,0.5,V3,6,0.912414656301052,0.0,0.0
INSTANCE_061,0.5,V3,7,0.8941170504784879,0.0,0.0
INSTANCE_061,0.5,V3,8,1.2048152496246916,0.0,0.0
INSTANCE_061,0.5,V3,9,1.266071963835614,0.0,0.0
INSTANCE_061,0.5,V3,10,1.0045332939053,0.0,0.0
INSTANCE_061,0.5,V3,11,1.0039139762148528,0.0,0.0
INSTANCE_061,0.5,V3,12,1.0257450539352442,0.0,0.0
INSTANCE_061,0.5,V3,13,0.8837303374256351,0.0,0.0
INSTANCE_061,0.5,V3,14,0.9979862211777156,0.0,0.0
INSTANCE_061,0.5,V3,15,0.9755567328734692,0.0,0.0
INSTANCE_061,0.5,V3,16,0.9767555071547408,0.0,0.0
INSTANCE_061,0.5,V3,17,1.1239689485662845,0.0,0.0
INSTANCE_061,0.5,V3,18,1.3175448024731606,0.0,0.0
INSTANCE_061,0.5,V3,19,1.2854101371713365,0.0,0.0
INSTANCE_061,0.75,V1,0,0.9853573831936768,0.0,0.0
INSTANCE_061,0.75,V1,1,0.8676319715473424,0.0,0.0
INSTANCE_061,0.75,V1,2,1.289559815894179,0.0,0.0
INSTANCE_061,0.75,V1,3,0.9765227659780942,0.0,0.0
INSTANCE_061,0.75,V1,4,0.9129208272330664,0.0,0.0
INSTANCE_061,0.75,V1,5,0.8937847186723955,0.0,0.0
INSTANCE_061,0.75,V1,6,0.9963832474602492,0.0,0.0
INSTANCE_061,0.75,V1,7,1.148440204521932,0.0,0.0
INSTANCE_061,0.75,V1,8,1.0694883476449055,0.0,0.0
INSTANCE_061,0.75,V1,9,1.0570136241678627,0.0,0.0
INSTANCE_061,0.75,V1,10,0.9846497010211196,0.0,0.0
INSTANCE_061,0.75,V1,11,1.1276941879241162,0.0,0.0
INSTANCE_061,0.75,V1,12,0.8916507079910542,0.0,0.0
INSTANCE_061,0.75,V1,13,0.9853573831936768,0.0,0.0
INSTANCE_061,0.75,V1,14,0.8945535962683786,0.0,0.0
INSTANCE_061,0.75,V1,15,0.9898663445470748,0.0,0.0
INSTANCE_061,0.75,V1,16,1.4021645813362258,0.0,0.0
INSTANCE_061,0.75,V1,17,0.8845554329618055,0.0,0.0
INSTANCE_061,0.75,V1,18,0.9262254387798478,0.0,0.0
INSTANCE_061,0.75,V1,19,1.002312508247636,0.0,0.0
INSTANCE_061,0.75,V2,0,0.9547025018841144,0.0,0.0
INSTANCE_061,0.75,V2,1,0.9128985993746358,0.0,0.0
INSTANCE_061,0.75,V2,2,1.0186056551989542,1.3044500413710691,1.3044500413710691
INSTANCE_061,0.75,V2,3,1.052485304120219,3.934696585373445,3.934696585373445
INSTANCE_061,0.75,V2,4,0.9608942732771272,0.0,0.0
INSTANCE_061,0.75,V2,5,0.8418735832848321,0.0,0.0
INSTANCE_061,0.75,V2,6,0.942183973564033,0.0,0.0
INSTANCE_061,0.75,V2,7,0.8800185949283246,0.0,0.0
INSTANCE_061,0.75,V2,8,1.053765922428726,4.034117387754236,4.034117387754236
INSTANCE_061,0.75,V2,9,1.180300158582863,13.857602811580705,13.857602811580705
INSTANCE_061,0.75,V2,10,0.8539188058970851,0.0,0.0
INSTANCE_061,0.75,V2,11,1.5749158421982845,60.10716257427555,60.10716257427555
INSTANCE_061,0.75,V2,12,0.9361391135228758,0.0,0.0
INSTANCE_061,0.75,V2,13,0.942183973564033,0.0,0.0
INSTANCE_061,0.75,V2,14,0.9505152028932846,0.0,0.0
INSTANCE_061,0.75,V2,15,1.137200816025485,10.511585352138695,10.511585352138695
INSTANCE_061,0.75,V2,16,1.0070935069548954,0.4107044124434651,0.4107044124434651
INSTANCE_061,0.75,V2,17,1.1215900192134878,9.299641141639428,9.299641141639428
INSTANCE_061,0.75,V2,18,0.9851915260344116,0.0,0.0
INSTANCE_061,0.75,V2,19,1.0045332939053,0.2119422723383195,0.2119422723383195
INSTANCE_061,0.75,V3,0,0.932747492274802,0.0,0.0
INSTANCE_061,0.75,V3,1,0.882293744426373,0.0,0.0
INSTANCE_061,0.75,V3,2,1.012908100204927,0.0,0.0
INSTANCE_061,0.75,V3,3,1.0397658533417564,0.0,0.0
INSTANCE_061,0.75,V3,4,1.0337368668224365,0.0,0.0
INSTANCE_061,0.75,V3,5,0.8679353358630678,0.0,0.0
INSTANCE_061,0.75,V3,6,1.0281817017159132,0.0,0.0
INSTANCE_061,0.75,V3,7,1.4021645813362258,0.0,0.0
INSTANCE_061,0.75,V3,8,0.8990070562178624,0.0,0.0
INSTANCE_061,0.75,V3,9,1.1173211796252085,0.0,0.0
INSTANCE_061,0.75,V3,10,0.9258766510273724,0.0,0.0
INSTANCE_061,0.75,V3,11,0.945932363009206,0.0,0.0
INSTANCE_061,0.75,V3,12,1.0038686602862834,0.0,0.0
INSTANCE_061,0.75,V3,13,0.897347543318212,0.0,0.0
INSTANCE_061,0.75,V3,14,1.363511215906526,0.0,0.0
INSTANCE_061,0.75,V3,15,1.073496397718238,0.0,0.0
INSTANCE_061,0.75,V3,16,1.012908100204927,0.0,0.0
INSTANCE_061,0.75,V3,17,0.9853573831936768,0.0,0.0
INSTANCE_061,0.75,V3,18,0.9474481203169932,0.0,0.0
INSTANCE_061,0.75,V3,19,1.148440204521932,0.0,0.0
INSTANCE_062,0.25,V1,0,1.1009129004073823,3.298381105824433,3.298381105824433
INSTANCE_062,0.25,V1,1,0.9941478126347248,0.0,0.0
INSTANCE_062,0.25,V1,2,1.039932545501351,0.0,0.0
INSTANCE_062,0.25,V1,3,0.9114777750445822,0.0,0.0
INSTANCE_062,0.25,V1,4,0.8789033483894577,0.0,0.0
INSTANCE_062,0.25,V1,5,0.8857435733390863,0.0,0.0
INSTANCE_062,0.25,V1,6,0.958080808705026,0.0,0.0
INSTANCE_062,0.25,V1,7,0.9683430660932292,0.0,0.0
INSTANCE_062,0.25,V1,8,1.1131701426062446,4.451481165682594,4.451481165682594
INSTANCE_062,0.25,V1,9,0.942183973564033,0.0,0.0
INSTANCE_062,0.25,V1,10,1.0501016558609833,0.0,0.0
INSTANCE_062,0.25,V1,11,1.160923983700295,8.94392376660528,8.94392376660528
INSTANCE_062,0.25,V1,12,0.9465547524469162,0.0,0.0
INSTANCE_062,0.25,V1,13,0.9505152028932846,0.0,0.0
INSTANCE_062,0.25,V1,14,1.3305307464676754,29.42100993143015,26.560625855786952
INSTANCE_062,0.25,V1,15,1.1518536993163848,8.090636763188968,8.090636763188968
INSTANCE_062,0.25,V1,16,1.0055870301737375,0.0,0.0
INSTANCE_062,0.25,V1,17,0.9673241866044946,0.0,0.0
INSTANCE_062,0.25,V1,18,1.2002083133375885,12.639597077233702,12.639597077233702
INSTANCE_062,0.25,V1,19,1.131482948891816,6.174258416997645,6.174258416997645
INSTANCE_062,0.25,V2,0,0.9256191084614976,0.0,0.0
INSTANCE_062,0.25,V2,1,1.1912368001424978,9.740034284748504,9.740034284748504
INSTANCE_062,0.25,V2,2,1.0079500127579115,0.0,0.0
INSTANCE_062,0.25,V2,3,1.011463300061996,0.0,0.0
INSTANCE_062,0.25,V2,4,0.8620259995641838,0.0,0.0
INSTANCE_062,0.25,V2,5,0.9790806886126946,0.0,0.0
INSTANCE_062,0.25,V2,6,1.248125601735383,18.023328240680144,18.023328240680144
INSTANCE_062,0.25,V2,7,1.1067023847763022,0.0,0.0
INSTANCE_062,0.25,V2,8,0.885315360309711,0.0,0.0
INSTANCE_062,0.25,V2,9,0.9780264967541612,0.0,0.0
INSTANCE_062,0.25,V2,10,1.0517077858614825,0.0,0.0
INSTANCE_062,0.25,V2,11,0.8793901276130403,0.0,0.0
INSTANCE_062,0.25,V2,12,0.8960308343539007,0.0,0.0
INSTANCE_062,0.25,V2,13,0.9093171923887252,0.0,0.0
INSTANCE_062,0.25,V2,14,0.9283368949472788,0.0,0.0
INSTANCE_062,0.25,V2,15,0.9273225802064884,0.0,0.0
INSTANCE_062,0.25,V2,16,1.0392318228862991,0.0,0.0
INSTANCE_062,0.25,V2,17,1.0680371770873054,0.0,0.0
INSTANCE_062,0.25,V2,18,0.9685274049053448,0.0,0.0
INSTANCE_062,0.25,V2,19,1.025141992324292,0.0,0.0
INSTANCE_062,0.5,V1,0,0.8816220790906588,0.0,0.0
INSTANCE_062,0.5,V1,1,1.2170262149925093,0.2336781984364506,0.2336781984364506
INSTANCE_062,0.5,V1,2,1.0377630079269302,0.0,0.0
INSTANCE_062,0.5,V1,3,1.1691862211197477,0.0,0.0
INSTANCE_062,0.5,V1,4,0.9248178013348936,0.0,0.0
INSTANCE_062,0.5,V1,5,0.8811862347754283,0.0,0.0
INSTANCE_062,0.5,V1,6,1.248125601735383,1.1548938660716883,1.1548938660716883
INSTANCE_062,0.5,V1,7,0.8631968353942979,0.0,0.0
INSTANCE_062,0.5,V1,8,0.9471878234330842,0.0,0.0
INSTANCE_062,0.5,V1,9,1.0990001848087976,0.0,0.0
INSTANCE_062,0.5,V1,10,0.956705244011982,0.0,0.0
INSTANCE_062,0.5,V1,11,1.0943999581416457,0.0,0.0
INSTANCE_062,0.5,V1,12,1.031028278224195,0.0,0.0
INSTANCE_062,0.5,V1,13,1.0377087743721027,0.0,0.0
INSTANCE_062,0.5,V1,14,0.9677674775574394,0.0,0.0
INSTANCE_062,0.5,V1,15,1.0277338873858977,0.0,0.0
INSTANCE_062,0.5,V1,16,0.8922637370099548,0.0,0.0
INSTANCE_062,0.5,V1,17,1.032509757881784,0.0,0.0
INSTANCE_062,0.5,V1,18,0.9834764924300962,0.0,0.0
INSTANCE_062,0.5,V1,19,1.039932545501351,0.0,0.0
INSTANCE_062,0.5,V2,0,1.06485658767624,0.0,0.0
INSTANCE_062,0.5,V2,1,1.2262377667637403,8.084660943515019,8.084660943515019
INSTANCE_062,0.5,V2,2,0.9393719900324564,0.0,0.0
INSTANCE_062,0.5,V2,3,0.9211854734188176,0.0,0.0
INSTANCE_062,0.5,V2,4,1.3139055004855815,18.23322391204488,18.23322391204488
INSTANCE_062,0.5,V2,5,1.1174698025844003,0.0,0.0
INSTANCE_062,0.5,V2,6,0.9812039707527128,0.0,0.0
INSTANCE_062,0.5,V2,7,1.1042449612439666,0.0,0.0
INSTANCE_062,0.5,V2,8,1.0439830175845648,0.0,0.0
INSTANCE_062,0.5,V2,9,1.0237060342378992,0.0,0.0
INSTANCE_062,0.5,V2,10,0.8789033483894577,0.0,0.0
INSTANCE_062,0.5,V2,11,0.9628279497960548,0.0,0.0
INSTANCE_062,0.5,V2,12,0.9757918589093308,0.0,0.0
INSTANCE_062,0.5,V2,13,0.8667695143191644,0.0,0.0
INSTANCE_062,0.5,V2,14,0.9184176583515375,0.0,0.0
INSTANCE_062,0.5,V2,15,0.9289035647041978,0.0,0.0
INSTANCE_062,0.5,V2,16,0.8922637370099548,0.0,0.0
INSTANCE_062,0.5,V2,17,0.8750430865662231,0.0,0.0
INSTANCE_062,0.5,V2,18,0.9602824735965674,0.0,0.0
INSTANCE_062,0.5,V2,19,0.9935758266675258,0.0,0.0
INSTANCE_062,0.75,V1,0,1.1475629659850743,0.0,0.0
INSTANCE_062,0.75,V1,1,0.8680632001614316,0.0,0.0
INSTANCE_062,0.75,V1,2,1.025141992324292,0.0,0.0
INSTANCE_062,0.75,V1,3,1.072715221910997,0.0,0.0
INSTANCE_062,0.75,V1,4,0.9782508662188903,0.0,0.0
INSTANCE_062,0.75,V1,5,0.9975290461370252,0.0,0.0
INSTANCE_062,0.75,V1,6,1.1340904528200977,0.0,0.0
INSTANCE_062,0.75,V1,7,1.099212255084284,0.0,0.0
INSTANCE_062,0.75,V1,8,1.2604338402955244,0.0,0.0
INSTANCE_062,0.75,V1,9,0.8800185949283246,0.0,0.0
INSTANCE_062,0.75,V1,10,1.066259467706908,0.0,0.0
INSTANCE_062,0.75,V1,11,1.0136142055379385,0.0,0.0
INSTANCE_062,0.75,V1,12,1.1220320873516914,0.0,0.0
INSTANCE_062,0.75,V1,13,0.9149465839547634,0.0,0.0
INSTANCE_062,0.75,V1,14,0.8418735832848321,0.0,0.0
INSTANCE_062,0.75,V1,15,1.161587654121252,0.0,0.0
INSTANCE_062,0.75,V1,16,1.099212255084284,0.0,0.0
INSTANCE_062,0.75,V1,17,1.2048323518170836,0.0,0.0
INSTANCE_062,0.75,V1,18,0.9452907471448646,0.0,0.0
INSTANCE_062,0.75,V1,19,0.9941478126347248,0.0,0.0
INSTANCE_062,0.75,V2,0,0.972428037464628,0.0,0.0
INSTANCE_062,0.75,V2,1,1.0669523555514149,0.0,0.0
INSTANCE_062,0.75,V2,2,0.9547025018841144,0.0,0.0
INSTANCE_062,0.75,V2,3,0.9873198867754548,0.0,0.0
INSTANCE_062,0.75,V2,4,1.0006573082060333,0.0,0.0
INSTANCE_062,0.75,V2,5,1.013791178773301,0.0,0.0
INSTANCE_062,0.75,V2,6,0.979546351449972,0.0,0.0
INSTANCE_062,0.75,V2,7,1.083964907944071,0.0,0.0
INSTANCE_062,0.75,V2,8,0.8631968353942979,0.0,0.0
INSTANCE_062,0.75,V2,9,0.9611497769027638,0.0,0.0
INSTANCE_062,0.75,V2,10,0.9780264967541612,0.0,0.0
INSTANCE_062,0.75,V2,11,0.942893023971548,0.0,0.0
INSTANCE_062,0.75,V2,12,0.916180219798298,0.0,0.0
INSTANCE_062,0.75,V2,13,0.863319685406451,0.0,0.0
INSTANCE_062,0.75,V2,14,0.98583905609731,0.0,0.0
INSTANCE_062,0.75,V2,15,1.5749158421982845,5.6006965599762,5.6006965599762
INSTANCE_062,0.75,V2,16,0.9333414246843322,0.0,0.0
INSTANCE_062,0.75,V2,17,0.9603552986534024,0.0,0.0
INSTANCE_062,0.75,V2,18,1.029972959035976,0.0,0.0
INSTANCE_062,0.75,V2,19,0.9601441557445912,0.0,0.0
INSTANCE_063,0.25,V1,0,0.8937847186723955,10.746316226774638,10.746316226774638
INSTANCE_063,0.25,V1,1,0.9776540571133564,28.05351108672141,28.05351108672141
INSTANCE_063,0.25,V1,2,1.2954936128766912,260.06786619251966,260.06786619251966
INSTANCE_063,0.25,V1,3,1.051176888443077,59.196805593294016,59.196805593294016
INSTANCE_063,0.25,V1,4,0.9547025018841144,20.98209866799948,20.98209866799948
INSTANCE_063,0.25,V1,5,1.0968116297819277,83.67491499260382,83.67491499260382
INSTANCE_063,0.25,V1,6,0.9178288172426968,14.117819801800238,14.117819801800238
INSTANCE_063,0.25,V1,7,0.9153515464809084,13.770452766797462,13.770452766797462
INSTANCE_063,0.25,V1,8,1.065578588608788,65.84876085317194,65.84876085317194
INSTANCE_063,0.25,V1,9,0.9642277746733215,23.916851089808688,23.916851089808688
INSTANCE_063,0.25,V1,10,0.8845554329618055,9.452170402293063,9.452170402293063
INSTANCE_063,0.25,V1,11,0.9333414246843322,16.29302347161206,16.29302347161206
INSTANCE_063,0.25,V1,12,1.2788437374224868,244.91467579268408,244.91467579268408
INSTANCE_063,0.25,V1,13,0.9829524543843334,29.685956116571333,29.685956116571333
INSTANCE_063,0.25,V1,14,1.0758685194769508,71.72170459640643,71.72170459640643
INSTANCE_063,0.25,V1,15,1.0966036056056736,83.55618588742107,83.55618588742107
INSTANCE_063,0.25,V1,16,0.9152523252187308,13.756539796045786,13.756539796045786
INSTANCE_063,0.25,V1,17,0.9532421995654592,20.53217708978434,20.53217708978434
INSTANCE_063,0.25,V1,18,1.0507162459797583,58.99393711697337,58.99393711697337
INSTANCE_063,0.25,V1,19,0.9632079134700076,23.60263015329849,23.60263015329849
INSTANCE_063,0.25,V2,0,0.979372713542536,27.144561739663345,27.144561739663345
INSTANCE_063,0.25,V2,1,1.3032943998413409,318.4456317052596,318.4456317052596
INSTANCE_063,0.25,V2,2,1.2923715854488511,303.8456336428467,303.8456336428467
INSTANCE_063,0.25,V2,3,1.0335424935505932,54.62935344373227,54.62935344373227
INSTANCE_063,0.25,V2,4,1.0109029913109135,42.00803978060196,42.00803978060196
INSTANCE_063,0.25,V2,5,0.8793901276130403,0.3627341601844591,0.3627341601844591
INSTANCE_063,0.25,V2,6,1.0360572208695804,56.17521500368434,56.17521500368434
INSTANCE_063,0.25,V2,7,1.004850008268516,39.15464339780544,39.15464339780544
INSTANCE_063,0.25,V2,8,1.0145441979277583,43.72451671713793,43.72451671713793
INSTANCE_063,0.25,V2,9,0.9785219509065192,26.743509397169987,26.743509397169987
INSTANCE_063,0.25,V2,10,1.067896550925003,75.7475941064547,75.7475941064547
INSTANCE_063,0.25,V2,11,0.955597594535316,16.95830197894236,16.95830197894236
INSTANCE_063,0.25,V2,12,0.9008138785893592,3.542982873864048,3.542982873864048
INSTANCE_063,0.25,V2,13,0.9774508000271784,26.23856530214573,26.23856530214573
INSTANCE_063,0.25,V2,14,1.0850445936634314,87.4419299789746,87.4419299789746
INSTANCE_063,0.25,V2,15,0.8906923743355462,2.040496174906707,2.040496174906707
INSTANCE_063,0.25,V2,16,1.1550274926839608,142.65494818096315,142.65494818096315
INSTANCE_063,0.25,V2,17,0.9628863296313755,19.372825409329607,19.372825409329607
INSTANCE_063,0.25,V2,18,0.9293519926534468,8.353069004594317,8.353069004594317
INSTANCE_063,0.25,V2,19,0.880189548411491,0.4814041806105251,0.4814041806105251
INSTANCE_063,0.5,V1,0,0.9928450800383156,35.158173189835,35.158173189835
INSTANCE_063,0.5,V1,1,0.9241139826124164,23.230765047473938,23.230765047473938
INSTANCE_063,0.5,V1,2,0.9293519926534468,24.038876506587485,24.038876506587485
INSTANCE_063,0.5,V1,3,0.9461196595349984,26.625764206961207,26.625764206961207
INSTANCE_063,0.5,V1,4,0.9799329811532924,32.4509149367766,32.4509149367766
INSTANCE_063,0.5,V1,5,1.069160783951708,51.15915963651537,51.15915963651537
INSTANCE_063,0.5,V1,6,0.98583905609731,33.68923182683125,33.68923182683125
INSTANCE_063,0.5,V1,7,1.0281817017159132,42.56714376260754,42.56714376260754
INSTANCE_063,0.5,V1,8,1.324959031920991,124.06106413164171,124.06106413164171
INSTANCE_063,0.5,V1,9,1.247893995574363,97.34665827779496,97.34665827779496
INSTANCE_063,0.5,V1,10,1.0204846158059413,40.953308588339496,40.953308588339496
INSTANCE_063,0.5,V1,11,0.9293519926534468,24.038876506587485,24.038876506587485
INSTANCE_063,0.5,V1,12,1.299274246905029,114.70941534246263,114.70941534246263
INSTANCE_063,0.5,V1,13,0.9237317317660896,23.171792023986995,23.171792023986995
INSTANCE_063,0.5,V1,14,1.2455437625633596,96.55245187049708,96.55245187049708
INSTANCE_063,0.5,V1,15,1.172213459534738,73.72936120359111,73.72936120359111
INSTANCE_063,0.5,V1,16,0.8800868685777993,18.048299649660976,18.048299649660976
INSTANCE_063,0.5,V1,17,1.0045332939053,37.60882151096905,37.60882151096905
INSTANCE_063,0.5,V1,18,1.0039568266996444,37.48795459273845,37.48795459273845
INSTANCE_063,0.5,V1,19,0.9114777750445822,21.281272004254102,21.281272004254102
INSTANCE_063,0.5,V2,0,1.144054846394554,78.74047035397291,78.74047035397291
INSTANCE_063,0.5,V2,1,0.9799329811532924,31.987164778997,31.987164778997
INSTANCE_063,0.5,V2,2,0.9582989304915996,26.72482618254446,26.72482618254446
INSTANCE_063,0.5,V2,3,0.9543089229792588,25.754283455217543,25.754283455217543
INSTANCE_063,0.5,V2,4,0.9833459881894986,32.81735598717398,32.81735598717398
INSTANCE_063,0.5,V2,5,0.981617781319966,32.3969811875387,32.3969811875387
INSTANCE_063,0.5,V2,6,0.9451557067489208,23.527824628629787,23.527824628629787
INSTANCE_063,0.5,V2,7,1.0722453613941898,56.44290716650971,56.44290716650971
INSTANCE_063,0.5,V2,8,0.9264605184944188,18.98034472031065,18.98034472031065
INSTANCE_063,0.5,V2,9,0.928219591826866,19.40822758127229,19.40822758127229
INSTANCE_063,0.5,V2,10,0.9063141633517744,15.049819445129629,15.049819445129629
INSTANCE_063,0.5,V2,11,0.9932211495018468,35.21942314199384,35.21942314199384
INSTANCE_063,0.5,V2,12,1.034526819734927,45.26675205505603,45.26675205505603
INSTANCE_063,0.5,V2,13,1.0093114265817889,39.1332757731758,39.1332757731758
INSTANCE_063,0.5,V2,14,0.8960630797532062,13.24802065128847,13.24802065128847
INSTANCE_063,0.5,V2,15,1.3032943998413409,137.72156368424453,137.72156368424453
INSTANCE_063,0.5,V2,16,0.9779301014755536,31.499977649918605,31.499977649918605
INSTANCE_063,0.5,V2,17,1.0075822425351937,38.712663281735445,38.712663281735445
INSTANCE_063,0.5,V2,18,1.0155389159454924,40.64807104430099,40.64807104430099
INSTANCE_063,0.5,V2,19,0.9507492824146152,24.8884246188054,24.8884246188054
INSTANCE_063,0.75,V1,0,0.8907514742588356,25.033315747011443,25.033315747011443
INSTANCE_063,0.75,V1,1,1.0677365243569064,44.39711834690422,44.39711834690422
INSTANCE_063,0.75,V1,2,0.9467289146039016,30.572200611973017,30.572200611973017
INSTANCE_063,0.75,V1,3,1.0284640600424286,39.91030475308173,39.91030475308173
INSTANCE_063,0.75,V1,4,1.1388081253872318,52.51693031194998,52.51693031194998
INSTANCE_063,0.75,V1,5,1.0199306231308554,38.9353738083297,38.9353738083297
INSTANCE_063,0.75,V1,6,1.1073152371507708,48.918920319081394,48.918920319081394
INSTANCE_063,0.75,V1,7,0.9812039707527128,34.51091831854751,34.51091831854751
INSTANCE_063,0.75,V1,8,0.9376469833370062,29.534605101281613,29.534605101281613
INSTANCE_063,0.75,V1,9,0.9932211495018468,35.88386096200463,35.88386096200463
INSTANCE_063,0.75,V1,10,0.986397847582322,35.10431008986848,35.10431008986848
INSTANCE_063,0.75,V1,11,1.0389137717478982,41.10416689924557,41.10416689924557
INSTANCE_063,0.75,V1,12,1.0749363660585711,45.21968826158286,45.21968826158286
INSTANCE_063,0.75,V1,13,1.0427388421051456,41.541174812443614,41.541174812443614
INSTANCE_063,0.75,V1,14,0.9653098401769796,32.69504039048786,32.69504039048786
INSTANCE_063,0.75,V1,15,0.8639865854724262,22.606677105191807,22.606677105191807
INSTANCE_063,0.75,V1,16,0.9782508662188903,34.173531047399365,34.173531047399365
INSTANCE_063,0.75,V1,17,1.2459762285250382,64.76070748193933,64.76070748193933
INSTANCE_063,0.75,V1,18,0.9799329811532924,34.36570987512937,34.36570987512937
INSTANCE_063,0.75,V1,19,1.5780846479199655,116.99215628189891,116.99215628189891
INSTANCE_063,0.75,V2,0,1.2425746475155326,54.31874918452115,54.31874918452115
INSTANCE_063,0.75,V2,1,0.9898663445470748,36.13933504947511,36.13933504947511
INSTANCE_063,0.75,V2,2,1.0506100185940264,40.50913372095579,40.50913372095579
INSTANCE_063,0.75,V2,3,1.289559815894179,57.78382608429752,57.78382608429752
INSTANCE_063,0.75,V2,4,1.2798533551847038,57.00051728306164,57.00051728306164
INSTANCE_063,0.75,V2,5,1.131482948891816,46.326997538361525,46.326997538361525
INSTANCE_063,0.75,V2,6,0.9283368949472788,31.713008994348456,31.713008994348456
INSTANCE_063,0.75,V2,7,1.4386739193309737,70.02659102347047,70.02659102347047
INSTANCE_063,0.75,V2,8,1.030416766768407,39.05646484004069,39.05646484004069
INSTANCE_063,0.75,V2,9,1.029972959035976,39.024538051449326,39.024538051449326
INSTANCE_063,0.75,V2,10,1.065578588608788,41.58594770020147,41.58594770020147
INSTANCE_063,0.75,V2,11,0.8837955056139003,28.50877568135388,28.50877568135388
INSTANCE_063,0.75,V2,12,0.8800868685777993,28.24198251403834,28.24198251403834
INSTANCE_063,0.75,V2,13,1.153903139133133,47.93986865733825,47.93986865733825
INSTANCE_063,0.75,V2,14,0.9237317317660896,31.38172123036543,31.38172123036543
INSTANCE_063,0.75,V2,15,0.9861237001572118,35.8700954498089,35.8700954498089
INSTANCE_063,0.75,V2,16,1.308671119471844,59.3529278123691,59.3529278123691
INSTANCE_063,0.75,V2,17,0.9837153170819758,35.696840385347855,35.696840385347855
INSTANCE_063,0.75,V2,18,0.8616377346865536,26.914782570458783,26.914782570458783
INSTANCE_063,0.75,V2,19,0.9901008979486572,36.15620843026261,36.15620843026261
