delivery_date,trigger_fraction,shock,seed,total_distance_km,total_lateness_min,nr_distance,otd_num,otd_den,rsi,moved_stops,n_vehicles,n_unchanged,n_harm,runtime_ms,block_fully_unchanged,block_any_harm
INSTANCE_001,0.25,delay20,101,198.298,0.0,191.8982,40,40,0.4011904761904762,24,2,0,0,4248.742341995239,0,0
INSTANCE_001,0.25,delay20,202,198.298,0.0,191.8982,40,40,0.4011904761904762,24,2,0,0,4243.003129959106,0,0
INSTANCE_001,0.25,delay20,303,197.9415,0.0,191.8982,40,40,0.4083333333333333,24,2,0,0,4697.765588760376,0,0
INSTANCE_001,0.25,delay30,101,199.8331,0.0,191.8982,40,40,0.6547619047619048,14,2,1,0,4243.208408355713,0,0
INSTANCE_001,0.25,delay30,202,197.9415,0.0,191.8982,40,40,0.4083333333333333,24,2,0,0,3929.9468994140634,0,0
INSTANCE_001,0.25,delay30,303,197.9415,0.0,191.8982,40,40,0.4083333333333333,24,2,0,0,5093.418836593628,0,0
INSTANCE_001,0.25,p85,101,191.8982,0.4248373333333575,191.8982,39,40,1.0,0,2,2,0,4114.154577255249,1,0
INSTANCE_001,0.25,p85,202,191.7068,0.4248373333333575,191.8982,39,40,0.719047619047619,14,2,1,0,4032.617092132568,0,0
INSTANCE_001,0.25,p85,303,190.833,0.4248373333333575,191.8982,39,40,0.7892857142857144,10,2,1,0,4341.3639068603525,0,0
INSTANCE_001,0.25,p95,101,197.9525,0.0,191.8982,40,40,0.4261904761904762,24,2,0,0,4461.705684661865,0,0
INSTANCE_001,0.25,p95,202,201.5759,0.0,191.8982,40,40,0.4261904761904762,24,2,0,0,3869.271993637085,0,0
INSTANCE_001,0.25,p95,303,197.9525,0.0,191.8982,40,40,0.4261904761904762,24,2,0,0,4559.192419052124,0,0
INSTANCE_001,0.5,delay20,101,213.4468,0.0,191.8982,40,40,0.8388888888888889,9,2,1,0,1411.2517833709717,0,0
INSTANCE_001,0.5,delay20,202,213.4468,0.0,191.8982,40,40,0.8388888888888889,9,2,1,0,1172.3980903625488,0,0
INSTANCE_001,0.5,delay20,303,213.4468,0.0,191.8982,40,40,0.8388888888888889,9,2,1,0,1356.0209274291992,0,0
INSTANCE_001,0.5,delay30,101,213.4468,7.464999999999918,191.8982,39,40,0.8,9,2,1,0,1481.6126823425293,0,0
INSTANCE_001,0.5,delay30,202,213.4468,7.464999999999918,191.8982,39,40,0.8388888888888889,9,2,1,0,1290.8670902252195,0,0
INSTANCE_001,0.5,delay30,303,213.4468,7.464999999999918,191.8982,39,40,0.7833333333333333,8,2,1,0,1580.7149410247805,0,0
INSTANCE_001,0.5,p85,101,191.8982,0.0,191.8982,40,40,1.0,0,2,2,0,1404.465675354004,1,0
INSTANCE_001,0.5,p85,202,191.8982,0.0,191.8982,40,40,1.0,0,2,2,0,1110.5730533599854,1,0
INSTANCE_001,0.5,p85,303,191.8982,0.0,191.8982,40,40,1.0,0,2,2,0,1579.3852806091309,1,0
INSTANCE_001,0.5,p95,101,191.8982,0.3910700000000133,191.8982,39,40,1.0,0,2,2,0,1383.0597400665283,1,0
INSTANCE_001,0.5,p95,202,191.8982,0.3910700000000133,191.8982,39,40,1.0,0,2,2,0,1305.3059577941897,1,0
INSTANCE_001,0.5,p95,303,191.8982,0.3910700000000133,191.8982,39,40,1.0,0,2,2,0,1437.8511905670166,1,0
INSTANCE_001,0.75,delay20,101,191.8982,11.81499999999994,191.8982,39,40,1.0,0,2,2,0,295.49264907836914,1,0
INSTANCE_001,0.75,delay20,202,191.8982,11.81499999999994,191.8982,39,40,1.0,0,2,2,0,292.88601875305176,1,0
INSTANCE_001,0.75,delay20,303,191.8982,11.81499999999994,191.8982,39,40,1.0,0,2,2,0,288.9823913574219,1,0
INSTANCE_001,0.75,delay30,101,191.8982,21.81499999999994,191.8982,39,40,1.0,0,2,2,0,297.98316955566406,1,0
INSTANCE_001,0.75,delay30,202,191.8982,21.81499999999994,191.8982,39,40,1.0,0,2,2,0,289.0655994415283,1,0
INSTANCE_001,0.75,delay30,303,191.8982,21.81499999999994,191.8982,39,40,1.0,0,2,2,0,297.2259521484375,1,0
INSTANCE_001,0.75,p85,101,191.8982,0.0,191.8982,40,40,1.0,0,2,2,0,300.7223606109619,1,0
INSTANCE_001,0.75,p85,202,191.8982,0.0,191.8982,40,40,1.0,0,2,2,0,253.19838523864743,1,0
INSTANCE_001,0.75,p85,303,191.8982,0.0,191.8982,40,40,1.0,0,2,2,0,291.5782928466797,1,0
INSTANCE_001,0.75,p95,101,191.8982,0.0,191.8982,40,40,1.0,0,2,2,0,298.539400100708,1,0
INSTANCE_001,0.75,p95,202,191.8982,0.0,191.8982,40,40,1.0,0,2,2,0,246.9632625579834,1,0
INSTANCE_001,0.75,p95,303,191.8982,0.0,191.8982,40,40,1.0,0,2,2,0,285.83431243896484,1,0
INSTANCE_002,0.25,delay20,101,318.6989,22.515000000000207,293.3563,47,49,0.6351479188166496,29,2,0,0,8976.638078689575,0,0
INSTANCE_002,0.25,delay20,202,318.699,22.515000000000207,293.3563,47,49,0.6825335397316822,27,2,0,0,7640.217304229736,0,0
INSTANCE_002,0.25,delay20,303,318.699,22.515000000000207,293.3563,47,49,0.6498538011695907,30,2,0,0,9177.159786224363,0,0
INSTANCE_002,0.25,delay30,101,318.699,48.08666666666704,293.3563,46,49,0.6498538011695907,29,2,0,0,9059.823274612429,0,0
INSTANCE_002,0.25,delay30,202,326.6071,50.42833333333373,293.3563,45,49,0.698013415892673,22,2,0,0,8037.085056304932,0,0
INSTANCE_002,0.25,delay30,303,318.6989,48.08666666666704,293.3563,46,49,0.6351479188166496,29,2,0,0,9742.924690246582,0,0
INSTANCE_002,0.25,p85,101,314.0793,1.0620348333334275,293.3563,48,49,0.6366099071207431,29,2,0,0,8728.202819824219,0,0
INSTANCE_002,0.25,p85,202,314.0794,1.0620348333334275,293.3563,48,49,0.6513157894736843,29,2,0,0,7302.823781967163,0,0
INSTANCE_002,0.25,p85,303,316.49839999999995,1.0620348333334275,293.3563,48,49,0.6741916064671483,27,2,0,0,8906.873941421509,0,0
INSTANCE_002,0.25,p95,101,322.4716,6.316503333333458,293.3563,47,49,0.6227210182318541,29,2,0,0,9647.210597991943,0,0
INSTANCE_002,0.25,p95,202,322.4716,6.316503333333458,293.3563,47,49,0.6227210182318541,29,2,0,0,7501.135349273682,0,0
INSTANCE_002,0.25,p95,303,322.4716,6.316503333333458,293.3563,47,49,0.6227210182318541,29,2,0,0,9933.150291442871,0,0
INSTANCE_002,0.5,delay20,101,321.6048,23.213333333333253,293.3563,48,49,0.6251456876456876,17,2,0,0,3048.712015151977,0,0
INSTANCE_002,0.5,delay20,202,321.6048,23.213333333333253,293.3563,48,49,0.6251456876456876,17,2,0,0,2414.8666858673096,0,0
INSTANCE_002,0.5,delay20,303,322.2532,23.213333333333253,293.3563,48,49,0.7068764568764568,17,2,0,0,2951.0886669158936,0,0
INSTANCE_002,0.5,delay30,101,322.47760000000005,46.37333333333345,293.3563,46,49,0.6024184149184149,18,2,0,0,2905.082941055298,0,0
INSTANCE_002,0.5,delay30,202,322.47760000000005,46.37333333333345,293.3563,46,49,0.6024184149184149,18,2,0,0,2624.5782375335693,0,0
INSTANCE_002,0.5,delay30,303,322.47760000000005,46.37333333333345,293.3563,46,49,0.6024184149184149,18,2,0,0,3035.0170135498047,0,0
INSTANCE_002,0.5,p85,101,297.9325,4.660791166666627,293.3563,48,49,0.7992424242424242,7,2,1,0,2839.8633003234863,0,0
INSTANCE_002,0.5,p85,202,297.9325,4.660791166666627,293.3563,48,49,0.8484848484848485,5,2,1,0,2355.158567428589,0,0
INSTANCE_002,0.5,p85,303,297.9325,4.660791166666627,293.3563,48,49,0.8484848484848485,5,2,1,0,3010.650873184204,0,0
INSTANCE_002,0.5,p95,101,297.9325,8.956892499999867,293.3563,48,49,0.7992424242424242,7,2,1,0,2877.309799194336,0,0
INSTANCE_002,0.5,p95,202,297.9325,8.956892499999867,293.3563,48,49,0.7992424242424242,7,2,1,0,2556.426525115967,0,0
INSTANCE_002,0.5,p95,303,297.9325,8.956892499999867,293.3563,48,49,0.7992424242424242,7,2,1,0,3012.1538639068604,0,0
INSTANCE_002,0.75,delay20,101,293.35620000000006,0.0,293.3563,49,49,0.8166666666666667,2,2,1,0,544.9604988098145,0,0
INSTANCE_002,0.75,delay20,202,293.35620000000006,0.0,293.3563,49,49,0.8166666666666667,2,2,1,0,490.1297092437744,0,0
INSTANCE_002,0.75,delay20,303,293.35620000000006,0.0,293.3563,49,49,0.8166666666666667,2,2,1,0,559.9863529205322,0,0
INSTANCE_002,0.75,delay30,101,293.35620000000006,0.0,293.3563,49,49,0.8166666666666667,2,2,1,0,509.40895080566406,0,0
INSTANCE_002,0.75,delay30,202,293.35620000000006,0.0,293.3563,49,49,0.8166666666666667,2,2,1,0,481.1978340148926,0,0
INSTANCE_002,0.75,delay30,303,293.35620000000006,0.0,293.3563,49,49,0.8166666666666667,2,2,1,0,545.825719833374,0,0
INSTANCE_002,0.75,p85,101,293.35620000000006,0.0,293.3563,49,49,0.8166666666666667,2,2,1,0,548.7987995147705,0,0
INSTANCE_002,0.75,p85,202,293.35620000000006,0.0,293.3563,49,49,0.8166666666666667,2,2,1,0,471.3902473449707,0,0
INSTANCE_002,0.75,p85,303,293.35620000000006,0.0,293.3563,49,49,0.8166666666666667,2,2,1,0,696.4626312255859,0,0
INSTANCE_002,0.75,p95,101,293.35620000000006,0.0,293.3563,49,49,0.8166666666666667,2,2,1,0,533.0085754394531,0,0
INSTANCE_002,0.75,p95,202,293.35620000000006,0.0,293.3563,49,49,0.8166666666666667,2,2,1,0,519.7083950042725,0,0
INSTANCE_002,0.75,p95,303,293.35620000000006,0.0,293.3563,49,49,0.8166666666666667,2,2,1,0,604.10475730896,0,0
INSTANCE_003,0.25,delay20,101,395.9888,0.0,408.291,72,72,0.7742063492063492,26,3,1,0,13669.797658920288,0,0
INSTANCE_003,0.25,delay20,202,396.0204999999999,0.0,408.291,72,72,0.7123015873015873,31,3,1,0,12935.681343078611,0,0
INSTANCE_003,0.25,delay20,303,400.2919999999999,0.0,408.291,72,72,0.8873015873015873,15,3,2,0,14005.988597869871,0,0
INSTANCE_003,0.25,delay30,101,394.6092,6.651666666666756,408.291,71,72,0.7416666666666667,32,3,1,0,14039.673805236816,0,0
INSTANCE_003,0.25,delay30,202,395.8107,6.651666666666756,408.291,71,72,0.7261904761904762,29,3,1,0,12616.032123565674,0,0
INSTANCE_003,0.25,delay30,303,394.6091,6.651666666666756,408.291,71,72,0.7361111111111112,31,3,1,0,15294.708251953123,0,0
INSTANCE_003,0.25,p85,101,387.5631,0.0,408.291,72,72,0.7353174603174604,31,3,1,0,14262.410402297974,0,0
INSTANCE_003,0.25,p85,202,389.7575999999999,0.0,408.291,72,72,0.7623015873015873,28,3,1,0,13070.616722106934,0,0
INSTANCE_003,0.25,p85,303,387.5631,0.0,408.291,72,72,0.7353174603174604,31,3,1,0,14887.203454971312,0,0
INSTANCE_003,0.25,p95,101,387.5631,0.0,408.291,72,72,0.7353174603174604,31,3,1,0,14891.829252243042,0,0
INSTANCE_003,0.25,p95,202,387.5631,0.0,408.291,72,72,0.7353174603174604,31,3,1,0,12952.966213226318,0,0
INSTANCE_003,0.25,p95,303,389.9803,0.0,408.291,72,72,0.7130952380952381,31,3,1,0,15536.975145339966,0,0
INSTANCE_003,0.5,delay20,101,408.2524,0.0,408.291,72,72,0.9597069597069596,2,3,2,0,4286.610841751099,0,0
INSTANCE_003,0.5,delay20,202,406.8392,0.0,408.291,72,72,0.7745217745217744,12,3,1,0,3566.779136657715,0,0
INSTANCE_003,0.5,delay20,303,406.1437,0.0,408.291,72,72,0.793040293040293,12,3,1,0,4234.163045883179,0,0
INSTANCE_003,0.5,delay30,101,408.8451,0.6183333333334531,408.291,71,72,0.9523809523809524,6,3,2,0,4438.608646392823,0,0
INSTANCE_003,0.5,delay30,202,407.4318999999999,0.6183333333334531,408.291,71,72,0.7671957671957671,16,3,1,0,3622.0316886901855,0,0
INSTANCE_003,0.5,delay30,303,406.7364,0.6183333333334531,408.291,71,72,0.7857142857142857,16,3,1,0,4406.223773956299,0,0
INSTANCE_003,0.5,p85,101,406.6248,0.0,408.291,72,72,0.7374847374847375,12,3,1,0,4097.093105316162,0,0
INSTANCE_003,0.5,p85,202,406.1438,0.0,408.291,72,72,0.756003256003256,12,3,1,0,3497.2825050354004,0,0
INSTANCE_003,0.5,p85,303,406.1437,0.0,408.291,72,72,0.793040293040293,12,3,1,0,4343.450307846069,0,0
INSTANCE_003,0.5,p95,101,406.7873,2.340425833333484,408.291,71,72,0.7777777777777777,10,3,2,0,4204.718589782715,0,0
INSTANCE_003,0.5,p95,202,423.8761999999999,0.0,408.291,72,72,0.8663003663003663,8,3,2,0,4135.249376296997,0,0
INSTANCE_003,0.5,p95,303,406.1823,2.340425833333484,408.291,71,72,0.8333333333333334,10,3,2,0,4503.614902496338,0,0
INSTANCE_003,0.75,delay20,101,408.291,0.0,408.291,72,72,1.0,0,3,3,0,784.9154472351074,1,0
INSTANCE_003,0.75,delay20,202,408.291,0.0,408.291,72,72,1.0,0,3,3,0,800.4257678985596,1,0
INSTANCE_003,0.75,delay20,303,408.291,0.0,408.291,72,72,1.0,0,3,3,0,788.1579399108887,1,0
INSTANCE_003,0.75,delay30,101,408.291,0.0,408.291,72,72,1.0,0,3,3,0,763.5958194732666,1,0
INSTANCE_003,0.75,delay30,202,408.291,0.0,408.291,72,72,1.0,0,3,3,0,780.6289196014404,1,0
INSTANCE_003,0.75,delay30,303,408.291,0.0,408.291,72,72,1.0,0,3,3,0,806.4110279083252,1,0
INSTANCE_003,0.75,p85,101,408.291,0.0,408.291,72,72,1.0,0,3,3,0,799.1440296173096,1,0
INSTANCE_003,0.75,p85,202,408.291,0.0,408.291,72,72,1.0,0,3,3,0,691.8740272521973,1,0
INSTANCE_003,0.75,p85,303,408.291,0.0,408.291,72,72,1.0,0,3,3,0,797.5742816925049,1,0
INSTANCE_003,0.75,p95,101,408.291,0.0,408.291,72,72,1.0,0,3,3,0,798.7489700317383,1,0
INSTANCE_003,0.75,p95,202,408.291,0.0,408.291,72,72,1.0,0,3,3,0,773.3581066131592,1,0
INSTANCE_003,0.75,p95,303,408.291,0.0,408.291,72,72,1.0,0,3,3,0,811.4559650421143,1,0
INSTANCE_004,0.25,delay20,101,435.0887,0.0,448.1016000000001,67,67,0.8284391534391534,12,3,1,0,13688.429832458496,0,0
INSTANCE_004,0.25,delay20,202,434.71740000000005,0.0,448.1016000000001,67,67,0.8355820105820105,8,3,1,0,11899.306297302246,0,0
INSTANCE_004,0.25,delay20,303,434.69250000000005,0.0,448.1016000000001,67,67,0.7585978835978836,17,3,0,0,14035.191774368286,0,0
INSTANCE_004,0.25,delay30,101,434.69250000000005,0.0,448.1016000000001,67,67,0.7585978835978836,17,3,0,0,14065.885066986084,0,0
INSTANCE_004,0.25,delay30,202,434.69250000000005,0.0,448.1016000000001,67,67,0.7502645502645503,17,3,0,0,12162.620067596436,0,0
INSTANCE_004,0.25,delay30,303,434.69250000000005,0.0,448.1016000000001,67,67,0.7843915343915344,15,3,0,0,14802.748918533323,0,0
INSTANCE_004,0.25,p85,101,434.6925,0.0,448.1016000000001,67,67,0.6637566137566138,25,3,0,0,14600.661277770996,0,0
INSTANCE_004,0.25,p85,202,434.7085,0.0,448.1016000000001,67,67,0.7677248677248677,16,3,0,0,12173.868656158447,0,0
INSTANCE_004,0.25,p85,303,434.6925,0.0,448.1016000000001,67,67,0.6554232804232805,25,3,0,0,15616.068363189695,0,0
INSTANCE_004,0.25,p95,101,434.7086000000001,0.0,448.1016000000001,67,67,0.7502645502645503,15,3,0,0,15427.730321884155,0,0
INSTANCE_004,0.25,p95,202,434.69250000000005,0.0,448.1016000000001,67,67,0.7320105820105821,17,3,0,0,13618.051528930664,0,0
INSTANCE_004,0.25,p95,303,434.69250000000005,0.0,448.1016000000001,67,67,0.7578042328042328,15,3,0,0,16581.950187683105,0,0
INSTANCE_004,0.5,delay20,101,514.4317000000001,0.0,448.1016000000001,67,67,0.6959706959706958,17,3,0,0,4349.290370941162,0,0
INSTANCE_004,0.5,delay20,202,514.4317000000001,0.0,448.1016000000001,67,67,0.7087912087912088,17,3,0,0,3241.694450378418,0,0
INSTANCE_004,0.5,delay20,303,514.4318000000001,0.0,448.1016000000001,67,67,0.6849816849816849,17,3,0,0,3786.535024642944,0,0
INSTANCE_004,0.5,delay30,101,514.4317000000001,0.0,448.1016000000001,67,67,0.7087912087912088,17,3,0,0,3959.8426818847656,0,0
INSTANCE_004,0.5,delay30,202,514.4317000000001,0.0,448.1016000000001,67,67,0.7087912087912088,17,3,0,0,3451.854705810547,0,0
INSTANCE_004,0.5,delay30,303,514.4318000000001,0.0,448.1016000000001,67,67,0.683150183150183,18,3,0,0,4268.461227416993,0,0
INSTANCE_004,0.5,p85,101,447.68050000000005,4.961428333333174,448.1016000000001,66,67,0.7875457875457875,11,3,1,0,3824.2335319519048,0,0
INSTANCE_004,0.5,p85,202,447.68050000000005,4.961428333333174,448.1016000000001,66,67,0.8278388278388279,11,3,1,0,3688.532590866089,0,0
INSTANCE_004,0.5,p85,303,447.6965,4.961428333333174,448.1016000000001,66,67,0.8315018315018315,11,3,1,0,4027.275323867798,0,0
INSTANCE_004,0.5,p95,101,514.4317000000001,0.0,448.1016000000001,67,67,0.6703296703296703,16,3,0,0,4242.88821220398,0,0
INSTANCE_004,0.5,p95,202,514.4317000000001,0.0,448.1016000000001,67,67,0.7087912087912088,17,3,0,0,3264.789819717407,0,0
INSTANCE_004,0.5,p95,303,514.4477,0.0,448.1016000000001,67,67,0.7124542124542125,17,3,0,0,3993.796825408937,0,0
INSTANCE_004,0.75,delay20,101,524.508,0.0,448.1016000000001,67,67,0.6626984126984127,8,3,1,0,729.4707298278809,0,0
INSTANCE_004,0.75,delay20,202,524.508,0.0,448.1016000000001,67,67,0.7261904761904763,8,3,1,0,697.3385810852052,0,0
INSTANCE_004,0.75,delay20,303,524.508,0.0,448.1016000000001,67,67,0.6626984126984127,8,3,1,0,784.7342491149902,0,0
INSTANCE_004,0.75,delay30,101,524.508,7.37833333333333,448.1016000000001,66,67,0.6706349206349206,7,3,1,0,766.1678791046143,0,0
INSTANCE_004,0.75,delay30,202,524.508,7.37833333333333,448.1016000000001,66,67,0.7261904761904763,8,3,1,0,759.6359252929688,0,0
INSTANCE_004,0.75,delay30,303,524.508,7.37833333333333,448.1016000000001,66,67,0.7261904761904763,8,3,1,0,771.1029052734375,0,0
INSTANCE_004,0.75,p85,101,447.70540000000005,2.604999833333295,448.1016000000001,66,67,0.8373015873015873,3,3,2,0,757.8041553497314,0,0
INSTANCE_004,0.75,p85,202,447.70540000000005,2.604999833333295,448.1016000000001,66,67,0.8928571428571429,4,3,2,0,689.3560886383057,0,0
INSTANCE_004,0.75,p85,303,447.70540000000005,2.604999833333295,448.1016000000001,66,67,0.8373015873015873,3,3,2,0,799.5047569274902,0,0
INSTANCE_004,0.75,p95,101,447.70540000000005,9.751255833333287,448.1016000000001,66,67,0.8373015873015873,3,3,2,0,801.0494709014893,0,0
INSTANCE_004,0.75,p95,202,447.70540000000005,9.751255833333287,448.1016000000001,66,67,0.8928571428571429,4,3,2,0,729.5529842376709,0,0
INSTANCE_004,0.75,p95,303,447.70540000000005,9.751255833333287,448.1016000000001,66,67,0.8293650793650794,4,3,2,0,926.171064376831,0,0
INSTANCE_005,0.25,delay20,101,322.0698,2.7299999999999045,320.8457,72,73,0.8124591503267974,16,3,1,0,13483.000993728638,0,0
INSTANCE_005,0.25,delay20,202,341.4338,0.0,320.8457,73,73,0.8194736227824464,24,3,1,0,12367.9096698761,0,0
INSTANCE_005,0.25,delay20,303,318.8622,3.189999999999827,320.8457,72,73,0.8390464519140991,13,3,1,0,3399.0039825439453,0,0
INSTANCE_005,0.25,delay30,101,346.11210000000005,0.0,320.8457,73,73,0.7537873482726424,29,3,1,0,13822.00813293457,0,0
INSTANCE_005,0.25,delay30,202,348.9484,0.0,320.8457,73,73,0.8267390289449112,22,3,1,0,11881.528854370115,0,0
INSTANCE_005,0.25,delay30,303,348.9484,0.0,320.8457,73,73,0.8267390289449112,22,3,1,0,3378.8092136383057,0,0
INSTANCE_005,0.25,p85,101,341.4337,0.0,320.8457,73,73,0.7545226423902894,28,3,1,0,12768.399477005005,0,0
INSTANCE_005,0.25,p85,202,322.0039,0.0,320.8457,73,73,0.8755543884220355,9,3,1,0,11782.716989517212,0,0
INSTANCE_005,0.25,p85,303,320.5983,0.0,320.8457,73,73,0.8565067693744165,13,3,1,0,3374.1827011108408,0,0
INSTANCE_005,0.25,p95,101,342.8834,6.983960000000025,320.8457,72,73,0.8437733426704015,25,3,1,0,13167.970895767212,0,0
INSTANCE_005,0.25,p95,202,342.88339999999994,6.983960000000025,320.8457,72,73,0.8199988328664799,23,3,1,0,12143.800735473633,0,0
INSTANCE_005,0.25,p95,303,342.88339999999994,6.983960000000025,320.8457,72,73,0.8199988328664799,23,3,1,0,3411.4346504211426,0,0
INSTANCE_005,0.5,delay20,101,322.2321999999999,5.576666666666597,320.8457,72,73,0.9194971694971696,4,3,1,0,3669.812440872192,0,0
INSTANCE_005,0.5,delay20,202,322.2321999999999,5.576666666666597,320.8457,72,73,0.9194971694971696,4,3,1,0,3245.858669281006,0,0
INSTANCE_005,0.5,delay20,303,322.2321999999999,5.576666666666597,320.8457,72,73,0.9194971694971696,4,3,1,0,931.3180446624756,0,0
INSTANCE_005,0.5,delay30,101,326.99859999999995,19.71833333333313,320.8457,71,73,0.8634365634365634,7,3,1,0,4028.4225940704346,0,0
INSTANCE_005,0.5,delay30,202,326.99859999999995,19.71833333333313,320.8457,71,73,0.8634365634365634,7,3,1,0,3126.1465549468994,0,0
INSTANCE_005,0.5,delay30,303,326.99859999999995,19.71833333333313,320.8457,71,73,0.8634365634365634,7,3,1,0,973.6783504486084,0,0
INSTANCE_005,0.5,p85,101,320.84559999999993,0.0,320.8457,73,73,0.9469696969696968,2,3,2,0,3612.957954406738,0,0
INSTANCE_005,0.5,p85,202,320.84559999999993,0.0,320.8457,73,73,0.9469696969696968,2,3,2,0,3311.2926483154297,0,0
INSTANCE_005,0.5,p85,303,320.84559999999993,0.0,320.8457,73,73,0.9469696969696968,2,3,2,0,901.7698764801024,0,0
INSTANCE_005,0.5,p95,101,320.84559999999993,0.0,320.8457,73,73,0.9469696969696968,2,3,2,0,3782.003402709961,0,0
INSTANCE_005,0.5,p95,202,320.84559999999993,0.0,320.8457,73,73,0.9469696969696968,2,3,2,0,3368.4513568878174,0,0
INSTANCE_005,0.5,p95,303,320.84559999999993,0.0,320.8457,73,73,0.9469696969696968,2,3,2,0,902.6715755462646,0,0
INSTANCE_005,0.75,delay20,101,320.84559999999993,0.0,320.8457,73,73,0.888888888888889,2,3,2,0,852.8013229370117,0,0
INSTANCE_005,0.75,delay20,202,320.84559999999993,0.0,320.8457,73,73,0.888888888888889,2,3,2,0,868.5488700866699,0,0
INSTANCE_005,0.75,delay20,303,320.84559999999993,0.0,320.8457,73,73,0.888888888888889,2,3,2,0,232.52058029174805,0,0
INSTANCE_005,0.75,delay30,101,320.84559999999993,3.009999999999877,320.8457,72,73,0.888888888888889,2,3,2,0,880.4416656494141,0,0
INSTANCE_005,0.75,delay30,202,320.84559999999993,3.009999999999877,320.8457,72,73,0.888888888888889,2,3,2,0,873.7456798553467,0,0
INSTANCE_005,0.75,delay30,303,320.84559999999993,3.009999999999877,320.8457,72,73,0.888888888888889,2,3,2,0,240.46635627746585,0,0
INSTANCE_005,0.75,p85,101,320.84559999999993,0.0,320.8457,73,73,0.888888888888889,2,3,2,0,903.0642509460448,0,0
INSTANCE_005,0.75,p85,202,320.84559999999993,0.0,320.8457,73,73,0.888888888888889,2,3,2,0,761.7154121398926,0,0
INSTANCE_005,0.75,p85,303,320.84559999999993,0.0,320.8457,73,73,0.888888888888889,2,3,2,0,275.9566307067871,0,0
INSTANCE_005,0.75,p95,101,320.84559999999993,0.0,320.8457,73,73,0.888888888888889,2,3,2,0,837.5189304351807,0,0
INSTANCE_005,0.75,p95,202,320.84559999999993,0.0,320.8457,73,73,0.888888888888889,2,3,2,0,808.9487552642822,0,0
INSTANCE_005,0.75,p95,303,320.84559999999993,0.0,320.8457,73,73,0.888888888888889,2,3,2,0,253.28636169433597,0,0
INSTANCE_006,0.25,delay20,101,324.1457,0.953333333333262,306.0307,66,67,0.7777777777777777,24,3,0,0,10807.97243118286,0,0
INSTANCE_006,0.25,delay20,202,335.932,0.0,306.0307,67,67,0.7623015873015873,26,3,0,0,10763.572216033936,0,0
INSTANCE_006,0.25,delay20,303,327.5152,0.0,306.0307,67,67,0.7297619047619048,29,3,0,0,2749.88341331482,0,0
INSTANCE_006,0.25,delay30,101,327.5487,0.0,306.0307,67,67,0.6031746031746033,39,3,0,0,10529.536962509155,0,0
INSTANCE_006,0.25,delay30,202,336.6838,0.0,306.0307,67,67,0.7553571428571427,35,3,0,0,9975.948810577393,0,0
INSTANCE_006,0.25,delay30,303,336.621,0.0,306.0307,67,67,0.6583333333333333,34,3,0,0,2782.7956676483154,0,0
INSTANCE_006,0.25,p85,101,314.91009999999994,0.0,306.0307,67,67,0.798611111111111,18,3,0,0,11271.496534347534,0,0
INSTANCE_006,0.25,p85,202,315.0636,0.0,306.0307,67,67,0.7412698412698413,25,3,0,0,10113.3131980896,0,0
INSTANCE_006,0.25,p85,303,305.57499999999993,2.3795974999997043,306.0307,66,67,0.8551587301587302,11,3,1,0,2796.421527862549,0,0
INSTANCE_006,0.25,p95,101,314.4653,0.0,306.0307,67,67,0.7218253968253968,23,3,0,0,10706.216812133787,0,0
INSTANCE_006,0.25,p95,202,319.7984,0.0,306.0307,67,67,0.6769841269841269,29,3,0,0,10428.889274597168,0,0
INSTANCE_006,0.25,p95,303,324.14559999999994,0.0,306.0307,67,67,0.7749999999999999,24,3,0,0,3050.213575363159,0,0
INSTANCE_006,0.5,delay20,101,315.6402,0.953333333333262,306.0307,66,67,0.7852480852480852,12,3,1,0,3376.7626285552974,0,0
INSTANCE_006,0.5,delay20,202,315.6402,0.953333333333262,306.0307,66,67,0.7852480852480852,12,3,1,0,3003.15523147583,0,0
INSTANCE_006,0.5,delay20,303,315.6402,0.953333333333262,306.0307,66,67,0.7852480852480852,12,3,1,0,787.1549129486084,0,0
INSTANCE_006,0.5,delay30,101,328.2994,0.0,306.0307,67,67,0.755944055944056,13,3,1,0,3959.157943725586,0,0
INSTANCE_006,0.5,delay30,202,328.2994,0.0,306.0307,67,67,0.755944055944056,13,3,1,0,2993.5617446899414,0,0
INSTANCE_006,0.5,delay30,303,328.2994,0.0,306.0307,67,67,0.8273726273726275,9,3,1,0,803.3478260040283,0,0
INSTANCE_006,0.5,p85,101,314.7674,0.0,306.0307,67,67,0.8255411255411257,10,3,1,0,3316.584348678589,0,0
INSTANCE_006,0.5,p85,202,314.7674,0.0,306.0307,67,67,0.8255411255411257,10,3,1,0,3073.129892349243,0,0
INSTANCE_006,0.5,p85,303,314.7674,0.0,306.0307,67,67,0.8255411255411257,10,3,1,0,945.5866813659668,0,0
INSTANCE_006,0.5,p95,101,315.6402,0.0,306.0307,67,67,0.7852480852480852,12,3,1,0,3597.240686416626,0,0
INSTANCE_006,0.5,p95,202,315.6402,0.0,306.0307,67,67,0.7852480852480852,12,3,1,0,2994.03977394104,0,0
INSTANCE_006,0.5,p95,303,315.7486,0.0,306.0307,67,67,0.786979686979687,10,3,1,0,834.0604305267334,0,0
INSTANCE_006,0.75,delay20,101,363.3396,2.894999999999868,306.0307,66,67,0.7182539682539683,9,3,1,0,722.200870513916,0,0
INSTANCE_006,0.75,delay20,202,363.3396,2.894999999999868,306.0307,66,67,0.7182539682539683,9,3,1,0,625.2014636993408,0,0
INSTANCE_006,0.75,delay20,303,363.3396,2.894999999999868,306.0307,66,67,0.7182539682539683,9,3,1,0,176.85818672180176,0,0
INSTANCE_006,0.75,delay30,101,363.3396,13.4166666666664,306.0307,65,67,0.7182539682539683,9,3,1,0,744.3339824676514,0,0
INSTANCE_006,0.75,delay30,202,363.3396,13.4166666666664,306.0307,65,67,0.7182539682539683,9,3,1,0,594.5539474487305,0,0
INSTANCE_006,0.75,delay30,303,363.3396,13.4166666666664,306.0307,65,67,0.7182539682539683,9,3,1,0,198.23288917541504,0,0
INSTANCE_006,0.75,p85,101,306.0307,0.0,306.0307,67,67,0.8293650793650794,4,3,2,0,737.9374504089355,0,0
INSTANCE_006,0.75,p85,202,306.0307,0.0,306.0307,67,67,0.8293650793650794,4,3,2,0,641.2653923034668,0,0
INSTANCE_006,0.75,p85,303,306.0307,0.0,306.0307,67,67,0.8293650793650794,4,3,2,0,184.4797134399414,0,0
INSTANCE_006,0.75,p95,101,306.0307,0.6873483333331478,306.0307,66,67,0.8293650793650794,4,3,2,0,787.1508598327637,0,0
INSTANCE_006,0.75,p95,202,306.0307,0.6873483333331478,306.0307,66,67,0.8293650793650794,4,3,2,0,632.913112640381,0,0
INSTANCE_006,0.75,p95,303,306.0307,0.6873483333331478,306.0307,66,67,0.8293650793650794,4,3,2,0,188.22312355041504,0,0
INSTANCE_007,0.25,delay20,101,275.1089,2.1249999999998863,266.618,61,62,0.7627111450640863,25,3,1,0,11241.198778152466,0,0
INSTANCE_007,0.25,delay20,202,275.1381,1.1799999999998363,266.618,61,62,0.857751181280593,27,3,1,0,9964.194297790527,0,0
INSTANCE_007,0.25,delay20,303,270.1635,1.879999999999881,266.618,61,62,0.8629997453526865,14,3,1,0,2948.5886096954346,0,0
INSTANCE_007,0.25,delay30,101,275.0784,14.82333333333304,266.618,60,62,0.8002291825821238,26,3,1,0,10741.538524627686,0,0
INSTANCE_007,0.25,delay30,202,278.1286,8.949999999999818,266.618,61,62,0.7856011091305208,26,3,1,0,9606.529474258425,0,0
INSTANCE_007,0.25,delay30,303,275.1381,11.584999999999695,266.618,60,62,0.8882522706052117,25,3,1,0,3287.0693206787105,0,0
INSTANCE_007,0.25,p85,101,269.6347,0.0,266.618,62,62,0.9054834054834054,9,3,2,0,12406.012773513794,0,0
INSTANCE_007,0.25,p85,202,274.5721,0.0,266.618,62,62,0.8643578643578644,22,3,2,0,10291.309356689451,0,0
INSTANCE_007,0.25,p85,303,274.5623,0.0,266.618,62,62,0.9227994227994228,22,3,2,0,3127.7108192443848,0,0
INSTANCE_007,0.25,p95,101,274.6093,13.89260416666582,266.618,60,62,0.9307359307359307,20,3,2,0,12659.383058547974,0,0
INSTANCE_007,0.25,p95,202,277.5998000000001,9.856528333333015,266.618,61,62,0.8585858585858586,19,3,2,0,9872.273445129396,0,0
INSTANCE_007,0.25,p95,303,274.6093,13.89260416666582,266.618,60,62,0.9307359307359307,20,3,2,0,3174.196243286133,0,0
INSTANCE_007,0.5,delay20,101,269.6347,1.879999999999881,266.618,61,62,0.8476190476190476,9,3,2,0,3770.52903175354,0,0
INSTANCE_007,0.5,delay20,202,269.6347,1.879999999999881,266.618,61,62,0.8476190476190476,9,3,2,0,3415.921926498413,0,0
INSTANCE_007,0.5,delay20,303,270.8249,3.056666666666729,266.618,61,62,0.8611111111111112,8,3,2,0,1014.3194198608398,0,0
INSTANCE_007,0.5,delay30,101,269.6347,13.181666666666388,266.618,60,62,0.8476190476190476,9,3,2,0,3970.9255695343018,0,0
INSTANCE_007,0.5,delay30,202,269.6347,13.181666666666388,266.618,60,62,0.8476190476190476,9,3,2,0,3385.8346939086914,0,0
INSTANCE_007,0.5,delay30,303,269.6347,13.181666666666388,266.618,60,62,0.8476190476190476,9,3,2,0,1024.8136520385742,0,0
INSTANCE_007,0.5,p85,101,266.6053,0.0,266.618,62,62,0.8492063492063492,8,3,2,0,3682.882785797119,0,0
INSTANCE_007,0.5,p85,202,266.618,0.0,266.618,62,62,1.0,0,3,3,0,3375.683069229126,1,0
INSTANCE_007,0.5,p85,303,266.6053,0.0,266.618,62,62,0.8492063492063492,8,3,2,0,1008.9507102966307,0,0
INSTANCE_007,0.5,p95,101,266.6442,0.9148316666664869,266.618,61,62,0.961904761904762,10,3,2,0,4134.261846542358,0,0
INSTANCE_007,0.5,p95,202,268.82460000000003,0.0,266.618,62,62,0.8595238095238096,9,3,2,0,3427.026510238648,0,0
INSTANCE_007,0.5,p95,303,268.82460000000003,0.0,266.618,62,62,0.8595238095238096,9,3,2,0,1064.6719932556152,0,0
INSTANCE_007,0.75,delay20,101,266.618,5.516666666666652,266.618,61,62,1.0,0,3,3,0,789.6575927734375,1,0
INSTANCE_007,0.75,delay20,202,266.618,5.516666666666652,266.618,61,62,1.0,0,3,3,0,699.6915340423584,1,0
INSTANCE_007,0.75,delay20,303,266.618,5.516666666666652,266.618,61,62,1.0,0,3,3,0,169.44193840026855,1,0
INSTANCE_007,0.75,delay30,101,266.618,19.56666666666661,266.618,60,62,1.0,0,3,3,0,708.6465358734131,1,0
INSTANCE_007,0.75,delay30,202,266.618,19.56666666666661,266.618,60,62,1.0,0,3,3,0,699.6586322784424,1,0
INSTANCE_007,0.75,delay30,303,266.618,19.56666666666661,266.618,60,62,1.0,0,3,3,0,169.77977752685547,1,0
INSTANCE_007,0.75,p85,101,266.618,0.0,266.618,62,62,1.0,0,3,3,0,710.4794979095459,1,0
INSTANCE_007,0.75,p85,202,266.618,0.0,266.618,62,62,1.0,0,3,3,0,667.5598621368408,1,0
INSTANCE_007,0.75,p85,303,266.618,0.0,266.618,62,62,1.0,0,3,3,0,182.96265602111816,1,0
INSTANCE_007,0.75,p95,101,266.618,0.0,266.618,62,62,1.0,0,3,3,0,736.8860244750977,1,0
INSTANCE_007,0.75,p95,202,266.618,0.0,266.618,62,62,1.0,0,3,3,0,685.2507591247559,1,0
INSTANCE_007,0.75,p95,303,266.618,0.0,266.618,62,62,1.0,0,3,3,0,169.19493675231934,1,0
INSTANCE_009,0.25,delay20,101,400.4845,2.916666666666856,397.7844,73,74,0.9678362573099416,15,3,2,0,13144.181728363035,0,0
INSTANCE_009,0.25,delay20,202,400.4845,2.916666666666856,397.7844,73,74,0.9298245614035088,15,3,2,0,12023.627042770386,0,0
INSTANCE_009,0.25,delay20,303,419.4197,0.0,397.7844,74,74,0.8767056530214425,19,3,2,0,3198.391914367676,0,0
INSTANCE_009,0.25,delay30,101,432.4151,0.0,397.7844,74,74,0.6927875243664717,33,3,1,0,13294.350385665894,0,0
INSTANCE_009,0.25,delay30,202,431.8328,0.0116666666668834,397.7844,73,74,0.6303061575507396,44,3,0,0,12115.71478843689,0,0
INSTANCE_009,0.25,delay30,303,429.691,0.0,397.7844,74,74,0.7192007797270955,35,3,1,0,3052.4587631225586,0,0
INSTANCE_009,0.25,p85,101,400.4845,0.0,397.7844,74,74,0.9678362573099416,15,3,2,0,13162.235975265505,0,0
INSTANCE_009,0.25,p85,202,399.71,0.0,397.7844,74,74,0.8895195505102625,22,3,1,0,11540.154933929443,0,0
INSTANCE_009,0.25,p85,303,400.4845,0.0,397.7844,74,74,0.9298245614035088,15,3,2,0,3181.474447250366,0,0
INSTANCE_009,0.25,p95,101,419.4197,14.788640833333488,397.7844,73,74,0.9044834307992202,19,3,2,0,13440.36054611206,0,0
INSTANCE_009,0.25,p95,202,421.7786,14.788640833333488,397.7844,73,74,0.8089668615984404,18,3,2,0,11162.97698020935,0,0
INSTANCE_009,0.25,p95,303,419.4197,14.788640833333488,397.7844,73,74,0.8767056530214425,19,3,2,0,3312.446594238281,0,0
INSTANCE_009,0.5,delay20,101,397.0099,7.796666666666852,397.7844,73,74,0.8939393939393939,9,3,2,0,4064.910888671875,0,0
INSTANCE_009,0.5,delay20,202,397.0923,7.796666666666852,397.7844,73,74,0.8838383838383838,6,3,2,0,3680.051326751709,0,0
INSTANCE_009,0.5,delay20,303,397.3128,7.796666666666852,397.7844,73,74,0.8535353535353535,10,3,2,0,1033.9183807373047,0,0
INSTANCE_009,0.5,delay30,101,397.0099,22.918333333333635,397.7844,71,74,0.8939393939393939,9,3,2,0,4196.678876876831,0,0
INSTANCE_009,0.5,delay30,202,397.0923,22.918333333333635,397.7844,71,74,0.8838383838383838,6,3,2,0,3990.986108779907,0,0
INSTANCE_009,0.5,delay30,303,397.3128,22.918333333333635,397.7844,71,74,0.8535353535353535,10,3,2,0,1039.3037796020508,0,0
INSTANCE_009,0.5,p85,101,397.0099,0.0,397.7844,74,74,0.8939393939393939,9,3,2,0,3967.4766063690186,0,0
INSTANCE_009,0.5,p85,202,397.0099,0.0,397.7844,74,74,0.9292929292929294,7,3,2,0,3551.8455505371094,0,0
INSTANCE_009,0.5,p85,303,397.0099,0.0,397.7844,74,74,0.9090909090909092,10,3,2,0,1038.2325649261477,0,0
INSTANCE_009,0.5,p95,101,397.1247,0.0,397.7844,74,74,0.835858585858586,8,3,2,0,4062.4825954437256,0,0
INSTANCE_009,0.5,p95,202,397.0533,0.0,397.7844,74,74,0.8636363636363636,10,3,2,0,3517.185926437378,0,0
INSTANCE_009,0.5,p95,303,397.7844,0.0,397.7844,74,74,1.0,0,3,3,0,990.5734062194824,1,0
INSTANCE_009,0.75,delay20,101,397.7844,7.796666666666852,397.7844,73,74,1.0,0,3,3,0,900.4635810852051,1,0
INSTANCE_009,0.75,delay20,202,397.7844,7.796666666666852,397.7844,73,74,1.0,0,3,3,0,851.2780666351318,1,0
INSTANCE_009,0.75,delay20,303,397.7844,7.796666666666852,397.7844,73,74,1.0,0,3,3,0,244.83418464660645,1,0
INSTANCE_009,0.75,delay30,101,397.7844,22.918333333333635,397.7844,71,74,1.0,0,3,3,0,900.1309871673584,1,0
INSTANCE_009,0.75,delay30,202,397.7844,22.918333333333635,397.7844,71,74,1.0,0,3,3,0,909.8644256591796,1,0
INSTANCE_009,0.75,delay30,303,397.7844,22.918333333333635,397.7844,71,74,1.0,0,3,3,0,276.5986919403076,1,0
INSTANCE_009,0.75,p85,101,397.7844,0.0,397.7844,74,74,1.0,0,3,3,0,951.2958526611328,1,0
INSTANCE_009,0.75,p85,202,397.7844,0.0,397.7844,74,74,1.0,0,3,3,0,828.2496929168701,1,0
INSTANCE_009,0.75,p85,303,397.7844,0.0,397.7844,74,74,1.0,0,3,3,0,267.6224708557129,1,0
INSTANCE_009,0.75,p95,101,397.7844,0.0,397.7844,74,74,1.0,0,3,3,0,893.6951160430908,1,0
INSTANCE_009,0.75,p95,202,397.7844,0.0,397.7844,74,74,1.0,0,3,3,0,861.0448837280273,1,0
INSTANCE_009,0.75,p95,303,397.7844,0.0,397.7844,74,74,1.0,0,3,3,0,264.38426971435547,1,0
INSTANCE_010,0.25,delay20,101,384.9789,8.496666666666442,370.9014,87,88,0.8993977037455299,15,3,1,0,23775.212049484253,0,0
INSTANCE_010,0.25,delay20,202,384.9789,8.496666666666442,370.9014,87,88,0.8387916431394693,21,3,1,0,24568.93563270569,0,0
INSTANCE_010,0.25,delay20,303,384.9789,8.496666666666442,370.9014,87,88,0.8633226676704937,19,3,1,0,6409.3427658081055,0,0
INSTANCE_010,0.25,delay30,101,399.6887,23.408333333333083,370.9014,84,88,0.8077028044419349,34,3,0,0,26265.145301818848,0,0
INSTANCE_010,0.25,delay30,202,398.6726,25.16333333333273,370.9014,84,88,0.7515198569546396,33,3,0,0,24761.557817459103,0,0
INSTANCE_010,0.25,delay30,303,399.4599,23.453333333333035,370.9014,84,88,0.6795580023840894,34,3,0,0,6662.358283996582,0,0
INSTANCE_010,0.25,p85,101,384.6616,0.0,370.9014,88,88,0.92967720685112,18,3,1,0,26208.61387252808,0,0
INSTANCE_010,0.25,p85,202,384.6616,0.0,370.9014,88,88,0.8929120396511699,17,3,1,0,25836.50302886963,0,0
INSTANCE_010,0.25,p85,303,384.6616,0.0,370.9014,88,88,0.8929120396511699,17,3,1,0,6583.138227462769,0,0
INSTANCE_010,0.25,p95,101,386.1484,2.7871774999999843,370.9014,87,88,0.9127689942907334,16,3,1,0,26548.91324043274,0,0
INSTANCE_010,0.25,p95,202,386.1485,2.7871774999999843,370.9014,87,88,0.8420619235836627,23,3,1,0,26731.69183731079,0,0
INSTANCE_010,0.25,p95,303,386.1484,2.7871774999999843,370.9014,87,88,0.8687574502791894,15,3,1,0,7007.14635848999,0,0
INSTANCE_010,0.5,delay20,101,384.9789,0.0,370.9014,88,88,0.792063492063492,19,3,1,0,7719.503402709961,0,0
INSTANCE_010,0.5,delay20,202,380.9643,7.265000000000214,370.9014,87,88,0.7634920634920634,26,3,1,0,7551.255941390991,0,0
INSTANCE_010,0.5,delay20,303,391.5971,2.8966666666668743,370.9014,87,88,0.7214285714285715,27,3,1,0,2060.7266426086426,0,0
INSTANCE_010,0.5,delay30,101,386.4659,12.17666666666662,370.9014,84,88,0.7325396825396826,20,3,1,0,7714.788913726807,0,0
INSTANCE_010,0.5,delay30,202,386.6992,13.108333333333237,370.9014,84,88,0.7595238095238095,24,3,1,0,8211.560249328613,0,0
INSTANCE_010,0.5,delay30,303,386.6994,12.065000000000056,370.9014,84,88,0.7380952380952381,23,3,1,0,2364.314317703247,0,0
INSTANCE_010,0.5,p85,101,370.9014,0.0,370.9014,88,88,0.8829365079365079,7,3,1,0,7348.191022872925,0,0
INSTANCE_010,0.5,p85,202,370.9014,0.0,370.9014,88,88,0.8829365079365079,7,3,1,0,7770.257472991943,0,0
INSTANCE_010,0.5,p85,303,370.9014,0.0,370.9014,88,88,0.8662698412698413,9,3,1,0,2042.182207107544,0,0
INSTANCE_010,0.5,p95,101,380.5992,5.258270833333427,370.9014,86,88,0.9291666666666668,11,3,2,0,8084.923267364502,0,0
INSTANCE_010,0.5,p95,202,384.6616,0.0021466666667038,370.9014,87,88,0.793452380952381,24,3,1,0,8314.045429229736,0,0
INSTANCE_010,0.5,p95,303,392.53780000000006,0.0,370.9014,88,88,0.7103174603174603,25,3,1,0,2008.035659790039,0,0
INSTANCE_010,0.75,delay20,101,374.9638,3.034999999999627,370.9014,87,88,0.7619047619047619,6,3,2,0,1047.5668907165527,0,0
INSTANCE_010,0.75,delay20,202,374.9638,3.034999999999627,370.9014,87,88,0.7619047619047619,6,3,2,0,1236.3483905792236,0,0
INSTANCE_010,0.75,delay20,303,374.9638,3.034999999999627,370.9014,87,88,0.7619047619047619,6,3,2,0,289.670467376709,0,0
INSTANCE_010,0.75,delay30,101,405.14150000000006,4.919999999999732,370.9014,86,88,0.7380952380952381,11,3,1,0,1068.145751953125,0,0
INSTANCE_010,0.75,delay30,202,405.14150000000006,4.919999999999732,370.9014,86,88,0.7380952380952381,11,3,1,0,1225.8734703063965,0,0
INSTANCE_010,0.75,delay30,303,405.14150000000006,4.919999999999732,370.9014,86,88,0.7380952380952381,11,3,1,0,312.44373321533203,0,0
INSTANCE_010,0.75,p85,101,370.9015,0.0,370.9014,88,88,0.8214285714285715,4,3,2,0,1060.0345134735107,0,0
INSTANCE_010,0.75,p85,202,370.9015,0.0,370.9014,88,88,0.7797619047619048,6,3,2,0,1134.0320110321045,0,0
INSTANCE_010,0.75,p85,303,370.9015,0.0,370.9014,88,88,0.7797619047619048,6,3,2,0,308.40253829956055,0,0
INSTANCE_010,0.75,p95,101,374.9638,0.0,370.9014,88,88,0.7619047619047619,6,3,2,0,1063.8666152954102,0,0
INSTANCE_010,0.75,p95,202,374.9638,0.0,370.9014,88,88,0.7619047619047619,6,3,2,0,1154.552698135376,0,0
INSTANCE_010,0.75,p95,303,374.9638,0.0,370.9014,88,88,0.7619047619047619,6,3,2,0,300.72736740112305,0,0
INSTANCE_011,0.25,delay20,101,513.784,31.691666666666837,499.489,74,78,0.7306547619047619,29,4,1,0,2767.580986022949,0,0
INSTANCE_011,0.25,delay20,202,513.6925000000001,31.796666666666734,499.489,74,78,0.8089285714285714,20,4,1,0,3051.663875579834,0,0
INSTANCE_011,0.25,delay20,303,513.715,31.691666666666837,499.489,74,78,0.8089285714285714,20,4,1,0,2653.4125804901123,0,0
INSTANCE_011,0.25,delay30,101,528.9438,83.62166666666667,499.489,71,78,0.7589556277056277,23,4,0,0,2741.528987884521,0,0
INSTANCE_011,0.25,delay30,202,528.9438,83.62166666666667,499.489,71,78,0.7598484848484849,24,4,0,0,2693.006753921509,0,0
INSTANCE_011,0.25,delay30,303,529.0032,83.6216666666669,499.489,71,78,0.7333603896103896,27,4,0,0,2661.643743515014,0,0
INSTANCE_011,0.25,p85,101,508.4081000000001,6.720708666666724,499.489,77,78,0.8893668831168832,14,4,2,0,2871.150493621826,0,0
INSTANCE_011,0.25,p85,202,500.5467,6.720708666666724,499.489,77,78,0.888176406926407,14,4,2,0,2984.883069992065,0,0
INSTANCE_011,0.25,p85,303,500.5467,6.720708666666724,499.489,77,78,0.895021645021645,12,4,2,0,2714.1833305358887,0,0
INSTANCE_011,0.25,p95,101,500.5692,33.08059750000041,499.489,75,78,0.881926406926407,14,4,2,0,3197.662591934204,0,0
INSTANCE_011,0.25,p95,202,500.5467,33.21641500000044,499.489,75,78,0.888176406926407,14,4,2,0,3244.574069976806,0,0
INSTANCE_011,0.25,p95,303,500.5692,33.08059750000041,499.489,75,78,0.895021645021645,12,4,2,0,2952.8334140777583,0,0
INSTANCE_011,0.5,delay20,101,502.6002,31.691666666666837,499.489,74,78,0.8179945054945055,13,4,2,0,850.1334190368652,0,0
INSTANCE_011,0.5,delay20,202,502.5777000000001,31.796666666666734,499.489,74,78,0.8193681318681318,12,4,2,0,888.8180255889893,0,0
INSTANCE_011,0.5,delay20,303,502.5777000000001,31.796666666666734,499.489,74,78,0.8179945054945055,13,4,2,0,731.1458587646484,0,0
INSTANCE_011,0.5,delay30,101,517.829,78.76666666666654,499.489,72,78,0.751717032967033,14,4,1,0,780.980110168457,0,0
INSTANCE_011,0.5,delay30,202,517.829,78.76666666666654,499.489,72,78,0.751717032967033,14,4,1,0,855.3948402404785,0,0
INSTANCE_011,0.5,delay30,303,517.829,78.76666666666654,499.489,72,78,0.751717032967033,14,4,1,0,808.2091808319092,0,0
INSTANCE_011,0.5,p85,101,500.5468000000001,0.158617833333551,499.489,77,78,0.8626373626373627,10,4,3,0,764.2571926116943,0,0
INSTANCE_011,0.5,p85,202,500.5468000000001,0.158617833333551,499.489,77,78,0.8626373626373627,10,4,3,0,854.4251918792725,0,0
INSTANCE_011,0.5,p85,303,500.5468000000001,0.158617833333551,499.489,77,78,0.8626373626373627,10,4,3,0,796.6890335083008,0,0
INSTANCE_011,0.5,p95,101,500.5693,9.517130000000291,499.489,76,78,0.8722527472527473,10,4,3,0,888.8053894042969,0,0
INSTANCE_011,0.5,p95,202,500.5693,9.517130000000291,499.489,76,78,0.8626373626373627,10,4,3,0,896.6801166534424,0,0
INSTANCE_011,0.5,p95,303,500.5693,9.517130000000291,499.489,76,78,0.8626373626373627,10,4,3,0,776.7646312713623,0,0
INSTANCE_011,0.75,delay20,101,512.4476999999999,35.08500000000015,499.489,75,78,0.8660714285714286,6,4,3,0,195.462703704834,0,0
INSTANCE_011,0.75,delay20,202,512.4476999999999,35.085000000000264,499.489,75,78,0.8928571428571428,4,4,3,0,232.17320442199707,0,0
INSTANCE_011,0.75,delay20,303,512.4476999999999,35.08500000000015,499.489,75,78,0.8660714285714286,6,4,3,0,189.2111301422119,0,0
INSTANCE_011,0.75,delay30,101,527.654,66.39000000000044,499.489,74,78,0.7738095238095238,6,4,2,0,205.5966854095459,0,0
INSTANCE_011,0.75,delay30,202,527.654,66.39000000000021,499.489,74,78,0.7470238095238095,8,4,2,0,231.379508972168,0,0
INSTANCE_011,0.75,delay30,303,527.654,66.39000000000044,499.489,74,78,0.7738095238095238,6,4,2,0,183.69197845458984,0,0
INSTANCE_011,0.75,p85,101,499.489,1.4741463333332376,499.489,77,78,1.0,0,4,4,0,185.32490730285645,1,0
INSTANCE_011,0.75,p85,202,499.489,1.4741463333332376,499.489,77,78,1.0,0,4,4,0,210.5717658996582,1,0
INSTANCE_011,0.75,p85,303,499.489,1.4741463333332376,499.489,77,78,1.0,0,4,4,0,202.2085189819336,1,0
INSTANCE_011,0.75,p95,101,499.489,7.787640833333398,499.489,76,78,1.0,0,4,4,0,190.64021110534668,1,0
INSTANCE_011,0.75,p95,202,499.489,7.787640833333398,499.489,76,78,1.0,0,4,4,0,220.67666053771973,1,0
INSTANCE_011,0.75,p95,303,499.489,7.787640833333398,499.489,76,78,1.0,0,4,4,0,187.2243881225586,1,0
INSTANCE_012,0.25,delay20,101,339.90260000000006,0.0,332.59270000000004,84,84,0.8683257055682686,20,3,1,0,23119.892835617065,0,0
INSTANCE_012,0.25,delay20,202,344.95570000000004,0.0,332.59270000000004,84,84,0.7503390117806594,23,3,1,0,21515.16962051392,0,0
INSTANCE_012,0.25,delay20,303,343.0554,0.0,332.59270000000004,84,84,0.8328248156623443,19,3,1,0,6030.771255493164,0,0
INSTANCE_012,0.25,delay30,101,369.0107,0.0,332.59270000000004,84,84,0.6651722906299565,40,3,0,0,24171.700477600098,0,0
INSTANCE_012,0.25,delay30,202,368.6141,0.0,332.59270000000004,84,84,0.7659459639436755,38,3,0,0,22768.1725025177,0,0
INSTANCE_012,0.25,delay30,303,369.4666,0.0,332.59270000000004,84,84,0.7319364231835627,41,3,0,0,5842.831373214722,0,0
INSTANCE_012,0.25,p85,101,335.24140000000006,0.0,332.59270000000004,84,84,0.8580388168488855,17,3,1,0,23027.72617340088,0,0
INSTANCE_012,0.25,p85,202,332.47780000000006,0.0,332.59270000000004,84,84,0.9350368675311468,13,3,1,0,22003.50379943848,0,0
INSTANCE_012,0.25,p85,303,332.53650000000005,0.3199171666667553,332.59270000000004,83,84,0.9468599033816426,4,3,2,0,5520.215272903442,0,0
INSTANCE_012,0.25,p95,101,367.5581,0.0,332.59270000000004,84,84,0.7912522853026286,36,3,0,0,24588.993549346924,0,0
INSTANCE_012,0.25,p95,202,375.6005,0.0,332.59270000000004,84,84,0.8293941375177073,19,3,0,0,23025.144815444943,0,0
INSTANCE_012,0.25,p95,303,369.8724,0.0,332.59270000000004,84,84,0.7780308258569129,38,3,0,0,6068.305730819702,0,0
INSTANCE_012,0.5,delay20,101,346.2293,0.0,332.59270000000004,84,84,0.7814102564102564,17,3,1,0,6137.763261795044,0,0
INSTANCE_012,0.5,delay20,202,339.89050000000003,0.0,332.59270000000004,84,84,0.915491452991453,12,3,1,0,5746.344089508057,0,0
INSTANCE_012,0.5,delay20,303,339.94100000000003,0.0,332.59270000000004,84,84,0.8654914529914531,18,3,1,0,1540.553331375122,0,0
INSTANCE_012,0.5,delay30,101,367.8433,1.4166666666671972,332.59270000000004,83,84,0.7328907203907203,28,3,0,0,6134.402275085449,0,0
INSTANCE_012,0.5,delay30,202,385.4224,0.0,332.59270000000004,84,84,0.7481684981684982,24,3,0,0,6086.133718490601,0,0
INSTANCE_012,0.5,delay30,303,382.3527,0.0,332.59270000000004,84,84,0.7296550671550671,23,3,0,0,1650.087833404541,0,0
INSTANCE_012,0.5,p85,101,332.59270000000004,0.0,332.59270000000004,84,84,1.0,0,3,3,0,5868.8483238220215,1,0
INSTANCE_012,0.5,p85,202,332.53650000000005,0.0,332.59270000000004,84,84,0.9625,2,3,2,0,5880.819320678711,0,0
INSTANCE_012,0.5,p85,303,332.53650000000005,0.0,332.59270000000004,84,84,0.9277777777777776,4,3,2,0,1612.4374866485596,0,0
INSTANCE_012,0.5,p95,101,337.2352,0.0,332.59270000000004,84,84,0.8415598290598291,10,3,1,0,6272.982358932495,0,0
INSTANCE_012,0.5,p95,202,338.7074,0.0,332.59270000000004,84,84,0.9186965811965812,4,3,1,0,5924.372911453247,0,0
INSTANCE_012,0.5,p95,303,337.2556,0.0,332.59270000000004,84,84,0.8401709401709402,11,3,1,0,1564.1722679138184,0,0
INSTANCE_012,0.75,delay20,101,332.59270000000004,10.70166666666637,332.59270000000004,83,84,1.0,0,3,3,0,1047.4200248718262,1,0
INSTANCE_012,0.75,delay20,202,332.59270000000004,10.70166666666637,332.59270000000004,83,84,1.0,0,3,3,0,1090.3520584106443,1,0
INSTANCE_012,0.75,delay20,303,332.59270000000004,10.70166666666637,332.59270000000004,83,84,1.0,0,3,3,0,318.9771175384521,1,0
INSTANCE_012,0.75,delay30,101,371.0085,20.70166666666637,332.59270000000004,83,84,0.6884920634920636,12,3,1,0,1013.364553451538,0,0
INSTANCE_012,0.75,delay30,202,371.0085,20.70166666666637,332.59270000000004,83,84,0.7400793650793651,10,3,1,0,1057.7409267425537,0,0
INSTANCE_012,0.75,delay30,303,371.0085,20.70166666666637,332.59270000000004,83,84,0.6884920634920636,12,3,1,0,302.9460906982422,0,0
INSTANCE_012,0.75,p85,101,332.59270000000004,0.0,332.59270000000004,84,84,1.0,0,3,3,0,1008.4273815155028,1,0
INSTANCE_012,0.75,p85,202,332.59270000000004,0.0,332.59270000000004,84,84,1.0,0,3,3,0,1066.2379264831543,1,0
INSTANCE_012,0.75,p85,303,332.59270000000004,0.0,332.59270000000004,84,84,1.0,0,3,3,0,316.3020610809326,1,0
INSTANCE_012,0.75,p95,101,332.59270000000004,0.0,332.59270000000004,84,84,1.0,0,3,3,0,1091.7761325836182,1,0
INSTANCE_012,0.75,p95,202,332.59270000000004,0.0,332.59270000000004,84,84,1.0,0,3,3,0,1045.7563400268557,1,0
INSTANCE_012,0.75,p95,303,332.59270000000004,0.0,332.59270000000004,84,84,1.0,0,3,3,0,329.2064666748047,1,0
INSTANCE_013,0.25,delay20,101,362.7447,0.0,343.74519999999995,64,64,0.7501272852136024,20,3,0,0,13589.622974395752,0,0
INSTANCE_013,0.25,delay20,202,364.6846,0.0,343.74519999999995,64,64,0.8696125793312494,11,3,0,0,12187.463283538818,0,0
INSTANCE_013,0.25,delay20,303,362.86529999999993,0.0,343.74519999999995,64,64,0.6649823576773705,39,3,0,0,3506.736516952514,0,0
INSTANCE_013,0.25,delay30,101,363.6175,0.0,343.74519999999995,64,64,0.7547569148432319,19,3,0,0,13902.44460105896,0,0
INSTANCE_013,0.25,delay30,202,363.7381,0.0,343.74519999999995,64,64,0.669611987307,38,3,0,0,13248.149394989014,0,0
INSTANCE_013,0.25,delay30,303,363.6175,0.0,343.74519999999995,64,64,0.7547569148432319,19,3,0,0,3735.2356910705566,0,0
INSTANCE_013,0.25,p85,101,361.3798,0.0,343.74519999999995,64,64,0.842719877806195,11,3,1,0,14152.98867225647,0,0
INSTANCE_013,0.25,p85,202,360.9321,0.0,343.74519999999995,64,64,0.8151463483944302,16,3,1,0,12952.507257461548,0,0
INSTANCE_013,0.25,p85,303,358.1684,0.0,343.74519999999995,64,64,0.8010532111395282,17,3,1,0,3428.4472465515137,0,0
INSTANCE_013,0.25,p95,101,362.8959,0.0,343.74519999999995,64,64,0.6649823576773705,39,3,0,0,14372.732639312742,0,0
INSTANCE_013,0.25,p95,202,362.8959,0.0,343.74519999999995,64,64,0.6649823576773705,39,3,0,0,14247.98059463501,0,0
INSTANCE_013,0.25,p95,303,362.8959,0.0,343.74519999999995,64,64,0.6649823576773705,39,3,0,0,3912.7259254455566,0,0
INSTANCE_013,0.5,delay20,101,364.6847,0.0,343.74519999999995,64,64,0.8686868686868688,7,3,1,0,3454.840660095215,0,0
INSTANCE_013,0.5,delay20,202,364.6846,0.0,343.74519999999995,64,64,0.7811868686868687,11,3,0,0,3797.284841537476,0,0
INSTANCE_013,0.5,delay20,303,364.6847,0.0,343.74519999999995,64,64,0.8353535353535353,6,3,1,0,962.2185230255128,0,0
INSTANCE_013,0.5,delay30,101,373.4656,0.0,343.74519999999995,64,64,0.7074494949494948,12,3,0,0,3702.6736736297607,0,0
INSTANCE_013,0.5,delay30,202,373.4657,0.0,343.74519999999995,64,64,0.794949494949495,8,3,1,0,3994.104385375977,0,0
INSTANCE_013,0.5,delay30,303,373.4657,0.0,343.74519999999995,64,64,0.794949494949495,8,3,1,0,985.0003719329834,0,0
INSTANCE_013,0.5,p85,101,360.1083,0.0,343.74519999999995,64,64,0.8700757575757576,8,3,1,0,3418.2419776916504,0,0
INSTANCE_013,0.5,p85,202,360.1084,0.0,343.74519999999995,64,64,0.9242424242424242,3,3,2,0,3772.680282592773,0,0
INSTANCE_013,0.5,p85,303,367.9859,0.0,343.74519999999995,64,64,0.7852272727272727,10,3,1,0,974.4055271148682,0,0
INSTANCE_013,0.5,p95,101,368.0165,0.0,343.74519999999995,64,64,0.7852272727272727,10,3,1,0,3508.9077949523926,0,0
INSTANCE_013,0.5,p95,202,368.0166,0.0,343.74519999999995,64,64,0.8727272727272727,6,3,2,0,3942.3232078552246,0,0
INSTANCE_013,0.5,p95,303,367.986,0.9260583333335716,343.74519999999995,63,64,0.8727272727272727,6,3,2,0,1161.4000797271729,0,0
INSTANCE_013,0.75,delay20,101,364.6847,0.0,343.74519999999995,64,64,0.638888888888889,6,3,1,0,794.2042350769043,0,0
INSTANCE_013,0.75,delay20,202,364.6847,0.0,343.74519999999995,64,64,0.638888888888889,6,3,1,0,768.4309482574463,0,0
INSTANCE_013,0.75,delay20,303,364.6847,0.0,343.74519999999995,64,64,0.7055555555555556,7,3,1,0,214.7681713104248,0,0
INSTANCE_013,0.75,delay30,101,373.4657,0.0,343.74519999999995,64,64,0.5111111111111111,8,3,1,0,745.3947067260742,0,0
INSTANCE_013,0.75,delay30,202,373.4657,0.0,343.74519999999995,64,64,0.5111111111111111,8,3,1,0,853.1491756439209,0,0
INSTANCE_013,0.75,delay30,303,373.4657,0.0,343.74519999999995,64,64,0.5111111111111111,8,3,1,0,205.9943675994873,0,0
INSTANCE_013,0.75,p85,101,359.3125,0.0,343.74519999999995,64,64,0.8222222222222223,4,3,2,0,748.0707168579102,0,0
INSTANCE_013,0.75,p85,202,359.3125,0.0,343.74519999999995,64,64,0.8222222222222223,4,3,2,0,803.3924102783203,0,0
INSTANCE_013,0.75,p85,303,359.3125,0.0,343.74519999999995,64,64,0.8222222222222223,4,3,2,0,235.5344295501709,0,0
INSTANCE_013,0.75,p95,101,367.986,0.0,343.74519999999995,64,64,0.7333333333333334,6,3,2,0,780.1947593688965,0,0
INSTANCE_013,0.75,p95,202,367.986,0.0,343.74519999999995,64,64,0.7333333333333334,6,3,2,0,783.3445072174072,0,0
INSTANCE_013,0.75,p95,303,367.986,0.0,343.74519999999995,64,64,0.7333333333333334,6,3,2,0,220.3805446624756,0,0
INSTANCE_014,0.25,delay20,101,399.14420000000007,74.99333333333209,380.3718,60,65,0.763953638953639,22,2,0,0,24719.443798065186,0,0
INSTANCE_014,0.25,delay20,202,398.662,74.99333333333209,380.3718,60,65,0.7384744884744885,24,2,0,0,25112.858533859253,0,0
INSTANCE_014,0.25,delay20,303,382.0035,75.844999999999,380.3718,59,65,0.7114182114182115,27,2,0,0,7227.837800979614,0,0
INSTANCE_014,0.25,delay30,101,399.2614,137.60333333333222,380.3718,57,65,0.6665510415510416,26,2,0,0,24801.583766937256,0,0
INSTANCE_014,0.25,delay30,202,399.2614000000001,137.60333333333153,380.3718,57,65,0.7486124986124986,21,2,0,0,25746.76275253296,0,0
INSTANCE_014,0.25,delay30,303,399.2613,137.60333333333142,380.3718,57,65,0.706067081067081,23,2,0,0,7612.6708984375,0,0
INSTANCE_014,0.25,p85,101,397.3981,80.13904900000011,380.3718,60,65,0.7520488770488771,22,2,0,0,24612.006187438965,0,0
INSTANCE_014,0.25,p85,202,382.4782000000001,81.34763700000053,380.3718,59,65,0.725949975949976,25,2,0,0,23196.143865585327,0,0
INSTANCE_014,0.25,p85,303,397.3981000000001,80.13904900000011,380.3718,60,65,0.7615393865393865,21,2,0,0,7146.235704421996,0,0
INSTANCE_014,0.25,p95,101,381.9533,185.02854749999892,380.3718,58,65,0.7015484515484516,25,2,0,0,25019.730806350708,0,0
INSTANCE_014,0.25,p95,202,381.9533,185.02854749999892,380.3718,58,65,0.7229159729159729,21,2,0,0,26182.484865188595,0,0
INSTANCE_014,0.25,p95,303,381.95330000000007,188.8163466666664,380.3718,58,65,0.7333962333962334,24,2,0,0,7846.477746963501,0,0
INSTANCE_014,0.5,delay20,101,399.1491,76.47999999999888,380.3718,59,65,0.6063492063492063,19,2,0,0,7947.702169418335,0,0
INSTANCE_014,0.5,delay20,202,399.1441000000001,76.35999999999842,380.3718,59,65,0.6699579831932774,17,2,0,0,7893.241882324219,0,0
INSTANCE_014,0.5,delay20,303,398.662,74.99333333333209,380.3718,60,65,0.6706349206349207,19,2,0,0,2334.49649810791,0,0
INSTANCE_014,0.5,delay30,101,398.662,146.19833333333213,380.3718,56,65,0.680672268907563,17,2,0,0,8509.281396865845,0,0
INSTANCE_014,0.5,delay30,202,399.14420000000007,138.19666666666535,380.3718,57,65,0.611764705882353,20,2,0,0,8416.098594665527,0,0
INSTANCE_014,0.5,delay30,303,399.14420000000007,138.19666666666558,380.3718,57,65,0.6623015873015873,19,2,0,0,2606.861591339112,0,0
INSTANCE_014,0.5,p85,101,381.5572000000001,43.77356516666612,380.3718,61,65,0.6707282913165267,21,2,0,0,7644.8729038238525,0,0
INSTANCE_014,0.5,p85,202,381.8362000000001,43.77356516666612,380.3718,61,65,0.5964985994397759,20,2,0,0,8336.974143981934,0,0
INSTANCE_014,0.5,p85,303,381.5572000000001,43.77356516666612,380.3718,61,65,0.6739962651727358,19,2,0,0,2568.225145339966,0,0
INSTANCE_014,0.5,p95,101,398.67820000000006,100.44667916666516,380.3718,58,65,0.6177871148459384,18,2,0,0,7907.965183258057,0,0
INSTANCE_014,0.5,p95,202,381.8362000000001,93.63452749999784,380.3718,60,65,0.6927871148459384,18,2,0,0,9023.27013015747,0,0
INSTANCE_014,0.5,p95,303,381.8362000000001,93.63452749999726,380.3718,60,65,0.6259103641456583,20,2,0,0,2599.4861125946045,0,0
INSTANCE_014,0.75,delay20,101,380.6323000000001,92.8133333333318,380.3718,58,65,0.6041666666666666,11,2,0,0,1298.2726097106934,0,0
INSTANCE_014,0.75,delay20,202,380.6323000000001,92.8133333333318,380.3718,58,65,0.6041666666666666,11,2,0,0,1295.0477600097656,0,0
INSTANCE_014,0.75,delay20,303,380.6323000000001,92.8133333333318,380.3718,58,65,0.6041666666666666,11,2,0,0,418.9231395721436,0,0
INSTANCE_014,0.75,delay30,101,382.9115000000001,173.34833333333154,380.3718,56,65,0.6041666666666666,10,2,0,0,1385.5602741241455,0,0
INSTANCE_014,0.75,delay30,202,382.9115000000001,173.34833333333154,380.3718,56,65,0.6041666666666666,10,2,0,0,1372.713327407837,0,0
INSTANCE_014,0.75,delay30,303,382.9115000000001,173.34833333333154,380.3718,56,65,0.6041666666666666,10,2,0,0,422.6961135864258,0,0
INSTANCE_014,0.75,p85,101,380.5751,36.07626249999828,380.3718,61,65,0.5902777777777778,13,2,0,0,1340.7516479492188,0,0
INSTANCE_014,0.75,p85,202,380.5751,36.07626249999828,380.3718,61,65,0.5208333333333334,15,2,0,0,1355.4105758666992,0,0
INSTANCE_014,0.75,p85,303,380.5751,36.07626249999828,380.3718,61,65,0.5902777777777778,13,2,0,0,379.00471687316895,0,0
INSTANCE_014,0.75,p95,101,380.5751000000001,76.30706249999753,380.3718,61,65,0.6215277777777778,13,2,0,0,1263.458013534546,0,0
INSTANCE_014,0.75,p95,202,380.5751000000001,76.30706249999753,380.3718,61,65,0.6215277777777778,13,2,0,0,1274.5661735534668,0,0
INSTANCE_014,0.75,p95,303,380.5751000000001,76.30706249999798,380.3718,61,65,0.5520833333333334,15,2,0,0,448.6715793609619,0,0
INSTANCE_015,0.25,delay20,101,526.2305,4.696666666666829,482.4895,86,87,0.7104896471104911,29,4,1,0,19550.046920776367,0,0
INSTANCE_015,0.25,delay20,202,507.91,4.696666666666715,482.4895,86,87,0.7056732607403963,30,4,1,0,18861.73796653748,0,0
INSTANCE_015,0.25,delay20,303,526.2305,4.696666666666715,482.4895,86,87,0.6976664018703661,33,4,1,0,4660.894870758057,0,0
INSTANCE_015,0.25,delay30,101,532.7330999999999,18.22833333333336,482.4895,85,87,0.7175971673254282,39,4,1,0,20419.540643692017,0,0
INSTANCE_015,0.25,delay30,202,532.7330999999999,18.22833333333336,482.4895,85,87,0.7175971673254282,39,4,1,0,17683.622360229492,0,0
INSTANCE_015,0.25,delay30,303,512.581,41.08333333333327,482.4895,84,87,0.6357460474308301,34,4,1,0,4467.837810516357,0,0
INSTANCE_015,0.25,p85,101,482.3199,2.6535670000000664,482.4895,85,87,0.8876811594202898,17,4,3,0,19880.821704864506,0,0
INSTANCE_015,0.25,p85,202,482.3199,2.6535670000000664,482.4895,85,87,0.8876811594202898,17,4,3,0,18008.681535720825,0,0
INSTANCE_015,0.25,p85,303,482.3199,2.6535670000000664,482.4895,85,87,0.8985507246376812,18,4,3,0,4993.355274200439,0,0
INSTANCE_015,0.25,p95,101,526.2306,6.362347500000169,482.4895,86,87,0.7014139153685189,31,4,1,0,19599.730014801025,0,0
INSTANCE_015,0.25,p95,202,524.911,6.362347500000055,482.4895,86,87,0.7269183200289339,29,4,1,0,19870.65696716309,0,0
INSTANCE_015,0.25,p95,303,524.911,6.362347500000055,482.4895,86,87,0.7113954442119403,32,4,1,0,4664.273500442505,0,0
INSTANCE_015,0.5,delay20,101,483.6112,33.864999999999895,482.4895,84,87,0.9264204545454546,11,4,2,0,5832.491397857666,0,0
INSTANCE_015,0.5,delay20,202,483.6688,33.864999999999895,482.4895,84,87,0.9170454545454544,12,4,2,0,4957.723379135132,0,0
INSTANCE_015,0.5,delay20,303,483.6112,33.864999999999895,482.4895,84,87,0.8899621212121213,10,4,2,0,1465.481519699097,0,0
INSTANCE_015,0.5,delay30,101,500.2156,67.39666666666653,482.4895,83,87,0.8941964285714286,9,4,2,0,5173.336982727051,0,0
INSTANCE_015,0.5,delay30,202,500.3202,67.39666666666653,482.4895,83,87,0.8441964285714286,12,4,2,0,5201.045989990234,0,0
INSTANCE_015,0.5,delay30,303,500.2156,67.39666666666653,482.4895,83,87,0.8754464285714286,11,4,2,0,1384.4542503356934,0,0
INSTANCE_015,0.5,p85,101,482.2627,0.0,482.4895,87,87,0.9145833333333332,8,4,3,0,5313.008785247803,0,0
INSTANCE_015,0.5,p85,202,482.3203,0.0,482.4895,87,87,0.915625,10,4,3,0,5318.387508392334,0,0
INSTANCE_015,0.5,p85,303,482.2627,0.0,482.4895,87,87,0.9145833333333332,8,4,3,0,1366.2607669830322,0,0
INSTANCE_015,0.5,p95,101,482.9797,1.7627358333331813,482.4895,86,87,0.9510416666666668,9,4,3,0,5465.026378631592,0,0
INSTANCE_015,0.5,p95,202,482.9796,1.7627358333331813,482.4895,86,87,0.940625,6,4,3,0,5464.894533157349,0,0
INSTANCE_015,0.5,p95,303,482.9797,1.7627358333331813,482.4895,86,87,0.9395833333333332,9,4,3,0,1428.8182258605957,0,0
INSTANCE_015,0.75,delay20,101,482.4895,0.0,482.4895,87,87,1.0,0,4,4,0,907.2034358978271,1,0
INSTANCE_015,0.75,delay20,202,482.4895,0.0,482.4895,87,87,1.0,0,4,4,0,957.9923152923584,1,0
INSTANCE_015,0.75,delay20,303,482.4895,0.0,482.4895,87,87,1.0,0,4,4,0,246.59037590026853,1,0
INSTANCE_015,0.75,delay30,101,500.2155,0.0,482.4895,87,87,0.7574404761904762,8,4,2,0,908.8196754455566,0,0
INSTANCE_015,0.75,delay30,202,500.2155,0.0,482.4895,87,87,0.7574404761904762,8,4,2,0,1097.5298881530762,0,0
INSTANCE_015,0.75,delay30,303,500.2155,0.0,482.4895,87,87,0.7529761904761905,7,4,2,0,287.7068519592285,0,0
INSTANCE_015,0.75,p85,101,482.4895,0.0,482.4895,87,87,1.0,0,4,4,0,891.0400867462158,1,0
INSTANCE_015,0.75,p85,202,482.4895,0.0,482.4895,87,87,1.0,0,4,4,0,952.7685642242432,1,0
INSTANCE_015,0.75,p85,303,482.4895,0.0,482.4895,87,87,1.0,0,4,4,0,247.67613410949707,1,0
INSTANCE_015,0.75,p95,101,482.4895,0.0,482.4895,87,87,1.0,0,4,4,0,840.545654296875,1,0
INSTANCE_015,0.75,p95,202,482.4895,0.0,482.4895,87,87,1.0,0,4,4,0,933.0077171325684,1,0
INSTANCE_015,0.75,p95,303,482.4895,0.0,482.4895,87,87,1.0,0,4,4,0,274.39022064208984,1,0
INSTANCE_016,0.25,delay20,101,600.8394,19.269999999999868,594.174,81,84,0.7183336475615888,44,4,0,0,3118.964910507202,0,0
INSTANCE_016,0.25,delay20,202,608.2847999999999,19.269999999999868,594.174,81,84,0.6970918174962293,44,4,0,0,3260.8513832092285,0,0
INSTANCE_016,0.25,delay20,303,603.0167,22.3983333333332,594.174,81,84,0.7265240070387129,43,4,0,0,2991.4841651916504,0,0
INSTANCE_016,0.25,delay30,101,605.4495,54.79333333333295,594.174,78,84,0.6859398567119155,43,4,0,0,3293.1814193725586,0,0
INSTANCE_016,0.25,delay30,202,605.5272,54.901666666666415,594.174,78,84,0.7003597913524384,43,4,0,0,3322.190284729004,0,0
INSTANCE_016,0.25,delay30,303,605.4495,54.79333333333295,594.174,78,84,0.6941097913524384,43,4,0,0,2980.1127910614014,0,0
INSTANCE_016,0.25,p85,101,598.0761,8.031072666666432,594.174,82,84,0.697735985419809,45,4,0,0,2935.2540969848637,0,0
INSTANCE_016,0.25,p85,202,597.9984,7.905850166666596,594.174,82,84,0.7243385495223731,43,4,0,0,3465.3666019439697,0,0
INSTANCE_016,0.25,p85,303,597.7442,8.383622166666441,594.174,82,84,0.7271776018099547,41,4,0,0,3178.889513015747,0,0
INSTANCE_016,0.25,p95,101,605.4495999999999,49.7827266666668,594.174,81,84,0.7055476998491704,43,4,0,0,3210.302829742432,0,0
INSTANCE_016,0.25,p95,202,614.9696,47.22723250000002,594.174,81,84,0.691086915535445,38,4,0,0,3368.004083633423,0,0
INSTANCE_016,0.25,p95,303,605.1954,50.31737333333342,594.174,81,84,0.7010338109602816,41,4,0,0,3050.2164363861084,0,0
INSTANCE_016,0.5,delay20,101,587.9264999999999,41.23333333333335,594.174,77,84,0.6364583333333333,29,4,0,0,1133.5899829864502,0,0
INSTANCE_016,0.5,delay20,202,587.9264999999999,41.23333333333324,594.174,77,84,0.6004734848484848,29,4,0,0,1075.86407661438,0,0
INSTANCE_016,0.5,delay20,303,587.9264999999999,41.23333333333335,594.174,77,84,0.5985795454545455,28,4,0,0,1188.8749599456787,0,0
INSTANCE_016,0.5,delay30,101,598.5065999999999,93.1566666666663,594.174,75,84,0.6194128787878788,23,4,0,0,1175.592660903931,0,0
INSTANCE_016,0.5,delay30,202,598.5065999999999,93.1566666666664,594.174,75,84,0.5853219696969697,22,4,0,0,1163.2120609283447,0,0
INSTANCE_016,0.5,delay30,303,598.5065999999999,93.1566666666664,594.174,75,84,0.5853219696969697,22,4,0,0,1079.8132419586182,0,0
INSTANCE_016,0.5,p85,101,582.641,3.7879453333333686,594.174,82,84,0.6857007575757575,22,4,0,0,1102.70094871521,0,0
INSTANCE_016,0.5,p85,202,582.641,3.7879453333333686,594.174,82,84,0.6743371212121212,19,4,0,0,1127.6068687438965,0,0
INSTANCE_016,0.5,p85,303,582.641,3.7879453333333686,594.174,82,84,0.6516098484848485,21,4,0,0,1108.7243556976318,0,0
INSTANCE_016,0.5,p95,101,587.3289,28.536683333333485,594.174,80,84,0.6137310606060606,20,4,0,0,1207.1261405944824,0,0
INSTANCE_016,0.5,p95,202,587.3289,28.536683333333485,594.174,80,84,0.6364583333333333,18,4,0,0,1219.8944091796875,0,0
INSTANCE_016,0.5,p95,303,587.3289,28.536683333333485,594.174,80,84,0.6364583333333333,18,4,0,0,1278.1319618225098,0,0
INSTANCE_016,0.75,delay20,101,593.0405,26.649999999999864,594.174,81,84,0.5958333333333333,10,4,1,0,246.08850479125977,0,0
INSTANCE_016,0.75,delay20,202,593.0405,26.649999999999864,594.174,81,84,0.5958333333333333,10,4,1,0,258.4986686706543,0,0
INSTANCE_016,0.75,delay20,303,593.0405,26.649999999999864,594.174,81,84,0.5958333333333333,10,4,1,0,279.29067611694336,0,0
INSTANCE_016,0.75,delay30,101,593.0405,66.97666666666646,594.174,78,84,0.5958333333333333,10,4,1,0,261.6441249847412,0,0
INSTANCE_016,0.75,delay30,202,593.0405,66.97666666666646,594.174,78,84,0.5958333333333333,10,4,1,0,300.9490966796875,0,0
INSTANCE_016,0.75,delay30,303,593.0405,66.97666666666646,594.174,78,84,0.5958333333333333,10,4,1,0,269.61326599121094,0,0
INSTANCE_016,0.75,p85,101,588.3525999999999,3.566565333333415,594.174,83,84,0.6875,11,4,1,0,251.2524127960205,0,0
INSTANCE_016,0.75,p85,202,588.3525999999999,3.566565333333415,594.174,83,84,0.6875,11,4,1,0,273.899793624878,0,0
INSTANCE_016,0.75,p85,303,588.3525999999999,3.566565333333415,594.174,83,84,0.6875,11,4,1,0,256.3972473144531,0,0
INSTANCE_016,0.75,p95,101,593.0405,9.50354666666658,594.174,83,84,0.5958333333333333,10,4,1,0,259.46640968322754,0,0
INSTANCE_016,0.75,p95,202,593.0405,9.50354666666658,594.174,83,84,0.5958333333333333,10,4,1,0,280.5483341217041,0,0
INSTANCE_016,0.75,p95,303,593.0405,9.50354666666658,594.174,83,84,0.5958333333333333,10,4,1,0,261.80577278137207,0,0
INSTANCE_017,0.25,delay20,101,384.8739,9.478333333333351,343.766,72,74,0.69017094017094,31,3,1,0,17132.938385009766,0,0
INSTANCE_017,0.25,delay20,202,403.8406999999999,8.693333333333499,343.766,72,74,0.7898086213303604,31,3,1,0,16931.5927028656,0,0
INSTANCE_017,0.25,delay20,303,384.8739,9.478333333333351,343.766,72,74,0.69017094017094,31,3,1,0,4466.984748840332,0,0
INSTANCE_017,0.25,delay30,101,403.8406999999999,32.8450000000006,343.766,70,74,0.8175863991081384,31,3,1,0,17869.7988986969,0,0
INSTANCE_017,0.25,delay30,202,403.4718999999999,32.8450000000006,343.766,70,74,0.7544285043712962,39,3,0,0,17316.139936447144,0,0
INSTANCE_017,0.25,delay30,303,368.0833,35.0183333333332,343.766,72,74,0.7064752879970272,29,3,1,0,4412.806749343872,0,0
INSTANCE_017,0.25,p85,101,400.0917,3.9755333333333738,343.766,73,74,0.7650501672240803,31,3,1,0,17237.390279769897,0,0
INSTANCE_017,0.25,p85,202,403.8338999999999,2.727161333333356,343.766,73,74,0.7686733556298773,30,3,1,0,17109.70115661621,0,0
INSTANCE_017,0.25,p85,303,346.4300999999999,12.841695666666965,343.766,72,74,0.7779792290089773,18,3,0,0,4371.317386627197,0,0
INSTANCE_017,0.25,p95,101,368.0765,36.34291166666662,343.766,71,74,0.6648086213303604,28,3,1,0,18340.93689918518,0,0
INSTANCE_017,0.25,p95,202,368.07630000000006,36.34291166666662,343.766,71,74,0.5368846447221733,40,3,0,0,16377.556800842283,0,0
INSTANCE_017,0.25,p95,303,370.521,46.41867916666649,343.766,73,74,0.7465782628254024,22,3,0,0,4063.8818740844727,0,0
INSTANCE_017,0.5,delay20,101,369.4257,6.9849999999999,343.766,73,74,0.5354700854700855,25,3,0,0,4953.320503234863,0,0
INSTANCE_017,0.5,delay20,202,369.4258,6.9849999999999,343.766,73,74,0.6421296296296296,18,3,1,0,5163.090467453003,0,0
INSTANCE_017,0.5,delay20,303,352.03189999999995,9.1933333333335,343.766,72,74,0.7271367521367522,15,3,0,0,1373.976230621338,0,0
INSTANCE_017,0.5,delay30,101,379.64269999999993,26.23333333333335,343.766,72,74,0.8046296296296296,12,3,1,0,5618.973016738892,0,0
INSTANCE_017,0.5,delay30,202,379.64269999999993,26.23333333333335,343.766,72,74,0.8046296296296296,12,3,1,0,5027.259588241577,0,0
INSTANCE_017,0.5,delay30,303,379.6426,26.23333333333335,343.766,72,74,0.6678774928774929,18,3,0,0,1275.501012802124,0,0
INSTANCE_017,0.5,p85,101,348.0691999999999,4.903221000000031,343.766,73,74,0.9032407407407408,6,3,1,0,5010.56981086731,0,0
INSTANCE_017,0.5,p85,202,348.0691999999999,4.903221000000031,343.766,73,74,0.9032407407407408,6,3,1,0,5132.686138153076,0,0
INSTANCE_017,0.5,p85,303,348.0691999999999,4.903221000000031,343.766,73,74,0.9032407407407408,6,3,1,0,1383.0740451812744,0,0
INSTANCE_017,0.5,p95,101,368.5802,24.31890833333307,343.766,73,74,0.6553774928774928,23,3,0,0,5683.866739273071,0,0
INSTANCE_017,0.5,p95,202,348.0691999999999,31.29613833333235,343.766,71,74,0.9032407407407408,6,3,1,0,5317.782163619995,0,0
INSTANCE_017,0.5,p95,303,365.4629,17.073152499999992,343.766,73,74,0.5748219373219373,22,3,0,0,1546.7209815979004,0,0
INSTANCE_017,0.75,delay20,101,346.5343999999999,26.990000000000123,343.766,71,74,0.9404761904761904,3,3,2,0,865.4882907867432,0,0
INSTANCE_017,0.75,delay20,202,346.5343999999999,26.990000000000123,343.766,71,74,0.9404761904761904,3,3,2,0,1017.951250076294,0,0
INSTANCE_017,0.75,delay20,303,346.5343999999999,26.990000000000123,343.766,71,74,0.9404761904761904,3,3,2,0,207.53741264343265,0,0
INSTANCE_017,0.75,delay30,101,374.1451,56.96833333333325,343.766,71,74,0.8630952380952381,7,3,2,0,866.4238452911377,0,0
INSTANCE_017,0.75,delay30,202,374.1451,56.96833333333325,343.766,71,74,0.8630952380952381,7,3,2,0,960.730791091919,0,0
INSTANCE_017,0.75,delay30,303,374.1451,56.96833333333325,343.766,71,74,0.8630952380952381,7,3,2,0,255.75733184814453,0,0
INSTANCE_017,0.75,p85,101,346.5343999999999,0.4906186666665917,343.766,73,74,0.9404761904761904,3,3,2,0,872.5323677062988,0,0
INSTANCE_017,0.75,p85,202,346.5343999999999,0.4906186666665917,343.766,73,74,0.9404761904761904,3,3,2,0,905.8818817138672,0,0
INSTANCE_017,0.75,p85,303,346.53439999999995,0.4906186666665917,343.766,73,74,0.9166666666666666,2,3,2,0,228.9214134216309,0,0
INSTANCE_017,0.75,p95,101,346.5343999999999,3.4972766666666075,343.766,72,74,0.9404761904761904,3,3,2,0,905.5588245391846,0,0
INSTANCE_017,0.75,p95,202,346.5343999999999,3.4972766666666075,343.766,72,74,0.9404761904761904,3,3,2,0,993.7973022460938,0,0
INSTANCE_017,0.75,p95,303,346.5343999999999,3.4972766666666075,343.766,72,74,0.9404761904761904,3,3,2,0,223.66881370544436,0,0
INSTANCE_018,0.25,delay20,101,315.4015,21.825000000000045,284.4485,63,65,0.6786413043478261,40,2,0,0,25068.11237335205,0,0
INSTANCE_018,0.25,delay20,202,314.2601,21.5883333333336,284.4485,63,65,0.723641304347826,40,2,0,0,23240.358352661133,0,0
INSTANCE_018,0.25,delay20,303,313.7028,20.00666666666723,284.4485,62,65,0.7854891304347826,38,2,0,0,6519.948244094849,0,0
INSTANCE_018,0.25,delay30,101,314.2601,68.85166666666646,284.4485,59,65,0.723641304347826,40,2,0,0,23937.21032142639,0,0
INSTANCE_018,0.25,delay30,202,314.2601,68.85166666666646,284.4485,59,65,0.723641304347826,40,2,0,0,23864.77303504944,0,0
INSTANCE_018,0.25,delay30,303,314.2601,68.85166666666646,284.4485,59,65,0.723641304347826,40,2,0,0,6648.46396446228,0,0
INSTANCE_018,0.25,p85,101,319.35450000000003,18.953170499999715,284.4485,62,65,0.6454891304347826,30,2,0,0,23583.781957626343,0,0
INSTANCE_018,0.25,p85,202,323.1614,16.311938999999825,284.4485,62,65,0.6980434782608695,31,2,0,0,24502.00390815735,0,0
INSTANCE_018,0.25,p85,303,316.84850000000006,20.974287499999942,284.4485,62,65,0.7277355072463768,39,2,0,0,6435.658931732178,0,0
INSTANCE_018,0.25,p95,101,314.2601,85.55027749999977,284.4485,60,65,0.723641304347826,40,2,0,0,26826.010942459103,0,0
INSTANCE_018,0.25,p95,202,314.2601,85.55027749999977,284.4485,60,65,0.723641304347826,40,2,0,0,24627.668380737305,0,0
INSTANCE_018,0.25,p95,303,314.2601,85.55027749999954,284.4485,60,65,0.7571557971014493,38,2,0,0,7135.722875595093,0,0
INSTANCE_018,0.5,delay20,101,301.4267,50.8783333333331,284.4485,61,65,0.7597426470588236,22,2,0,0,6625.760078430176,0,0
INSTANCE_018,0.5,delay20,202,291.3265,54.94666666666615,284.4485,60,65,0.7097426470588235,21,2,0,0,6657.559156417847,0,0
INSTANCE_018,0.5,delay20,303,291.3265,54.94666666666615,284.4485,60,65,0.7097426470588235,21,2,0,0,1975.4526615142825,0,0
INSTANCE_018,0.5,delay30,101,300.89290000000005,115.78666666666618,284.4485,58,65,0.7764093137254902,19,2,0,0,7058.451175689697,0,0
INSTANCE_018,0.5,delay30,202,300.89290000000005,115.78666666666618,284.4485,58,65,0.7764093137254902,19,2,0,0,6927.934646606445,0,0
INSTANCE_018,0.5,delay30,303,303.8294,106.27666666666596,284.4485,58,65,0.6743259803921569,24,2,0,0,1952.0595073699951,0,0
INSTANCE_018,0.5,p85,101,291.3265,22.18753383333308,284.4485,64,65,0.7097426470588235,21,2,0,0,6843.859672546387,0,0
INSTANCE_018,0.5,p85,202,291.3265,22.18753383333308,284.4485,64,65,0.7097426470588235,21,2,0,0,6911.573648452759,0,0
INSTANCE_018,0.5,p85,303,291.3265,22.18753383333308,284.4485,64,65,0.7097426470588235,21,2,0,0,2127.81834602356,0,0
INSTANCE_018,0.5,p95,101,291.89520000000005,48.27161166666622,284.4485,61,65,0.7107843137254901,18,2,0,0,6470.554351806641,0,0
INSTANCE_018,0.5,p95,202,291.89520000000005,48.27161166666622,284.4485,61,65,0.7107843137254901,18,2,0,0,7013.374805450439,0,0
INSTANCE_018,0.5,p95,303,293.6784,51.19707749999964,284.4485,61,65,0.6774509803921569,18,2,0,0,2197.03221321106,0,0
INSTANCE_018,0.75,delay20,101,286.9363,54.79666666666651,284.4485,61,65,0.658234126984127,11,2,0,0,1126.5840530395508,0,0
INSTANCE_018,0.75,delay20,202,286.9363,54.79666666666651,284.4485,61,65,0.658234126984127,11,2,0,0,1154.7255516052246,0,0
INSTANCE_018,0.75,delay20,303,286.9363,54.79666666666651,284.4485,61,65,0.658234126984127,11,2,0,0,322.73697853088385,0,0
INSTANCE_018,0.75,delay30,101,286.9363,107.13999999999976,284.4485,58,65,0.658234126984127,11,2,0,0,1097.187042236328,0,0
INSTANCE_018,0.75,delay30,202,286.9363,107.13999999999976,284.4485,58,65,0.658234126984127,11,2,0,0,1183.2647323608398,0,0
INSTANCE_018,0.75,delay30,303,286.9363,107.13999999999976,284.4485,58,65,0.658234126984127,11,2,0,0,332.554578781128,0,0
INSTANCE_018,0.75,p85,101,282.0205,18.26343283333324,284.4485,63,65,0.8214285714285714,4,2,1,0,1064.4352436065674,0,0
INSTANCE_018,0.75,p85,202,284.4485,21.303449833333275,284.4485,63,65,1.0,0,2,2,0,1072.9634761810305,1,0
INSTANCE_018,0.75,p85,303,282.0205,18.26343283333324,284.4485,63,65,0.8214285714285714,4,2,1,0,341.71462059021,0,0
INSTANCE_018,0.75,p95,101,282.0205,31.308600833333458,284.4485,63,65,0.8214285714285714,4,2,1,0,1118.6320781707764,0,0
INSTANCE_018,0.75,p95,202,284.4485,34.97946999999988,284.4485,62,65,1.0,0,2,2,0,1144.5682048797607,1,0
INSTANCE_018,0.75,p95,303,282.0205,31.308600833333458,284.4485,63,65,0.8214285714285714,4,2,1,0,353.77025604248047,0,0
INSTANCE_019,0.25,delay20,101,442.8645,13.806666666666844,400.5469,52,54,0.6762216949716949,28,3,0,0,1327.3632526397705,0,0
INSTANCE_019,0.25,delay20,202,426.2591,22.570000000000164,400.5469,52,54,0.7842803030303029,20,3,1,0,1317.93212890625,0,0
INSTANCE_019,0.25,delay20,303,444.7369,13.806666666666844,400.5469,52,54,0.7178883616383617,28,3,0,0,1196.4218616485596,0,0
INSTANCE_019,0.25,delay30,101,443.8244,48.72666666666703,400.5469,49,54,0.6866383616383617,28,3,0,0,1337.4950885772705,0,0
INSTANCE_019,0.25,delay30,202,449.1188,47.58500000000004,400.5469,50,54,0.6683233433233434,29,3,0,0,1363.175630569458,0,0
INSTANCE_019,0.25,delay30,303,449.1188,47.58500000000004,400.5469,50,54,0.6683233433233434,29,3,0,0,1445.378065109253,0,0
INSTANCE_019,0.25,p85,101,419.902,7.978079500000263,400.5469,52,54,0.7826871657754011,26,3,1,0,1446.455478668213,0,0
INSTANCE_019,0.25,p85,202,437.8784,5.194324000000165,400.5469,52,54,0.7408050283050284,34,3,0,0,1402.771234512329,0,0
INSTANCE_019,0.25,p85,303,420.3605,7.978079500000263,400.5469,52,54,0.8176136363636365,26,3,1,0,1355.190992355347,0,0
INSTANCE_019,0.25,p95,101,429.5692,35.55609583333376,400.5469,50,54,0.81001559714795,15,3,1,0,1482.3615550994873,0,0
INSTANCE_019,0.25,p95,202,429.5692,35.55609583333376,400.5469,50,54,0.81001559714795,15,3,1,0,1514.13893699646,0,0
INSTANCE_019,0.25,p95,303,448.7378000000001,32.68614250000076,400.5469,50,54,0.8032754010695188,20,3,1,0,1328.6535739898682,0,0
INSTANCE_019,0.5,delay20,101,444.2519,52.99833333333379,400.5469,49,54,0.6587301587301587,12,3,1,0,456.573486328125,0,0
INSTANCE_019,0.5,delay20,202,443.4228,52.21333333333382,400.5469,49,54,0.6332671957671957,14,3,1,0,439.4962787628174,0,0
INSTANCE_019,0.5,delay20,303,443.4228,52.21333333333382,400.5469,49,54,0.6332671957671957,14,3,1,0,420.20535469055176,0,0
INSTANCE_019,0.5,delay30,101,448.7172,117.7800000000002,400.5469,47,54,0.6193783068783069,15,3,1,0,453.30071449279785,0,0
INSTANCE_019,0.5,delay30,202,448.7172,117.7800000000002,400.5469,47,54,0.6193783068783069,15,3,1,0,488.3313179016113,0,0
INSTANCE_019,0.5,delay30,303,448.7172,117.7800000000002,400.5469,47,54,0.6193783068783069,15,3,1,0,428.93147468566895,0,0
INSTANCE_019,0.5,p85,101,426.8174,15.892238166666855,400.5469,51,54,0.8253968253968255,6,3,2,0,447.7181434631348,0,0
INSTANCE_019,0.5,p85,202,426.8174,15.892238166666855,400.5469,51,54,0.8253968253968255,6,3,2,0,389.9149894714356,0,0
INSTANCE_019,0.5,p85,303,426.8174,15.892238166666855,400.5469,51,54,0.8253968253968255,6,3,2,0,403.6526679992676,0,0
INSTANCE_019,0.5,p95,101,426.8174,44.30083750000029,400.5469,50,54,0.8253968253968255,6,3,2,0,477.6947498321533,0,0
INSTANCE_019,0.5,p95,202,426.8174,44.30083750000029,400.5469,50,54,0.8253968253968255,6,3,2,0,416.9919490814209,0,0
INSTANCE_019,0.5,p95,303,426.8174,44.30083750000029,400.5469,50,54,0.8253968253968255,6,3,2,0,418.7076091766357,0,0
INSTANCE_019,0.75,delay20,101,400.5469,50.31333333333373,400.5469,50,54,1.0,0,3,3,0,136.60860061645508,1,0
INSTANCE_019,0.75,delay20,202,400.5469,50.31333333333373,400.5469,50,54,1.0,0,3,3,0,145.34902572631836,1,0
INSTANCE_019,0.75,delay20,303,400.5469,50.31333333333373,400.5469,50,54,1.0,0,3,3,0,126.80292129516602,1,0
INSTANCE_019,0.75,delay30,101,400.5469,87.32333333333384,400.5469,48,54,1.0,0,3,3,0,146.53825759887695,1,0
INSTANCE_019,0.75,delay30,202,400.5469,87.32333333333384,400.5469,48,54,1.0,0,3,3,0,148.42510223388672,1,0
INSTANCE_019,0.75,delay30,303,400.5469,87.32333333333384,400.5469,48,54,1.0,0,3,3,0,143.80264282226562,1,0
INSTANCE_019,0.75,p85,101,400.5469,18.694528833333607,400.5469,52,54,1.0,0,3,3,0,153.27191352844238,1,0
INSTANCE_019,0.75,p85,202,400.5469,18.694528833333607,400.5469,52,54,1.0,0,3,3,0,164.16025161743164,1,0
INSTANCE_019,0.75,p85,303,400.5469,18.694528833333607,400.5469,52,54,1.0,0,3,3,0,129.31275367736816,1,0
INSTANCE_019,0.75,p95,101,400.5469,29.17151916666728,400.5469,51,54,1.0,0,3,3,0,145.5059051513672,1,0
INSTANCE_019,0.75,p95,202,400.5469,29.17151916666728,400.5469,51,54,1.0,0,3,3,0,154.4656753540039,1,0
INSTANCE_019,0.75,p95,303,400.5469,29.17151916666728,400.5469,51,54,1.0,0,3,3,0,135.49351692199707,1,0
INSTANCE_021,0.25,delay20,101,436.1519,25.62333333333357,430.105,49,53,0.6585839598997494,32,2,0,0,12910.560369491575,0,0
INSTANCE_021,0.25,delay20,202,453.2175,55.7083333333328,430.105,47,53,0.6171992481203008,31,2,0,0,13505.993127822876,0,0
INSTANCE_021,0.25,delay20,303,440.5244,66.11333333333289,430.105,47,53,0.6927944862155389,30,2,0,0,3206.884384155273,0,0
INSTANCE_021,0.25,delay30,101,440.5244,136.0449999999995,430.105,45,53,0.6927944862155389,30,2,0,0,13326.810121536257,0,0
INSTANCE_021,0.25,delay30,202,440.5244,136.0449999999995,430.105,45,53,0.6927944862155389,30,2,0,0,13403.933763504028,0,0
INSTANCE_021,0.25,delay30,303,440.5244,136.0449999999995,430.105,45,53,0.7302944862155389,31,2,0,0,3380.502223968505,0,0
INSTANCE_021,0.25,p85,101,428.41460000000006,22.19687150000084,430.105,50,53,0.6560150375939849,25,2,0,0,14427.216053009031,0,0
INSTANCE_021,0.25,p85,202,447.3803,15.372364000000402,430.105,50,53,0.618765664160401,32,2,0,0,13503.59034538269,0,0
INSTANCE_021,0.25,p85,303,428.41460000000006,22.19687150000084,430.105,50,53,0.6691729323308271,25,2,0,0,3580.1022052764893,0,0
INSTANCE_021,0.25,p95,101,428.41460000000006,102.75726833333464,430.105,46,53,0.7341791979949874,23,2,0,0,13682.37018585205,0,0
INSTANCE_021,0.25,p95,202,447.7179,80.47249333333366,430.105,47,53,0.5859649122807018,31,2,0,0,12823.354721069336,0,0
INSTANCE_021,0.25,p95,303,453.4183,74.68374166666752,430.105,47,53,0.637155388471178,33,2,0,0,3352.2775173187256,0,0
INSTANCE_021,0.5,delay20,101,470.3659,29.6099999999999,430.105,49,53,0.6481227106227105,23,2,0,0,4002.227306365967,0,0
INSTANCE_021,0.5,delay20,202,470.3659,29.6099999999999,430.105,49,53,0.6481227106227105,23,2,0,0,3979.466199874878,0,0
INSTANCE_021,0.5,delay20,303,457.67280000000005,43.24833333333345,430.105,48,53,0.7937271062271063,23,2,0,0,1002.389669418335,0,0
INSTANCE_021,0.5,delay30,101,469.9865,84.38166666666655,430.105,47,53,0.6426282051282051,22,2,0,0,3870.629072189331,0,0
INSTANCE_021,0.5,delay30,202,472.5155,95.77499999999998,430.105,46,53,0.6288919413919414,23,2,0,0,3928.789377212525,0,0
INSTANCE_021,0.5,delay30,303,469.9865,84.38166666666655,430.105,47,53,0.6426282051282051,22,2,0,0,973.456859588623,0,0
INSTANCE_021,0.5,p85,101,466.9547,2.953912333333392,430.105,51,53,0.6087454212454213,22,2,0,0,4286.542892456055,0,0
INSTANCE_021,0.5,p85,202,468.9012,1.964317833333098,430.105,51,53,0.5977564102564102,24,2,0,0,3968.519926071167,0,0
INSTANCE_021,0.5,p85,303,449.9355000000001,10.136846500000274,430.105,50,53,0.7378663003663004,17,2,0,0,1069.788932800293,0,0
INSTANCE_021,0.5,p95,101,469.2388,61.0747466666669,430.105,47,53,0.5620421245421245,23,2,0,0,3903.505086898804,0,0
INSTANCE_021,0.5,p95,202,472.4577000000001,58.13549666666688,430.105,48,53,0.6856684981684982,21,2,0,0,4024.383306503297,0,0
INSTANCE_021,0.5,p95,303,449.9355000000001,72.32695166666747,430.105,47,53,0.7983058608058609,15,2,0,0,1041.8095588684082,0,0
INSTANCE_021,0.75,delay20,101,431.5469,42.74166666666656,430.105,50,53,0.8690476190476191,4,2,1,0,678.084135055542,0,0
INSTANCE_021,0.75,delay20,202,431.5469,42.74166666666656,430.105,50,53,0.8690476190476191,4,2,1,0,794.4366931915283,0,0
INSTANCE_021,0.75,delay20,303,431.5469,42.74166666666656,430.105,50,53,0.8690476190476191,4,2,1,0,212.33296394348145,0,0
INSTANCE_021,0.75,delay30,101,431.5469,77.20666666666682,430.105,49,53,0.8690476190476191,4,2,1,0,690.047025680542,0,0
INSTANCE_021,0.75,delay30,202,431.5469,77.20666666666682,430.105,49,53,0.8690476190476191,4,2,1,0,784.9674224853516,0,0
INSTANCE_021,0.75,delay30,303,431.5469,77.20666666666682,430.105,49,53,0.8690476190476191,4,2,1,0,195.7855224609375,0,0
INSTANCE_021,0.75,p85,101,431.3306,23.032620999999835,430.105,51,53,0.8273809523809523,4,2,1,0,718.3456420898438,0,0
INSTANCE_021,0.75,p85,202,431.3306,23.032620999999835,430.105,51,53,0.8273809523809523,4,2,1,0,909.97576713562,0,0
INSTANCE_021,0.75,p85,303,431.3306,23.032620999999835,430.105,51,53,0.8273809523809523,4,2,1,0,192.63505935668945,0,0
INSTANCE_021,0.75,p95,101,431.5469,47.75534083333321,430.105,50,53,0.8690476190476191,4,2,1,0,717.6125049591064,0,0
INSTANCE_021,0.75,p95,202,431.5469,47.75534083333321,430.105,50,53,0.8690476190476191,4,2,1,0,809.7710609436035,0,0
INSTANCE_021,0.75,p95,303,431.5469,47.75534083333321,430.105,50,53,0.8690476190476191,4,2,1,0,224.23195838928223,0,0
INSTANCE_022,0.25,delay20,101,373.7372,17.73833333333357,347.9764,63,66,0.7828820417055712,29,3,1,0,9554.917335510254,0,0
INSTANCE_022,0.25,delay20,202,372.034,17.17666666666696,347.9764,63,66,0.7556489262371615,26,3,1,0,10114.40658569336,0,0
INSTANCE_022,0.25,delay20,303,372.0667,17.13500000000022,347.9764,63,66,0.7861500155617803,24,3,1,0,2352.269172668457,0,0
INSTANCE_022,0.25,delay30,101,413.5888,38.71333333333371,347.9764,62,66,0.7538437597261126,30,3,1,0,9822.126865386965,0,0
INSTANCE_022,0.25,delay30,202,414.1139,42.23500000000036,347.9764,62,66,0.76364768129474,25,3,1,0,9760.195016860962,0,0
INSTANCE_022,0.25,delay30,303,404.5634,42.01833333333377,347.9764,62,66,0.7854341736694678,31,3,1,0,2345.422506332397,0,0
INSTANCE_022,0.25,p85,101,359.3826,0.7055181666667067,347.9764,65,66,0.803454715219421,24,3,1,0,9394.574403762816,0,0
INSTANCE_022,0.25,p85,202,359.3826,0.7055181666667067,347.9764,65,66,0.803454715219421,24,3,1,0,9592.331171035768,0,0
INSTANCE_022,0.25,p85,303,363.3364,0.7055181666667067,347.9764,65,66,0.803454715219421,26,3,1,0,2217.33832359314,0,0
INSTANCE_022,0.25,p95,101,397.8454,4.129112500000019,347.9764,65,66,0.7687208216619981,30,3,1,0,9906.646251678469,0,0
INSTANCE_022,0.25,p95,202,399.7775,2.78602833333332,347.9764,65,66,0.77416744475568,30,3,1,0,10214.640855789185,0,0
INSTANCE_022,0.25,p95,303,399.8102,2.7321325000000343,347.9764,65,66,0.8035792094615624,31,3,1,0,2339.9782180786133,0,0
INSTANCE_022,0.5,delay20,101,407.7936,2.116666666666788,347.9764,64,66,0.8323232323232324,18,3,1,0,3185.91833114624,0,0
INSTANCE_022,0.5,delay20,202,407.7936,2.116666666666788,347.9764,64,66,0.8323232323232324,18,3,1,0,3083.7295055389404,0,0
INSTANCE_022,0.5,delay20,303,407.7936,2.116666666666788,347.9764,64,66,0.8323232323232324,18,3,1,0,745.2726364135742,0,0
INSTANCE_022,0.5,delay30,101,414.2978,20.310000000000286,347.9764,64,66,0.8026936026936027,19,3,1,0,3029.02889251709,0,0
INSTANCE_022,0.5,delay30,202,414.2978,20.310000000000286,347.9764,64,66,0.8026936026936027,19,3,1,0,2870.546817779541,0,0
INSTANCE_022,0.5,delay30,303,414.2978,20.310000000000286,347.9764,64,66,0.8026936026936027,19,3,1,0,755.760908126831,0,0
INSTANCE_022,0.5,p85,101,365.92680000000007,4.22721550000017,347.9764,65,66,0.8925925925925927,14,3,1,0,3381.0524940490723,0,0
INSTANCE_022,0.5,p85,202,365.92680000000007,4.22721550000017,347.9764,65,66,0.8925925925925927,14,3,1,0,2923.142671585083,0,0
INSTANCE_022,0.5,p85,303,365.92680000000007,4.22721550000017,347.9764,65,66,0.8925925925925927,14,3,1,0,784.0468883514404,0,0
INSTANCE_022,0.5,p95,101,407.551,13.42378916666678,347.9764,64,66,0.8471380471380471,19,3,1,0,3266.077280044556,0,0
INSTANCE_022,0.5,p95,202,407.551,13.42378916666678,347.9764,64,66,0.8471380471380471,19,3,1,0,3271.751165390014,0,0
INSTANCE_022,0.5,p95,303,407.551,13.42378916666678,347.9764,64,66,0.8471380471380471,19,3,1,0,730.5073738098145,0,0
INSTANCE_022,0.75,delay20,101,356.7187,9.993333333333569,347.9764,64,66,0.8555555555555555,4,3,2,0,728.9097309112549,0,0
INSTANCE_022,0.75,delay20,202,356.7187,9.993333333333569,347.9764,64,66,0.8555555555555555,4,3,2,0,723.4349250793457,0,0
INSTANCE_022,0.75,delay20,303,356.7187,9.993333333333569,347.9764,64,66,0.8555555555555555,4,3,2,0,184.2060089111328,0,0
INSTANCE_022,0.75,delay30,101,356.7187,29.993333333333567,347.9764,64,66,0.8555555555555555,4,3,2,0,751.1084079742432,0,0
INSTANCE_022,0.75,delay30,202,356.7187,29.993333333333567,347.9764,64,66,0.8555555555555555,4,3,2,0,757.7831745147705,0,0
INSTANCE_022,0.75,delay30,303,356.7187,29.993333333333567,347.9764,64,66,0.8555555555555555,4,3,2,0,189.7721290588379,0,0
INSTANCE_022,0.75,p85,101,356.7187,0.0,347.9764,66,66,0.8555555555555555,4,3,2,0,704.4847011566162,0,0
INSTANCE_022,0.75,p85,202,356.7187,0.0,347.9764,66,66,0.8555555555555555,4,3,2,0,696.8824863433838,0,0
INSTANCE_022,0.75,p85,303,356.7187,0.0,347.9764,66,66,0.8555555555555555,4,3,2,0,192.14987754821777,0,0
INSTANCE_022,0.75,p95,101,356.7187,6.245953333333318,347.9764,65,66,0.8555555555555555,4,3,2,0,778.3455848693848,0,0
INSTANCE_022,0.75,p95,202,356.7187,6.245953333333318,347.9764,65,66,0.8555555555555555,4,3,2,0,777.4319648742676,0,0
INSTANCE_022,0.75,p95,303,356.7187,6.245953333333318,347.9764,65,66,0.8555555555555555,4,3,2,0,201.9822597503662,0,0
INSTANCE_023,0.25,delay20,101,610.4848000000001,0.0,598.317,83,83,0.7727328431372549,30,4,1,0,2639.143228530884,0,0
INSTANCE_023,0.25,delay20,202,610.4848000000001,0.0,598.317,83,83,0.8593443627450981,24,4,1,0,2574.870109558105,0,0
INSTANCE_023,0.25,delay20,303,610.4848000000001,0.0,598.317,83,83,0.824969362745098,24,4,1,0,2584.138870239258,0,0
INSTANCE_023,0.25,delay30,101,617.4624,9.578333333333376,598.317,82,83,0.8197610294117648,30,4,1,0,2689.582586288452,0,0
INSTANCE_023,0.25,delay30,202,617.4624,9.578333333333376,598.317,82,83,0.8197610294117648,30,4,1,0,2653.4996032714844,0,0
INSTANCE_023,0.25,delay30,303,617.4624,9.578333333333376,598.317,82,83,0.8364276960784314,31,4,1,0,2484.853982925415,0,0
INSTANCE_023,0.25,p85,101,613.2598,0.0,598.317,83,83,0.7573223039215686,30,4,2,0,2681.945323944092,0,0
INSTANCE_023,0.25,p85,202,597.5325,0.0,598.317,83,83,0.8593443627450981,20,4,2,0,2725.647211074829,0,0
INSTANCE_023,0.25,p85,303,612.1348,0.0,598.317,83,83,0.8552083333333333,31,4,2,0,2525.318145751953,0,0
INSTANCE_023,0.25,p95,101,609.1115,0.0,598.317,83,83,0.824969362745098,31,4,1,0,2746.680498123169,0,0
INSTANCE_023,0.25,p95,202,609.1115,0.0,598.317,83,83,0.7821078431372549,34,4,1,0,2751.6770362854004,0,0
INSTANCE_023,0.25,p95,303,609.1115,0.0,598.317,83,83,0.824969362745098,31,4,1,0,2516.637325286865,0,0
INSTANCE_023,0.5,delay20,101,618.4733000000001,0.7733333333335395,598.317,82,83,0.9011363636363636,8,4,1,0,964.3027782440186,0,0
INSTANCE_023,0.5,delay20,202,618.4733000000001,0.7733333333335395,598.317,82,83,0.9011363636363636,8,4,1,0,951.5595436096193,0,0
INSTANCE_023,0.5,delay20,303,618.4733000000001,0.7733333333335395,598.317,82,83,0.9011363636363636,8,4,1,0,1005.258321762085,0,0
INSTANCE_023,0.5,delay30,101,625.4509,8.196666666666715,598.317,82,83,0.8625,15,4,1,0,913.711071014404,0,0
INSTANCE_023,0.5,delay30,202,625.4509,8.196666666666715,598.317,82,83,0.8625,15,4,1,0,848.0002880096436,0,0
INSTANCE_023,0.5,delay30,303,625.4509,8.196666666666715,598.317,82,83,0.8181818181818181,19,4,1,0,825.3796100616455,0,0
INSTANCE_023,0.5,p85,101,603.6455000000001,0.0,598.317,83,83,0.9306818181818182,5,4,2,0,859.2331409454346,0,0
INSTANCE_023,0.5,p85,202,603.6455000000001,0.0,598.317,83,83,0.9306818181818182,5,4,2,0,897.5880146026611,0,0
INSTANCE_023,0.5,p85,303,603.6455000000001,0.0,598.317,83,83,0.9306818181818182,5,4,2,0,780.0836563110352,0,0
INSTANCE_023,0.5,p95,101,613.9694000000001,0.0,598.317,83,83,0.8897727272727273,13,4,1,0,943.5100555419922,0,0
INSTANCE_023,0.5,p95,202,613.9694000000001,0.0,598.317,83,83,0.8897727272727273,13,4,1,0,1061.697244644165,0,0
INSTANCE_023,0.5,p95,303,613.9694000000001,0.0,598.317,83,83,0.8647727272727272,12,4,1,0,859.4315052032471,0,0
INSTANCE_023,0.75,delay20,101,606.9918,0.0,598.317,83,83,0.8416666666666667,6,4,2,0,246.4618682861328,0,0
INSTANCE_023,0.75,delay20,202,606.9918,0.0,598.317,83,83,0.8416666666666667,6,4,2,0,255.44118881225583,0,0
INSTANCE_023,0.75,delay20,303,606.9918,0.0,598.317,83,83,0.8416666666666667,6,4,2,0,250.94151496887207,0,0
INSTANCE_023,0.75,delay30,101,617.5445000000001,0.0,598.317,83,83,0.7583333333333333,11,4,1,0,254.84490394592285,0,0
INSTANCE_023,0.75,delay30,202,617.5445000000001,0.0,598.317,83,83,0.7583333333333333,11,4,1,0,287.853479385376,0,0
INSTANCE_023,0.75,delay30,303,617.5445000000001,0.0,598.317,83,83,0.7583333333333333,11,4,1,0,260.3752613067627,0,0
INSTANCE_023,0.75,p85,101,603.6455000000001,0.0,598.317,83,83,0.85,5,4,2,0,276.7975330352783,0,0
INSTANCE_023,0.75,p85,202,603.6455000000001,0.0,598.317,83,83,0.85,5,4,2,0,261.8257999420166,0,0
INSTANCE_023,0.75,p85,303,603.6455000000001,0.0,598.317,83,83,0.85,5,4,2,0,255.9359073638916,0,0
INSTANCE_023,0.75,p95,101,603.6455000000001,0.0,598.317,83,83,0.85,5,4,2,0,268.7075138092041,0,0
INSTANCE_023,0.75,p95,202,603.6455000000001,0.0,598.317,83,83,0.85,5,4,2,0,268.74542236328125,0,0
INSTANCE_023,0.75,p95,303,603.6455000000001,0.0,598.317,83,83,0.85,5,4,2,0,258.5082054138184,0,0
INSTANCE_025,0.25,delay20,101,394.6044,63.10833333333301,342.96770000000004,57,61,0.6906879352531526,25,2,0,0,20706.58850669861,0,0
INSTANCE_025,0.25,delay20,202,381.401,65.6516666666663,342.96770000000004,55,61,0.8039125729343121,30,2,0,0,17524.603128433228,0,0
INSTANCE_025,0.25,delay20,303,382.3806,65.14166666666631,342.96770000000004,55,61,0.7553406738189347,32,2,0,0,5670.769691467285,0,0
INSTANCE_025,0.25,delay30,101,374.3434,114.95666666666703,342.96770000000004,53,61,0.7097684923771881,33,2,0,0,19286.940574646,0,0
INSTANCE_025,0.25,delay30,202,393.2442,109.51666666666654,342.96770000000004,55,61,0.6844061735366083,30,2,0,0,18757.385969161987,0,0
INSTANCE_025,0.25,delay30,303,393.5073,115.11500000000012,342.96770000000004,54,61,0.7601519856954639,28,2,0,0,5052.544832229614,0,0
INSTANCE_025,0.25,p85,101,378.4852,51.35511650000012,342.96770000000004,56,61,0.8362389422172032,23,2,0,0,20613.31415176392,0,0
INSTANCE_025,0.25,p85,202,382.649,51.3703109999999,342.96770000000004,57,61,0.8344273480143046,32,2,0,0,20041.89395904541,0,0
INSTANCE_025,0.25,p85,303,379.8282,51.646018000000026,342.96770000000004,56,61,0.7909490871447393,23,2,0,0,5522.1216678619385,0,0
INSTANCE_025,0.25,p95,101,386.4874,142.9556000000007,342.96770000000004,54,61,0.70507481648786,26,2,0,0,21141.109228134155,0,0
INSTANCE_025,0.25,p95,202,386.124,142.1579416666674,342.96770000000004,54,61,0.7277197440240919,22,2,0,0,18434.423446655277,0,0
INSTANCE_025,0.25,p95,303,386.124,142.15794166666785,342.96770000000004,54,61,0.7126623376623377,24,2,0,0,4962.039470672607,0,0
INSTANCE_025,0.5,delay20,101,379.9546,47.78999999999985,342.96770000000004,57,61,0.5601190476190476,21,2,0,0,6123.127698898315,0,0
INSTANCE_025,0.5,delay20,202,380.5403,48.29499999999996,342.96770000000004,58,61,0.6613095238095238,23,2,0,0,6164.243698120117,0,0
INSTANCE_025,0.5,delay20,303,379.9546,47.78999999999985,342.96770000000004,57,61,0.6160714285714286,19,2,0,0,1707.4573040008545,0,0
INSTANCE_025,0.5,delay30,101,369.7303,97.42666666666672,342.96770000000004,55,61,0.6839285714285714,23,2,0,0,6191.032648086548,0,0
INSTANCE_025,0.5,delay30,202,380.5403,87.61500000000012,342.96770000000004,56,61,0.6613095238095238,23,2,0,0,6303.635835647583,0,0
INSTANCE_025,0.5,delay30,303,369.7303,97.42666666666672,342.96770000000004,55,61,0.6279761904761905,25,2,0,0,1745.9628582000732,0,0
INSTANCE_025,0.5,p85,101,342.9488,20.062568500000225,342.96770000000004,59,61,0.7726190476190475,8,2,1,0,6129.671812057495,0,0
INSTANCE_025,0.5,p85,202,369.1764,11.642796500000143,342.96770000000004,60,61,0.599404761904762,21,2,0,0,6050.692796707153,0,0
INSTANCE_025,0.5,p85,303,368.4122,12.461354000000368,342.96770000000004,59,61,0.5494047619047618,21,2,0,0,1662.172794342041,0,0
INSTANCE_025,0.5,p95,101,378.9751,45.70105916666694,342.96770000000004,57,61,0.619345238095238,22,2,0,0,6503.74698638916,0,0
INSTANCE_025,0.5,p95,202,380.5403,50.71634500000005,342.96770000000004,58,61,0.7172619047619048,21,2,0,0,6526.11255645752,0,0
INSTANCE_025,0.5,p95,303,379.9546,45.371216666666896,342.96770000000004,57,61,0.6160714285714286,19,2,0,0,1635.1714134216309,0,0
INSTANCE_025,0.75,delay20,101,342.9488,53.35000000000037,342.96770000000004,56,61,0.6428571428571428,6,2,1,0,808.9182376861572,0,0
INSTANCE_025,0.75,delay20,202,342.9488,53.35000000000037,342.96770000000004,56,61,0.6428571428571428,6,2,1,0,793.9310073852539,0,0
INSTANCE_025,0.75,delay20,303,342.9488,53.35000000000037,342.96770000000004,56,61,0.6428571428571428,6,2,1,0,222.5522994995117,0,0
INSTANCE_025,0.75,delay30,101,346.8004,118.26000000000032,342.96770000000004,53,61,0.5803571428571428,15,2,0,0,785.4940891265869,0,0
INSTANCE_025,0.75,delay30,202,346.8004,118.26000000000032,342.96770000000004,53,61,0.5803571428571428,15,2,0,0,801.276683807373,0,0
INSTANCE_025,0.75,delay30,303,346.8004,118.26000000000032,342.96770000000004,53,61,0.5803571428571428,15,2,0,0,231.13274574279785,0,0
INSTANCE_025,0.75,p85,101,346.1913,4.416615999999976,342.96770000000004,59,61,0.6696428571428572,6,2,1,0,781.2290191650391,0,0
INSTANCE_025,0.75,p85,202,346.1913,4.416615999999976,342.96770000000004,59,61,0.6696428571428572,6,2,1,0,763.3664608001709,0,0
INSTANCE_025,0.75,p85,303,346.1914,4.416615999999976,342.96770000000004,59,61,0.7053571428571428,6,2,1,0,227.125883102417,0,0
INSTANCE_025,0.75,p95,101,346.1913,12.870824166666807,342.96770000000004,58,61,0.6696428571428572,6,2,1,0,806.0789108276367,0,0
INSTANCE_025,0.75,p95,202,346.1913,12.870824166666807,342.96770000000004,58,61,0.6696428571428572,6,2,1,0,852.2858619689941,0,0
INSTANCE_025,0.75,p95,303,346.1913,12.870824166666807,342.96770000000004,58,61,0.6696428571428572,6,2,1,0,243.2491779327393,0,0
INSTANCE_026,0.25,delay20,101,378.7349,0.0,375.3776,49,49,0.7887167366946779,22,2,0,0,10315.5255317688,0,0
INSTANCE_026,0.25,delay20,202,378.7349,0.0,375.3776,49,49,0.7887167366946779,22,2,0,0,11206.1128616333,0,0
INSTANCE_026,0.25,delay20,303,394.4505,1.3816666666667743,375.3776,48,49,0.6966999299719887,26,2,0,0,2738.7819290161137,0,0
INSTANCE_026,0.25,delay30,101,383.5453,13.233333333333576,375.3776,46,49,0.7006652661064425,24,2,0,0,10798.54416847229,0,0
INSTANCE_026,0.25,delay30,202,383.5453,12.878333333333783,375.3776,46,49,0.7492296918767507,27,2,0,0,11604.941129684448,0,0
INSTANCE_026,0.25,delay30,303,383.5453,13.233333333333576,375.3776,46,49,0.7006652661064425,24,2,0,0,2874.345302581787,0,0
INSTANCE_026,0.25,p85,101,375.37750000000005,0.0,375.3776,49,49,0.8740808823529411,8,2,1,0,11671.241998672484,0,0
INSTANCE_026,0.25,p85,202,375.37750000000005,0.0,375.3776,49,49,0.9071691176470588,6,2,1,0,11181.537389755247,0,0
INSTANCE_026,0.25,p85,303,375.37750000000005,0.0,375.3776,49,49,0.8740808823529411,8,2,1,0,2499.9334812164307,0,0
INSTANCE_026,0.25,p95,101,379.7229,7.89747750000015,375.3776,47,49,0.6907475490196078,18,2,0,0,11369.20714378357,0,0
INSTANCE_026,0.25,p95,202,375.5028,8.14539833333356,375.3776,47,49,0.7940738795518207,15,2,0,0,11944.095611572266,0,0
INSTANCE_026,0.25,p95,303,375.5733,8.063476666666588,375.3776,47,49,0.7720500700280113,21,2,0,0,2667.9847240448,0,0
INSTANCE_026,0.5,delay20,101,386.0536,0.0,375.3776,49,49,0.6937062937062937,17,2,0,0,3067.4707889556885,0,0
INSTANCE_026,0.5,delay20,202,386.0536,0.0,375.3776,49,49,0.7541458541458541,15,2,0,0,2918.384075164795,0,0
INSTANCE_026,0.5,delay20,303,386.0786000000001,0.0,375.3776,49,49,0.6432317682317682,20,2,0,0,760.7953548431396,0,0
INSTANCE_026,0.5,delay30,101,380.1879,18.79666666666685,375.3776,48,49,0.7383366633366634,10,2,0,0,2947.8416442871094,0,0
INSTANCE_026,0.5,delay30,202,380.1879,18.79666666666685,375.3776,48,49,0.7324425574425575,10,2,0,0,3212.929964065552,0,0
INSTANCE_026,0.5,delay30,303,380.1879,18.79666666666685,375.3776,48,49,0.7104645354645355,10,2,0,0,879.3258666992188,0,0
INSTANCE_026,0.5,p85,101,375.4025,0.0,375.3776,49,49,0.7363636363636363,10,2,1,0,3164.442777633667,0,0
INSTANCE_026,0.5,p85,202,375.37750000000005,0.0,375.3776,49,49,0.8090909090909091,8,2,1,0,3125.479698181153,0,0
INSTANCE_026,0.5,p85,303,375.37750000000005,0.0,375.3776,49,49,0.8636363636363636,6,2,1,0,765.7828330993652,0,0
INSTANCE_026,0.5,p95,101,375.37750000000005,0.0,375.3776,49,49,0.8636363636363636,6,2,1,0,3265.278100967407,0,0
INSTANCE_026,0.5,p95,202,375.37750000000005,0.0,375.3776,49,49,0.8090909090909091,8,2,1,0,3258.2345008850098,0,0
INSTANCE_026,0.5,p95,303,375.37750000000005,0.0,375.3776,49,49,0.8090909090909091,8,2,1,0,808.741569519043,0,0
INSTANCE_026,0.75,delay20,101,375.3776,0.0,375.3776,49,49,1.0,0,2,2,0,554.1849136352539,1,0
INSTANCE_026,0.75,delay20,202,375.3776,0.0,375.3776,49,49,1.0,0,2,2,0,606.576681137085,1,0
INSTANCE_026,0.75,delay20,303,375.3776,0.0,375.3776,49,49,1.0,0,2,2,0,147.5660800933838,1,0
INSTANCE_026,0.75,delay30,101,375.3776,0.0,375.3776,49,49,1.0,0,2,2,0,544.666051864624,1,0
INSTANCE_026,0.75,delay30,202,375.3776,0.0,375.3776,49,49,1.0,0,2,2,0,644.1867351531982,1,0
INSTANCE_026,0.75,delay30,303,375.3776,0.0,375.3776,49,49,1.0,0,2,2,0,157.55987167358398,1,0
INSTANCE_026,0.75,p85,101,375.3776,0.0,375.3776,49,49,1.0,0,2,2,0,551.4020919799805,1,0
INSTANCE_026,0.75,p85,202,375.3776,0.0,375.3776,49,49,1.0,0,2,2,0,640.7551765441895,1,0
INSTANCE_026,0.75,p85,303,375.3776,0.0,375.3776,49,49,1.0,0,2,2,0,154.29377555847168,1,0
INSTANCE_026,0.75,p95,101,375.3776,0.0,375.3776,49,49,1.0,0,2,2,0,556.9555759429932,1,0
INSTANCE_026,0.75,p95,202,375.3776,0.0,375.3776,49,49,1.0,0,2,2,0,579.5283317565918,1,0
INSTANCE_026,0.75,p95,303,375.3776,0.0,375.3776,49,49,1.0,0,2,2,0,147.59373664855957,1,0
INSTANCE_027,0.25,delay20,101,279.07269999999994,25.7800000000002,295.5573999999999,60,64,0.751137751137751,22,2,0,0,23899.922609329224,0,0
INSTANCE_027,0.25,delay20,202,279.07269999999994,25.7800000000002,295.5573999999999,60,64,0.7392329892329892,22,2,0,0,23879.46081161499,0,0
INSTANCE_027,0.25,delay20,303,279.07269999999994,25.7800000000002,295.5573999999999,60,64,0.7446766196766197,24,2,0,0,6986.41562461853,0,0
INSTANCE_027,0.25,delay30,101,279.07269999999994,69.08666666666693,295.5573999999999,59,64,0.7749472749472749,22,2,0,0,23466.792345047,0,0
INSTANCE_027,0.25,delay30,202,279.07269999999994,69.08666666666693,295.5573999999999,59,64,0.751137751137751,22,2,0,0,24238.62361907959,0,0
INSTANCE_027,0.25,delay30,303,279.07269999999994,69.08666666666693,295.5573999999999,59,64,0.7089623339623339,24,2,0,0,6900.6218910217285,0,0
INSTANCE_027,0.25,p85,101,279.07269999999994,6.362020333333362,295.5573999999999,63,64,0.7392329892329892,22,2,0,0,23494.79627609253,0,0
INSTANCE_027,0.25,p85,202,279.0727,6.362020333333362,295.5573999999999,63,64,0.7453888703888704,24,2,0,0,22892.725944519043,0,0
INSTANCE_027,0.25,p85,303,279.07269999999994,6.362020333333362,295.5573999999999,63,64,0.7208670958670959,24,2,0,0,6327.42166519165,0,0
INSTANCE_027,0.25,p95,101,279.07269999999994,20.260197500000345,295.5573999999999,62,64,0.7749472749472749,22,2,0,0,24465.182065963745,0,0
INSTANCE_027,0.25,p95,202,279.07269999999994,20.260197500000345,295.5573999999999,62,64,0.7208670958670959,24,2,0,0,25353.97863388061,0,0
INSTANCE_027,0.25,p95,303,279.07269999999994,20.260197500000345,295.5573999999999,62,64,0.7016363266363266,26,2,0,0,6702.219247817993,0,0
INSTANCE_027,0.5,delay20,101,279.6059,25.995000000000232,295.5573999999999,61,64,0.7202380952380952,15,2,1,0,6889.014720916748,0,0
INSTANCE_027,0.5,delay20,202,279.07269999999994,25.606666666667024,295.5573999999999,61,64,0.59593837535014,22,2,0,0,7286.361217498779,0,0
INSTANCE_027,0.5,delay20,303,279.07269999999994,25.606666666667024,295.5573999999999,61,64,0.59593837535014,22,2,0,0,2330.8629989624023,0,0
INSTANCE_027,0.5,delay30,101,279.07269999999994,58.91333333333375,295.5573999999999,60,64,0.59593837535014,22,2,0,0,7457.025766372681,0,0
INSTANCE_027,0.5,delay30,202,279.07269999999994,58.91333333333375,295.5573999999999,60,64,0.59593837535014,22,2,0,0,7154.787540435791,0,0
INSTANCE_027,0.5,delay30,303,279.07269999999994,58.91333333333375,295.5573999999999,60,64,0.59593837535014,22,2,0,0,2322.216033935547,0,0
INSTANCE_027,0.5,p85,101,279.07269999999994,1.618762833333335,295.5573999999999,63,64,0.6316526610644257,22,2,0,0,6365.139007568359,0,0
INSTANCE_027,0.5,p85,202,279.07269999999994,1.618762833333335,295.5573999999999,63,64,0.6316526610644257,22,2,0,0,7624.8533725738525,0,0
INSTANCE_027,0.5,p85,303,279.0727,1.618762833333335,295.5573999999999,63,64,0.5323295985060691,24,2,0,0,2298.5167503356934,0,0
INSTANCE_027,0.5,p95,101,279.6059,3.477050833333351,295.5573999999999,63,64,0.7738095238095238,15,2,1,0,7349.140167236328,0,0
INSTANCE_027,0.5,p95,202,279.07269999999994,3.477050833333351,295.5573999999999,63,64,0.5780812324929971,22,2,0,0,7190.73224067688,0,0
INSTANCE_027,0.5,p95,303,279.07269999999994,3.477050833333351,295.5573999999999,63,64,0.5780812324929971,22,2,0,0,2421.1995601654053,0,0
INSTANCE_027,0.75,delay20,101,295.5574,3.4933333333333394,295.5573999999999,63,64,0.7857142857142857,6,2,1,0,1248.0206489562988,0,0
INSTANCE_027,0.75,delay20,202,295.5574,3.4933333333333394,295.5573999999999,63,64,0.7857142857142857,6,2,1,0,1150.8188247680664,0,0
INSTANCE_027,0.75,delay20,303,295.5574,3.4933333333333394,295.5573999999999,63,64,0.7142857142857143,5,2,1,0,370.795488357544,0,0
INSTANCE_027,0.75,delay30,101,295.5574,22.561666666666497,295.5573999999999,61,64,0.7857142857142857,6,2,1,0,1129.059076309204,0,0
INSTANCE_027,0.75,delay30,202,295.5574,22.561666666666497,295.5573999999999,61,64,0.7857142857142857,6,2,1,0,1170.3646183013916,0,0
INSTANCE_027,0.75,delay30,303,295.5574,22.561666666666497,295.5573999999999,61,64,0.7857142857142857,6,2,1,0,357.6381206512451,0,0
INSTANCE_027,0.75,p85,101,295.55729999999994,0.0,295.5573999999999,64,64,0.8839285714285714,2,2,1,0,1181.7398071289062,0,0
INSTANCE_027,0.75,p85,202,295.55729999999994,0.0,295.5573999999999,64,64,0.7589285714285714,5,2,1,0,1030.0116539001465,0,0
INSTANCE_027,0.75,p85,303,295.55729999999994,0.0,295.5573999999999,64,64,0.8839285714285714,2,2,1,0,372.8580474853516,0,0
INSTANCE_027,0.75,p95,101,295.55729999999994,0.0,295.5573999999999,64,64,0.75,4,2,1,0,1270.826816558838,0,0
INSTANCE_027,0.75,p95,202,295.55729999999994,0.0,295.5573999999999,64,64,0.75,4,2,1,0,1102.1957397460938,0,0
INSTANCE_027,0.75,p95,303,295.55729999999994,0.0,295.5573999999999,64,64,0.75,4,2,1,0,362.3964786529541,0,0
INSTANCE_028,0.25,delay20,101,311.79310000000004,100.48833333333287,306.9923,57,64,0.8722943722943723,12,2,1,0,24489.65120315552,0,0
INSTANCE_028,0.25,delay20,202,311.79310000000004,100.48833333333287,306.9923,57,64,0.8971861471861472,9,2,1,0,23396.87991142273,0,0
INSTANCE_028,0.25,delay20,303,311.79310000000004,100.48833333333287,306.9923,57,64,0.8582251082251082,13,2,1,0,6708.232402801514,0,0
INSTANCE_028,0.25,delay30,101,311.79310000000004,183.6733333333326,306.9923,54,64,0.8603896103896104,11,2,1,0,23821.81692123413,0,0
INSTANCE_028,0.25,delay30,202,311.79310000000004,183.6733333333326,306.9923,54,64,0.8971861471861472,9,2,1,0,24133.684158325195,0,0
INSTANCE_028,0.25,delay30,303,311.79310000000004,183.6733333333326,306.9923,54,64,0.9090909090909092,10,2,1,0,6475.166797637939,0,0
INSTANCE_028,0.25,p85,101,311.79310000000004,71.02632399999993,306.9923,58,64,0.8961038961038961,9,2,1,0,22873.09432029724,0,0
INSTANCE_028,0.25,p85,202,311.79310000000004,71.02632400000016,306.9923,58,64,0.8722943722943723,11,2,1,0,23853.8498878479,0,0
INSTANCE_028,0.25,p85,303,311.79310000000004,71.02632400000016,306.9923,58,64,0.8354978354978355,13,2,1,0,6644.721984863281,0,0
INSTANCE_028,0.25,p95,101,311.79310000000004,175.74035416666732,306.9923,54,64,0.8463203463203464,13,2,1,0,22668.476581573486,0,0
INSTANCE_028,0.25,p95,202,311.79310000000004,175.74035416666732,306.9923,54,64,0.8344155844155844,13,2,1,0,24911.02933883667,0,0
INSTANCE_028,0.25,p95,303,311.79310000000004,175.74035416666823,306.9923,54,64,0.8354978354978355,13,2,1,0,6246.190309524536,0,0
INSTANCE_028,0.5,delay20,101,307.43500000000006,86.39999999999964,306.9923,58,64,0.8988095238095238,7,2,1,0,8022.246599197388,0,0
INSTANCE_028,0.5,delay20,202,307.43500000000006,86.39999999999964,306.9923,58,64,0.9547619047619048,5,2,1,0,7866.254329681396,0,0
INSTANCE_028,0.5,delay20,303,307.43500000000006,86.39999999999964,306.9923,58,64,0.9547619047619048,5,2,1,0,2170.173406600952,0,0
INSTANCE_028,0.5,delay30,101,307.43500000000006,159.92666666666605,306.9923,55,64,0.9547619047619048,5,2,1,0,7704.051494598389,0,0
INSTANCE_028,0.5,delay30,202,307.43500000000006,159.92666666666605,306.9923,55,64,0.9547619047619048,5,2,1,0,7944.202661514282,0,0
INSTANCE_028,0.5,delay30,303,307.43500000000006,159.92666666666605,306.9923,55,64,0.8988095238095238,7,2,1,0,2428.932905197144,0,0
INSTANCE_028,0.5,p85,101,307.43500000000006,35.09670733333314,306.9923,60,64,0.9547619047619048,5,2,1,0,8091.6907787323,0,0
INSTANCE_028,0.5,p85,202,307.43500000000006,35.09670733333314,306.9923,60,64,0.9547619047619048,5,2,1,0,7511.397361755371,0,0
INSTANCE_028,0.5,p85,303,307.43500000000006,35.09670733333314,306.9923,60,64,0.8988095238095238,7,2,1,0,2322.6962089538574,0,0
INSTANCE_028,0.5,p95,101,307.43500000000006,77.2467058333333,306.9923,59,64,0.8428571428571429,9,2,1,0,8144.754886627197,0,0
INSTANCE_028,0.5,p95,202,307.43500000000006,77.24670583333375,306.9923,59,64,0.9547619047619048,5,2,1,0,8272.095203399658,0,0
INSTANCE_028,0.5,p95,303,307.43500000000006,77.24670583333375,306.9923,59,64,0.8988095238095238,7,2,1,0,2317.9867267608643,0,0
INSTANCE_028,0.75,delay20,101,307.43500000000006,63.66333333333319,306.9923,60,64,0.8928571428571429,5,2,1,0,1102.4339199066162,0,0
INSTANCE_028,0.75,delay20,202,307.43500000000006,63.66333333333319,306.9923,60,64,0.8928571428571429,5,2,1,0,1156.2550067901611,0,0
INSTANCE_028,0.75,delay20,303,307.43500000000006,63.66333333333319,306.9923,60,64,0.8928571428571429,5,2,1,0,369.0152168273926,0,0
INSTANCE_028,0.75,delay30,101,307.43500000000006,112.29833333333306,306.9923,58,64,0.8928571428571429,5,2,1,0,1088.3708000183103,0,0
INSTANCE_028,0.75,delay30,202,307.43500000000006,112.29833333333306,306.9923,58,64,0.8928571428571429,5,2,1,0,1160.064935684204,0,0
INSTANCE_028,0.75,delay30,303,307.43500000000006,112.29833333333306,306.9923,58,64,0.8928571428571429,5,2,1,0,377.8917789459229,0,0
INSTANCE_028,0.75,p85,101,307.43500000000006,16.957107666666616,306.9923,62,64,0.8928571428571429,5,2,1,0,1015.9997940063477,0,0
INSTANCE_028,0.75,p85,202,307.43500000000006,16.957107666666616,306.9923,62,64,0.8928571428571429,5,2,1,0,1033.191442489624,0,0
INSTANCE_028,0.75,p85,303,307.43500000000006,16.957107666666616,306.9923,62,64,0.8928571428571429,5,2,1,0,361.8688583374024,0,0
INSTANCE_028,0.75,p95,101,307.43500000000006,25.670398333333424,306.9923,62,64,0.8928571428571429,5,2,1,0,1109.0128421783447,0,0
INSTANCE_028,0.75,p95,202,307.43500000000006,25.670398333333424,306.9923,62,64,0.8928571428571429,5,2,1,0,1070.8932876586914,0,0
INSTANCE_028,0.75,p95,303,307.43500000000006,25.670398333333424,306.9923,62,64,0.8928571428571429,5,2,1,0,405.3092002868652,0,0
INSTANCE_029,0.25,delay20,101,287.9775,7.78666666666652,269.3807,44,45,0.4525691699604743,29,2,0,0,8738.049983978271,0,0
INSTANCE_029,0.25,delay20,202,287.9775,7.78666666666652,269.3807,44,45,0.4525691699604743,29,2,0,0,8522.93062210083,0,0
INSTANCE_029,0.25,delay20,303,288.1319,7.786666666666633,269.3807,44,45,0.7452239789196311,24,2,0,0,2322.7474689483643,0,0
INSTANCE_029,0.25,delay30,101,287.9775,27.581666666666703,269.3807,43,45,0.475296442687747,28,2,0,0,7868.624448776245,0,0
INSTANCE_029,0.25,delay30,202,287.9775,27.581666666666592,269.3807,43,45,0.4762845849802372,27,2,0,0,9715.675592422484,0,0
INSTANCE_029,0.25,delay30,303,287.9775,27.581666666666703,269.3807,43,45,0.4515810276679842,28,2,0,0,2610.316514968872,0,0
INSTANCE_029,0.25,p85,101,281.7234,1.9306248333331268,269.3807,43,45,0.5434782608695652,16,2,0,0,7919.821739196777,0,0
INSTANCE_029,0.25,p85,202,285.6305,1.9306248333331268,269.3807,43,45,0.7621870882740448,16,2,0,0,9146.308183670044,0,0
INSTANCE_029,0.25,p85,303,278.8848,1.9306248333331268,269.3807,43,45,0.7669631093544137,12,2,0,0,2437.276124954224,0,0
INSTANCE_029,0.25,p95,101,285.29049999999995,25.219730833333983,269.3807,43,45,0.4832015810276679,27,2,0,0,9342.745304107666,0,0
INSTANCE_029,0.25,p95,202,285.1538,25.219730833333983,269.3807,43,45,0.5069169960474309,25,2,0,0,9378.510475158691,0,0
INSTANCE_029,0.25,p95,303,285.29049999999995,25.219730833333983,269.3807,43,45,0.4832015810276679,27,2,0,0,2339.0288352966318,0,0
INSTANCE_029,0.5,delay20,101,288.0819,15.19166666666672,269.3807,43,45,0.6160714285714286,7,2,1,0,2714.358329772949,0,0
INSTANCE_029,0.5,delay20,202,276.9911,16.231666666666797,269.3807,42,45,0.9017857142857144,4,2,1,0,3442.083835601806,0,0
INSTANCE_029,0.5,delay20,303,276.9911,16.231666666666797,269.3807,42,45,0.9017857142857144,4,2,1,0,791.344165802002,0,0
INSTANCE_029,0.5,delay30,101,294.3572,35.19166666666672,269.3807,43,45,0.6785714285714286,7,2,1,0,2676.6903400421143,0,0
INSTANCE_029,0.5,delay30,202,303.0507,35.19166666666672,269.3807,43,45,0.6785714285714286,5,2,1,0,3172.1725463867188,0,0
INSTANCE_029,0.5,delay30,303,294.3572,35.19166666666672,269.3807,43,45,0.6785714285714286,7,2,1,0,827.5067806243896,0,0
INSTANCE_029,0.5,p85,101,276.9911,0.0,269.3807,45,45,0.9017857142857144,4,2,1,0,2684.572696685791,0,0
INSTANCE_029,0.5,p85,202,276.9911,0.0,269.3807,45,45,0.9017857142857144,4,2,1,0,3602.869749069214,0,0
INSTANCE_029,0.5,p85,303,276.9911,0.0,269.3807,45,45,0.9017857142857144,4,2,1,0,902.3435115814208,0,0
INSTANCE_029,0.5,p95,101,288.0819,7.777846666667074,269.3807,44,45,0.6160714285714286,7,2,1,0,2734.071969985962,0,0
INSTANCE_029,0.5,p95,202,288.0819,7.777846666667074,269.3807,44,45,0.6160714285714286,7,2,1,0,3237.687587738038,0,0
INSTANCE_029,0.5,p95,303,291.2547,7.777846666667074,269.3807,44,45,0.8125,8,2,1,0,856.9037914276123,0,0
INSTANCE_029,0.75,delay20,101,276.9911,3.1033333333334667,269.3807,43,45,0.7916666666666666,4,2,1,0,510.5712413787842,0,0
INSTANCE_029,0.75,delay20,202,276.9911,3.1033333333334667,269.3807,43,45,0.7916666666666666,4,2,1,0,501.1281967163086,0,0
INSTANCE_029,0.75,delay20,303,276.9911,3.1033333333334667,269.3807,43,45,0.7916666666666666,4,2,1,0,135.8349323272705,0,0
INSTANCE_029,0.75,delay30,101,276.9911,23.103333333333467,269.3807,43,45,0.7916666666666666,4,2,1,0,521.5754508972168,0,0
INSTANCE_029,0.75,delay30,202,276.9911,23.103333333333467,269.3807,43,45,0.7916666666666666,4,2,1,0,542.447566986084,0,0
INSTANCE_029,0.75,delay30,303,276.9911,23.103333333333467,269.3807,43,45,0.7916666666666666,4,2,1,0,143.3854103088379,0,0
INSTANCE_029,0.75,p85,101,276.95719999999994,0.0,269.3807,45,45,0.488095238095238,9,2,0,0,417.50144958496094,0,0
INSTANCE_029,0.75,p85,202,276.95719999999994,0.0,269.3807,45,45,0.5238095238095237,10,2,0,0,525.6891250610352,0,0
INSTANCE_029,0.75,p85,303,276.95719999999994,0.0,269.3807,45,45,0.5595238095238095,8,2,0,0,135.5280876159668,0,0
INSTANCE_029,0.75,p95,101,276.9911,0.0,269.3807,45,45,0.7916666666666666,4,2,1,0,504.9557685852051,0,0
INSTANCE_029,0.75,p95,202,276.9911,0.0,269.3807,45,45,0.7916666666666666,4,2,1,0,500.4394054412842,0,0
INSTANCE_029,0.75,p95,303,276.9911,0.0,269.3807,45,45,0.7916666666666666,4,2,1,0,138.67688179016113,0,0
INSTANCE_031,0.25,delay20,101,175.94059999999996,63.42166666666799,198.47240000000005,25,29,0.6103896103896104,14,1,0,0,7195.6164836883545,0,0
INSTANCE_031,0.25,delay20,202,175.94059999999996,63.42166666666799,198.47240000000005,25,29,0.6103896103896104,14,1,0,0,8669.654369354248,0,0
INSTANCE_031,0.25,delay20,303,175.94059999999996,63.42166666666799,198.47240000000005,25,29,0.6103896103896104,14,1,0,0,2175.8835315704346,0,0
INSTANCE_031,0.25,delay30,101,206.7646,106.41666666666777,198.47240000000005,24,29,0.6277056277056277,18,1,0,0,7225.799560546875,0,0
INSTANCE_031,0.25,delay30,202,206.7646,106.41666666666777,198.47240000000005,24,29,0.6277056277056277,18,1,0,0,8536.572933197021,0,0
INSTANCE_031,0.25,delay30,303,206.7646,106.41666666666777,198.47240000000005,24,29,0.6277056277056277,18,1,0,0,2432.7921867370605,0,0
INSTANCE_031,0.25,p85,101,175.94059999999996,42.5001385000013,198.47240000000005,26,29,0.6103896103896104,14,1,0,0,6582.476854324341,0,0
INSTANCE_031,0.25,p85,202,175.94059999999996,42.5001385000013,198.47240000000005,26,29,0.6103896103896104,14,1,0,0,7656.213521957397,0,0
INSTANCE_031,0.25,p85,303,175.94059999999996,42.5001385000013,198.47240000000005,26,29,0.6103896103896104,14,1,0,0,2344.124794006348,0,0
INSTANCE_031,0.25,p95,101,175.94059999999996,84.98456083333417,198.47240000000005,25,29,0.6103896103896104,14,1,0,0,6580.182790756226,0,0
INSTANCE_031,0.25,p95,202,175.94059999999996,84.98456083333417,198.47240000000005,25,29,0.6103896103896104,14,1,0,0,8255.911827087402,0,0
INSTANCE_031,0.25,p95,303,175.94059999999996,84.98456083333417,198.47240000000005,25,29,0.6103896103896104,14,1,0,0,2126.550436019897,0,0
INSTANCE_031,0.5,delay20,101,198.3571,92.8666666666677,198.47240000000005,24,29,0.7785714285714286,11,1,0,0,2415.677785873413,0,0
INSTANCE_031,0.5,delay20,202,198.3571,92.8666666666677,198.47240000000005,24,29,0.8547619047619048,9,1,0,0,2743.916273117065,0,0
INSTANCE_031,0.5,delay20,303,198.3571,92.8666666666677,198.47240000000005,24,29,0.7785714285714286,11,1,0,0,747.8656768798828,0,0
INSTANCE_031,0.5,delay30,101,209.0973,137.8833333333348,198.47240000000005,24,29,0.4857142857142857,14,1,0,0,2388.1776332855225,0,0
INSTANCE_031,0.5,delay30,202,209.0973,137.8833333333348,198.47240000000005,24,29,0.4857142857142857,14,1,0,0,2892.2719955444336,0,0
INSTANCE_031,0.5,delay30,303,209.0973,137.8833333333348,198.47240000000005,24,29,0.4857142857142857,14,1,0,0,727.4618148803711,0,0
INSTANCE_031,0.5,p85,101,198.3571,41.04093050000165,198.47240000000005,25,29,0.8547619047619048,9,1,0,0,2526.6592502593994,0,0
INSTANCE_031,0.5,p85,202,198.3571,41.04093050000165,198.47240000000005,25,29,0.8547619047619048,9,1,0,0,2862.898826599121,0,0
INSTANCE_031,0.5,p85,303,198.3571,41.04093050000165,198.47240000000005,25,29,0.8547619047619048,9,1,0,0,841.2389755249023,0,0
INSTANCE_031,0.5,p95,101,198.3571,74.81675833333509,198.47240000000005,24,29,0.7785714285714286,11,1,0,0,2371.746778488159,0,0
INSTANCE_031,0.5,p95,202,198.3571,74.81675833333566,198.47240000000005,24,29,0.8547619047619048,9,1,0,0,2665.447235107422,0,0
INSTANCE_031,0.5,p95,303,198.3571,74.81675833333509,198.47240000000005,24,29,0.7785714285714286,11,1,0,0,813.5292530059814,0,0
INSTANCE_031,0.75,delay20,101,198.47240000000005,93.90666666666824,198.47240000000005,24,29,1.0,0,1,1,0,309.4961643218994,1,0
INSTANCE_031,0.75,delay20,202,198.47240000000005,93.90666666666824,198.47240000000005,24,29,1.0,0,1,1,0,339.8275375366211,1,0
INSTANCE_031,0.75,delay20,303,198.47240000000005,93.90666666666824,198.47240000000005,24,29,1.0,0,1,1,0,123.49081039428712,1,0
INSTANCE_031,0.75,delay30,101,198.47240000000005,155.67333333333556,198.47240000000005,22,29,1.0,0,1,1,0,324.429988861084,1,0
INSTANCE_031,0.75,delay30,202,198.47240000000005,155.67333333333556,198.47240000000005,22,29,1.0,0,1,1,0,373.1677532196045,1,0
INSTANCE_031,0.75,delay30,303,198.47240000000005,155.67333333333556,198.47240000000005,22,29,1.0,0,1,1,0,121.13356590270996,1,0
INSTANCE_031,0.75,p85,101,198.47240000000005,18.12774883333418,198.47240000000005,27,29,1.0,0,1,1,0,300.5707263946533,1,0
INSTANCE_031,0.75,p85,202,198.47240000000005,18.12774883333418,198.47240000000005,27,29,1.0,0,1,1,0,352.6840209960937,1,0
INSTANCE_031,0.75,p85,303,198.47240000000005,18.12774883333418,198.47240000000005,27,29,1.0,0,1,1,0,119.51375007629396,1,0
INSTANCE_031,0.75,p95,101,198.47240000000005,20.06647250000105,198.47240000000005,26,29,1.0,0,1,1,0,287.7945899963379,1,0
INSTANCE_031,0.75,p95,202,198.47240000000005,20.06647250000105,198.47240000000005,26,29,1.0,0,1,1,0,398.4131813049317,1,0
INSTANCE_031,0.75,p95,303,198.47240000000005,20.06647250000105,198.47240000000005,26,29,1.0,0,1,1,0,114.72177505493164,1,0
INSTANCE_032,0.25,delay20,101,194.3976,0.0,194.3976,21,21,1.0,0,1,1,0,2567.643880844116,1,0
INSTANCE_032,0.25,delay20,202,194.3976,0.0,194.3976,21,21,1.0,0,1,1,0,3176.361083984375,1,0
INSTANCE_032,0.25,delay20,303,194.3976,0.0,194.3976,21,21,1.0,0,1,1,0,587.0473384857178,1,0
INSTANCE_032,0.25,delay30,101,194.3976,0.0,194.3976,21,21,1.0,0,1,1,0,2603.0569076538086,1,0
INSTANCE_032,0.25,delay30,202,194.3976,0.0,194.3976,21,21,1.0,0,1,1,0,3205.032587051392,1,0
INSTANCE_032,0.25,delay30,303,194.3976,0.0,194.3976,21,21,1.0,0,1,1,0,662.3148918151855,1,0
INSTANCE_032,0.25,p85,101,194.3976,0.0,194.3976,21,21,1.0,0,1,1,0,2695.198774337769,1,0
INSTANCE_032,0.25,p85,202,194.3976,0.0,194.3976,21,21,1.0,0,1,1,0,3248.7027645111084,1,0
INSTANCE_032,0.25,p85,303,194.3976,0.0,194.3976,21,21,1.0,0,1,1,0,677.6955127716064,1,0
INSTANCE_032,0.25,p95,101,194.3976,0.7102574999998978,194.3976,20,21,1.0,0,1,1,0,2778.0137062072754,1,0
INSTANCE_032,0.25,p95,202,194.3976,0.7102574999998978,194.3976,20,21,1.0,0,1,1,0,3317.7618980407715,1,0
INSTANCE_032,0.25,p95,303,194.3976,0.7102574999998978,194.3976,20,21,1.0,0,1,1,0,707.2272300720215,1,0
INSTANCE_032,0.5,delay20,101,194.3976,0.0,194.3976,21,21,1.0,0,1,1,0,812.3569488525391,1,0
INSTANCE_032,0.5,delay20,202,194.3976,0.0,194.3976,21,21,1.0,0,1,1,0,1092.8871631622314,1,0
INSTANCE_032,0.5,delay20,303,194.3976,0.0,194.3976,21,21,1.0,0,1,1,0,215.00444412231445,1,0
INSTANCE_032,0.5,delay30,101,194.3976,0.0,194.3976,21,21,1.0,0,1,1,0,874.6223449707031,1,0
INSTANCE_032,0.5,delay30,202,194.3976,0.0,194.3976,21,21,1.0,0,1,1,0,1040.6038761138916,1,0
INSTANCE_032,0.5,delay30,303,194.3976,0.0,194.3976,21,21,1.0,0,1,1,0,222.4602699279785,1,0
INSTANCE_032,0.5,p85,101,194.3976,0.0,194.3976,21,21,1.0,0,1,1,0,756.321907043457,1,0
INSTANCE_032,0.5,p85,202,194.3976,0.0,194.3976,21,21,1.0,0,1,1,0,977.9293537139891,1,0
INSTANCE_032,0.5,p85,303,194.3976,0.0,194.3976,21,21,1.0,0,1,1,0,220.2544212341309,1,0
INSTANCE_032,0.5,p95,101,194.3976,0.0,194.3976,21,21,1.0,0,1,1,0,768.5286998748779,1,0
INSTANCE_032,0.5,p95,202,194.3976,0.0,194.3976,21,21,1.0,0,1,1,0,1036.5841388702393,1,0
INSTANCE_032,0.5,p95,303,194.3976,0.0,194.3976,21,21,1.0,0,1,1,0,213.9112949371338,1,0
INSTANCE_032,0.75,delay20,101,194.3976,0.0,194.3976,21,21,1.0,0,1,1,0,243.10755729675293,1,0
INSTANCE_032,0.75,delay20,202,194.3976,0.0,194.3976,21,21,1.0,0,1,1,0,271.8842029571533,1,0
INSTANCE_032,0.75,delay20,303,194.3976,0.0,194.3976,21,21,1.0,0,1,1,0,65.5663013458252,1,0
INSTANCE_032,0.75,delay30,101,194.3976,0.0,194.3976,21,21,1.0,0,1,1,0,260.7612609863281,1,0
INSTANCE_032,0.75,delay30,202,194.3976,0.0,194.3976,21,21,1.0,0,1,1,0,285.2175235748291,1,0
INSTANCE_032,0.75,delay30,303,194.3976,0.0,194.3976,21,21,1.0,0,1,1,0,66.60008430480957,1,0
INSTANCE_032,0.75,p85,101,194.3976,0.0,194.3976,21,21,1.0,0,1,1,0,282.96661376953125,1,0
INSTANCE_032,0.75,p85,202,194.3976,0.0,194.3976,21,21,1.0,0,1,1,0,303.1136989593506,1,0
INSTANCE_032,0.75,p85,303,194.3976,0.0,194.3976,21,21,1.0,0,1,1,0,67.21973419189453,1,0
INSTANCE_032,0.75,p95,101,194.3976,0.0,194.3976,21,21,1.0,0,1,1,0,262.34936714172363,1,0
INSTANCE_032,0.75,p95,202,194.3976,0.0,194.3976,21,21,1.0,0,1,1,0,296.5855598449707,1,0
INSTANCE_032,0.75,p95,303,194.3976,0.0,194.3976,21,21,1.0,0,1,1,0,67.47913360595703,1,0
INSTANCE_033,0.25,delay20,101,124.08550000000002,0.0,124.08550000000002,22,22,1.0,0,1,1,0,2173.1293201446533,1,0
INSTANCE_033,0.25,delay20,202,124.08550000000002,0.0,124.08550000000002,22,22,1.0,0,1,1,0,2674.809217453003,1,0
INSTANCE_033,0.25,delay20,303,124.08550000000002,0.0,124.08550000000002,22,22,1.0,0,1,1,0,596.4381694793701,1,0
INSTANCE_033,0.25,delay30,101,124.08550000000002,0.0,124.08550000000002,22,22,1.0,0,1,1,0,2069.638967514038,1,0
INSTANCE_033,0.25,delay30,202,124.08550000000002,0.0,124.08550000000002,22,22,1.0,0,1,1,0,2694.365262985229,1,0
INSTANCE_033,0.25,delay30,303,124.08550000000002,0.0,124.08550000000002,22,22,1.0,0,1,1,0,583.4915637969971,1,0
INSTANCE_033,0.25,p85,101,124.08550000000002,0.0,124.08550000000002,22,22,1.0,0,1,1,0,2357.788324356079,1,0
INSTANCE_033,0.25,p85,202,124.08550000000002,0.0,124.08550000000002,22,22,1.0,0,1,1,0,2264.280319213867,1,0
INSTANCE_033,0.25,p85,303,124.08550000000002,0.0,124.08550000000002,22,22,1.0,0,1,1,0,505.3763389587402,1,0
INSTANCE_033,0.25,p95,101,124.08550000000002,0.0,124.08550000000002,22,22,1.0,0,1,1,0,2253.446578979492,1,0
INSTANCE_033,0.25,p95,202,124.08550000000002,0.0,124.08550000000002,22,22,1.0,0,1,1,0,2875.598192214966,1,0
INSTANCE_033,0.25,p95,303,124.08550000000002,0.0,124.08550000000002,22,22,1.0,0,1,1,0,654.789924621582,1,0
INSTANCE_033,0.5,delay20,101,124.08550000000002,0.0,124.08550000000002,22,22,1.0,0,1,1,0,572.1797943115234,1,0
INSTANCE_033,0.5,delay20,202,124.08550000000002,0.0,124.08550000000002,22,22,1.0,0,1,1,0,695.9288120269775,1,0
INSTANCE_033,0.5,delay20,303,124.08550000000002,0.0,124.08550000000002,22,22,1.0,0,1,1,0,158.67042541503906,1,0
INSTANCE_033,0.5,delay30,101,124.08550000000002,0.0,124.08550000000002,22,22,1.0,0,1,1,0,582.4666023254395,1,0
INSTANCE_033,0.5,delay30,202,124.08550000000002,0.0,124.08550000000002,22,22,1.0,0,1,1,0,693.07541847229,1,0
INSTANCE_033,0.5,delay30,303,124.08550000000002,0.0,124.08550000000002,22,22,1.0,0,1,1,0,161.76176071166992,1,0
INSTANCE_033,0.5,p85,101,124.08550000000002,0.0,124.08550000000002,22,22,1.0,0,1,1,0,569.0517425537109,1,0
INSTANCE_033,0.5,p85,202,124.08550000000002,0.0,124.08550000000002,22,22,1.0,0,1,1,0,713.4275436401367,1,0
INSTANCE_033,0.5,p85,303,124.08550000000002,0.0,124.08550000000002,22,22,1.0,0,1,1,0,165.14921188354492,1,0
INSTANCE_033,0.5,p95,101,124.08550000000002,0.0,124.08550000000002,22,22,1.0,0,1,1,0,558.0198764801025,1,0
INSTANCE_033,0.5,p95,202,124.08550000000002,0.0,124.08550000000002,22,22,1.0,0,1,1,0,621.9136714935303,1,0
INSTANCE_033,0.5,p95,303,124.08550000000002,0.0,124.08550000000002,22,22,1.0,0,1,1,0,181.2880039215088,1,0
INSTANCE_033,0.75,delay20,101,124.08550000000002,0.0,124.08550000000002,22,22,1.0,0,1,1,0,207.8850269317627,1,0
INSTANCE_033,0.75,delay20,202,124.08550000000002,0.0,124.08550000000002,22,22,1.0,0,1,1,0,264.7130489349365,1,0
INSTANCE_033,0.75,delay20,303,124.08550000000002,0.0,124.08550000000002,22,22,1.0,0,1,1,0,60.359954833984375,1,0
INSTANCE_033,0.75,delay30,101,124.08550000000002,0.0,124.08550000000002,22,22,1.0,0,1,1,0,219.0241813659668,1,0
INSTANCE_033,0.75,delay30,202,124.08550000000002,0.0,124.08550000000002,22,22,1.0,0,1,1,0,260.7765197753906,1,0
INSTANCE_033,0.75,delay30,303,124.08550000000002,0.0,124.08550000000002,22,22,1.0,0,1,1,0,61.4013671875,1,0
INSTANCE_033,0.75,p85,101,124.08550000000002,0.0,124.08550000000002,22,22,1.0,0,1,1,0,218.1422710418701,1,0
INSTANCE_033,0.75,p85,202,124.08550000000002,0.0,124.08550000000002,22,22,1.0,0,1,1,0,233.4990501403809,1,0
INSTANCE_033,0.75,p85,303,124.08550000000002,0.0,124.08550000000002,22,22,1.0,0,1,1,0,65.29116630554199,1,0
INSTANCE_033,0.75,p95,101,124.08550000000002,0.0,124.08550000000002,22,22,1.0,0,1,1,0,221.0097312927246,1,0
INSTANCE_033,0.75,p95,202,124.08550000000002,0.0,124.08550000000002,22,22,1.0,0,1,1,0,247.02048301696777,1,0
INSTANCE_033,0.75,p95,303,124.08550000000002,0.0,124.08550000000002,22,22,1.0,0,1,1,0,63.60602378845215,1,0
INSTANCE_034,0.25,delay20,101,106.2145,0.0,106.2145,14,14,1.0,0,1,1,0,604.8743724822998,1,0
INSTANCE_034,0.25,delay20,202,106.2145,0.0,106.2145,14,14,1.0,0,1,1,0,735.6548309326172,1,0
INSTANCE_034,0.25,delay20,303,106.2145,0.0,106.2145,14,14,1.0,0,1,1,0,109.04145240783691,1,0
INSTANCE_034,0.25,delay30,101,106.2145,0.0,106.2145,14,14,1.0,0,1,1,0,660.3989601135254,1,0
INSTANCE_034,0.25,delay30,202,106.2145,0.0,106.2145,14,14,1.0,0,1,1,0,721.6362953186035,1,0
INSTANCE_034,0.25,delay30,303,106.2145,0.0,106.2145,14,14,1.0,0,1,1,0,117.88177490234376,1,0
INSTANCE_034,0.25,p85,101,106.2145,0.0,106.2145,14,14,1.0,0,1,1,0,621.4032173156738,1,0
INSTANCE_034,0.25,p85,202,106.2145,0.0,106.2145,14,14,1.0,0,1,1,0,784.6865653991699,1,0
INSTANCE_034,0.25,p85,303,106.2145,0.0,106.2145,14,14,1.0,0,1,1,0,112.29920387268066,1,0
INSTANCE_034,0.25,p95,101,106.2145,0.0,106.2145,14,14,1.0,0,1,1,0,604.4445037841797,1,0
INSTANCE_034,0.25,p95,202,106.2145,0.0,106.2145,14,14,1.0,0,1,1,0,759.6676349639893,1,0
INSTANCE_034,0.25,p95,303,106.2145,0.0,106.2145,14,14,1.0,0,1,1,0,126.79076194763184,1,0
INSTANCE_034,0.5,delay20,101,106.2145,0.0,106.2145,14,14,1.0,0,1,1,0,252.43902206420896,1,0
INSTANCE_034,0.5,delay20,202,106.2145,0.0,106.2145,14,14,1.0,0,1,1,0,317.49725341796875,1,0
INSTANCE_034,0.5,delay20,303,106.2145,0.0,106.2145,14,14,1.0,0,1,1,0,51.92875862121582,1,0
INSTANCE_034,0.5,delay30,101,106.2145,0.0,106.2145,14,14,1.0,0,1,1,0,267.14253425598145,1,0
INSTANCE_034,0.5,delay30,202,106.2145,0.0,106.2145,14,14,1.0,0,1,1,0,294.0034866333008,1,0
INSTANCE_034,0.5,delay30,303,106.2145,0.0,106.2145,14,14,1.0,0,1,1,0,59.15951728820801,1,0
INSTANCE_034,0.5,p85,101,106.2145,0.0,106.2145,14,14,1.0,0,1,1,0,234.3156337738037,1,0
INSTANCE_034,0.5,p85,202,106.2145,0.0,106.2145,14,14,1.0,0,1,1,0,324.07546043396,1,0
INSTANCE_034,0.5,p85,303,106.2145,0.0,106.2145,14,14,1.0,0,1,1,0,52.138328552246094,1,0
INSTANCE_034,0.5,p95,101,106.2145,0.0,106.2145,14,14,1.0,0,1,1,0,239.5114898681641,1,0
INSTANCE_034,0.5,p95,202,106.2145,0.0,106.2145,14,14,1.0,0,1,1,0,313.2147789001465,1,0
INSTANCE_034,0.5,p95,303,106.2145,0.0,106.2145,14,14,1.0,0,1,1,0,59.83853340148926,1,0
INSTANCE_034,0.75,delay20,101,106.2145,0.0,106.2145,14,14,1.0,0,1,1,0,107.98287391662598,1,0
INSTANCE_034,0.75,delay20,202,106.2145,0.0,106.2145,14,14,1.0,0,1,1,0,126.02639198303224,1,0
INSTANCE_034,0.75,delay20,303,106.2145,0.0,106.2145,14,14,1.0,0,1,1,0,25.840044021606445,1,0
INSTANCE_034,0.75,delay30,101,106.2145,0.0,106.2145,14,14,1.0,0,1,1,0,98.14763069152832,1,0
INSTANCE_034,0.75,delay30,202,106.2145,0.0,106.2145,14,14,1.0,0,1,1,0,120.2373504638672,1,0
INSTANCE_034,0.75,delay30,303,106.2145,0.0,106.2145,14,14,1.0,0,1,1,0,26.065826416015625,1,0
INSTANCE_034,0.75,p85,101,106.2145,0.0,106.2145,14,14,1.0,0,1,1,0,102.62036323547365,1,0
INSTANCE_034,0.75,p85,202,106.2145,0.0,106.2145,14,14,1.0,0,1,1,0,132.4923038482666,1,0
INSTANCE_034,0.75,p85,303,106.2145,0.0,106.2145,14,14,1.0,0,1,1,0,30.26962280273437,1,0
INSTANCE_034,0.75,p95,101,106.2145,0.0,106.2145,14,14,1.0,0,1,1,0,108.16478729248048,1,0
INSTANCE_034,0.75,p95,202,106.2145,0.0,106.2145,14,14,1.0,0,1,1,0,129.87160682678223,1,0
INSTANCE_034,0.75,p95,303,106.2145,0.0,106.2145,14,14,1.0,0,1,1,0,27.020931243896484,1,0
INSTANCE_035,0.25,delay20,101,268.9878,13.368333333332998,281.4062,46,48,0.8035714285714286,17,2,0,0,7812.371492385865,0,0
INSTANCE_035,0.25,delay20,202,268.92900000000003,13.49499999999955,281.4062,46,48,0.799404761904762,17,2,0,0,10185.226678848268,0,0
INSTANCE_035,0.25,delay20,303,268.6944,0.0,281.4062,48,48,0.7196428571428571,20,2,0,0,2384.361982345581,0,0
INSTANCE_035,0.25,delay30,101,269.6648,5.024999999999864,281.4062,47,48,0.7589285714285714,19,2,0,0,8971.410751342773,0,0
INSTANCE_035,0.25,delay30,202,268.9888,5.131666666666661,281.4062,47,48,0.7285714285714285,21,2,0,0,9880.361557006836,0,0
INSTANCE_035,0.25,delay30,303,270.96770000000004,4.624999999999886,281.4062,47,48,0.6351190476190476,25,2,0,0,2350.091934204102,0,0
INSTANCE_035,0.25,p85,101,270.141,0.0,281.4062,48,48,0.6508928571428572,23,2,0,0,8989.429950714111,0,0
INSTANCE_035,0.25,p85,202,268.90020000000004,19.92888083333287,281.4062,46,48,0.7625,18,2,0,0,10575.849056243896,0,0
INSTANCE_035,0.25,p85,303,269.9501,0.0,281.4062,48,48,0.7654761904761904,19,2,0,0,2477.394819259644,0,0
INSTANCE_035,0.25,p95,101,269.7525,17.56044666666719,281.4062,46,48,0.7059523809523809,21,2,0,0,8250.720024108887,0,0
INSTANCE_035,0.25,p95,202,269.6648,18.59524666666709,281.4062,46,48,0.7589285714285714,19,2,0,0,10046.890020370483,0,0
INSTANCE_035,0.25,p95,303,269.66490000000005,18.59524666666709,281.4062,46,48,0.6526785714285714,24,2,0,0,2564.420223236084,0,0
INSTANCE_035,0.5,delay20,101,269.0629,0.0,281.4062,48,48,0.7941808191808192,13,2,0,0,2521.2368965148926,0,0
INSTANCE_035,0.5,delay20,202,269.0629,0.0,281.4062,48,48,0.7307192807192807,13,2,0,0,2585.3164196014404,0,0
INSTANCE_035,0.5,delay20,303,269.3863,0.0,281.4062,48,48,0.6675324675324675,15,2,0,0,769.7899341583252,0,0
INSTANCE_035,0.5,delay30,101,269.445,4.8299999999998136,281.4062,47,48,0.6617632367632368,16,2,0,0,2546.201229095459,0,0
INSTANCE_035,0.5,delay30,202,269.6258000000001,4.78999999999985,281.4062,47,48,0.596028971028971,18,2,0,0,2666.27049446106,0,0
INSTANCE_035,0.5,delay30,303,269.63620000000003,4.78999999999985,281.4062,47,48,0.6098401598401598,16,2,0,0,730.7233810424805,0,0
INSTANCE_035,0.5,p85,101,269.35740000000004,0.0,281.4062,48,48,0.659015984015984,17,2,0,0,2752.141237258911,0,0
INSTANCE_035,0.5,p85,202,273.012,0.0,281.4062,48,48,0.6318181818181818,15,2,0,0,2680.613279342652,0,0
INSTANCE_035,0.5,p85,303,270.047,0.0,281.4062,48,48,0.6483016983016983,16,2,0,0,687.3342990875244,0,0
INSTANCE_035,0.5,p95,101,269.0629,0.0,281.4062,48,48,0.7057192807192807,13,2,0,0,2613.971948623657,0,0
INSTANCE_035,0.5,p95,202,269.0629,0.0,281.4062,48,48,0.7307192807192807,13,2,0,0,2767.05265045166,0,0
INSTANCE_035,0.5,p95,303,270.31870000000004,0.0,281.4062,48,48,0.7509990009990011,15,2,0,0,756.3235759735107,0,0
INSTANCE_035,0.75,delay20,101,274.77860000000004,19.06499999999994,281.4062,46,48,0.5976190476190476,8,2,0,0,590.6107425689697,0,0
INSTANCE_035,0.75,delay20,202,274.77860000000004,19.06499999999994,281.4062,46,48,0.5976190476190476,8,2,0,0,637.4542713165283,0,0
INSTANCE_035,0.75,delay20,303,274.77860000000004,19.06499999999994,281.4062,46,48,0.5976190476190476,8,2,0,0,157.67931938171387,0,0
INSTANCE_035,0.75,delay30,101,274.77860000000004,42.601666666666574,281.4062,45,48,0.5976190476190476,8,2,0,0,549.7658252716063,0,0
INSTANCE_035,0.75,delay30,202,274.77860000000004,42.601666666666574,281.4062,45,48,0.5976190476190476,8,2,0,0,684.6518516540527,0,0
INSTANCE_035,0.75,delay30,303,274.77860000000004,42.601666666666574,281.4062,45,48,0.5976190476190476,8,2,0,0,161.2071990966797,0,0
INSTANCE_035,0.75,p85,101,274.7785,0.0,281.4062,48,48,0.680952380952381,9,2,0,0,517.9719924926758,0,0
INSTANCE_035,0.75,p85,202,274.7785,0.0,281.4062,48,48,0.680952380952381,9,2,0,0,595.3106880187988,0,0
INSTANCE_035,0.75,p85,303,274.7785,0.0,281.4062,48,48,0.680952380952381,9,2,0,0,156.96263313293457,0,0
INSTANCE_035,0.75,p95,101,274.77860000000004,2.0368425000000343,281.4062,47,48,0.5976190476190476,8,2,0,0,529.9453735351562,0,0
INSTANCE_035,0.75,p95,202,274.77860000000004,2.0368425000000343,281.4062,47,48,0.5976190476190476,8,2,0,0,638.6806964874268,0,0
INSTANCE_035,0.75,p95,303,274.77860000000004,2.0368425000000343,281.4062,47,48,0.5976190476190476,8,2,0,0,153.68890762329102,0,0
INSTANCE_036,0.25,delay20,101,244.218,6.739999999999895,244.2179,26,27,0.7214285714285714,9,1,0,0,7097.547292709351,0,0
INSTANCE_036,0.25,delay20,202,244.218,6.739999999999782,244.2179,26,27,0.7988095238095239,7,1,0,0,6700.548887252808,0,0
INSTANCE_036,0.25,delay20,303,244.218,6.739999999999782,244.2179,26,27,0.7988095238095239,7,1,0,0,1863.719701766968,0,0
INSTANCE_036,0.25,delay30,101,244.218,18.05666666666628,244.2179,25,27,0.7988095238095239,7,1,0,0,6672.479152679443,0,0
INSTANCE_036,0.25,delay30,202,244.218,18.05666666666628,244.2179,25,27,0.7988095238095239,7,1,0,0,7702.995777130127,0,0
INSTANCE_036,0.25,delay30,303,244.218,18.05666666666628,244.2179,25,27,0.7988095238095239,7,1,0,0,1786.3483428955078,0,0
INSTANCE_036,0.25,p85,101,244.218,11.887449500000116,244.2179,26,27,0.7214285714285714,9,1,0,0,6210.071802139282,0,0
INSTANCE_036,0.25,p85,202,244.218,11.88744950000023,244.2179,26,27,0.7988095238095239,7,1,0,0,8151.216983795166,0,0
INSTANCE_036,0.25,p85,303,244.218,11.887449500000116,244.2179,26,27,0.7214285714285714,9,1,0,0,1904.477596282959,0,0
INSTANCE_036,0.25,p95,101,244.218,58.03595916666666,244.2179,24,27,0.7214285714285714,9,1,0,0,6419.637680053711,0,0
INSTANCE_036,0.25,p95,202,244.218,58.03595916666666,244.2179,24,27,0.7988095238095239,7,1,0,0,7228.487968444824,0,0
INSTANCE_036,0.25,p95,303,244.218,58.03595916666666,244.2179,24,27,0.7214285714285714,9,1,0,0,1877.827882766724,0,0
INSTANCE_036,0.5,delay20,101,244.218,6.739999999999782,244.2179,26,27,0.6703296703296704,7,1,0,0,1704.242706298828,0,0
INSTANCE_036,0.5,delay20,202,244.218,6.739999999999782,244.2179,26,27,0.6703296703296704,7,1,0,0,2146.3043689727783,0,0
INSTANCE_036,0.5,delay20,303,244.218,6.739999999999782,244.2179,26,27,0.6703296703296704,7,1,0,0,560.3382587432861,0,0
INSTANCE_036,0.5,delay30,101,244.218,18.05666666666628,244.2179,25,27,0.6703296703296704,7,1,0,0,2046.8578338623047,0,0
INSTANCE_036,0.5,delay30,202,244.218,18.05666666666628,244.2179,25,27,0.6703296703296704,7,1,0,0,2017.247438430786,0,0
INSTANCE_036,0.5,delay30,303,244.218,18.05666666666628,244.2179,25,27,0.6703296703296704,7,1,0,0,547.1024513244629,0,0
INSTANCE_036,0.5,p85,101,244.218,0.4703728333333856,244.2179,26,27,0.5494505494505495,9,1,0,0,1771.9409465789795,0,0
INSTANCE_036,0.5,p85,202,244.218,0.4703728333333856,244.2179,26,27,0.5494505494505495,9,1,0,0,2146.939277648926,0,0
INSTANCE_036,0.5,p85,303,244.218,0.4703728333333856,244.2179,26,27,0.5494505494505495,9,1,0,0,497.5733757019043,0,0
INSTANCE_036,0.5,p95,101,244.218,12.589034166666693,244.2179,26,27,0.5494505494505495,9,1,0,0,1971.3711738586424,0,0
INSTANCE_036,0.5,p95,202,244.218,12.589034166666693,244.2179,26,27,0.6703296703296704,7,1,0,0,2107.194185256958,0,0
INSTANCE_036,0.5,p95,303,244.218,12.589034166666693,244.2179,26,27,0.6703296703296704,7,1,0,0,556.4980506896973,0,0
INSTANCE_036,0.75,delay20,101,244.218,6.739999999999782,244.2179,26,27,0.238095238095238,7,1,0,0,270.6115245819092,0,0
INSTANCE_036,0.75,delay20,202,244.218,6.739999999999782,244.2179,26,27,0.238095238095238,7,1,0,0,322.3600387573242,0,0
INSTANCE_036,0.75,delay20,303,244.218,6.739999999999782,244.2179,26,27,0.238095238095238,7,1,0,0,83.68635177612305,0,0
INSTANCE_036,0.75,delay30,101,244.218,18.05666666666628,244.2179,25,27,0.238095238095238,7,1,0,0,259.5217227935791,0,0
INSTANCE_036,0.75,delay30,202,244.218,18.05666666666628,244.2179,25,27,0.238095238095238,7,1,0,0,332.0951461791992,0,0
INSTANCE_036,0.75,delay30,303,244.218,18.05666666666628,244.2179,25,27,0.238095238095238,7,1,0,0,102.1263599395752,0,0
INSTANCE_036,0.75,p85,101,244.218,0.0,244.2179,27,27,0.238095238095238,7,1,0,0,266.77560806274414,0,0
INSTANCE_036,0.75,p85,202,244.218,0.0,244.2179,27,27,0.238095238095238,7,1,0,0,309.2024326324463,0,0
INSTANCE_036,0.75,p85,303,244.218,0.0,244.2179,27,27,0.238095238095238,7,1,0,0,83.00447463989258,0,0
INSTANCE_036,0.75,p95,101,244.218,0.0,244.2179,27,27,0.238095238095238,7,1,0,0,272.92561531066895,0,0
INSTANCE_036,0.75,p95,202,244.218,0.0,244.2179,27,27,0.238095238095238,7,1,0,0,345.48306465148926,0,0
INSTANCE_036,0.75,p95,303,244.218,0.0,244.2179,27,27,0.238095238095238,7,1,0,0,84.32531356811523,0,0
INSTANCE_039,0.25,delay20,101,387.8517000000001,0.0,345.4281,65,65,0.6776143790849672,27,3,0,0,7574.840545654297,0,0
INSTANCE_039,0.25,delay20,202,385.4657,0.0,345.4281,65,65,0.7203159041394335,25,3,0,0,9115.309476852415,0,0
INSTANCE_039,0.25,delay20,303,389.1488000000001,0.0,345.4281,65,65,0.7190087145969498,27,3,0,0,1925.1701831817627,0,0
INSTANCE_039,0.25,delay30,101,386.9368,2.8116666666667243,345.4281,64,65,0.7036492374727669,26,3,0,0,6607.492446899414,0,0
INSTANCE_039,0.25,delay30,202,391.4123000000001,2.974999999999909,345.4281,63,65,0.6756263616557735,27,3,0,0,8107.897281646728,0,0
INSTANCE_039,0.25,delay30,303,396.1608,2.8116666666667243,345.4281,64,65,0.6832516339869281,32,3,0,0,1877.2251605987549,0,0
INSTANCE_039,0.25,p85,101,358.1762,0.0,345.4281,65,65,0.6439270152505446,28,3,0,0,6818.00103187561,0,0
INSTANCE_039,0.25,p85,202,349.69190000000003,0.0,345.4281,65,65,0.6609477124183006,27,3,0,0,8826.897382736206,0,0
INSTANCE_039,0.25,p85,303,357.5449,0.0,345.4281,65,65,0.6512799564270152,28,3,0,0,1972.1662998199463,0,0
INSTANCE_039,0.25,p95,101,379.6437,0.0,345.4281,65,65,0.6578703703703704,28,3,0,0,7774.882078170776,0,0
INSTANCE_039,0.25,p95,202,375.4265,0.0,345.4281,65,65,0.7166938997821352,29,3,0,0,9251.852750778198,0,0
INSTANCE_039,0.25,p95,303,375.1581,0.0,345.4281,65,65,0.650871459694989,33,3,0,0,2094.21968460083,0,0
INSTANCE_039,0.5,delay20,101,365.7158,0.0,345.4281,65,65,0.756060606060606,14,3,1,0,2334.266185760498,0,0
INSTANCE_039,0.5,delay20,202,365.7158,0.0,345.4281,65,65,0.8015151515151514,14,3,1,0,2933.5501194000244,0,0
INSTANCE_039,0.5,delay20,303,375.7119,0.0,345.4281,65,65,0.7106060606060606,18,3,1,0,651.3288021087646,0,0
INSTANCE_039,0.5,delay30,101,383.9362,0.0,345.4281,65,65,0.7560606060606062,17,3,1,0,2571.821689605713,0,0
INSTANCE_039,0.5,delay30,202,383.9362,0.0,345.4281,65,65,0.7106060606060606,17,3,1,0,2728.687286376953,0,0
INSTANCE_039,0.5,delay30,303,383.9362,0.0,345.4281,65,65,0.7560606060606062,17,3,1,0,643.1498527526855,0,0
INSTANCE_039,0.5,p85,101,353.0087,0.0,345.4281,65,65,0.8914141414141414,13,3,1,0,2356.3766479492188,0,0
INSTANCE_039,0.5,p85,202,356.6567,0.0,345.4281,65,65,0.7146464646464645,21,3,0,0,2907.058000564575,0,0
INSTANCE_039,0.5,p85,303,353.0087,0.0,345.4281,65,65,0.8914141414141414,13,3,1,0,640.2750015258789,0,0
INSTANCE_039,0.5,p95,101,359.8184,0.0,345.4281,65,65,0.6969696969696969,21,3,0,0,2498.856544494629,0,0
INSTANCE_039,0.5,p95,202,359.8184,0.0,345.4281,65,65,0.6969696969696969,21,3,0,0,3032.779693603516,0,0
INSTANCE_039,0.5,p95,303,359.8537,0.0,345.4281,65,65,0.8409090909090908,13,3,1,0,681.363582611084,0,0
INSTANCE_039,0.75,delay20,101,345.9856,7.374999999999886,345.4281,64,65,0.9222222222222222,2,3,2,0,653.1281471252441,0,0
INSTANCE_039,0.75,delay20,202,345.9856,7.374999999999886,345.4281,64,65,0.9222222222222222,2,3,2,0,798.3500957489014,0,0
INSTANCE_039,0.75,delay20,303,345.9856,7.374999999999886,345.4281,64,65,0.9222222222222222,2,3,2,0,191.39552116394043,0,0
INSTANCE_039,0.75,delay30,101,345.9856,24.958333333333144,345.4281,63,65,0.9222222222222222,2,3,2,0,669.6212291717529,0,0
INSTANCE_039,0.75,delay30,202,345.9856,24.958333333333144,345.4281,63,65,0.9222222222222222,2,3,2,0,838.9992713928223,0,0
INSTANCE_039,0.75,delay30,303,345.9856,24.958333333333144,345.4281,63,65,0.9222222222222222,2,3,2,0,202.54039764404297,0,0
INSTANCE_039,0.75,p85,101,345.4281,0.0,345.4281,65,65,1.0,0,3,3,0,699.6986865997314,1,0
INSTANCE_039,0.75,p85,202,345.4281,0.0,345.4281,65,65,1.0,0,3,3,0,753.0100345611572,1,0
INSTANCE_039,0.75,p85,303,345.4281,0.0,345.4281,65,65,1.0,0,3,3,0,195.2300071716309,1,0
INSTANCE_039,0.75,p95,101,345.4281,0.0,345.4281,65,65,1.0,0,3,3,0,634.0422630310059,1,0
INSTANCE_039,0.75,p95,202,345.4281,0.0,345.4281,65,65,1.0,0,3,3,0,805.5121898651123,1,0
INSTANCE_039,0.75,p95,303,345.4281,0.0,345.4281,65,65,1.0,0,3,3,0,204.64777946472168,1,0
INSTANCE_040,0.25,delay20,101,400.7681,26.258333333333788,391.1116,51,55,0.6873579141801649,24,2,0,0,14431.15782737732,0,0
INSTANCE_040,0.25,delay20,202,399.10350000000005,31.675000000000075,391.1116,51,55,0.694604290991759,25,2,0,0,15633.723020553589,0,0
INSTANCE_040,0.25,delay20,303,397.7969000000001,35.00500000000046,391.1116,50,55,0.6982274793975561,24,2,0,0,3855.339050292968,0,0
INSTANCE_040,0.25,delay30,101,395.3275,77.9833333333338,391.1116,49,55,0.753481102585962,20,2,0,0,14461.77077293396,0,0
INSTANCE_040,0.25,delay30,202,399.6037,63.0333333333341,391.1116,50,55,0.7507637112816141,26,2,0,0,16057.384252548218,0,0
INSTANCE_040,0.25,delay30,303,399.6037,63.0333333333341,391.1116,50,55,0.7507637112816141,26,2,0,0,3971.676349639893,0,0
INSTANCE_040,0.25,p85,101,394.7123,20.075929333333647,391.1116,52,55,0.7516695083830633,24,2,0,0,13452.850580215454,0,0
INSTANCE_040,0.25,p85,202,394.6898,22.60929133333377,391.1116,51,55,0.7054738562091504,23,2,0,0,16236.882448196411,0,0
INSTANCE_040,0.25,p85,303,394.4362,18.74104933333342,391.1116,53,55,0.7978651605569764,22,2,0,0,3994.169235229492,0,0
INSTANCE_040,0.25,p95,101,428.7769,134.54093083333328,391.1116,49,55,0.6156045751633987,31,2,0,0,14596.894979476929,0,0
INSTANCE_040,0.25,p95,202,397.1085,97.15112499999998,391.1116,48,55,0.7181550156294402,21,2,0,0,16441.53618812561,0,0
INSTANCE_040,0.25,p95,303,394.2917,102.20724166666616,391.1116,48,55,0.829568059107701,24,2,0,0,4023.656606674194,0,0
INSTANCE_040,0.5,delay20,101,397.9246,23.43333333333373,391.1116,51,55,0.7126893939393939,13,2,0,0,3979.4886112213135,0,0
INSTANCE_040,0.5,delay20,202,398.1565,27.576666666667396,391.1116,51,55,0.8418560606060606,6,2,0,0,4546.897649765015,0,0
INSTANCE_040,0.5,delay20,303,397.9246,23.43333333333373,391.1116,51,55,0.7126893939393939,13,2,0,0,1249.7408390045166,0,0
INSTANCE_040,0.5,delay30,101,397.9246,66.1950000000005,391.1116,50,55,0.7126893939393939,13,2,0,0,4155.681848526001,0,0
INSTANCE_040,0.5,delay30,202,397.9246,66.1950000000005,391.1116,50,55,0.7126893939393939,13,2,0,0,4718.584299087524,0,0
INSTANCE_040,0.5,delay30,303,397.9246,66.1950000000005,391.1116,50,55,0.7126893939393939,13,2,0,0,1345.7789421081543,0,0
INSTANCE_040,0.5,p85,101,397.9246,12.794843333333688,391.1116,52,55,0.7126893939393939,13,2,0,0,3739.256381988525,0,0
INSTANCE_040,0.5,p85,202,397.9246,12.794843333333688,391.1116,52,55,0.7126893939393939,13,2,0,0,4632.805109024048,0,0
INSTANCE_040,0.5,p85,303,397.9246,12.794843333333688,391.1116,52,55,0.7126893939393939,13,2,0,0,1151.8537998199463,0,0
INSTANCE_040,0.5,p95,101,397.9246,56.675483333333325,391.1116,52,55,0.7126893939393939,13,2,0,0,4050.245523452759,0,0
INSTANCE_040,0.5,p95,202,397.9246,56.675483333333325,391.1116,52,55,0.7126893939393939,13,2,0,0,4636.780023574829,0,0
INSTANCE_040,0.5,p95,303,397.9246,56.675483333333325,391.1116,52,55,0.7126893939393939,13,2,0,0,1371.3786602020264,0,0
INSTANCE_040,0.75,delay20,101,397.7296,23.331666666667505,391.1116,52,55,0.5101190476190476,9,2,0,0,565.2401447296143,0,0
INSTANCE_040,0.75,delay20,202,397.7296,23.331666666667505,391.1116,52,55,0.5101190476190476,9,2,0,0,749.6628761291504,0,0
INSTANCE_040,0.75,delay20,303,397.7296,23.331666666667505,391.1116,52,55,0.5101190476190476,9,2,0,0,235.81433296203613,0,0
INSTANCE_040,0.75,delay30,101,397.7296,56.22000000000117,391.1116,51,55,0.5101190476190476,9,2,0,0,599.7583866119385,0,0
INSTANCE_040,0.75,delay30,202,397.7296,56.22000000000117,391.1116,51,55,0.5101190476190476,9,2,0,0,753.1266212463379,0,0
INSTANCE_040,0.75,delay30,303,397.7296,56.22000000000117,391.1116,51,55,0.5101190476190476,9,2,0,0,221.3318347930908,0,0
INSTANCE_040,0.75,p85,101,394.053,3.216979666666816,391.1116,54,55,0.6267857142857143,9,2,0,0,534.9781513214111,0,0
INSTANCE_040,0.75,p85,202,394.053,3.216979666666816,391.1116,54,55,0.6267857142857143,9,2,0,0,728.6114692687988,0,0
INSTANCE_040,0.75,p85,303,394.053,3.216979666666816,391.1116,54,55,0.6267857142857143,9,2,0,0,203.54270935058597,0,0
INSTANCE_040,0.75,p95,101,394.053,17.61989833333371,391.1116,53,55,0.6267857142857143,9,2,0,0,597.381591796875,0,0
INSTANCE_040,0.75,p95,202,394.053,17.61989833333371,391.1116,53,55,0.6267857142857143,9,2,0,0,723.2358455657959,0,0
INSTANCE_040,0.75,p95,303,394.053,17.61989833333371,391.1116,53,55,0.6267857142857143,9,2,0,0,236.91058158874512,0,0
INSTANCE_041,0.25,delay20,101,466.9618000000001,9.56333333333339,439.005,80,82,0.7488101567048936,30,3,1,0,17783.827781677246,0,0
INSTANCE_041,0.25,delay20,202,461.5248,9.56333333333339,439.005,80,82,0.7856952988531937,27,3,1,0,19712.658405303955,0,0
INSTANCE_041,0.25,delay20,303,475.4348,9.56333333333339,439.005,80,82,0.8131123262702209,26,3,1,0,5441.168546676636,0,0
INSTANCE_041,0.25,delay30,101,475.4781,31.693333333333385,439.005,79,82,0.7515948963317385,32,3,1,0,18541.374921798702,0,0
INSTANCE_041,0.25,delay30,202,507.8492,31.861666666666565,439.005,78,82,0.7826194273562695,33,3,1,0,19585.978269577023,0,0
INSTANCE_041,0.25,delay30,303,463.1748,36.250000000000114,439.005,78,82,0.7807650439229387,25,3,1,0,5267.951488494874,0,0
INSTANCE_041,0.25,p85,101,444.3731,0.0,439.005,82,82,0.8219981772613352,17,3,1,0,17696.7031955719,0,0
INSTANCE_041,0.25,p85,202,444.3732,0.0,439.005,82,82,0.837871193134351,18,3,1,0,20448.045253753666,0,0
INSTANCE_041,0.25,p85,303,442.493,0.0,439.005,82,82,0.783758639021797,28,3,1,0,5255.147695541382,0,0
INSTANCE_041,0.25,p95,101,480.5479,1.0615066666665598,439.005,81,82,0.7670312143996355,27,3,1,0,17441.12229347229,0,0
INSTANCE_041,0.25,p95,202,445.0043,0.0,439.005,82,82,0.7547657021341232,29,3,1,0,20269.92964744568,0,0
INSTANCE_041,0.25,p95,303,446.1924,0.0,439.005,82,82,0.7655882129566339,24,3,1,0,5621.327161788941,0,0
INSTANCE_041,0.5,delay20,101,447.3501,2.8999999999999773,439.005,81,82,0.6944444444444445,22,3,1,0,4347.460746765137,0,0
INSTANCE_041,0.5,delay20,202,449.7065,2.8999999999999773,439.005,81,82,0.653968253968254,22,3,1,0,5751.0950565338135,0,0
INSTANCE_041,0.5,delay20,303,447.3501,2.8999999999999773,439.005,81,82,0.7063492063492064,22,3,1,0,1470.8330631256104,0,0
INSTANCE_041,0.5,delay30,101,447.3501,12.899999999999975,439.005,81,82,0.6166666666666667,22,3,1,0,5328.006744384766,0,0
INSTANCE_041,0.5,delay30,202,447.3501,12.899999999999975,439.005,81,82,0.6944444444444445,22,3,1,0,5840.761661529541,0,0
INSTANCE_041,0.5,delay30,303,449.238,12.899999999999975,439.005,81,82,0.6285714285714286,22,3,1,0,1473.2718467712402,0,0
INSTANCE_041,0.5,p85,101,443.338,0.0,439.005,82,82,0.7561050061050061,15,3,1,0,5186.645269393921,0,0
INSTANCE_041,0.5,p85,202,443.3599,0.0,439.005,82,82,0.7457875457875458,14,3,1,0,6052.784204483032,0,0
INSTANCE_041,0.5,p85,303,445.4677,0.0,439.005,82,82,0.791025641025641,23,3,1,0,1570.0807571411133,0,0
INSTANCE_041,0.5,p95,101,467.466,0.527021666666883,439.005,81,82,0.6900793650793652,25,3,1,0,5034.802675247192,0,0
INSTANCE_041,0.5,p95,202,444.3084,0.0,439.005,82,82,0.7083333333333334,24,3,1,0,6187.348365783691,0,0
INSTANCE_041,0.5,p95,303,444.2829,0.0,439.005,82,82,0.6546092796092796,24,3,1,0,1479.7215461730957,0,0
INSTANCE_041,0.75,delay20,101,442.9711,2.926666666666506,439.005,81,82,0.9345238095238096,4,3,2,0,863.0764484405518,0,0
INSTANCE_041,0.75,delay20,202,442.9711,2.926666666666506,439.005,81,82,0.9345238095238096,4,3,2,0,1080.1596641540527,0,0
INSTANCE_041,0.75,delay20,303,442.9711,2.926666666666506,439.005,81,82,0.9345238095238096,4,3,2,0,278.6269187927246,0,0
INSTANCE_041,0.75,delay30,101,442.9711,17.21833333333302,439.005,80,82,0.9345238095238096,4,3,2,0,869.0600395202637,0,0
INSTANCE_041,0.75,delay30,202,442.9711,17.21833333333302,439.005,80,82,0.9345238095238096,4,3,2,0,1151.6821384429932,0,0
INSTANCE_041,0.75,delay30,303,442.9711,17.21833333333302,439.005,80,82,0.9345238095238096,4,3,2,0,305.89795112609863,0,0
INSTANCE_041,0.75,p85,101,439.005,0.0,439.005,82,82,1.0,0,3,3,0,823.6739635467529,1,0
INSTANCE_041,0.75,p85,202,439.005,0.0,439.005,82,82,1.0,0,3,3,0,1026.7541408538818,1,0
INSTANCE_041,0.75,p85,303,439.005,0.0,439.005,82,82,1.0,0,3,3,0,291.19324684143066,1,0
INSTANCE_041,0.75,p95,101,439.005,0.0,439.005,82,82,1.0,0,3,3,0,752.6683807373047,1,0
INSTANCE_041,0.75,p95,202,439.005,0.0,439.005,82,82,1.0,0,3,3,0,1084.5065116882324,1,0
INSTANCE_041,0.75,p95,303,439.005,0.0,439.005,82,82,1.0,0,3,3,0,277.2150039672852,1,0
INSTANCE_042,0.25,delay20,101,529.2986,9.57500000000016,504.0373,85,88,0.7903311965811965,35,4,1,0,12515.958786010742,0,0
INSTANCE_042,0.25,delay20,202,529.2986,9.57500000000016,504.0373,85,88,0.7903311965811965,35,4,1,0,14482.89918899536,0,0
INSTANCE_042,0.25,delay20,303,529.2986,9.57500000000016,504.0373,85,88,0.8111645299145299,35,4,1,0,3236.109495162964,0,0
INSTANCE_042,0.25,delay30,101,544.1538,31.88500000000033,504.0373,86,88,0.7206825037707391,40,4,1,0,12352.881908416748,0,0
INSTANCE_042,0.25,delay30,202,542.0076,31.88500000000033,504.0373,86,88,0.7133295625942685,40,4,1,0,15265.78664779663,0,0
INSTANCE_042,0.25,delay30,303,542.0076,31.88500000000033,504.0373,86,88,0.6916792357968828,39,4,1,0,3260.405302047729,0,0
INSTANCE_042,0.25,p85,101,498.5118,6.030754666666667,504.0373,86,88,0.807315233785822,21,4,1,0,11870.688915252686,0,0
INSTANCE_042,0.25,p85,202,498.5118,6.030754666666667,504.0373,86,88,0.8220211161387632,21,4,1,0,14147.8533744812,0,0
INSTANCE_042,0.25,p85,303,498.5118,6.030754666666667,504.0373,86,88,0.8367269984917044,21,4,1,0,3773.351907730103,0,0
INSTANCE_042,0.25,p95,101,500.1595,38.988047500000334,504.0373,85,88,0.7877073906485671,33,4,0,0,13176.302671432495,0,0
INSTANCE_042,0.25,p95,202,500.1595,38.988047500000334,504.0373,85,88,0.7877073906485671,33,4,0,0,15294.63505744934,0,0
INSTANCE_042,0.25,p95,303,500.1595,38.988047500000334,504.0373,85,88,0.773001508295626,33,4,0,0,3537.447452545166,0,0
INSTANCE_042,0.5,delay20,101,507.832,19.0150000000001,504.0373,86,88,0.7986111111111112,23,4,1,0,4656.111717224121,0,0
INSTANCE_042,0.5,delay20,202,512.5500999999999,19.0150000000001,504.0373,86,88,0.817550505050505,19,4,1,0,5035.069704055786,0,0
INSTANCE_042,0.5,delay20,303,507.832,19.0150000000001,504.0373,86,88,0.7986111111111112,23,4,1,0,1137.2838020324707,0,0
INSTANCE_042,0.5,delay30,101,506.9023,56.6733333333334,504.0373,83,88,0.8996212121212122,17,4,2,0,4523.1122970581055,0,0
INSTANCE_042,0.5,delay30,202,506.9363,56.346666666666806,504.0373,83,88,0.8232323232323232,21,4,1,0,4865.9491539001465,0,0
INSTANCE_042,0.5,delay30,303,506.9363,56.346666666666806,504.0373,83,88,0.8232323232323232,21,4,1,0,1159.1787338256836,0,0
INSTANCE_042,0.5,p85,101,498.4528,0.226178666666442,504.0373,87,88,0.9412878787878788,6,4,3,0,3988.917350769043,0,0
INSTANCE_042,0.5,p85,202,498.4528,0.226178666666442,504.0373,87,88,0.9412878787878788,6,4,3,0,5000.816583633423,0,0
INSTANCE_042,0.5,p85,303,499.12799999999993,0.226178666666442,504.0373,87,88,0.9545454545454546,5,4,3,0,1237.011194229126,0,0
INSTANCE_042,0.5,p95,101,498.4868,19.42837750000001,504.0373,86,88,0.8648989898989898,10,4,2,0,4726.453065872192,0,0
INSTANCE_042,0.5,p95,202,500.4108,19.42837750000001,504.0373,86,88,0.8743686868686869,10,4,2,0,5079.9760818481445,0,0
INSTANCE_042,0.5,p95,303,498.4868,19.42837750000001,504.0373,86,88,0.8648989898989898,10,4,2,0,1278.7857055664062,0,0
INSTANCE_042,0.75,delay20,101,504.0373,14.236666666666563,504.0373,86,88,1.0,0,4,4,0,902.6212692260742,1,0
INSTANCE_042,0.75,delay20,202,504.0373,14.236666666666563,504.0373,86,88,1.0,0,4,4,0,1043.8463687896729,1,0
INSTANCE_042,0.75,delay20,303,504.0373,14.236666666666563,504.0373,86,88,1.0,0,4,4,0,275.0132083892822,1,0
INSTANCE_042,0.75,delay30,101,504.0373,41.28499999999997,504.0373,85,88,1.0,0,4,4,0,906.2185287475586,1,0
INSTANCE_042,0.75,delay30,202,504.0373,41.28499999999997,504.0373,85,88,1.0,0,4,4,0,1108.118772506714,1,0
INSTANCE_042,0.75,delay30,303,504.0373,41.28499999999997,504.0373,85,88,1.0,0,4,4,0,261.89732551574707,1,0
INSTANCE_042,0.75,p85,101,504.0373,0.0,504.0373,88,88,1.0,0,4,4,0,850.7606983184814,1,0
INSTANCE_042,0.75,p85,202,504.0373,0.0,504.0373,88,88,1.0,0,4,4,0,1108.4318161010742,1,0
INSTANCE_042,0.75,p85,303,504.0373,0.0,504.0373,88,88,1.0,0,4,4,0,269.0584659576416,1,0
INSTANCE_042,0.75,p95,101,504.0373,2.050415000000044,504.0373,87,88,1.0,0,4,4,0,870.5811500549316,1,0
INSTANCE_042,0.75,p95,202,504.0373,2.050415000000044,504.0373,87,88,1.0,0,4,4,0,1090.6074047088623,1,0
INSTANCE_042,0.75,p95,303,504.0373,2.050415000000044,504.0373,87,88,1.0,0,4,4,0,266.4258480072021,1,0
INSTANCE_043,0.25,delay20,101,500.2258,2.1900000000000546,495.9046,92,93,0.8527845591464517,30,4,1,0,14316.62893295288,0,0
INSTANCE_043,0.25,delay20,202,500.2258,2.1900000000000546,495.9046,92,93,0.8527845591464517,30,4,1,0,17041.56494140625,0,0
INSTANCE_043,0.25,delay20,303,499.3752,2.1900000000000546,495.9046,92,93,0.8311972022010385,20,4,1,0,4654.138565063477,0,0
INSTANCE_043,0.25,delay30,101,499.3752,12.190000000000056,495.9046,92,93,0.8368790203828567,21,4,1,0,15540.554285049438,0,0
INSTANCE_043,0.25,delay30,202,541.6057,6.748333333333335,495.9046,92,93,0.7762438967681934,47,4,1,0,18088.34481239319,0,0
INSTANCE_043,0.25,delay30,303,499.3752999999999,12.190000000000056,495.9046,92,93,0.8295260792063861,21,4,1,0,4856.564044952393,0,0
INSTANCE_043,0.25,p85,101,492.3365,0.0,495.9046,93,93,0.8909572063344442,12,4,2,0,14645.995378494265,0,0
INSTANCE_043,0.25,p85,202,492.3365,0.0,495.9046,93,93,0.8909572063344442,12,4,2,0,17250.874757766724,0,0
INSTANCE_043,0.25,p85,303,492.3365,0.0,495.9046,93,93,0.8734176806427446,14,4,2,0,4638.425827026367,0,0
INSTANCE_043,0.25,p95,101,494.4976,0.0,495.9046,93,93,0.888446485313493,13,4,2,0,16393.182277679443,0,0
INSTANCE_043,0.25,p95,202,494.4976,0.0,495.9046,93,93,0.888446485313493,13,4,2,0,19235.785961151123,0,0
INSTANCE_043,0.25,p95,303,494.4976,0.0,495.9046,93,93,0.8729236094964995,15,4,2,0,4843.735218048096,0,0
INSTANCE_043,0.5,delay20,101,506.0621,3.876666666666893,495.9046,91,93,0.9182359307359308,7,4,2,0,5353.1670570373535,0,0
INSTANCE_043,0.5,delay20,202,506.0621,3.876666666666893,495.9046,91,93,0.9462121212121212,5,4,2,0,5722.121953964233,0,0
INSTANCE_043,0.5,delay20,303,506.0621,3.876666666666893,495.9046,91,93,0.9372835497835498,4,4,2,0,1559.2336654663086,0,0
INSTANCE_043,0.5,delay30,101,506.0621,23.876666666666893,495.9046,91,93,0.9462121212121212,5,4,2,0,5112.84327507019,0,0
INSTANCE_043,0.5,delay30,202,506.0621,23.876666666666893,495.9046,91,93,0.9462121212121212,5,4,2,0,5652.508020401001,0,0
INSTANCE_043,0.5,delay30,303,506.0621,23.876666666666893,495.9046,91,93,0.9462121212121212,5,4,2,0,1661.778688430786,0,0
INSTANCE_043,0.5,p85,101,498.6012,0.0,495.9046,93,93,0.9404761904761904,7,4,3,0,5104.796886444092,0,0
INSTANCE_043,0.5,p85,202,498.4519,0.0,495.9046,93,93,0.944047619047619,4,4,3,0,5809.474945068359,0,0
INSTANCE_043,0.5,p85,303,498.4519,0.0,495.9046,93,93,0.9720238095238096,2,4,3,0,1627.6071071624756,0,0
INSTANCE_043,0.5,p95,101,498.4519,0.0,495.9046,93,93,0.9720238095238096,2,4,3,0,5252.826690673828,0,0
INSTANCE_043,0.5,p95,202,498.4519,0.0,495.9046,93,93,0.944047619047619,4,4,3,0,6078.45401763916,0,0
INSTANCE_043,0.5,p95,303,498.4519,0.0,495.9046,93,93,0.944047619047619,4,4,3,0,1689.363956451416,0,0
INSTANCE_043,0.75,delay20,101,495.9046,0.0,495.9046,93,93,1.0,0,4,4,0,849.9221801757812,1,0
INSTANCE_043,0.75,delay20,202,495.9046,0.0,495.9046,93,93,1.0,0,4,4,0,1071.1076259613037,1,0
INSTANCE_043,0.75,delay20,303,495.9046,0.0,495.9046,93,93,1.0,0,4,4,0,288.6388301849365,1,0
INSTANCE_043,0.75,delay30,101,495.9046,0.0,495.9046,93,93,1.0,0,4,4,0,924.3252277374268,1,0
INSTANCE_043,0.75,delay30,202,495.9046,0.0,495.9046,93,93,1.0,0,4,4,0,1150.5370140075684,1,0
INSTANCE_043,0.75,delay30,303,495.9046,0.0,495.9046,93,93,1.0,0,4,4,0,295.9742546081543,1,0
INSTANCE_043,0.75,p85,101,495.9046,0.0,495.9046,93,93,1.0,0,4,4,0,847.151517868042,1,0
INSTANCE_043,0.75,p85,202,495.9046,0.0,495.9046,93,93,1.0,0,4,4,0,1008.5785388946532,1,0
INSTANCE_043,0.75,p85,303,495.9046,0.0,495.9046,93,93,1.0,0,4,4,0,285.1128578186035,1,0
INSTANCE_043,0.75,p95,101,495.9046,0.0,495.9046,93,93,1.0,0,4,4,0,863.1737232208252,1,0
INSTANCE_043,0.75,p95,202,495.9046,0.0,495.9046,93,93,1.0,0,4,4,0,1056.6463470458984,1,0
INSTANCE_043,0.75,p95,303,495.9046,0.0,495.9046,93,93,1.0,0,4,4,0,292.8502559661865,1,0
INSTANCE_044,0.25,delay20,101,451.3789000000001,0.0,448.68750000000006,80,80,0.7293511556669451,35,3,0,0,16930.98521232605,0,0
INSTANCE_044,0.25,delay20,202,455.90580000000006,0.0,448.68750000000006,80,80,0.7186368699526594,28,3,0,0,19435.978174209595,0,0
INSTANCE_044,0.25,delay20,303,457.9244000000001,0.0,448.68750000000006,80,80,0.8460665552770816,23,3,1,0,4878.541707992554,0,0
INSTANCE_044,0.25,delay30,101,451.6368000000001,3.8149999999997135,448.68750000000006,79,80,0.7431913116123643,38,3,0,0,17442.025661468506,0,0
INSTANCE_044,0.25,delay30,202,464.5356000000001,0.0,448.68750000000006,80,80,0.7973823447507659,31,3,1,0,21477.066040039062,0,0
INSTANCE_044,0.25,delay30,303,451.6368000000001,3.8149999999997135,448.68750000000006,79,80,0.7606516290726817,36,3,0,0,5472.6104736328125,0,0
INSTANCE_044,0.25,p85,101,435.74340000000007,0.0,448.68750000000006,80,80,0.816255917571707,19,3,0,0,17484.100103378296,0,0
INSTANCE_044,0.25,p85,202,435.7828,0.0,448.68750000000006,80,80,0.8237956001113895,20,3,0,0,20780.247688293457,0,0
INSTANCE_044,0.25,p85,303,437.18410000000006,0.0,448.68750000000006,80,80,0.7587649679754943,26,3,0,0,5111.354827880859,0,0
INSTANCE_044,0.25,p95,101,455.0047,7.795816666666724,448.68750000000006,79,80,0.7357282094124199,28,3,0,0,18517.459392547607,0,0
INSTANCE_044,0.25,p95,202,461.184,7.7871933333333345,448.68750000000006,79,80,0.6612573099415204,34,3,0,0,20279.141426086426,0,0
INSTANCE_044,0.25,p95,303,458.3908,13.24360749999994,448.68750000000006,79,80,0.8013505987190198,25,3,0,0,5751.119136810303,0,0
INSTANCE_044,0.5,delay20,101,454.1172000000001,0.0,448.68750000000006,80,80,0.8716422466422467,9,3,1,0,4814.309358596802,0,0
INSTANCE_044,0.5,delay20,202,454.1172000000001,0.0,448.68750000000006,80,80,0.8716422466422467,9,3,1,0,5458.447217941284,0,0
INSTANCE_044,0.5,delay20,303,454.1172000000001,0.0,448.68750000000006,80,80,0.8716422466422467,9,3,1,0,1370.1941967010498,0,0
INSTANCE_044,0.5,delay30,101,460.5006000000001,4.916666666666629,448.68750000000006,79,80,0.8086080586080587,14,3,1,0,4828.303098678589,0,0
INSTANCE_044,0.5,delay30,202,462.4115000000001,4.916666666666629,448.68750000000006,79,80,0.7947191697191697,14,3,1,0,5511.209726333618,0,0
INSTANCE_044,0.5,delay30,303,462.4115000000001,4.916666666666629,448.68750000000006,79,80,0.7947191697191697,14,3,1,0,1447.751760482788,0,0
INSTANCE_044,0.5,p85,101,442.06110000000007,0.0,448.68750000000006,80,80,0.8643162393162394,8,3,1,0,5120.494604110718,0,0
INSTANCE_044,0.5,p85,202,442.0612000000001,0.0,448.68750000000006,80,80,0.8295177045177046,14,3,1,0,5534.844875335693,0,0
INSTANCE_044,0.5,p85,303,442.06110000000007,0.0,448.68750000000006,80,80,0.8643162393162394,8,3,1,0,1509.2144012451172,0,0
INSTANCE_044,0.5,p95,101,448.67230000000006,0.0,448.68750000000006,80,80,0.8031135531135533,14,3,1,0,4832.83543586731,0,0
INSTANCE_044,0.5,p95,202,448.67230000000006,0.0,448.68750000000006,80,80,0.8031135531135533,14,3,1,0,6182.040214538575,0,0
INSTANCE_044,0.5,p95,303,450.58330000000007,0.0,448.68750000000006,80,80,0.7544261294261294,20,3,1,0,1551.6841411590576,0,0
INSTANCE_044,0.75,delay20,101,442.3839000000001,0.0,448.68750000000006,80,80,0.9007936507936508,3,3,2,0,799.9002933502197,0,0
INSTANCE_044,0.75,delay20,202,442.3839000000001,0.0,448.68750000000006,80,80,0.9007936507936508,3,3,2,0,1068.0160522460938,0,0
INSTANCE_044,0.75,delay20,303,442.3839000000001,0.0,448.68750000000006,80,80,0.9007936507936508,3,3,2,0,300.40955543518066,0,0
INSTANCE_044,0.75,delay30,101,442.4140000000001,3.814999999999941,448.68750000000006,79,80,0.8373015873015873,5,3,2,0,823.6737251281738,0,0
INSTANCE_044,0.75,delay30,202,442.4140000000001,3.814999999999941,448.68750000000006,79,80,0.8373015873015873,5,3,2,0,1063.7648105621338,0,0
INSTANCE_044,0.75,delay30,303,442.4140000000001,3.814999999999941,448.68750000000006,79,80,0.8373015873015873,5,3,2,0,291.03875160217285,0,0
INSTANCE_044,0.75,p85,101,442.3839000000001,0.0,448.68750000000006,80,80,0.9007936507936508,3,3,2,0,783.3189964294434,0,0
INSTANCE_044,0.75,p85,202,442.3839000000001,0.0,448.68750000000006,80,80,0.9007936507936508,3,3,2,0,979.1719913482666,0,0
INSTANCE_044,0.75,p85,303,442.3839000000001,0.0,448.68750000000006,80,80,0.9007936507936508,3,3,2,0,267.364501953125,0,0
INSTANCE_044,0.75,p95,101,442.3839000000001,0.0,448.68750000000006,80,80,0.9007936507936508,3,3,2,0,782.6268672943115,0,0
INSTANCE_044,0.75,p95,202,442.3839000000001,0.0,448.68750000000006,80,80,0.9007936507936508,3,3,2,0,1025.1481533050537,0,0
INSTANCE_044,0.75,p95,303,442.3839000000001,0.0,448.68750000000006,80,80,0.9007936507936508,3,3,2,0,289.8404598236084,0,0
INSTANCE_046,0.25,delay20,101,313.86589999999995,0.0,317.9248,53,53,0.953216374269006,14,2,1,0,9238.215684890749,0,0
INSTANCE_046,0.25,delay20,202,313.8923,0.0,317.9248,53,53,0.9100877192982456,14,2,1,0,11533.333539962769,0,0
INSTANCE_046,0.25,delay20,303,313.86589999999995,0.0,317.9248,53,53,0.953216374269006,14,2,1,0,3035.503387451172,0,0
INSTANCE_046,0.25,delay30,101,313.86589999999995,0.0,317.9248,53,53,0.953216374269006,14,2,1,0,8878.944873809814,0,0
INSTANCE_046,0.25,delay30,202,313.86589999999995,0.0,317.9248,53,53,0.953216374269006,14,2,1,0,11803.156852722168,0,0
INSTANCE_046,0.25,delay30,303,317.9248,0.0,317.9248,53,53,1.0,0,2,2,0,2958.1832885742188,1,0
INSTANCE_046,0.25,p85,101,313.86589999999995,0.0,317.9248,53,53,0.953216374269006,14,2,1,0,8892.773389816284,0,0
INSTANCE_046,0.25,p85,202,313.86589999999995,0.0,317.9248,53,53,0.953216374269006,14,2,1,0,12821.402549743652,0,0
INSTANCE_046,0.25,p85,303,313.86589999999995,0.0,317.9248,53,53,0.953216374269006,14,2,1,0,3250.411510467529,0,0
INSTANCE_046,0.25,p95,101,313.86589999999995,0.0,317.9248,53,53,0.9258354218880532,17,2,0,0,10237.865924835203,0,0
INSTANCE_046,0.25,p95,202,313.8923,0.0,317.9248,53,53,0.8827067669172932,17,2,0,0,12968.790054321287,0,0
INSTANCE_046,0.25,p95,303,313.8923,0.0,317.9248,53,53,0.8827067669172932,17,2,0,0,2811.777114868164,0,0
INSTANCE_046,0.5,delay20,101,317.9248,0.0,317.9248,53,53,1.0,0,2,2,0,2518.674373626709,1,0
INSTANCE_046,0.5,delay20,202,317.9248,0.0,317.9248,53,53,1.0,0,2,2,0,3001.455783843994,1,0
INSTANCE_046,0.5,delay20,303,317.9248,0.0,317.9248,53,53,1.0,0,2,2,0,885.6329917907714,1,0
INSTANCE_046,0.5,delay30,101,317.9248,0.0,317.9248,53,53,1.0,0,2,2,0,2760.371446609497,1,0
INSTANCE_046,0.5,delay30,202,317.9248,0.0,317.9248,53,53,1.0,0,2,2,0,3150.1526832580566,1,0
INSTANCE_046,0.5,delay30,303,317.9248,0.0,317.9248,53,53,1.0,0,2,2,0,901.5631675720216,1,0
INSTANCE_046,0.5,p85,101,317.9248,0.0,317.9248,53,53,1.0,0,2,2,0,2721.5819358825684,1,0
INSTANCE_046,0.5,p85,202,317.9248,0.0,317.9248,53,53,1.0,0,2,2,0,2921.077251434326,1,0
INSTANCE_046,0.5,p85,303,317.9248,0.0,317.9248,53,53,1.0,0,2,2,0,785.9747409820557,1,0
INSTANCE_046,0.5,p95,101,317.9248,0.0,317.9248,53,53,1.0,0,2,2,0,2982.800006866455,1,0
INSTANCE_046,0.5,p95,202,317.9248,0.0,317.9248,53,53,1.0,0,2,2,0,2987.917184829712,1,0
INSTANCE_046,0.5,p95,303,317.9248,0.0,317.9248,53,53,1.0,0,2,2,0,856.1089038848878,1,0
INSTANCE_046,0.75,delay20,101,317.9248,0.0,317.9248,53,53,1.0,0,2,2,0,503.3714771270752,1,0
INSTANCE_046,0.75,delay20,202,317.9248,0.0,317.9248,53,53,1.0,0,2,2,0,635.6847286224365,1,0
INSTANCE_046,0.75,delay20,303,317.9248,0.0,317.9248,53,53,1.0,0,2,2,0,179.9767017364502,1,0
INSTANCE_046,0.75,delay30,101,317.9248,0.0,317.9248,53,53,1.0,0,2,2,0,560.0278377532959,1,0
INSTANCE_046,0.75,delay30,202,317.9248,0.0,317.9248,53,53,1.0,0,2,2,0,657.9523086547852,1,0
INSTANCE_046,0.75,delay30,303,317.9248,0.0,317.9248,53,53,1.0,0,2,2,0,171.8156337738037,1,0
INSTANCE_046,0.75,p85,101,317.9248,0.0,317.9248,53,53,1.0,0,2,2,0,564.5365715026855,1,0
INSTANCE_046,0.75,p85,202,317.9248,0.0,317.9248,53,53,1.0,0,2,2,0,662.226676940918,1,0
INSTANCE_046,0.75,p85,303,317.9248,0.0,317.9248,53,53,1.0,0,2,2,0,172.48940467834473,1,0
INSTANCE_046,0.75,p95,101,317.9248,0.0,317.9248,53,53,1.0,0,2,2,0,516.4189338684082,1,0
INSTANCE_046,0.75,p95,202,317.9248,0.0,317.9248,53,53,1.0,0,2,2,0,619.0061569213867,1,0
INSTANCE_046,0.75,p95,303,317.9248,0.0,317.9248,53,53,1.0,0,2,2,0,172.80197143554688,1,0
INSTANCE_048,0.25,delay20,101,571.3772,59.78833333333376,566.7154,73,80,0.7530631949749597,29,4,0,0,3901.341676712036,0,0
INSTANCE_048,0.25,delay20,202,569.5533999999999,59.038333333333874,566.7154,74,80,0.7790902724726254,28,4,0,0,3752.079963684082,0,0
INSTANCE_048,0.25,delay20,303,569.5533999999999,59.038333333333874,566.7154,74,80,0.7671855105678635,28,4,0,0,3508.1608295440674,0,0
INSTANCE_048,0.25,delay30,101,577.0346999999999,118.13000000000012,566.7154,74,80,0.6593413122824887,40,4,0,0,3814.945697784424,0,0
INSTANCE_048,0.25,delay30,202,577.0347,118.13000000000036,566.7154,74,80,0.6593413122824887,40,4,0,0,3852.02956199646,0,0
INSTANCE_048,0.25,delay30,303,577.4382,130.95333333333383,566.7154,72,80,0.7329884984296748,31,4,0,0,3674.0024089813232,0,0
INSTANCE_048,0.25,p85,101,567.2341,37.18402483333296,566.7154,75,80,0.797741066123419,27,4,0,0,3953.652620315552,0,0
INSTANCE_048,0.25,p85,202,567.2342,37.59700783333278,566.7154,75,80,0.8575534759358289,21,4,0,0,3852.9512882232666,0,0
INSTANCE_048,0.25,p85,303,567.2340999999999,37.18402483333296,566.7154,75,80,0.8255188439011968,20,4,0,0,3360.9061241149902,0,0
INSTANCE_048,0.25,p95,101,566.8306,96.85710749999951,566.7154,74,80,0.7240938799762329,35,4,0,0,4338.8378620147705,0,0
INSTANCE_048,0.25,p95,202,568.9404,96.08316333333278,566.7154,74,80,0.6868623206858501,33,4,0,0,3904.4485092163086,0,0
INSTANCE_048,0.25,p95,303,570.1834,106.43161999999938,566.7154,73,80,0.7015809354044649,32,4,0,0,3605.292558670044,0,0
INSTANCE_048,0.5,delay20,101,567.1576,64.03833333333364,566.7154,74,80,0.7304112554112554,24,4,1,0,1170.3920364379885,0,0
INSTANCE_048,0.5,delay20,202,567.1576,64.03833333333375,566.7154,74,80,0.7571969696969697,25,4,1,0,1252.5300979614258,0,0
INSTANCE_048,0.5,delay20,303,567.2221999999999,64.13833333333355,566.7154,74,80,0.7512445887445888,25,4,1,0,1225.5799770355225,0,0
INSTANCE_048,0.5,delay30,101,569.2827,128.66666666666697,566.7154,72,80,0.679004329004329,24,4,1,0,1262.7909183502195,0,0
INSTANCE_048,0.5,delay30,202,569.2827,128.66666666666697,566.7154,72,80,0.728517316017316,25,4,1,0,1280.13277053833,0,0
INSTANCE_048,0.5,delay30,303,569.2827,128.6666666666672,566.7154,72,80,0.7057900432900432,25,4,1,0,1299.6480464935305,0,0
INSTANCE_048,0.5,p85,101,574.3353,20.653913166666484,566.7154,77,80,0.6938852813852814,21,4,1,0,1161.2095832824707,0,0
INSTANCE_048,0.5,p85,202,567.1577,17.904755666666574,566.7154,78,80,0.68495670995671,21,4,1,0,1150.83646774292,0,0
INSTANCE_048,0.5,p85,303,567.1577,17.904755666666574,566.7154,78,80,0.7117424242424242,21,4,1,0,1168.8311100006104,0,0
INSTANCE_048,0.5,p95,101,568.9661,60.45144583333331,566.7154,75,80,0.7268939393939393,24,4,1,0,1261.324405670166,0,0
INSTANCE_048,0.5,p95,202,567.1576,60.45144583333331,566.7154,75,80,0.7842532467532467,18,4,1,0,1247.8094100952148,0,0
INSTANCE_048,0.5,p95,303,567.1576,60.501030000000014,566.7154,75,80,0.7515151515151515,19,4,1,0,1131.3447952270508,0,0
INSTANCE_048,0.75,delay20,101,566.7154,64.26333333333334,566.7154,74,80,0.6592261904761905,9,4,2,0,274.66678619384766,0,0
INSTANCE_048,0.75,delay20,202,566.7445,64.4333333333334,566.7154,74,80,0.6726190476190476,9,4,2,0,237.35499382019043,0,0
INSTANCE_048,0.75,delay20,303,566.7154,64.26333333333334,566.7154,74,80,0.6592261904761905,9,4,2,0,231.78958892822263,0,0
INSTANCE_048,0.75,delay30,101,566.7154,127.91666666666652,566.7154,73,80,0.6592261904761905,9,4,2,0,240.9763336181641,0,0
INSTANCE_048,0.75,delay30,202,566.7154,127.91666666666652,566.7154,73,80,0.6592261904761905,9,4,2,0,275.3560543060303,0,0
INSTANCE_048,0.75,delay30,303,566.7154,127.91666666666652,566.7154,73,80,0.6592261904761905,9,4,2,0,241.85919761657715,0,0
INSTANCE_048,0.75,p85,101,566.7155,9.326098333333562,566.7154,78,80,0.8541666666666666,2,4,3,0,245.48006057739255,0,0
INSTANCE_048,0.75,p85,202,566.7155,9.326098333333562,566.7154,78,80,0.8541666666666666,2,4,3,0,248.2364177703857,0,0
INSTANCE_048,0.75,p85,303,566.7155,9.326098333333562,566.7154,78,80,0.8541666666666666,2,4,3,0,235.22591590881348,0,0
INSTANCE_048,0.75,p95,101,566.7154,26.35653583333351,566.7154,76,80,0.8333333333333334,2,4,3,0,241.5761947631836,0,0
INSTANCE_048,0.75,p95,202,566.7154,26.35653583333351,566.7154,76,80,0.8333333333333334,2,4,3,0,249.77970123291016,0,0
INSTANCE_048,0.75,p95,303,566.7154,26.35653583333351,566.7154,76,80,0.8333333333333334,2,4,3,0,233.00671577453613,0,0
INSTANCE_049,0.25,delay20,101,286.7089,57.54333333333432,274.1715,64,68,0.6611234980800198,41,2,0,0,23438.117504119877,0,0
INSTANCE_049,0.25,delay20,202,282.16450000000003,57.62500000000148,274.1715,63,68,0.652220364176886,37,2,0,0,27846.40121459961,0,0
INSTANCE_049,0.25,delay20,303,321.5483,59.68500000000108,274.1715,62,68,0.6441765762417937,42,2,0,0,7946.406126022339,0,0
INSTANCE_049,0.25,delay30,101,313.37210000000005,124.61500000000171,274.1715,60,68,0.6495571658615137,45,2,0,0,23389.912128448486,0,0
INSTANCE_049,0.25,delay30,202,318.54150000000004,112.32666666666852,274.1715,61,68,0.6457946240554936,45,2,0,0,28875.12516975403,0,0
INSTANCE_049,0.25,delay30,303,325.0795,108.21666666666728,274.1715,62,68,0.5677876873529047,46,2,0,0,7343.040943145752,0,0
INSTANCE_049,0.25,p85,101,310.0876,50.612348333335376,274.1715,63,68,0.6630512201164376,36,2,0,0,24414.68381881714,0,0
INSTANCE_049,0.25,p85,202,310.0847,50.57189183333492,274.1715,63,68,0.6929812337421033,38,2,0,0,28674.805402755737,0,0
INSTANCE_049,0.25,p85,303,321.5483,36.69453733333478,274.1715,64,68,0.6753530286138982,39,2,0,0,8011.204719543457,0,0
INSTANCE_049,0.25,p95,101,303.321,67.11318333333395,274.1715,64,68,0.6016195961848136,40,2,0,0,24372.77913093567,0,0
INSTANCE_049,0.25,p95,202,301.6832,67.59393416666819,274.1715,64,68,0.6108943391552087,40,2,0,0,28874.59635734558,0,0
INSTANCE_049,0.25,p95,303,287.33380000000005,95.27222666666842,274.1715,63,68,0.6210361699492135,35,2,0,0,8392.939805984497,0,0
INSTANCE_049,0.5,delay20,101,294.9131,44.57833333333463,274.1715,63,68,0.4673202614379085,32,2,0,0,6951.400518417358,0,0
INSTANCE_049,0.5,delay20,202,298.2448,43.03833333333444,274.1715,63,68,0.4359477124183006,32,2,0,0,8356.21190071106,0,0
INSTANCE_049,0.5,delay20,303,288.1743000000001,48.21333333333439,274.1715,64,68,0.5169934640522875,31,2,0,0,2436.404228210449,0,0
INSTANCE_049,0.5,delay30,101,293.3408,99.82500000000164,274.1715,62,68,0.4797385620915032,31,2,0,0,7072.919130325317,0,0
INSTANCE_049,0.5,delay30,202,301.68240000000003,96.79666666666844,274.1715,62,68,0.5117647058823529,32,2,0,0,8280.411958694458,0,0
INSTANCE_049,0.5,delay30,303,299.711,102.20666666666808,274.1715,62,68,0.4856209150326797,31,2,0,0,2535.730361938477,0,0
INSTANCE_049,0.5,p85,101,281.6343,25.364857000000484,274.1715,66,68,0.5774509803921568,29,2,0,0,6691.322088241577,0,0
INSTANCE_049,0.5,p85,202,321.5258,14.821644500000618,274.1715,65,68,0.5901143790849672,31,2,0,0,8545.117139816284,0,0
INSTANCE_049,0.5,p85,303,281.63430000000005,25.364857000000484,274.1715,66,68,0.5941176470588235,29,2,0,0,2284.151315689087,0,0
INSTANCE_049,0.5,p95,101,325.7089,52.3686241666676,274.1715,64,68,0.6319444444444444,30,2,0,0,7143.003940582275,0,0
INSTANCE_049,0.5,p95,202,283.35880000000003,47.803498333334346,274.1715,65,68,0.5473856209150327,27,2,0,0,9095.327377319336,0,0
INSTANCE_049,0.5,p95,303,293.09790000000004,29.64028833333396,274.1715,66,68,0.5006535947712418,32,2,0,0,2360.2874279022217,0,0
INSTANCE_049,0.75,delay20,101,274.06179999999995,94.80166666666798,274.1715,62,68,0.8923611111111112,2,2,1,0,923.2017993927002,0,0
INSTANCE_049,0.75,delay20,202,274.1715,95.62666666666792,274.1715,62,68,1.0,0,2,2,0,1174.1034984588623,1,0
INSTANCE_049,0.75,delay20,303,274.06179999999995,94.80166666666798,274.1715,62,68,0.8923611111111112,2,2,1,0,385.9565258026123,0,0
INSTANCE_049,0.75,delay30,101,275.7981,169.01333333333503,274.1715,60,68,0.7762896825396826,8,2,0,0,1017.531394958496,0,0
INSTANCE_049,0.75,delay30,202,275.7981,169.01333333333503,274.1715,60,68,0.7762896825396826,8,2,0,0,1241.26935005188,0,0
INSTANCE_049,0.75,delay30,303,275.7981,169.01333333333503,274.1715,60,68,0.7762896825396826,8,2,0,0,384.8741054534912,0,0
INSTANCE_049,0.75,p85,101,274.06179999999995,25.63789283333369,274.1715,66,68,0.7777777777777778,6,2,1,0,1019.5753574371338,0,0
INSTANCE_049,0.75,p85,202,274.0618,25.6378928333338,274.1715,66,68,0.7395833333333334,6,2,1,0,1263.4899616241455,0,0
INSTANCE_049,0.75,p85,303,274.1715,25.95576533333372,274.1715,66,68,1.0,0,2,2,0,375.7202625274658,1,0
INSTANCE_049,0.75,p95,101,274.06179999999995,38.09777750000045,274.1715,64,68,0.8923611111111112,2,2,1,0,1055.574655532837,0,0
INSTANCE_049,0.75,p95,202,274.1715,38.80920250000042,274.1715,64,68,1.0,0,2,2,0,1283.3337783813477,1,0
INSTANCE_049,0.75,p95,303,274.1715,38.80920250000042,274.1715,64,68,1.0,0,2,2,0,395.4014778137207,1,0
INSTANCE_050,0.25,delay20,101,226.6717,0.2666666666667652,224.0649,50,51,0.7505718954248366,12,2,0,0,9534.149408340454,0,0
INSTANCE_050,0.25,delay20,202,226.6717,0.2666666666667652,224.0649,50,51,0.8110294117647059,11,2,0,0,10975.789308547974,0,0
INSTANCE_050,0.25,delay20,303,226.6717,0.2666666666667652,224.0649,50,51,0.7963235294117648,10,2,0,0,2532.051086425781,0,0
INSTANCE_050,0.25,delay30,101,229.17499999999995,10.266666666666763,224.0649,50,51,0.7342436974789917,25,2,0,0,9315.306663513184,0,0
INSTANCE_050,0.25,delay30,202,229.9501,10.266666666666763,224.0649,50,51,0.7723389355742297,13,2,0,0,10823.782444000244,0,0
INSTANCE_050,0.25,delay30,303,229.17499999999995,10.266666666666763,224.0649,50,51,0.7342436974789917,25,2,0,0,2606.403589248657,0,0
INSTANCE_050,0.25,p85,101,222.8578,0.0,224.0649,51,51,0.7852824463118581,13,2,0,0,9833.786249160768,0,0
INSTANCE_050,0.25,p85,202,222.8578,0.0,224.0649,51,51,0.8310340802987861,11,2,0,0,11100.804567337036,0,0
INSTANCE_050,0.25,p85,303,222.8578,0.0,224.0649,51,51,0.8310340802987861,11,2,0,0,2516.4120197296143,0,0
INSTANCE_050,0.25,p95,101,223.3817,0.0,224.0649,51,51,0.8584150326797386,8,2,0,0,9335.994482040403,0,0
INSTANCE_050,0.25,p95,202,224.0648,0.0,224.0649,51,51,0.9155578898225956,4,2,0,0,10594.532012939451,0,0
INSTANCE_050,0.25,p95,303,232.1128,0.0,224.0649,51,51,0.791748366013072,23,2,0,0,2896.1715698242183,0,0
INSTANCE_050,0.5,delay20,101,223.3817,0.0,224.0649,51,51,0.7741841491841492,8,2,0,0,2572.5505352020264,0,0
INSTANCE_050,0.5,delay20,202,223.3817,0.0,224.0649,51,51,0.7741841491841492,8,2,0,0,2973.8111495971675,0,0
INSTANCE_050,0.5,delay20,303,223.3817,0.0,224.0649,51,51,0.7022144522144522,10,2,0,0,769.8502540588379,0,0
INSTANCE_050,0.5,delay30,101,228.3917,0.0,224.0649,51,51,0.8214285714285714,7,2,1,0,2467.6525592803955,0,0
INSTANCE_050,0.5,delay30,202,228.3916,0.0,224.0649,51,51,0.7494588744588745,9,2,0,0,3209.0630531311035,0,0
INSTANCE_050,0.5,delay30,303,228.3916,0.0,224.0649,51,51,0.7494588744588745,9,2,0,0,764.246940612793,0,0
INSTANCE_050,0.5,p85,101,223.3817,0.0,224.0649,51,51,0.7741841491841492,8,2,0,0,2799.1037368774414,0,0
INSTANCE_050,0.5,p85,202,223.3817,0.0,224.0649,51,51,0.7741841491841492,8,2,0,0,2794.6457862854004,0,0
INSTANCE_050,0.5,p85,303,223.3817,0.0,224.0649,51,51,0.7626540126540127,8,2,0,0,737.4279499053955,0,0
INSTANCE_050,0.5,p95,101,223.3817,0.0,224.0649,51,51,0.8346237096237097,6,2,0,0,2591.4900302886963,0,0
INSTANCE_050,0.5,p95,202,223.3817,0.0,224.0649,51,51,0.7741841491841492,8,2,0,0,2844.043970108032,0,0
INSTANCE_050,0.5,p95,303,223.3817,0.0,224.0649,51,51,0.8346237096237097,6,2,0,0,804.4579029083252,0,0
INSTANCE_050,0.75,delay20,101,223.3817,0.0,224.0649,51,51,0.5952380952380953,6,2,0,0,436.6960525512694,0,0
INSTANCE_050,0.75,delay20,202,223.3817,0.0,224.0649,51,51,0.5952380952380953,6,2,0,0,576.113224029541,0,0
INSTANCE_050,0.75,delay20,303,223.3817,0.0,224.0649,51,51,0.5952380952380953,6,2,0,0,157.09924697875977,0,0
INSTANCE_050,0.75,delay30,101,223.3817,0.0,224.0649,51,51,0.5952380952380953,6,2,0,0,519.7339057922364,0,0
INSTANCE_050,0.75,delay30,202,223.3817,0.0,224.0649,51,51,0.5952380952380953,6,2,0,0,622.3018169403076,0,0
INSTANCE_050,0.75,delay30,303,223.3817,0.0,224.0649,51,51,0.5952380952380953,6,2,0,0,145.49684524536133,0,0
INSTANCE_050,0.75,p85,101,223.3817,0.0,224.0649,51,51,0.5952380952380953,6,2,0,0,453.2747268676758,0,0
INSTANCE_050,0.75,p85,202,223.3817,0.0,224.0649,51,51,0.5952380952380953,6,2,0,0,615.7002449035645,0,0
INSTANCE_050,0.75,p85,303,223.3817,0.0,224.0649,51,51,0.5952380952380953,6,2,0,0,155.38263320922852,0,0
INSTANCE_050,0.75,p95,101,223.3817,0.0,224.0649,51,51,0.5952380952380953,6,2,0,0,446.9599723815918,0,0
INSTANCE_050,0.75,p95,202,223.3817,0.0,224.0649,51,51,0.5952380952380953,6,2,0,0,634.9024772644043,0,0
INSTANCE_050,0.75,p95,303,223.3817,0.0,224.0649,51,51,0.5952380952380953,6,2,0,0,148.94485473632812,0,0
INSTANCE_052,0.25,delay20,101,391.2489,0.0,343.73890000000006,49,49,0.7043773649810801,21,2,0,0,8703.10091972351,0,0
INSTANCE_052,0.25,delay20,202,391.2488,0.0,343.73890000000006,49,49,0.7337891296869624,22,2,0,0,10117.464542388916,0,0
INSTANCE_052,0.25,delay20,303,395.0538,0.0,343.73890000000006,49,49,0.712547299621603,26,2,0,0,2424.024820327759,0,0
INSTANCE_052,0.25,delay30,101,427.4383,10.221666666667147,343.73890000000006,47,49,0.7027433780529755,26,2,0,0,8419.492721557617,0,0
INSTANCE_052,0.25,delay30,202,403.8657,2.978333333333921,343.73890000000006,47,49,0.6266339869281046,26,2,0,0,10911.187410354614,0,0
INSTANCE_052,0.25,delay30,303,403.8656,6.875000000000455,343.73890000000006,47,49,0.6697626418988648,26,2,0,0,2404.382705688477,0,0
INSTANCE_052,0.25,p85,101,369.0528000000001,0.2646835000001601,343.73890000000006,48,49,0.7875816993464052,23,2,0,0,9378.484964370728,0,0
INSTANCE_052,0.25,p85,202,369.0266,0.2646835000001601,343.73890000000006,48,49,0.7140522875816993,22,2,0,0,10660.029411315918,0,0
INSTANCE_052,0.25,p85,303,369.0529,0.0,343.73890000000006,49,49,0.7736928104575163,21,2,0,0,2525.319576263428,0,0
INSTANCE_052,0.25,p95,101,389.4832,57.48414750000097,343.73890000000006,46,49,0.7462160302717578,22,2,0,0,9223.26636314392,0,0
INSTANCE_052,0.25,p95,202,391.2489,28.67799083333398,343.73890000000006,46,49,0.6723856209150326,22,2,0,0,10325.762271881104,0,0
INSTANCE_052,0.25,p95,303,391.2489,28.67799083333398,343.73890000000006,46,49,0.6723856209150326,22,2,0,0,2530.418157577514,0,0
INSTANCE_052,0.5,delay20,101,391.2489,0.0,343.73890000000006,49,49,0.4992715617715617,21,2,0,0,2804.260015487671,0,0
INSTANCE_052,0.5,delay20,202,391.2488,0.0,343.73890000000006,49,49,0.5447261072261071,22,2,0,0,3116.811037063598,0,0
INSTANCE_052,0.5,delay20,303,391.2488,0.0,343.73890000000006,49,49,0.5447261072261071,22,2,0,0,871.4361190795898,0,0
INSTANCE_052,0.5,delay30,101,391.2489,4.066666666667175,343.73890000000006,47,49,0.448572261072261,22,2,0,0,3201.267957687378,0,0
INSTANCE_052,0.5,delay30,202,391.2489,4.066666666667175,343.73890000000006,47,49,0.448572261072261,22,2,0,0,3317.164182662964,0,0
INSTANCE_052,0.5,delay30,303,391.2488,11.3100000000004,343.73890000000006,47,49,0.5447261072261071,22,2,0,0,878.5157203674316,0,0
INSTANCE_052,0.5,p85,101,369.0528000000001,0.0,343.73890000000006,49,49,0.7227564102564102,21,2,0,0,2724.886894226074,0,0
INSTANCE_052,0.5,p85,202,369.0529,0.0,343.73890000000006,49,49,0.6746794871794872,21,2,0,0,3104.2685508728027,0,0
INSTANCE_052,0.5,p85,303,369.0528000000001,0.0,343.73890000000006,49,49,0.654574592074592,20,2,0,0,851.4211177825928,0,0
INSTANCE_052,0.5,p95,101,369.0529,7.720823333333556,343.73890000000006,48,49,0.6330128205128205,21,2,0,0,2832.0236206054688,0,0
INSTANCE_052,0.5,p95,202,369.0529,0.0,343.73890000000006,49,49,0.6266025641025641,21,2,0,0,3404.911994934082,0,0
INSTANCE_052,0.5,p95,303,369.0529,0.0,343.73890000000006,49,49,0.6682692307692308,21,2,0,0,868.0741786956787,0,0
INSTANCE_052,0.75,delay20,101,346.67740000000003,6.981666666667138,343.73890000000006,48,49,0.6071428571428572,6,2,1,0,479.2907238006592,0,0
INSTANCE_052,0.75,delay20,202,346.67740000000003,6.981666666667138,343.73890000000006,48,49,0.6071428571428572,6,2,1,0,628.2868385314941,0,0
INSTANCE_052,0.75,delay20,303,346.67740000000003,6.981666666667138,343.73890000000006,48,49,0.6071428571428572,6,2,1,0,172.4259853363037,0,0
INSTANCE_052,0.75,delay30,101,346.67740000000003,25.380000000000905,343.73890000000006,47,49,0.6071428571428572,6,2,1,0,493.76511573791504,0,0
INSTANCE_052,0.75,delay30,202,346.67740000000003,25.380000000000905,343.73890000000006,47,49,0.6071428571428572,6,2,1,0,662.4689102172852,0,0
INSTANCE_052,0.75,delay30,303,346.67740000000003,25.380000000000905,343.73890000000006,47,49,0.6071428571428572,6,2,1,0,157.11069107055664,0,0
INSTANCE_052,0.75,p85,101,346.67730000000006,0.0,343.73890000000006,49,49,0.7321428571428572,7,2,1,0,458.0130577087402,0,0
INSTANCE_052,0.75,p85,202,346.67730000000006,0.0,343.73890000000006,49,49,0.7321428571428572,7,2,1,0,672.36328125,0,0
INSTANCE_052,0.75,p85,303,346.67730000000006,0.0,343.73890000000006,49,49,0.7321428571428572,7,2,1,0,163.54966163635254,0,0
INSTANCE_052,0.75,p95,101,346.67740000000003,0.0,343.73890000000006,49,49,0.6071428571428572,6,2,1,0,502.9809474945069,0,0
INSTANCE_052,0.75,p95,202,346.67740000000003,0.0,343.73890000000006,49,49,0.6071428571428572,6,2,1,0,682.4281215667725,0,0
INSTANCE_052,0.75,p95,303,346.67740000000003,0.0,343.73890000000006,49,49,0.6071428571428572,6,2,1,0,182.71136283874512,0,0
INSTANCE_053,0.25,delay20,101,371.2506,0.0,311.80659999999995,47,47,0.7735264735264735,24,5,2,0,599.8551845550537,0,0
INSTANCE_053,0.25,delay20,202,375.539,0.0,311.80659999999995,47,47,0.7808025308025308,22,5,2,0,602.0247936248778,0,0
INSTANCE_053,0.25,delay20,303,371.1973,0.0,311.80659999999995,47,47,0.772011322011322,24,5,2,0,596.5721607208252,0,0
INSTANCE_053,0.25,delay30,101,372.2184,0.0,311.80659999999995,47,47,0.7735264735264735,27,5,2,0,671.6487407684326,0,0
INSTANCE_053,0.25,delay30,202,372.2185,0.0,311.80659999999995,47,47,0.7750416250416251,26,5,2,0,656.902551651001,0,0
INSTANCE_053,0.25,delay30,303,374.0279,0.0,311.80659999999995,47,47,0.771894771894772,26,5,2,0,573.5869407653809,0,0
INSTANCE_053,0.25,p85,101,301.23049999999995,0.0,311.80659999999995,47,47,0.906160506160506,13,5,3,0,703.3493518829346,0,0
INSTANCE_053,0.25,p85,202,301.1422,0.0,311.80659999999995,47,47,0.9076756576756576,12,5,3,0,749.352216720581,0,0
INSTANCE_053,0.25,p85,303,301.23049999999995,0.0,311.80659999999995,47,47,0.906160506160506,13,5,3,0,544.8634624481201,0,0
INSTANCE_053,0.25,p95,101,301.23049999999995,1.4833750000001371,311.80659999999995,46,47,0.906160506160506,13,5,3,0,668.0822372436523,0,0
INSTANCE_053,0.25,p95,202,301.23049999999995,1.4833750000001371,311.80659999999995,46,47,0.906160506160506,13,5,3,0,652.7025699615479,0,0
INSTANCE_053,0.25,p95,303,301.2567,1.565296666666768,311.80659999999995,46,47,0.8896769896769896,15,5,3,1,553.8053512573242,0,1
INSTANCE_053,0.5,delay20,101,315.2594,0.7200000000000273,311.80659999999995,46,47,0.7087301587301587,16,5,2,1,274.6665477752685,0,1
INSTANCE_053,0.5,delay20,202,315.2594,0.7200000000000273,311.80659999999995,46,47,0.7087301587301587,16,5,2,1,285.86459159851074,0,1
INSTANCE_053,0.5,delay20,303,315.2593,0.7200000000000273,311.80659999999995,46,47,0.7087301587301587,16,5,2,1,211.7142677307129,0,1
INSTANCE_053,0.5,delay30,101,326.34279999999995,0.0383333333334121,311.80659999999995,46,47,0.7964285714285715,10,5,3,0,264.4939422607422,0,0
INSTANCE_053,0.5,delay30,202,326.34279999999995,0.0383333333334121,311.80659999999995,46,47,0.7964285714285715,10,5,3,0,267.76576042175293,0,0
INSTANCE_053,0.5,delay30,303,326.34279999999995,0.0383333333334121,311.80659999999995,46,47,0.7630952380952382,9,5,3,0,258.6796283721924,0,0
INSTANCE_053,0.5,p85,101,301.23049999999995,0.0,311.80659999999995,47,47,0.836111111111111,13,5,3,0,231.7509651184082,0,0
INSTANCE_053,0.5,p85,202,301.1422,0.0,311.80659999999995,47,47,0.8539682539682539,12,5,3,0,251.0101795196533,0,0
INSTANCE_053,0.5,p85,303,301.1422,0.0,311.80659999999995,47,47,0.8539682539682539,12,5,3,0,254.5309066772461,0,0
INSTANCE_053,0.5,p95,101,301.23049999999995,0.0,311.80659999999995,47,47,0.836111111111111,13,5,3,0,266.0837173461914,0,0
INSTANCE_053,0.5,p95,202,301.1422,0.0,311.80659999999995,47,47,0.8539682539682539,12,5,3,0,281.4772129058838,0,0
INSTANCE_053,0.5,p95,303,301.1422,0.0,311.80659999999995,47,47,0.8539682539682539,12,5,3,0,218.2605266571045,0,0
INSTANCE_053,0.75,delay20,101,301.816,8.236666666666792,311.80659999999995,45,47,0.91,4,5,4,1,86.3194465637207,0,1
INSTANCE_053,0.75,delay20,202,301.816,8.236666666666792,311.80659999999995,45,47,0.91,4,5,4,1,89.61343765258789,0,1
INSTANCE_053,0.75,delay20,303,301.816,8.236666666666792,311.80659999999995,45,47,0.91,4,5,4,1,82.62014389038086,0,1
INSTANCE_053,0.75,delay30,101,311.80659999999995,17.516666666666765,311.80659999999995,46,47,1.0,0,5,5,0,89.58292007446289,1,0
INSTANCE_053,0.75,delay30,202,311.80659999999995,17.516666666666765,311.80659999999995,46,47,1.0,0,5,5,0,84.16247367858887,1,0
INSTANCE_053,0.75,delay30,303,311.80659999999995,17.516666666666765,311.80659999999995,46,47,1.0,0,5,5,0,89.32209014892578,1,0
INSTANCE_053,0.75,p85,101,301.816,0.0,311.80659999999995,47,47,0.91,4,5,4,0,90.32273292541504,0,0
INSTANCE_053,0.75,p85,202,301.816,0.0,311.80659999999995,47,47,0.91,4,5,4,0,94.98310089111328,0,0
INSTANCE_053,0.75,p85,303,301.816,0.0,311.80659999999995,47,47,0.91,4,5,4,0,92.47326850891112,0,0
INSTANCE_053,0.75,p95,101,301.816,0.0,311.80659999999995,47,47,0.91,4,5,4,0,94.69199180603027,0,0
INSTANCE_053,0.75,p95,202,301.816,0.0,311.80659999999995,47,47,0.91,4,5,4,0,97.8553295135498,0,0
INSTANCE_053,0.75,p95,303,301.816,0.0,311.80659999999995,47,47,0.91,4,5,4,0,90.99221229553224,0,0
INSTANCE_054,0.25,delay20,101,405.6714,0.0,393.8544,79,79,0.8736383442265795,15,3,2,0,14476.120233535768,0,0
INSTANCE_054,0.25,delay20,202,405.6797,0.0,393.8544,79,79,0.8442265795206971,15,3,2,0,18740.498065948486,0,0
INSTANCE_054,0.25,delay20,303,405.6714,0.0,393.8544,79,79,0.8638344226579521,15,3,2,0,4536.296367645264,0,0
INSTANCE_054,0.25,delay30,101,408.1227,4.7349999999999,393.8544,78,79,0.8932461873638345,15,3,2,0,14551.809310913086,0,0
INSTANCE_054,0.25,delay30,202,408.1227,0.0,393.8544,79,79,0.8835695894519424,21,3,1,0,18696.93875312805,0,0
INSTANCE_054,0.25,delay30,303,408.1227,0.0,393.8544,79,79,0.8835695894519424,21,3,1,0,4822.744131088257,0,0
INSTANCE_054,0.25,p85,101,403.4203,0.0,393.8544,79,79,0.8304897716662424,26,3,1,0,15470.085620880129,0,0
INSTANCE_054,0.25,p85,202,403.4202,0.0,393.8544,79,79,0.7674645615822087,26,3,1,0,18411.523580551147,0,0
INSTANCE_054,0.25,p85,303,403.4202,0.0,393.8544,79,79,0.7772684831508361,25,3,1,0,4728.538751602173,0,0
INSTANCE_054,0.25,p95,101,406.339,0.0,393.8544,79,79,0.8108677814560168,28,3,1,0,15060.448408126833,0,0
INSTANCE_054,0.25,p95,202,406.339,0.0,393.8544,79,79,0.8010638598873894,28,3,1,0,19984.747171401978,0,0
INSTANCE_054,0.25,p95,303,407.298,0.0,393.8544,79,79,0.776065981948335,33,3,1,0,5009.601593017578,0,0
INSTANCE_054,0.5,delay20,101,407.4906,9.530000000000427,393.8544,78,79,0.9570707070707072,12,3,2,0,4896.958112716675,0,0
INSTANCE_054,0.5,delay20,202,407.4906,9.530000000000427,393.8544,78,79,0.8939393939393939,12,3,2,0,6199.83696937561,0,0
INSTANCE_054,0.5,delay20,303,407.4906,9.530000000000427,393.8544,78,79,0.9570707070707072,12,3,2,0,1342.2698974609375,0,0
INSTANCE_054,0.5,delay30,101,407.4906,19.530000000000427,393.8544,78,79,0.8798701298701298,16,3,1,0,5308.414936065674,0,0
INSTANCE_054,0.5,delay30,202,407.4906000000001,19.530000000000427,393.8544,78,79,0.8798701298701298,17,3,1,0,6045.960187911988,0,0
INSTANCE_054,0.5,delay30,303,407.4906000000001,19.530000000000427,393.8544,78,79,0.9253246753246754,18,3,1,0,1492.877960205078,0,0
INSTANCE_054,0.5,p85,101,407.4906,0.0,393.8544,79,79,0.9116161616161615,10,3,2,0,5604.766130447388,0,0
INSTANCE_054,0.5,p85,202,407.4906,0.0,393.8544,79,79,0.9116161616161615,11,3,2,0,6029.361009597778,0,0
INSTANCE_054,0.5,p85,303,407.4906,0.0,393.8544,79,79,0.8939393939393939,12,3,2,0,1699.8414993286133,0,0
INSTANCE_054,0.5,p95,101,407.4906,0.0,393.8544,79,79,0.9116161616161615,10,3,2,0,5469.053745269775,0,0
INSTANCE_054,0.5,p95,202,407.4906,0.0,393.8544,79,79,0.9570707070707072,12,3,2,0,6324.811935424805,0,0
INSTANCE_054,0.5,p95,303,407.4906,0.0,393.8544,79,79,0.9116161616161615,10,3,2,0,1581.963300704956,0,0
INSTANCE_054,0.75,delay20,101,393.8544,0.0,393.8544,79,79,1.0,0,3,3,0,766.1824226379395,1,0
INSTANCE_054,0.75,delay20,202,393.8544,0.0,393.8544,79,79,1.0,0,3,3,0,987.2164726257324,1,0
INSTANCE_054,0.75,delay20,303,393.8544,0.0,393.8544,79,79,1.0,0,3,3,0,257.48753547668457,1,0
INSTANCE_054,0.75,delay30,101,393.8544,0.0,393.8544,79,79,0.9226190476190476,6,3,2,0,821.6683864593506,0,0
INSTANCE_054,0.75,delay30,202,393.8544,0.0,393.8544,79,79,0.9226190476190476,6,3,2,0,1017.8205966949464,0,0
INSTANCE_054,0.75,delay30,303,393.8544,0.0,393.8544,79,79,0.9226190476190476,6,3,2,0,261.9743347167969,0,0
INSTANCE_054,0.75,p85,101,393.8544,0.0,393.8544,79,79,1.0,0,3,3,0,746.8945980072021,1,0
INSTANCE_054,0.75,p85,202,393.8544,0.0,393.8544,79,79,1.0,0,3,3,0,1040.128231048584,1,0
INSTANCE_054,0.75,p85,303,393.8544,0.0,393.8544,79,79,1.0,0,3,3,0,289.1573905944824,1,0
INSTANCE_054,0.75,p95,101,393.8544,0.0,393.8544,79,79,1.0,0,3,3,0,800.9071350097656,1,0
INSTANCE_054,0.75,p95,202,393.8544,0.0,393.8544,79,79,1.0,0,3,3,0,1033.2403182983398,1,0
INSTANCE_054,0.75,p95,303,393.8544,0.0,393.8544,79,79,1.0,0,3,3,0,258.6758136749268,1,0
INSTANCE_056,0.25,delay20,101,372.5553,35.118333333333794,363.8707,52,56,0.6713203463203463,27,2,0,0,13351.029396057129,0,0
INSTANCE_056,0.25,delay20,202,359.15010000000007,49.631666666667,363.8707,51,56,0.6978896103896104,27,2,0,0,15478.485107421877,0,0
INSTANCE_056,0.25,delay20,303,386.5172,44.02499999999998,363.8707,52,56,0.7870129870129869,21,2,0,0,3475.757122039795,0,0
INSTANCE_056,0.25,delay30,101,371.54190000000006,100.30500000000018,363.8707,48,56,0.7524891774891775,25,2,0,0,13084.096670150757,0,0
INSTANCE_056,0.25,delay30,202,371.54190000000006,100.30500000000018,363.8707,48,56,0.7524891774891775,25,2,0,0,16454.792261123657,0,0
INSTANCE_056,0.25,delay30,303,371.54190000000006,100.30500000000018,363.8707,48,56,0.7524891774891775,25,2,0,0,3779.2229652404794,0,0
INSTANCE_056,0.25,p85,101,366.3918,16.847181833333366,363.8707,51,56,0.6311147186147186,32,2,0,0,13981.583833694458,0,0
INSTANCE_056,0.25,p85,202,363.4473,12.678235833333131,363.8707,51,56,0.6983766233766233,28,2,0,0,15535.714149475098,0,0
INSTANCE_056,0.25,p85,303,378.8765,19.36126433333345,363.8707,51,56,0.5817099567099566,35,2,0,0,3768.296003341675,0,0
INSTANCE_056,0.25,p95,101,364.3062,86.95678833333261,363.8707,49,56,0.6756493506493506,27,2,0,0,12668.434858322144,0,0
INSTANCE_056,0.25,p95,202,363.4449,79.24106083333277,363.8707,49,56,0.6745670995670996,28,2,0,0,15802.997350692747,0,0
INSTANCE_056,0.25,p95,303,363.4449,79.24106083333277,363.8707,49,56,0.6745670995670996,28,2,0,0,3760.14256477356,0,0
INSTANCE_056,0.5,delay20,101,373.4167,24.54333333333375,363.8707,53,56,0.5187728937728937,23,2,0,0,3792.219877243042,0,0
INSTANCE_056,0.5,delay20,202,378.8499000000001,30.556666666667077,363.8707,53,56,0.675915750915751,22,2,0,0,4642.073392868042,0,0
INSTANCE_056,0.5,delay20,303,373.4167,24.54333333333375,363.8707,53,56,0.5187728937728937,23,2,0,0,1190.052509307861,0,0
INSTANCE_056,0.5,delay30,101,373.4167,59.4750000000006,363.8707,51,56,0.5187728937728937,23,2,0,0,3593.1086540222173,0,0
INSTANCE_056,0.5,delay30,202,374.5434,64.21166666666704,363.8707,51,56,0.5687728937728938,22,2,0,0,4581.555604934692,0,0
INSTANCE_056,0.5,delay30,303,373.5829,60.34833333333405,363.8707,51,56,0.5366300366300366,23,2,0,0,1187.4723434448242,0,0
INSTANCE_056,0.5,p85,101,376.7225,5.645355166666605,363.8707,54,56,0.5215201465201464,22,2,0,0,3726.635694503784,0,0
INSTANCE_056,0.5,p85,202,373.8686,4.337430833333428,363.8707,55,56,0.6044871794871794,21,2,0,0,4740.226984024048,0,0
INSTANCE_056,0.5,p85,303,373.27240000000006,5.5838763333333645,363.8707,55,56,0.6556776556776557,21,2,0,0,1202.9807567596436,0,0
INSTANCE_056,0.5,p95,101,373.4167,17.224445833333334,363.8707,54,56,0.5187728937728937,23,2,0,0,3889.784574508667,0,0
INSTANCE_056,0.5,p95,202,372.40330000000006,20.30513166666651,363.8707,54,56,0.6021062271062271,21,2,0,0,4460.934638977053,0,0
INSTANCE_056,0.5,p95,303,373.4167,17.224445833333334,363.8707,54,56,0.5187728937728937,23,2,0,0,1110.40997505188,0,0
INSTANCE_056,0.75,delay20,101,387.8923,37.34666666666647,363.8707,53,56,0.5059523809523809,13,2,0,0,606.5266132354736,0,0
INSTANCE_056,0.75,delay20,202,387.8923,37.34666666666647,363.8707,53,56,0.5059523809523809,13,2,0,0,793.4324741363525,0,0
INSTANCE_056,0.75,delay20,303,387.8923,37.34666666666647,363.8707,53,56,0.5059523809523809,13,2,0,0,223.41346740722656,0,0
INSTANCE_056,0.75,delay30,101,387.89240000000007,77.34166666666647,363.8707,51,56,0.4642857142857143,13,2,0,0,623.3236789703369,0,0
INSTANCE_056,0.75,delay30,202,387.89240000000007,77.34166666666647,363.8707,51,56,0.4642857142857143,13,2,0,0,789.0231609344482,0,0
INSTANCE_056,0.75,delay30,303,387.8924,77.34166666666681,363.8707,51,56,0.3928571428571428,13,2,0,0,210.87145805358887,0,0
INSTANCE_056,0.75,p85,101,376.5156999999999,2.993151333333344,363.8707,54,56,0.2857142857142857,12,2,0,0,582.4906826019287,0,0
INSTANCE_056,0.75,p85,202,376.5156999999999,2.993151333333344,363.8707,54,56,0.2857142857142857,12,2,0,0,793.9238548278809,0,0
INSTANCE_056,0.75,p85,303,376.5157,2.993151333333458,363.8707,54,56,0.3571428571428571,12,2,0,0,211.13991737365723,0,0
INSTANCE_056,0.75,p95,101,376.5156999999999,11.664703333333136,363.8707,54,56,0.2857142857142857,12,2,0,0,595.9765911102295,0,0
INSTANCE_056,0.75,p95,202,376.5157,11.664703333333136,363.8707,54,56,0.3571428571428571,12,2,0,0,769.5529460906982,0,0
INSTANCE_056,0.75,p95,303,376.5156999999999,11.664703333333136,363.8707,54,56,0.2857142857142857,12,2,0,0,215.7320976257324,0,0
INSTANCE_058,0.25,delay20,101,433.6579,13.081666666666363,383.1529000000001,78,81,0.7704641037974372,30,3,0,0,21856.43720626831,0,0
INSTANCE_058,0.25,delay20,202,437.9683,13.3299999999997,383.1529000000001,78,81,0.7182323848990516,31,3,0,0,26487.267017364506,0,0
INSTANCE_058,0.25,delay20,303,433.2092,10.438333333333048,383.1529000000001,79,81,0.73321431654765,34,3,0,0,7387.96067237854,0,0
INSTANCE_058,0.25,delay30,101,447.0791,40.93333333333271,383.1529000000001,78,81,0.7432259098925765,30,3,0,0,21177.010774612427,0,0
INSTANCE_058,0.25,delay30,202,446.7653,39.919999999999845,383.1529000000001,78,81,0.7189199689199689,33,3,0,0,27427.69145965576,0,0
INSTANCE_058,0.25,delay30,303,446.62790000000007,40.11999999999966,383.1529000000001,78,81,0.7403769070435736,30,3,0,0,7227.668523788452,0,0
INSTANCE_058,0.25,p85,101,404.0755,5.835770166666634,383.1529000000001,80,81,0.912630579297246,13,3,2,0,20800.938844680782,0,0
INSTANCE_058,0.25,p85,202,403.2211,6.760490166666727,383.1529000000001,80,81,0.8263865763865764,22,3,1,0,26756.017208099365,0,0
INSTANCE_058,0.25,p85,303,403.2211,6.760490166666727,383.1529000000001,80,81,0.8327968327968328,22,3,1,0,6795.113086700439,0,0
INSTANCE_058,0.25,p95,101,432.4501,32.26410833333341,383.1529000000001,78,81,0.7595429262095929,28,3,0,0,20560.193300247192,0,0
INSTANCE_058,0.25,p95,202,432.1363,30.95336166666709,383.1529000000001,78,81,0.7502836669503337,29,3,0,0,26555.734872817997,0,0
INSTANCE_058,0.25,p95,303,432.1363,30.95336166666664,383.1529000000001,78,81,0.8669170335837002,19,3,1,0,7575.967788696289,0,0
INSTANCE_058,0.5,delay20,101,431.9989000000001,8.438333333333048,383.1529000000001,80,81,0.6418067226890756,28,3,0,0,5990.028619766235,0,0
INSTANCE_058,0.5,delay20,202,432.4501,8.844999999999686,383.1529000000001,80,81,0.6681839402427637,25,3,0,0,8372.027397155762,0,0
INSTANCE_058,0.5,delay20,303,432.1363,8.33833333333314,383.1529000000001,80,81,0.6211095549330844,30,3,0,0,2492.295026779175,0,0
INSTANCE_058,0.5,delay30,101,445.4202,26.82833333333292,383.1529000000001,79,81,0.6001400560224089,28,3,0,0,6562.520503997803,0,0
INSTANCE_058,0.5,delay30,202,445.5576,26.62833333333288,383.1529000000001,79,81,0.6003734827264239,26,3,0,0,8317.49439239502,0,0
INSTANCE_058,0.5,delay30,303,445.5576,26.62833333333288,383.1529000000001,79,81,0.6003734827264239,26,3,0,0,2520.188570022583,0,0
INSTANCE_058,0.5,p85,101,402.8019000000001,0.0,383.1529000000001,81,81,0.7510893246187363,17,3,1,0,6780.127048492432,0,0
INSTANCE_058,0.5,p85,202,402.8441,0.0,383.1529000000001,81,81,0.7290694055399937,23,3,1,0,8205.708742141724,0,0
INSTANCE_058,0.5,p85,303,402.8079,0.0,383.1529000000001,81,81,0.7606598194833488,19,3,1,0,2390.653133392334,0,0
INSTANCE_058,0.5,p95,101,403.6242,2.3661508333333354,383.1529000000001,79,81,0.6767818238406473,25,3,1,0,6882.9498291015625,0,0
INSTANCE_058,0.5,p95,202,403.6242,2.2402808333332587,383.1529000000001,79,81,0.6865857454092748,26,3,1,0,10071.747064590454,0,0
INSTANCE_058,0.5,p95,303,403.6242,2.2402808333333724,383.1529000000001,79,81,0.726890756302521,24,3,1,0,2511.993408203125,0,0
INSTANCE_058,0.75,delay20,101,411.9433,24.7183333333328,383.1529000000001,79,81,0.6620370370370371,12,3,1,0,963.8543128967284,0,0
INSTANCE_058,0.75,delay20,202,412.0807,24.518333333332976,383.1529000000001,79,81,0.6620370370370371,12,3,1,0,1108.6294651031494,0,0
INSTANCE_058,0.75,delay20,303,412.0807,24.518333333332976,383.1529000000001,79,81,0.6620370370370371,12,3,1,0,360.02659797668457,0,0
INSTANCE_058,0.75,delay30,101,412.0807,58.09666666666636,383.1529000000001,77,81,0.7037037037037037,12,3,1,0,1008.7151527404784,0,0
INSTANCE_058,0.75,delay30,202,412.0807,58.09666666666636,383.1529000000001,77,81,0.7037037037037037,12,3,1,0,1257.0929527282717,0,0
INSTANCE_058,0.75,delay30,303,412.0807,58.09666666666636,383.1529000000001,77,81,0.7037037037037037,12,3,1,0,415.09199142456055,0,0
INSTANCE_058,0.75,p85,101,383.56860000000006,1.3696963333333088,383.1529000000001,80,81,0.8425925925925926,8,3,2,0,864.293336868286,0,0
INSTANCE_058,0.75,p85,202,383.706,1.2735493333331078,383.1529000000001,80,81,0.7800925925925926,8,3,2,0,1135.1182460784912,0,0
INSTANCE_058,0.75,p85,303,383.706,1.2541063333331977,383.1529000000001,80,81,0.8425925925925926,8,3,2,0,349.1175174713135,0,0
INSTANCE_058,0.75,p95,101,383.706,4.758778333333112,383.1529000000001,80,81,0.8425925925925926,8,3,2,0,969.6047306060792,0,0
INSTANCE_058,0.75,p95,202,383.706,4.758778333333225,383.1529000000001,80,81,0.8009259259259259,8,3,2,0,1087.630271911621,0,0
INSTANCE_058,0.75,p95,303,383.56860000000006,4.888128333333157,383.1529000000001,80,81,0.8009259259259259,8,3,2,0,361.8619441986084,0,0
INSTANCE_059,0.25,delay20,101,453.08850000000007,20.83833333333393,433.3547000000001,83,86,0.8023582506992119,23,3,1,0,20612.47491836548,0,0
INSTANCE_059,0.25,delay20,202,453.08850000000007,20.83833333333393,433.3547000000001,83,86,0.7927091278921942,25,3,1,0,22244.375944137573,0,0
INSTANCE_059,0.25,delay20,303,451.0503,24.330000000000386,433.3547000000001,83,86,0.856420035596237,19,3,1,0,5901.867628097534,0,0
INSTANCE_059,0.25,delay30,101,451.33040000000005,58.15833333333399,433.3547000000001,82,86,0.8078057462496822,23,3,1,0,21917.96922683716,0,0
INSTANCE_059,0.25,delay30,202,451.33040000000005,58.15833333333399,433.3547000000001,82,86,0.8262267988812612,21,3,1,0,22679.708003997803,0,0
INSTANCE_059,0.25,delay30,303,450.4498000000001,78.02666666666721,433.3547000000001,81,86,0.8361746758199847,20,3,1,0,6517.691850662231,0,0
INSTANCE_059,0.25,p85,101,450.3761,4.026241166666978,433.3547000000001,85,86,0.8174548690566997,21,3,1,0,22244.58622932434,0,0
INSTANCE_059,0.25,p85,202,450.3761,4.026241166666978,433.3547000000001,85,86,0.84464785151284,19,3,1,0,23608.314990997314,0,0
INSTANCE_059,0.25,p85,303,450.3762,4.026241166666978,433.3547000000001,85,86,0.814136791253496,19,3,1,0,6427.551031112671,0,0
INSTANCE_059,0.25,p95,101,451.33040000000005,71.73362666666844,433.3547000000001,80,86,0.8005593694380879,23,3,1,0,21505.23328781128,0,0
INSTANCE_059,0.25,p95,202,451.33040000000005,71.73362666666844,433.3547000000001,80,86,0.8102084922451055,21,3,1,0,24747.98154830933,0,0
INSTANCE_059,0.25,p95,303,452.8502,71.73362666666844,433.3547000000001,80,86,0.8163488431222984,25,3,1,0,6423.816442489624,0,0
INSTANCE_059,0.5,delay20,101,451.2068,2.191666666666947,433.3547000000001,85,86,0.7702991452991453,20,3,1,0,5767.365455627441,0,0
INSTANCE_059,0.5,delay20,202,450.376,2.191666666666947,433.3547000000001,85,86,0.8066239316239315,15,3,1,0,7095.200777053833,0,0
INSTANCE_059,0.5,delay20,303,450.3761,2.191666666666947,433.3547000000001,85,86,0.7425213675213675,19,3,1,0,1873.3892440795896,0,0
INSTANCE_059,0.5,delay30,101,450.3761,16.073333333333835,433.3547000000001,84,86,0.7564102564102564,19,3,1,0,6730.328798294067,0,0
INSTANCE_059,0.5,delay30,202,450.3761,16.073333333333835,433.3547000000001,84,86,0.7425213675213675,19,3,1,0,6785.829067230225,0,0
INSTANCE_059,0.5,delay30,303,464.366,16.073333333333835,433.3547000000001,84,86,0.6805555555555557,24,3,1,0,2087.2576236724854,0,0
INSTANCE_059,0.5,p85,101,451.3466,0.0,433.3547000000001,86,86,0.7694444444444445,19,3,1,0,6206.021308898926,0,0
INSTANCE_059,0.5,p85,202,450.0959,0.0,433.3547000000001,86,86,0.8538461538461538,13,3,1,0,6888.590097427368,0,0
INSTANCE_059,0.5,p85,303,450.096,0.0,433.3547000000001,86,86,0.8036324786324786,17,3,1,0,1973.1101989746091,0,0
INSTANCE_059,0.5,p95,101,450.3761,5.048468333333517,433.3547000000001,85,86,0.7564102564102564,19,3,1,0,6429.487466812134,0,0
INSTANCE_059,0.5,p95,202,450.3761,5.048468333333517,433.3547000000001,85,86,0.7286324786324787,19,3,1,0,7324.866056442261,0,0
INSTANCE_059,0.5,p95,303,450.3761,5.048468333333517,433.3547000000001,85,86,0.7564102564102564,19,3,1,0,2158.808708190918,0,0
INSTANCE_059,0.75,delay20,101,450.47170000000006,12.180000000000405,433.3547000000001,84,86,0.7440476190476191,11,3,1,0,938.0967617034912,0,0
INSTANCE_059,0.75,delay20,202,450.47170000000006,12.180000000000176,433.3547000000001,84,86,0.8194444444444445,12,3,1,0,1189.6626949310305,0,0
INSTANCE_059,0.75,delay20,303,450.47170000000006,12.180000000000176,433.3547000000001,84,86,0.748015873015873,12,3,1,0,319.9036121368408,0,0
INSTANCE_059,0.75,delay30,101,450.47170000000006,36.101666666667256,433.3547000000001,83,86,0.7440476190476191,11,3,1,0,948.8115310668944,0,0
INSTANCE_059,0.75,delay30,202,450.47170000000006,36.10166666666692,433.3547000000001,83,86,0.8194444444444445,12,3,1,0,1326.249599456787,0,0
INSTANCE_059,0.75,delay30,303,450.47170000000006,36.10166666666692,433.3547000000001,83,86,0.748015873015873,12,3,1,0,322.57556915283203,0,0
INSTANCE_059,0.75,p85,101,450.47170000000006,0.0,433.3547000000001,86,86,0.7440476190476191,11,3,1,0,953.0062675476074,0,0
INSTANCE_059,0.75,p85,202,450.47170000000006,0.0,433.3547000000001,86,86,0.7718253968253969,11,3,1,0,1129.6899318695068,0,0
INSTANCE_059,0.75,p85,303,450.47170000000006,0.0,433.3547000000001,86,86,0.7440476190476191,11,3,1,0,322.0484256744385,0,0
INSTANCE_059,0.75,p95,101,450.47170000000006,0.0,433.3547000000001,86,86,0.7440476190476191,11,3,1,0,1001.5008449554444,0,0
INSTANCE_059,0.75,p95,202,450.47170000000006,0.0,433.3547000000001,86,86,0.7718253968253969,11,3,1,0,1171.393632888794,0,0
INSTANCE_059,0.75,p95,303,450.47170000000006,0.0,433.3547000000001,86,86,0.7440476190476191,11,3,1,0,323.38452339172363,0,0
INSTANCE_061,0.25,delay20,101,440.6725,11.253333333333444,417.8815,71,72,0.8295815295815295,26,3,1,0,11710.822105407717,0,0
INSTANCE_061,0.25,delay20,202,464.3116,2.788333333333526,417.8815,71,72,0.7658772599949071,39,3,0,0,14311.436891555786,0,0
INSTANCE_061,0.25,delay20,303,440.6726000000001,11.253333333333444,417.8815,71,72,0.7674900263135557,38,3,0,0,3750.410556793213,0,0
INSTANCE_061,0.25,delay30,101,442.5543,24.975000000000136,417.8815,70,72,0.7754265342500637,38,3,0,0,11841.599702835085,0,0
INSTANCE_061,0.25,delay30,202,442.5543,24.975000000000136,417.8815,70,72,0.7754265342500637,33,3,0,0,13672.33657836914,0,0
INSTANCE_061,0.25,delay30,303,443.2635,24.975000000000136,417.8815,70,72,0.9184704184704184,22,3,2,0,3612.269401550293,0,0
INSTANCE_061,0.25,p85,101,440.0965,14.887299500000154,417.8815,71,72,0.8295815295815295,25,3,1,0,11299.498796463013,0,0
INSTANCE_061,0.25,p85,202,440.0966,14.887299500000154,417.8815,71,72,0.7674900263135557,37,3,0,0,13991.979837417604,0,0
INSTANCE_061,0.25,p85,303,440.0966,14.887299500000154,417.8815,71,72,0.7969017910194381,38,3,0,0,3896.2428569793697,0,0
INSTANCE_061,0.25,p95,101,440.0859,50.221166666666704,417.8815,69,72,0.8057720057720058,24,3,1,0,12042.593955993652,0,0
INSTANCE_061,0.25,p95,202,440.0862,50.221166666666704,417.8815,69,72,0.7186260362730952,36,3,0,0,15221.979141235352,0,0
INSTANCE_061,0.25,p95,303,440.0809,50.10259583333357,417.8815,69,72,0.7422375010610304,37,3,0,0,4163.34080696106,0,0
INSTANCE_061,0.5,delay20,101,438.4624,8.931666666666843,417.8815,71,72,0.8865079365079365,12,3,2,0,4295.3808307647705,0,0
INSTANCE_061,0.5,delay20,202,437.6279,12.745000000000118,417.8815,70,72,0.7579365079365079,16,3,1,0,4720.116138458252,0,0
INSTANCE_061,0.5,delay20,303,418.6217,20.17666666666696,417.8815,71,72,0.957936507936508,4,3,2,0,1136.4412307739258,0,0
INSTANCE_061,0.5,delay30,101,418.606,41.02500000000066,417.8815,69,72,0.9158730158730158,8,3,2,0,3955.321073532105,0,0
INSTANCE_061,0.5,delay30,202,437.7531,25.99666666666701,417.8815,69,72,0.7531746031746032,16,3,1,0,4863.265514373779,0,0
INSTANCE_061,0.5,delay30,303,441.2496,34.71333333333371,417.8815,69,72,0.7579365079365079,12,3,1,0,1163.6359691619873,0,0
INSTANCE_061,0.5,p85,101,439.4787,10.740169500000206,417.8815,71,72,0.9452380952380952,8,3,2,0,4246.108531951904,0,0
INSTANCE_061,0.5,p85,202,438.7694,10.740169500000206,417.8815,71,72,0.8119047619047618,12,3,1,0,4957.296133041382,0,0
INSTANCE_061,0.5,p85,303,439.5097,11.106204500000215,417.8815,71,72,0.7714285714285714,16,3,1,0,1180.6786060333252,0,0
INSTANCE_061,0.5,p95,101,435.8714,34.93285166666715,417.8815,70,72,0.7412698412698413,16,3,1,0,3997.0860481262207,0,0
INSTANCE_061,0.5,p95,202,436.1611,34.93285166666715,417.8815,70,72,0.7005291005291006,18,3,1,0,4667.979001998901,0,0
INSTANCE_061,0.5,p95,303,435.8714,34.93285166666715,417.8815,70,72,0.7412698412698413,16,3,1,0,1243.9415454864502,0,0
INSTANCE_061,0.75,delay20,101,437.7222,8.615000000000123,417.8815,71,72,0.8392857142857143,8,3,2,0,729.5989990234375,0,0
INSTANCE_061,0.75,delay20,202,437.7222,8.615000000000123,417.8815,71,72,0.8392857142857143,8,3,2,0,834.7327709197998,0,0
INSTANCE_061,0.75,delay20,303,437.7222,8.615000000000123,417.8815,71,72,0.8392857142857143,8,3,2,0,221.3387489318848,0,0
INSTANCE_061,0.75,delay30,101,437.7222,20.96000000000015,417.8815,70,72,0.8392857142857143,8,3,2,0,658.6792469024658,0,0
INSTANCE_061,0.75,delay30,202,437.7222,20.96000000000015,417.8815,70,72,0.8392857142857143,8,3,2,0,842.0727252960205,0,0
INSTANCE_061,0.75,delay30,303,437.7222,20.96000000000015,417.8815,70,72,0.8392857142857143,8,3,2,0,217.17071533203125,0,0
INSTANCE_061,0.75,p85,101,437.7222,0.0,417.8815,72,72,0.8392857142857143,8,3,2,0,760.8997821807861,0,0
INSTANCE_061,0.75,p85,202,437.7222,0.0,417.8815,72,72,0.8392857142857143,8,3,2,0,840.139627456665,0,0
INSTANCE_061,0.75,p85,303,437.7222,0.0,417.8815,72,72,0.8392857142857143,8,3,2,0,216.18318557739255,0,0
INSTANCE_061,0.75,p95,101,437.7222,8.159165000000257,417.8815,71,72,0.8392857142857143,8,3,2,0,717.1037197113037,0,0
INSTANCE_061,0.75,p95,202,437.7222,8.159165000000257,417.8815,71,72,0.8392857142857143,8,3,2,0,838.7784957885742,0,0
INSTANCE_061,0.75,p95,303,437.7222,8.159165000000257,417.8815,71,72,0.8392857142857143,8,3,2,0,222.6958274841309,0,0
INSTANCE_062,0.25,delay20,101,335.9307,0.0,303.8738000000001,47,47,0.637280701754386,22,2,0,0,7476.012468338013,0,0
INSTANCE_062,0.25,delay20,202,332.3433,0.0,303.8738000000001,47,47,0.8122807017543859,22,2,0,0,7949.078083038331,0,0
INSTANCE_062,0.25,delay20,303,332.63480000000004,0.0,303.8738000000001,47,47,0.7768640350877193,22,2,0,0,1878.7829875946045,0,0
INSTANCE_062,0.25,delay30,101,335.9307,0.0,303.8738000000001,47,47,0.637280701754386,22,2,0,0,6891.698598861694,0,0
INSTANCE_062,0.25,delay30,202,335.9307,0.0,303.8738000000001,47,47,0.637280701754386,22,2,0,0,8623.96216392517,0,0
INSTANCE_062,0.25,delay30,303,336.22220000000004,0.0,303.8738000000001,47,47,0.6018640350877194,22,2,0,0,2055.1767349243164,0,0
INSTANCE_062,0.25,p85,101,304.4383,0.7677369999998973,303.8738000000001,46,47,0.7050438596491228,17,2,0,0,7249.909400939941,0,0
INSTANCE_062,0.25,p85,202,311.2835,0.0,303.8738000000001,47,47,0.8392543859649122,18,2,0,0,8990.80777168274,0,0
INSTANCE_062,0.25,p85,303,305.7414,0.0,303.8738000000001,47,47,0.7182017543859649,17,2,0,0,1869.8151111602783,0,0
INSTANCE_062,0.25,p95,101,335.9306,3.5989699999998948,303.8738000000001,46,47,0.6293859649122806,23,2,0,0,7651.648759841919,0,0
INSTANCE_062,0.25,p95,202,335.9306,3.5989699999998948,303.8738000000001,46,47,0.6293859649122806,23,2,0,0,8340.191841125488,0,0
INSTANCE_062,0.25,p95,303,336.2221,3.5989699999998948,303.8738000000001,46,47,0.593969298245614,23,2,0,0,2214.0252590179443,0,0
INSTANCE_062,0.5,delay20,101,303.75840000000005,5.846666666666692,303.8738000000001,45,47,0.9409090909090908,3,2,1,0,2176.945686340332,0,0
INSTANCE_062,0.5,delay20,202,303.75840000000005,5.846666666666692,303.8738000000001,45,47,0.9409090909090908,3,2,1,0,2871.179580688477,0,0
INSTANCE_062,0.5,delay20,303,303.75840000000005,5.846666666666692,303.8738000000001,45,47,0.9409090909090908,3,2,1,0,681.7357540130615,0,0
INSTANCE_062,0.5,delay30,101,332.3953,23.86333333333312,303.8738000000001,44,47,0.8703962703962704,13,2,0,0,2427.9773235321045,0,0
INSTANCE_062,0.5,delay30,202,332.3953,23.86333333333312,303.8738000000001,44,47,0.8703962703962704,13,2,0,0,2833.758354187012,0,0
INSTANCE_062,0.5,delay30,303,332.3953,23.86333333333312,303.8738000000001,44,47,0.8703962703962704,13,2,0,0,709.4442844390869,0,0
INSTANCE_062,0.5,p85,101,303.75840000000005,0.0,303.8738000000001,47,47,0.9409090909090908,3,2,1,0,2138.0531787872314,0,0
INSTANCE_062,0.5,p85,202,303.75840000000005,0.0,303.8738000000001,47,47,0.9409090909090908,3,2,1,0,2677.1411895751958,0,0
INSTANCE_062,0.5,p85,303,303.75840000000005,0.0,303.8738000000001,47,47,0.9409090909090908,3,2,1,0,657.996654510498,0,0
INSTANCE_062,0.5,p95,101,332.3953,9.67539333333275,303.8738000000001,45,47,0.8703962703962704,13,2,0,0,2398.681402206421,0,0
INSTANCE_062,0.5,p95,202,332.3953,9.67539333333275,303.8738000000001,45,47,0.8703962703962704,13,2,0,0,2576.079607009888,0,0
INSTANCE_062,0.5,p95,303,332.3953,9.67539333333275,303.8738000000001,45,47,0.8703962703962704,13,2,0,0,700.1917362213135,0,0
INSTANCE_062,0.75,delay20,101,303.8738000000001,1.8949999999999816,303.8738000000001,46,47,1.0,0,2,2,0,523.7483978271484,1,0
INSTANCE_062,0.75,delay20,202,303.8738000000001,1.8949999999999816,303.8738000000001,46,47,1.0,0,2,2,0,659.6989631652832,1,0
INSTANCE_062,0.75,delay20,303,303.8738000000001,1.8949999999999816,303.8738000000001,46,47,1.0,0,2,2,0,174.027681350708,1,0
INSTANCE_062,0.75,delay30,101,339.7606,3.894999999999982,303.8738000000001,46,47,0.8690476190476191,5,2,1,0,499.4244575500488,0,0
INSTANCE_062,0.75,delay30,202,339.7606,3.894999999999982,303.8738000000001,46,47,0.8690476190476191,5,2,1,0,656.3420295715332,0,0
INSTANCE_062,0.75,delay30,303,339.7606,3.894999999999982,303.8738000000001,46,47,0.8690476190476191,5,2,1,0,163.72275352478027,0,0
INSTANCE_062,0.75,p85,101,303.8738000000001,0.0,303.8738000000001,47,47,1.0,0,2,2,0,485.1369857788086,1,0
INSTANCE_062,0.75,p85,202,303.8738000000001,0.0,303.8738000000001,47,47,1.0,0,2,2,0,665.651798248291,1,0
INSTANCE_062,0.75,p85,303,303.8738000000001,0.0,303.8738000000001,47,47,1.0,0,2,2,0,163.8927459716797,1,0
INSTANCE_062,0.75,p95,101,303.8738000000001,0.0,303.8738000000001,47,47,1.0,0,2,2,0,487.8425598144531,1,0
INSTANCE_062,0.75,p95,202,303.8738000000001,0.0,303.8738000000001,47,47,1.0,0,2,2,0,683.9642524719238,1,0
INSTANCE_062,0.75,p95,303,303.8738000000001,0.0,303.8738000000001,47,47,1.0,0,2,2,0,185.21618843078613,1,0
INSTANCE_063,0.25,delay20,101,401.6626,187.63000000000036,406.6219,60,70,0.7827207977207977,32,2,0,0,26052.072048187256,0,0
INSTANCE_063,0.25,delay20,202,378.9998,193.8349999999998,406.6219,60,70,0.7096438746438746,35,2,0,0,30985.35966873169,0,0
INSTANCE_063,0.25,delay20,303,401.6626,187.63000000000036,406.6219,60,70,0.7827207977207977,32,2,0,0,9314.22758102417,0,0
INSTANCE_063,0.25,delay30,101,398.12,303.58666666666807,406.6219,57,70,0.7711823361823362,35,2,0,0,24860.86082458496,0,0
INSTANCE_063,0.25,delay30,202,388.1006,306.38500000000124,406.6219,57,70,0.671951566951567,32,2,0,0,30570.865392684937,0,0
INSTANCE_063,0.25,delay30,303,388.4357,312.53333333333376,406.6219,57,70,0.671951566951567,35,2,0,0,9460.60037612915,0,0
INSTANCE_063,0.25,p85,101,364.544,251.3278596666671,406.6219,60,70,0.5441025641025641,48,2,0,0,25626.554012298584,0,0
INSTANCE_063,0.25,p85,202,376.3489,206.98104733333457,406.6219,59,70,0.681951566951567,34,2,0,0,29910.52770614624,0,0
INSTANCE_063,0.25,p85,303,398.9197,208.4029423333336,406.6219,59,70,0.8227207977207976,28,2,0,0,9521.147727966309,0,0
INSTANCE_063,0.25,p95,101,375.9365,351.96973833333425,406.6219,61,70,0.6764245014245014,41,2,0,0,27153.085947036743,0,0
INSTANCE_063,0.25,p95,202,341.20700000000005,384.5236158333346,406.6219,61,70,0.6462393162393162,41,2,0,0,29318.671226501465,0,0
INSTANCE_063,0.25,p95,303,382.7282,400.44171749999975,406.6219,59,70,0.7233475783475783,41,2,0,0,9096.776723861694,0,0
INSTANCE_063,0.5,delay20,101,412.34170000000006,233.83833333333484,406.6219,60,70,0.8640727124183007,12,2,0,0,7606.93097114563,0,0
INSTANCE_063,0.5,delay20,202,412.34170000000006,233.83833333333484,406.6219,60,70,0.8640727124183007,12,2,0,0,9876.83367729187,0,0
INSTANCE_063,0.5,delay20,303,412.34170000000006,233.83833333333484,406.6219,60,70,0.8640727124183007,12,2,0,0,2892.4663066864014,0,0
INSTANCE_063,0.5,delay30,101,407.3783000000001,347.50333333333595,406.6219,59,70,0.8132148692810458,22,2,0,0,8137.15672492981,0,0
INSTANCE_063,0.5,delay30,202,407.3783000000001,347.50333333333595,406.6219,59,70,0.7801266339869282,24,2,0,0,8845.95537185669,0,0
INSTANCE_063,0.5,delay30,303,407.3783000000001,347.50333333333595,406.6219,59,70,0.7801266339869282,24,2,0,0,2967.103719711304,0,0
INSTANCE_063,0.5,p85,101,412.34170000000006,147.2029985000006,406.6219,61,70,0.8330269607843137,14,2,0,0,7813.064336776733,0,0
INSTANCE_063,0.5,p85,202,412.34170000000006,147.2029985000006,406.6219,61,70,0.8330269607843137,14,2,0,0,9127.780199050903,0,0
INSTANCE_063,0.5,p85,303,412.34170000000006,147.2029985000006,406.6219,61,70,0.8330269607843137,14,2,0,0,2998.586893081665,0,0
INSTANCE_063,0.5,p95,101,409.8885,242.8701125000008,406.6219,60,70,0.8385416666666667,11,2,0,0,8236.402988433838,0,0
INSTANCE_063,0.5,p95,202,409.8885,242.8701125000008,406.6219,60,70,0.8385416666666667,11,2,0,0,9141.688823699951,0,0
INSTANCE_063,0.5,p95,303,409.8885,242.87011250000137,406.6219,60,70,0.8695874183006537,9,2,0,0,3061.222076416016,0,0
INSTANCE_063,0.75,delay20,101,408.8468,235.8116666666681,406.6219,59,70,0.7777777777777778,7,2,0,0,1550.6858825683594,0,0
INSTANCE_063,0.75,delay20,202,408.8468,235.8116666666681,406.6219,59,70,0.7777777777777778,7,2,0,0,1613.6744022369385,0,0
INSTANCE_063,0.75,delay20,303,408.8468,235.8116666666681,406.6219,59,70,0.7777777777777778,7,2,0,0,571.4621543884277,0,0
INSTANCE_063,0.75,delay30,101,405.3043,362.6500000000026,406.6219,57,70,0.7708333333333334,8,2,0,0,1439.1844272613523,0,0
INSTANCE_063,0.75,delay30,202,405.3043,362.6500000000026,406.6219,57,70,0.7708333333333334,8,2,0,0,1664.477825164795,0,0
INSTANCE_063,0.75,delay30,303,405.3043,362.6500000000026,406.6219,57,70,0.7708333333333334,8,2,0,0,616.4381504058838,0,0
INSTANCE_063,0.75,p85,101,408.8468,94.96158600000037,406.6219,64,70,0.7777777777777778,7,2,0,0,1388.394117355347,0,0
INSTANCE_063,0.75,p85,202,408.8468,94.96158600000037,406.6219,64,70,0.7777777777777778,7,2,0,0,1557.6515197753906,0,0
INSTANCE_063,0.75,p85,303,408.8468,94.96158600000037,406.6219,64,70,0.7777777777777778,7,2,0,0,512.9919052124023,0,0
INSTANCE_063,0.75,p95,101,408.8468,125.41399916666762,406.6219,61,70,0.7777777777777778,7,2,0,0,1525.8128643035889,0,0
INSTANCE_063,0.75,p95,202,408.8468,125.41399916666762,406.6219,61,70,0.7777777777777778,7,2,0,0,1654.8233032226562,0,0
INSTANCE_063,0.75,p95,303,408.8468,125.41399916666762,406.6219,61,70,0.7777777777777778,7,2,0,0,573.2219219207764,0,0
