delivery_date,trigger_fraction,shock,seed,method,total_distance_km,total_travel_time_min,total_lateness_min,otd_num,otd_den,overtime_min,rsi,moved_stops,remaining_stops,n_vehicles,n_unchanged_vehicles,n_harm_vehicles,runtime_ms,eval_count,block_fully_unchanged,block_any_harm
INSTANCE_001,0.25,delay20,101,FR,210.4586,279.3933333333333,0.0,40,40,0.0,0.8666666666666667,15,30,2,1,0,29.539108276367188,200,0,0
INSTANCE_001,0.25,delay20,101,NR,191.8982,259.76,11.81499999999994,39,40,0.0,1.0,0,30,2,2,0,0.0,0,1,0
INSTANCE_001,0.25,delay20,101,RG,207.4213,278.67,0.0,40,40,0.0,0.8392857142857143,11,30,2,1,0,88.15789222717285,230,0,0
INSTANCE_001,0.25,delay20,101,SA,213.258,287.1733333333333,0.0,40,40,0.0,0.8928571428571428,11,30,2,1,0,77.93903350830078,200,0,0
INSTANCE_001,0.25,delay30,101,FR,210.4586,279.3933333333333,0.0,40,40,0.0,0.8666666666666667,15,30,2,1,0,26.48401260375977,200,0,0
INSTANCE_001,0.25,delay30,101,NR,191.8982,259.76,24.96999999999992,38,40,0.0,1.0,0,30,2,2,0,0.0,0,1,0
INSTANCE_001,0.25,delay30,101,RG,207.4213,278.67,0.0,40,40,0.0,0.8392857142857143,11,30,2,1,0,87.22233772277832,230,0,0
INSTANCE_001,0.25,delay30,101,SA,213.258,287.1733333333333,0.0,40,40,0.0,0.8928571428571428,11,30,2,1,0,73.20570945739746,200,0,0
INSTANCE_001,0.25,p85,101,FR,191.8982,291.6735095,0.4248373333333575,39,40,0.0,1.0,0,30,2,2,0,31.69417381286621,200,1,0
INSTANCE_001,0.25,p85,101,NR,191.8982,291.6735095,0.4248373333333575,39,40,0.0,1.0,0,30,2,2,0,0.0,0,1,0
INSTANCE_001,0.25,p85,101,RG,195.1649,295.274138,0.0,40,40,0.0,0.8809523809523809,6,30,2,1,0,118.83115768432616,290,0,0
INSTANCE_001,0.25,p85,101,SA,191.8982,291.6735095,0.4248373333333575,39,40,0.0,1.0,0,30,2,2,0,82.70835876464844,200,1,0
INSTANCE_001,0.25,p95,101,FR,210.4586,345.23663416666665,0.0,40,40,0.0,0.8666666666666667,15,30,2,1,0,27.135372161865234,200,0,0
INSTANCE_001,0.25,p95,101,NR,191.8982,319.8409175,8.024026666666714,39,40,0.0,1.0,0,30,2,2,0,0.0,0,1,0
INSTANCE_001,0.25,p95,101,RG,207.4213,344.3010025,0.0,40,40,0.0,0.8392857142857143,11,30,2,1,0,88.85431289672852,230,0,0
INSTANCE_001,0.25,p95,101,SA,213.258,355.3000641666667,0.0,40,40,0.0,0.8928571428571428,11,30,2,1,0,75.30498504638672,200,0,0
INSTANCE_001,0.5,delay20,101,FR,213.7361,283.96333333333337,0.0,40,40,0.0,0.7,6,20,2,1,0,40.08817672729492,310,0,0
INSTANCE_001,0.5,delay20,101,NR,191.8982,259.76,11.81499999999994,39,40,0.0,1.0,0,20,2,2,0,0.0,0,1,0
INSTANCE_001,0.5,delay20,101,RG,215.7744,288.8033333333333,3.5616666666666106,39,40,0.0,0.9166666666666666,6,20,2,1,0,71.52915000915527,200,0,0
INSTANCE_001,0.5,delay20,101,SA,215.7744,288.8033333333333,3.5616666666666106,39,40,0.0,0.9166666666666666,6,20,2,1,0,69.79560852050781,200,0,0
INSTANCE_001,0.5,delay30,101,FR,214.935,288.56,7.464999999999918,39,40,0.0,0.8166666666666667,9,20,2,1,0,40.052175521850586,310,0,0
INSTANCE_001,0.5,delay30,101,NR,191.8982,259.76,24.96999999999992,38,40,0.0,1.0,0,20,2,2,0,0.0,0,1,0
INSTANCE_001,0.5,delay30,101,RG,215.7744,288.8033333333333,13.56166666666661,39,40,0.0,0.9166666666666666,6,20,2,1,0,71.59566879272461,200,0,0
INSTANCE_001,0.5,delay30,101,SA,215.7744,288.8033333333333,13.56166666666661,39,40,0.0,0.9166666666666666,6,20,2,1,0,73.02165031433105,200,0,0
INSTANCE_001,0.5,p85,101,FR,191.8982,280.9132915,0.0,40,40,0.0,1.0,0,20,2,2,0,26.871919631958008,200,1,0
INSTANCE_001,0.5,p85,101,NR,191.8982,280.9132915,0.0,40,40,0.0,1.0,0,20,2,2,0,0.0,0,1,0
INSTANCE_001,0.5,p85,101,RG,191.8982,280.9132915,0.0,40,40,0.0,1.0,0,20,2,2,0,73.98366928100586,200,1,0
INSTANCE_001,0.5,p85,101,SA,191.8982,280.9132915,0.0,40,40,0.0,1.0,0,20,2,2,0,74.60141181945801,200,1,0
INSTANCE_001,0.5,p95,101,FR,191.8982,299.5835475,0.3910700000000133,39,40,0.0,1.0,0,20,2,2,0,28.86509895324707,200,1,0
INSTANCE_001,0.5,p95,101,NR,191.8982,299.5835475,0.3910700000000133,39,40,0.0,1.0,0,20,2,2,0,0.0,0,1,0
INSTANCE_001,0.5,p95,101,RG,191.8982,299.5835475,0.3910700000000133,39,40,0.0,1.0,0,20,2,2,0,74.29862022399902,200,1,0
INSTANCE_001,0.5,p95,101,SA,191.8982,299.5835475,0.3910700000000133,39,40,0.0,1.0,0,20,2,2,0,75.23012161254883,200,1,0
INSTANCE_001,0.75,delay20,101,FR,191.8982,259.76,11.81499999999994,39,40,0.0,1.0,0,10,2,2,0,27.52852439880371,200,1,0
INSTANCE_001,0.75,delay20,101,NR,191.8982,259.76,11.81499999999994,39,40,0.0,1.0,0,10,2,2,0,0.0,0,1,0
INSTANCE_001,0.75,delay20,101,RG,191.8982,259.76,11.81499999999994,39,40,0.0,1.0,0,10,2,2,0,77.78692245483398,200,1,0
INSTANCE_001,0.75,delay20,101,SA,191.8982,259.76,11.81499999999994,39,40,0.0,1.0,0,10,2,2,0,79.26058769226074,200,1,0
INSTANCE_001,0.75,delay30,101,FR,191.8982,259.76,21.81499999999994,39,40,0.0,1.0,0,10,2,2,0,26.587247848510746,200,1,0
INSTANCE_001,0.75,delay30,101,NR,191.8982,259.76,21.81499999999994,39,40,0.0,1.0,0,10,2,2,0,0.0,0,1,0
INSTANCE_001,0.75,delay30,101,RG,191.8982,259.76,21.81499999999994,39,40,0.0,1.0,0,10,2,2,0,71.31075859069824,200,1,0
INSTANCE_001,0.75,delay30,101,SA,191.8982,259.76,21.81499999999994,39,40,0.0,1.0,0,10,2,2,0,71.76518440246582,200,1,0
INSTANCE_001,0.75,p85,101,FR,191.8982,267.69868783333334,0.0,40,40,0.0,0.85,2,10,2,1,0,27.85491943359375,200,0,0
INSTANCE_001,0.75,p85,101,NR,191.8982,267.69868783333334,0.0,40,40,0.0,1.0,0,10,2,2,0,0.0,0,1,0
INSTANCE_001,0.75,p85,101,RG,191.8982,267.69868783333334,0.0,40,40,0.0,1.0,0,10,2,2,0,76.87950134277344,200,1,0
INSTANCE_001,0.75,p85,101,SA,191.8982,267.69868783333334,0.0,40,40,0.0,1.0,0,10,2,2,0,75.24895668029785,200,1,0
INSTANCE_001,0.75,p95,101,FR,191.8982,274.7055091666666,0.0,40,40,0.0,1.0,0,10,2,2,0,27.09531784057617,200,1,0
INSTANCE_001,0.75,p95,101,NR,191.8982,274.7055091666666,0.0,40,40,0.0,1.0,0,10,2,2,0,0.0,0,1,0
INSTANCE_001,0.75,p95,101,RG,191.8982,274.7055091666666,0.0,40,40,0.0,1.0,0,10,2,2,0,74.2027759552002,200,1,0
INSTANCE_001,0.75,p95,101,SA,191.8982,274.7055091666666,0.0,40,40,0.0,1.0,0,10,2,2,0,73.67610931396484,200,1,0
INSTANCE_002,0.25,delay20,101,FR,408.2402,431.35666666666657,22.51500000000021,47,49,0.0,0.6467148262813898,27,37,2,0,0,67.69537925720215,490,0,0
INSTANCE_002,0.25,delay20,101,NR,293.3563,318.32166666666666,78.83000000000004,44,49,0.0,1.0,0,37,2,2,0,0.0,0,1,0
INSTANCE_002,0.25,delay20,101,RG,338.98130000000003,359.6816666666666,22.51500000000021,47,49,0.0,0.6081871345029239,25,37,2,0,0,120.43237686157228,320,0,0
INSTANCE_002,0.25,delay20,101,SA,337.3029,358.315,22.785000000000192,47,49,0.0,0.7152132782937737,25,37,2,0,0,187.07656860351565,490,0,0
INSTANCE_002,0.25,delay30,101,FR,329.6441,352.5183333333334,91.44166666666648,43,49,0.0,0.700765393876849,26,37,2,0,0,66.8497085571289,440,0,0
INSTANCE_002,0.25,delay30,101,NR,293.3563,318.32166666666666,142.3283333333335,41,49,0.0,1.0,0,37,2,2,0,0.0,0,1,0
INSTANCE_002,0.25,delay30,101,RG,338.98130000000003,359.6816666666666,48.08666666666704,46,49,0.0,0.6081871345029239,25,37,2,0,0,130.40685653686523,320,0,0
INSTANCE_002,0.25,delay30,101,SA,337.1537,357.44666666666666,48.08666666666704,46,49,0.0,0.6719126246990024,24,37,2,0,0,180.1795959472656,450,0,0
INSTANCE_002,0.25,p85,101,FR,329.6057,404.31725433333327,19.57685783333318,46,49,0.0,0.9068627450980392,13,37,2,1,0,35.993337631225586,220,0,0
INSTANCE_002,0.25,p85,101,NR,293.3563,357.8693393333333,26.874306666666712,45,49,0.0,1.0,0,37,2,2,0,0.0,0,1,0
INSTANCE_002,0.25,p85,101,RG,336.8562,404.40587333333326,1.0620348333334275,48,49,0.0,0.5673374613003096,26,37,2,0,0,134.50050354003906,320,0,0
INSTANCE_002,0.25,p85,101,SA,352.4922,409.15276933333337,1.9904228333334684,47,49,0.0,0.820906432748538,26,37,2,0,0,155.75218200683594,380,0,0
INSTANCE_002,0.25,p95,101,FR,335.9609,459.5970000000001,54.68180583333344,44,49,0.0,0.7532679738562091,12,37,2,1,0,42.93942451477051,280,0,0
INSTANCE_002,0.25,p95,101,NR,293.3563,392.77479000000005,69.18651333333355,43,49,0.0,1.0,0,37,2,2,0,0.0,0,1,0
INSTANCE_002,0.25,p95,101,RG,336.8562,444.8511,6.235465833333365,47,49,0.0,0.5673374613003096,26,37,2,0,0,120.34916877746582,320,0,0
INSTANCE_002,0.25,p95,101,SA,352.4922,450.1630733333334,16.85207749999995,46,49,0.0,0.820906432748538,26,37,2,0,0,145.14636993408203,380,0,0
INSTANCE_002,0.5,delay20,101,FR,315.4728,337.095,26.55999999999983,47,49,0.0,0.7651515151515151,8,25,2,1,0,49.529075622558594,370,0,0
INSTANCE_002,0.5,delay20,101,NR,293.3563,318.32166666666666,45.691666666666606,46,49,0.0,1.0,0,25,2,2,0,0.0,0,1,0
INSTANCE_002,0.5,delay20,101,RG,314.9081,335.33333333333326,26.55999999999983,47,49,0.0,0.8977272727272727,4,25,2,1,0,73.63414764404297,200,0,0
INSTANCE_002,0.5,delay20,101,SA,314.9081,335.33333333333326,26.55999999999983,47,49,0.0,0.8977272727272727,4,25,2,1,0,71.95544242858887,200,0,0
INSTANCE_002,0.5,delay30,101,FR,316.7412,337.99,55.49333333333334,45,49,0.0,0.7840909090909091,9,25,2,1,0,38.75303268432617,290,0,0
INSTANCE_002,0.5,delay30,101,NR,293.3563,318.32166666666666,81.20333333333338,44,49,0.0,1.0,0,25,2,2,0,0.0,0,1,0
INSTANCE_002,0.5,delay30,101,RG,314.9081,335.33333333333326,55.49333333333334,45,49,0.0,0.8977272727272727,4,25,2,1,0,75.36673545837402,200,0,0
INSTANCE_002,0.5,delay30,101,SA,314.9081,335.33333333333326,55.49333333333334,45,49,0.0,0.8977272727272727,4,25,2,1,0,73.43053817749023,200,0,0
INSTANCE_002,0.5,p85,101,FR,298.2104,345.334831,4.660791166666627,48,49,0.0,0.7954545454545454,8,25,2,1,0,75.1333236694336,480,0,0
INSTANCE_002,0.5,p85,101,NR,293.3563,340.3162985,5.891391500000168,47,49,0.0,1.0,0,25,2,2,0,0.0,0,1,0
INSTANCE_002,0.5,p85,101,RG,298.11400000000003,344.822382,4.660791166666627,48,49,0.0,0.7727272727272727,7,25,2,1,0,117.74373054504396,300,0,0
INSTANCE_002,0.5,p85,101,SA,293.3563,340.3162985,5.891391500000168,47,49,0.0,1.0,0,25,2,2,0,76.6899585723877,200,1,0
INSTANCE_002,0.5,p95,101,FR,313.7071,380.0413975000001,8.956892499999867,48,49,0.0,0.8446969696969697,4,25,2,1,0,36.77511215209961,280,0,0
INSTANCE_002,0.5,p95,101,NR,293.3563,359.72913583333343,12.040047500000014,47,49,0.0,1.0,0,25,2,2,0,0.0,0,1,0
INSTANCE_002,0.5,p95,101,RG,297.9326,364.4051383333334,8.956892499999867,48,49,0.0,0.9242424242424244,3,25,2,1,0,82.38387107849121,230,0,0
INSTANCE_002,0.5,p95,101,SA,293.3563,359.72913583333343,12.040047500000014,47,49,0.0,1.0,0,25,2,2,0,70.27626037597656,200,1,0
INSTANCE_002,0.75,delay20,101,FR,293.35620000000006,318.32166666666666,0.0,49,49,0.0,0.8166666666666667,2,13,2,1,0,28.37395668029785,200,0,0
INSTANCE_002,0.75,delay20,101,NR,293.3563,318.32166666666666,0.0,49,49,0.0,1.0,0,13,2,2,0,0.0,0,1,0
INSTANCE_002,0.75,delay20,101,RG,293.35620000000006,318.32166666666666,0.0,49,49,0.0,0.8166666666666667,2,13,2,1,0,99.0760326385498,240,0,0
INSTANCE_002,0.75,delay20,101,SA,293.3563,318.32166666666666,0.0,49,49,0.0,1.0,0,13,2,2,0,72.80397415161133,200,1,0
INSTANCE_002,0.75,delay30,101,FR,293.35620000000006,318.32166666666666,0.0,49,49,0.0,0.8166666666666667,2,13,2,1,0,25.952577590942383,200,0,0
INSTANCE_002,0.75,delay30,101,NR,293.3563,318.32166666666666,0.0,49,49,0.0,1.0,0,13,2,2,0,0.0,0,1,0
INSTANCE_002,0.75,delay30,101,RG,293.35620000000006,318.32166666666666,0.0,49,49,0.0,0.8166666666666667,2,13,2,1,0,83.46796035766602,240,0,0
INSTANCE_002,0.75,delay30,101,SA,293.3563,318.32166666666666,0.0,49,49,0.0,1.0,0,13,2,2,0,72.53432273864746,200,1,0
INSTANCE_002,0.75,p85,101,FR,293.35620000000006,327.2409655,0.0,49,49,0.0,0.8166666666666667,2,13,2,1,0,29.697895050048828,200,0,0
INSTANCE_002,0.75,p85,101,NR,293.3563,327.2409655,0.0,49,49,0.0,1.0,0,13,2,2,0,0.0,0,1,0
INSTANCE_002,0.75,p85,101,RG,293.35620000000006,327.2409655,0.0,49,49,0.0,0.8166666666666667,2,13,2,1,0,95.61634063720705,240,0,0
INSTANCE_002,0.75,p85,101,SA,293.3563,327.2409655,0.0,49,49,0.0,1.0,0,13,2,2,0,80.53922653198242,200,1,0
INSTANCE_002,0.75,p95,101,FR,293.35620000000006,335.1132908333334,0.0,49,49,0.0,0.8166666666666667,2,13,2,1,0,29.097318649291992,200,0,0
INSTANCE_002,0.75,p95,101,NR,293.3563,335.1132908333334,0.0,49,49,0.0,1.0,0,13,2,2,0,0.0,0,1,0
INSTANCE_002,0.75,p95,101,RG,293.35620000000006,335.1132908333334,0.0,49,49,0.0,0.8166666666666667,2,13,2,1,0,91.65310859680176,240,0,0
INSTANCE_002,0.75,p95,101,SA,293.3563,335.1132908333334,0.0,49,49,0.0,1.0,0,13,2,2,0,79.76412773132324,200,1,0
INSTANCE_003,0.25,delay20,101,FR,406.7374,468.045,2.035000000000082,71,72,0.0,0.9087301587301588,8,56,3,2,0,50.171613693237305,320,0,0
INSTANCE_003,0.25,delay20,101,NR,408.291,474.3533333333333,2.035000000000082,71,72,0.0,1.0,0,56,3,3,0,0.0,0,1,0
INSTANCE_003,0.25,delay20,101,RG,404.3632,470.32333333333327,0.0,72,72,0.0,0.8678571428571429,13,56,3,2,0,151.7038345336914,360,0,0
INSTANCE_003,0.25,delay20,101,SA,408.291,474.3533333333333,2.035000000000082,71,72,0.0,1.0,0,56,3,3,0,118.22175979614258,300,1,0
INSTANCE_003,0.25,delay30,101,FR,407.7075,470.115,12.035000000000082,71,72,0.0,0.9626984126984128,2,56,3,2,0,51.21302604675293,310,0,0
INSTANCE_003,0.25,delay30,101,NR,408.291,474.3533333333333,15.801666666666732,70,72,0.0,1.0,0,56,3,3,0,0.0,0,1,0
INSTANCE_003,0.25,delay30,101,RG,431.7604999999999,495.555,6.651666666666756,71,72,0.0,0.8396825396825397,18,56,3,2,0,177.65116691589355,420,0,0
INSTANCE_003,0.25,delay30,101,SA,408.291,474.3533333333333,15.801666666666732,70,72,0.0,1.0,0,56,3,3,0,135.78438758850098,300,1,0
INSTANCE_003,0.25,p85,101,FR,406.7374,525.7134493333333,0.0,72,72,0.0,0.9087301587301588,8,56,3,2,0,49.53074455261231,320,0,0
INSTANCE_003,0.25,p85,101,NR,408.291,533.0052518333333,0.0,72,72,0.0,1.0,0,56,3,3,0,0.0,0,1,0
INSTANCE_003,0.25,p85,101,RG,403.459,527.4338138333333,0.0,72,72,0.0,0.8853174603174603,11,56,3,2,0,142.65203475952148,350,0,0
INSTANCE_003,0.25,p85,101,SA,408.291,533.0052518333333,0.0,72,72,0.0,1.0,0,56,3,3,0,122.9248046875,300,1,0
INSTANCE_003,0.25,p95,101,FR,408.291,584.7724358333335,14.88066916666719,70,72,0.0,1.0,0,56,3,3,0,51.20611190795898,300,1,0
INSTANCE_003,0.25,p95,101,NR,408.291,584.7724358333335,14.88066916666719,70,72,0.0,1.0,0,56,3,3,0,0.0,0,1,0
INSTANCE_003,0.25,p95,101,RG,438.83019999999993,607.1413625,0.0,72,72,0.0,0.8472222222222223,21,56,3,2,0,159.6965789794922,370,0,0
INSTANCE_003,0.25,p95,101,SA,445.9069,615.8918900000001,0.0,72,72,0.0,0.9388888888888888,17,56,3,2,0,150.85983276367188,340,0,0
INSTANCE_003,0.5,delay20,101,FR,408.291,474.3533333333333,0.0,72,72,0.0,1.0,0,37,3,3,0,43.49374771118164,300,1,0
INSTANCE_003,0.5,delay20,101,NR,408.291,474.3533333333333,0.0,72,72,0.0,1.0,0,37,3,3,0,0.0,0,1,0
INSTANCE_003,0.5,delay20,101,RG,408.291,474.3533333333333,0.0,72,72,0.0,1.0,0,37,3,3,0,114.84169960021974,300,1,0
INSTANCE_003,0.5,delay20,101,SA,408.291,474.3533333333333,0.0,72,72,0.0,1.0,0,37,3,3,0,117.63334274291992,300,1,0
INSTANCE_003,0.5,delay30,101,FR,409.3578,477.3933333333333,1.9933333333332257,71,72,0.0,0.9615384615384616,8,37,3,2,0,48.4921932220459,330,0,0
INSTANCE_003,0.5,delay30,101,NR,408.291,474.3533333333333,3.766666666666652,71,72,0.0,1.0,0,37,3,3,0,0.0,0,1,0
INSTANCE_003,0.5,delay30,101,RG,409.3578,477.3933333333333,1.9933333333332257,71,72,0.0,0.9615384615384616,8,37,3,2,0,130.8388710021973,330,0,0
INSTANCE_003,0.5,delay30,101,SA,408.291,474.3533333333333,3.766666666666652,71,72,0.0,1.0,0,37,3,3,0,116.70684814453124,300,1,0
INSTANCE_003,0.5,p85,101,FR,408.291,509.04420133333326,0.0,72,72,0.0,1.0,0,37,3,3,0,45.92776298522949,300,1,0
INSTANCE_003,0.5,p85,101,NR,408.291,509.04420133333326,0.0,72,72,0.0,1.0,0,37,3,3,0,0.0,0,1,0
INSTANCE_003,0.5,p85,101,RG,408.291,509.04420133333326,0.0,72,72,0.0,1.0,0,37,3,3,0,123.08001518249512,300,1,0
INSTANCE_003,0.5,p85,101,SA,408.291,509.04420133333326,0.0,72,72,0.0,1.0,0,37,3,3,0,126.8460750579834,300,1,0
INSTANCE_003,0.5,p95,101,FR,408.291,539.6629533333335,2.340425833333484,71,72,0.0,1.0,0,37,3,3,0,46.15640640258789,300,1,0
INSTANCE_003,0.5,p95,101,NR,408.291,539.6629533333335,2.340425833333484,71,72,0.0,1.0,0,37,3,3,0,0.0,0,1,0
INSTANCE_003,0.5,p95,101,RG,408.291,539.6629533333335,2.340425833333484,71,72,0.0,1.0,0,37,3,3,0,124.4215965270996,300,1,0
INSTANCE_003,0.5,p95,101,SA,408.291,539.6629533333335,2.340425833333484,71,72,0.0,1.0,0,37,3,3,0,130.3579807281494,300,1,0
INSTANCE_003,0.75,delay20,101,FR,408.291,474.3533333333333,0.0,72,72,0.0,1.0,0,19,3,3,0,45.00699043273926,300,1,0
INSTANCE_003,0.75,delay20,101,NR,408.291,474.3533333333333,0.0,72,72,0.0,1.0,0,19,3,3,0,0.0,0,1,0
INSTANCE_003,0.75,delay20,101,RG,408.291,474.3533333333333,0.0,72,72,0.0,1.0,0,19,3,3,0,121.98472023010254,300,1,0
INSTANCE_003,0.75,delay20,101,SA,408.291,474.3533333333333,0.0,72,72,0.0,1.0,0,19,3,3,0,124.1312026977539,300,1,0
INSTANCE_003,0.75,delay30,101,FR,408.291,474.3533333333333,0.0,72,72,0.0,1.0,0,19,3,3,0,46.77987098693848,300,1,0
INSTANCE_003,0.75,delay30,101,NR,408.291,474.3533333333333,0.0,72,72,0.0,1.0,0,19,3,3,0,0.0,0,1,0
INSTANCE_003,0.75,delay30,101,RG,408.291,474.3533333333333,0.0,72,72,0.0,1.0,0,19,3,3,0,127.57730484008788,300,1,0
INSTANCE_003,0.75,delay30,101,SA,408.291,474.3533333333333,0.0,72,72,0.0,1.0,0,19,3,3,0,126.8010139465332,300,1,0
INSTANCE_003,0.75,p85,101,FR,408.291,495.24627183333325,0.0,72,72,0.0,1.0,0,19,3,3,0,42.73343086242676,300,1,0
INSTANCE_003,0.75,p85,101,NR,408.291,495.24627183333325,0.0,72,72,0.0,1.0,0,19,3,3,0,0.0,0,1,0
INSTANCE_003,0.75,p85,101,RG,408.291,495.24627183333325,0.0,72,72,0.0,1.0,0,19,3,3,0,117.26975440979004,300,1,0
INSTANCE_003,0.75,p85,101,SA,408.291,495.24627183333325,0.0,72,72,0.0,1.0,0,19,3,3,0,116.18781089782716,300,1,0
INSTANCE_003,0.75,p95,101,FR,408.291,513.6867358333334,0.0,72,72,0.0,1.0,0,19,3,3,0,38.651466369628906,300,1,0
INSTANCE_003,0.75,p95,101,NR,408.291,513.6867358333334,0.0,72,72,0.0,1.0,0,19,3,3,0,0.0,0,1,0
INSTANCE_003,0.75,p95,101,RG,408.291,513.6867358333334,0.0,72,72,0.0,1.0,0,19,3,3,0,110.64434051513672,300,1,0
INSTANCE_003,0.75,p95,101,SA,408.291,513.6867358333334,0.0,72,72,0.0,1.0,0,19,3,3,0,109.67183113098145,300,1,0
INSTANCE_004,0.25,delay20,101,FR,435.1136,455.545,0.0,67,67,0.0,0.862962962962963,4,52,3,2,0,42.4044132232666,300,0,0
INSTANCE_004,0.25,delay20,101,NR,448.1016000000001,466.4983333333333,14.508333333333326,66,67,0.0,1.0,0,52,3,3,0,0.0,0,1,0
INSTANCE_004,0.25,delay20,101,RG,450.6470000000001,469.2116666666667,0.0,67,67,0.0,0.7814814814814816,9,52,3,2,0,148.18310737609863,420,0,0
INSTANCE_004,0.25,delay20,101,SA,460.12880000000007,472.955,0.0,67,67,0.0,0.9185185185185184,8,52,3,2,0,145.3557014465332,410,0,0
INSTANCE_004,0.25,delay30,101,FR,435.1136,455.545,0.0,67,67,0.0,0.862962962962963,4,52,3,2,0,45.31049728393555,300,0,0
INSTANCE_004,0.25,delay30,101,NR,448.1016000000001,466.4983333333333,32.16666666666663,65,67,0.0,1.0,0,52,3,3,0,0.0,0,1,0
INSTANCE_004,0.25,delay30,101,RG,450.6470000000001,469.2116666666667,0.0,67,67,0.0,0.7814814814814816,9,52,3,2,0,165.03667831420898,420,0,0
INSTANCE_004,0.25,delay30,101,SA,460.12880000000007,472.955,0.0,67,67,0.0,0.9185185185185184,8,52,3,2,0,164.79063034057617,410,0,0
INSTANCE_004,0.25,p85,101,FR,435.1296,507.8891958333333,0.0,67,67,0.0,0.8371693121693121,6,52,3,1,0,48.16126823425293,310,0,0
INSTANCE_004,0.25,p85,101,NR,448.1016000000001,520.6618908333332,13.21997099999976,66,67,0.0,1.0,0,52,3,3,0,0.0,0,1,0
INSTANCE_004,0.25,p85,101,RG,450.66300000000007,523.6864958333333,0.0,67,67,0.0,0.7556878306878306,11,52,3,1,0,171.57602310180664,430,0,0
INSTANCE_004,0.25,p85,101,SA,460.12880000000007,528.1251518333332,0.0,67,67,0.0,0.9185185185185184,8,52,3,2,0,165.70329666137695,410,0,0
INSTANCE_004,0.25,p95,101,FR,435.1296,554.1743958333333,0.0,67,67,0.0,0.8371693121693121,6,52,3,1,0,48.46501350402832,310,0,0
INSTANCE_004,0.25,p95,101,NR,448.1016000000001,568.4675708333333,40.34573833333332,65,67,0.0,1.0,0,52,3,3,0,0.0,0,1,0
INSTANCE_004,0.25,p95,101,RG,450.66300000000007,571.8522291666666,0.0,67,67,0.0,0.7556878306878306,11,52,3,1,0,167.07468032836914,430,0,0
INSTANCE_004,0.25,p95,101,SA,460.12880000000007,576.8192691666667,0.0,67,67,0.0,0.9185185185185184,8,52,3,2,0,162.10603713989258,410,0,0
INSTANCE_004,0.5,delay20,101,FR,448.0768000000001,466.43166666666673,14.508333333333326,66,67,0.0,0.8553113553113553,8,35,3,2,0,48.95973205566406,330,0,0
INSTANCE_004,0.5,delay20,101,NR,448.1016000000001,466.4983333333333,14.508333333333326,66,67,0.0,1.0,0,35,3,3,0,0.0,0,1,0
INSTANCE_004,0.5,delay20,101,RG,514.828,535.4233333333334,0.0,67,67,0.0,0.7362637362637363,14,35,3,1,0,131.8216323852539,350,0,0
INSTANCE_004,0.5,delay20,101,SA,448.1016000000001,466.4983333333333,14.508333333333326,66,67,0.0,1.0,0,35,3,3,0,110.52322387695312,300,1,0
INSTANCE_004,0.5,delay30,101,FR,514.8711000000001,535.7166666666667,0.0,67,67,0.0,0.7005494505494506,14,35,3,1,0,67.71636009216309,460,0,0
INSTANCE_004,0.5,delay30,101,NR,448.1016000000001,466.4983333333333,32.16666666666663,65,67,0.0,1.0,0,35,3,3,0,0.0,0,1,0
INSTANCE_004,0.5,delay30,101,RG,514.828,535.4233333333334,0.0,67,67,0.0,0.7362637362637363,14,35,3,1,0,140.761137008667,350,0,0
INSTANCE_004,0.5,delay30,101,SA,514.8528000000001,535.49,0.0,67,67,0.0,0.8809523809523809,6,35,3,2,0,128.21197509765625,320,0,0
INSTANCE_004,0.5,p85,101,FR,448.0768000000001,502.9062904999999,4.961428333333174,66,67,0.0,0.8553113553113553,8,35,3,2,0,46.62203788757324,330,0,0
INSTANCE_004,0.5,p85,101,NR,448.1016000000001,502.9833504999999,4.961428333333174,66,67,0.0,1.0,0,35,3,3,0,0.0,0,1,0
INSTANCE_004,0.5,p85,101,RG,448.0768000000001,502.9062904999999,4.961428333333174,66,67,0.0,0.8553113553113553,8,35,3,2,0,125.0,330,0,0
INSTANCE_004,0.5,p85,101,SA,448.1016000000001,502.9833504999999,4.961428333333174,66,67,0.0,1.0,0,35,3,3,0,111.13643646240234,300,1,0
INSTANCE_004,0.5,p95,101,FR,515.2711,621.3974241666666,0.0,67,67,0.0,0.7203907203907204,15,35,3,1,0,69.59128379821777,480,0,0
INSTANCE_004,0.5,p95,101,NR,448.1016000000001,535.1856491666666,14.187508333333312,66,67,0.0,1.0,0,35,3,3,0,0.0,0,1,0
INSTANCE_004,0.5,p95,101,RG,514.828,624.3401366666667,0.0,67,67,0.0,0.7362637362637363,14,35,3,1,0,138.7615203857422,350,0,0
INSTANCE_004,0.5,p95,101,SA,448.1016000000001,535.1856491666666,14.187508333333312,66,67,0.0,1.0,0,35,3,3,0,116.73140525817873,300,1,0
INSTANCE_004,0.75,delay20,101,FR,447.70540000000005,466.045,14.508333333333326,66,67,0.0,0.8293650793650794,4,18,3,2,0,53.438663482666016,390,0,0
INSTANCE_004,0.75,delay20,101,NR,448.1016000000001,466.4983333333333,14.508333333333326,66,67,0.0,1.0,0,18,3,3,0,0.0,0,1,0
INSTANCE_004,0.75,delay20,101,RG,524.508,543.0616666666667,0.0,67,67,0.0,0.6626984126984127,8,18,3,1,0,150.3443717956543,390,0,0
INSTANCE_004,0.75,delay20,101,SA,448.1016000000001,466.4983333333333,14.508333333333326,66,67,0.0,1.0,0,18,3,3,0,116.60313606262208,300,1,0
INSTANCE_004,0.75,delay30,101,FR,447.70540000000005,466.045,32.16666666666663,65,67,0.0,0.8293650793650794,4,18,3,2,0,56.55980110168457,390,0,0
INSTANCE_004,0.75,delay30,101,NR,448.1016000000001,466.4983333333333,32.16666666666663,65,67,0.0,1.0,0,18,3,3,0,0.0,0,1,0
INSTANCE_004,0.75,delay30,101,RG,524.508,543.0616666666667,7.37833333333333,66,67,0.0,0.6626984126984127,8,18,3,1,0,152.59313583374023,390,0,0
INSTANCE_004,0.75,delay30,101,SA,524.9042000000001,543.515,7.37833333333333,66,67,0.0,0.8333333333333334,4,18,3,2,0,120.24283409118654,300,0,0
INSTANCE_004,0.75,p85,101,FR,447.70540000000005,493.7510283333333,2.604999833333295,66,67,0.0,0.8293650793650794,4,18,3,2,0,58.538198471069336,390,0,0
INSTANCE_004,0.75,p85,101,NR,448.1016000000001,494.2750363333332,2.604999833333295,66,67,0.0,1.0,0,18,3,3,0,0.0,0,1,0
INSTANCE_004,0.75,p85,101,RG,447.70540000000005,493.7510283333333,2.604999833333295,66,67,0.0,0.8293650793650794,4,18,3,2,0,157.5777530670166,390,0,0
INSTANCE_004,0.75,p85,101,SA,448.1016000000001,494.2750363333332,2.604999833333295,66,67,0.0,1.0,0,18,3,3,0,119.33135986328124,300,1,0
INSTANCE_004,0.75,p95,101,FR,447.70540000000005,518.2048416666667,9.751255833333287,66,67,0.0,0.8293650793650794,4,18,3,2,0,58.99810791015625,390,0,0
INSTANCE_004,0.75,p95,101,NR,448.1016000000001,518.7912283333333,9.751255833333287,66,67,0.0,1.0,0,18,3,3,0,0.0,0,1,0
INSTANCE_004,0.75,p95,101,RG,447.70540000000005,518.2048416666667,9.751255833333287,66,67,0.0,0.8293650793650794,4,18,3,2,0,150.93135833740234,390,0,0
INSTANCE_004,0.75,p95,101,SA,448.1016000000001,518.7912283333333,9.751255833333287,66,67,0.0,1.0,0,18,3,3,0,109.68542098999023,300,1,0
INSTANCE_005,0.25,delay20,101,FR,350.9040999999999,426.4383333333333,0.0,73,73,0.0,0.8266514939309056,19,56,3,1,0,84.43689346313477,540,0,0
INSTANCE_005,0.25,delay20,101,NR,320.8457,392.9933333333333,13.576666666666595,72,73,0.0,1.0,0,56,3,3,0,0.0,0,1,0
INSTANCE_005,0.25,delay20,101,RG,320.82699999999994,393.9983333333333,5.4500000000000455,72,73,0.0,0.8794292717086836,12,56,3,1,0,149.43480491638184,360,0,0
INSTANCE_005,0.25,delay20,101,SA,320.8271,393.9983333333333,5.4500000000000455,72,73,0.0,0.911904761904762,10,56,3,2,0,147.8712558746338,350,0,0
INSTANCE_005,0.25,delay30,101,FR,323.7397,395.2866666666666,21.82333333333293,71,73,0.0,0.8862278244631185,12,56,3,1,0,77.79145240783691,490,0,0
INSTANCE_005,0.25,delay30,101,NR,320.8457,392.9933333333333,34.01999999999987,70,73,0.0,1.0,0,56,3,3,0,0.0,0,1,0
INSTANCE_005,0.25,delay30,101,RG,367.9612,440.2883333333333,19.465000000000032,71,73,0.0,0.8334733893557423,23,56,3,1,0,155.5349826812744,370,0,0
INSTANCE_005,0.25,delay30,101,SA,320.8271,393.9983333333333,26.898333333333422,70,73,0.0,0.911904761904762,10,56,3,2,0,143.35942268371582,350,0,0
INSTANCE_005,0.25,p85,101,FR,319.09919999999994,436.9559555,0.0,73,73,0.0,0.8619689542483661,12,56,3,1,0,74.27644729614258,480,0,0
INSTANCE_005,0.25,p85,101,NR,320.8457,438.395051,5.854311333333499,72,73,0.0,1.0,0,56,3,3,0,0.0,0,1,0
INSTANCE_005,0.25,p85,101,RG,320.82699999999994,439.5567305,0.0,73,73,0.0,0.8794292717086836,12,56,3,1,0,146.66104316711426,360,0,0
INSTANCE_005,0.25,p85,101,SA,320.8271,439.5567305,0.0,73,73,0.0,0.911904761904762,10,56,3,2,0,145.54309844970703,350,0,0
INSTANCE_005,0.25,p95,101,FR,330.7887999999999,486.9268716666666,24.730893333333142,71,73,0.0,0.8381594304388423,17,56,3,1,0,75.69479942321779,480,0,0
INSTANCE_005,0.25,p95,101,NR,320.8457,478.46738166666665,37.46994333333328,70,73,0.0,1.0,0,56,3,3,0,0.0,0,1,0
INSTANCE_005,0.25,p95,101,RG,330.7887999999999,486.9268716666666,24.730893333333142,71,73,0.0,0.8381594304388423,17,56,3,1,0,197.4163055419922,480,0,0
INSTANCE_005,0.25,p95,101,SA,331.9799,489.34571666666665,29.65481666666642,71,73,0.0,0.9047619047619048,15,56,3,2,0,165.26222229003906,410,0,0
INSTANCE_005,0.5,delay20,101,FR,322.23229999999995,394.125,5.576666666666597,72,73,0.0,0.9725274725274726,2,37,3,2,0,52.664995193481445,330,0,0
INSTANCE_005,0.5,delay20,101,NR,320.8457,392.9933333333333,13.576666666666595,72,73,0.0,1.0,0,37,3,3,0,0.0,0,1,0
INSTANCE_005,0.5,delay20,101,RG,322.23229999999995,394.125,5.576666666666597,72,73,0.0,0.9725274725274726,2,37,3,2,0,137.86745071411133,300,0,0
INSTANCE_005,0.5,delay20,101,SA,322.23229999999995,394.125,5.576666666666597,72,73,0.0,0.9725274725274726,2,37,3,2,0,128.88360023498535,300,0,0
INSTANCE_005,0.5,delay30,101,FR,326.9987,397.3683333333333,19.71833333333313,71,73,0.0,0.9164668664668664,5,37,3,1,0,52.80518531799317,340,0,0
INSTANCE_005,0.5,delay30,101,NR,320.8457,392.9933333333333,34.01999999999987,70,73,0.0,1.0,0,37,3,3,0,0.0,0,1,0
INSTANCE_005,0.5,delay30,101,RG,331.65039999999993,401.2566666666666,19.71833333333313,71,73,0.0,0.8634365634365634,7,37,3,1,0,137.4678611755371,330,0,0
INSTANCE_005,0.5,delay30,101,SA,332.9097,402.4866666666666,19.71833333333313,71,73,0.0,0.8907092907092907,9,37,3,1,0,156.3711166381836,380,0,0
INSTANCE_005,0.5,p85,101,FR,320.8457,419.4823023333333,0.0,73,73,0.0,1.0,0,37,3,3,0,45.963287353515625,300,1,0
INSTANCE_005,0.5,p85,101,NR,320.8457,419.4823023333333,0.0,73,73,0.0,1.0,0,37,3,3,0,0.0,0,1,0
INSTANCE_005,0.5,p85,101,RG,320.8457,419.4823023333333,0.0,73,73,0.0,1.0,0,37,3,3,0,123.7037181854248,300,1,0
INSTANCE_005,0.5,p85,101,SA,320.8457,419.4823023333333,0.0,73,73,0.0,1.0,0,37,3,3,0,122.5287914276123,300,1,0
INSTANCE_005,0.5,p95,101,FR,320.8457,442.8619183333333,0.0,73,73,0.0,1.0,0,37,3,3,0,49.1943359375,300,1,0
INSTANCE_005,0.5,p95,101,NR,320.8457,442.8619183333333,0.0,73,73,0.0,1.0,0,37,3,3,0,0.0,0,1,0
INSTANCE_005,0.5,p95,101,RG,320.8457,442.8619183333333,0.0,73,73,0.0,1.0,0,37,3,3,0,127.07233428955078,300,1,0
INSTANCE_005,0.5,p95,101,SA,320.8457,442.8619183333333,0.0,73,73,0.0,1.0,0,37,3,3,0,124.32289123535156,300,1,0
INSTANCE_005,0.75,delay20,101,FR,320.84559999999993,392.9933333333333,0.0,73,73,0.0,0.888888888888889,2,19,3,2,0,46.95701599121094,310,0,0
INSTANCE_005,0.75,delay20,101,NR,320.8457,392.9933333333333,0.0,73,73,0.0,1.0,0,19,3,3,0,0.0,0,1,0
INSTANCE_005,0.75,delay20,101,RG,320.84559999999993,392.9933333333333,0.0,73,73,0.0,0.888888888888889,2,19,3,2,0,126.83820724487305,310,0,0
INSTANCE_005,0.75,delay20,101,SA,320.8457,392.9933333333333,0.0,73,73,0.0,1.0,0,19,3,3,0,126.44267082214355,300,1,0
INSTANCE_005,0.75,delay30,101,FR,320.84559999999993,392.9933333333333,3.009999999999877,72,73,0.0,0.888888888888889,2,19,3,2,0,45.31359672546387,310,0,0
INSTANCE_005,0.75,delay30,101,NR,320.8457,392.9933333333333,3.009999999999877,72,73,0.0,1.0,0,19,3,3,0,0.0,0,1,0
INSTANCE_005,0.75,delay30,101,RG,320.84559999999993,392.9933333333333,3.009999999999877,72,73,0.0,0.888888888888889,2,19,3,2,0,117.52939224243164,310,0,0
INSTANCE_005,0.75,delay30,101,SA,320.8457,392.9933333333333,3.009999999999877,72,73,0.0,1.0,0,19,3,3,0,114.21680450439452,300,1,0
INSTANCE_005,0.75,p85,101,FR,320.84559999999993,405.448704,0.0,73,73,0.0,0.888888888888889,2,19,3,2,0,44.61216926574707,310,0,0
INSTANCE_005,0.75,p85,101,NR,320.8457,405.448704,0.0,73,73,0.0,1.0,0,19,3,3,0,0.0,0,1,0
INSTANCE_005,0.75,p85,101,RG,320.84559999999993,405.448704,0.0,73,73,0.0,0.888888888888889,2,19,3,2,0,117.72942543029784,310,0,0
INSTANCE_005,0.75,p85,101,SA,320.8457,405.448704,0.0,73,73,0.0,1.0,0,19,3,3,0,115.63563346862792,300,1,0
INSTANCE_005,0.75,p95,101,FR,320.84559999999993,416.4420266666667,0.0,73,73,0.0,0.888888888888889,2,19,3,2,0,45.91941833496094,310,0,0
INSTANCE_005,0.75,p95,101,NR,320.8457,416.44202666666666,0.0,73,73,0.0,1.0,0,19,3,3,0,0.0,0,1,0
INSTANCE_005,0.75,p95,101,RG,320.84559999999993,416.4420266666667,0.0,73,73,0.0,0.888888888888889,2,19,3,2,0,132.29036331176758,310,0,0
INSTANCE_005,0.75,p95,101,SA,320.8457,416.44202666666666,0.0,73,73,0.0,1.0,0,19,3,3,0,120.43094635009766,300,1,0
INSTANCE_006,0.25,delay20,101,FR,344.3446,379.17333333333335,0.0,67,67,0.0,0.6601190476190476,32,52,3,0,0,69.37813758850098,460,0,0
INSTANCE_006,0.25,delay20,101,NR,306.0307,340.9866666666667,25.423333333333066,65,67,0.0,1.0,0,52,3,3,0,0.0,0,1,0
INSTANCE_006,0.25,delay20,101,RG,361.6949,396.4333333333333,0.0,67,67,0.0,0.6490079365079365,38,52,3,0,0,219.44451332092285,580,0,0
INSTANCE_006,0.25,delay20,101,SA,385.9114,418.70833333333337,0.0,67,67,0.0,0.793452380952381,33,52,3,1,0,109.71593856811523,300,0,0
INSTANCE_006,0.25,delay30,101,FR,344.407,379.0333333333333,4.286666666666861,66,67,0.0,0.6623015873015873,33,52,3,0,0,92.12398529052734,710,0,0
INSTANCE_006,0.25,delay30,101,NR,306.0307,340.9866666666667,54.04499999999962,64,67,0.0,1.0,0,52,3,3,0,0.0,0,1,0
INSTANCE_006,0.25,delay30,101,RG,354.0911,392.0866666666666,0.0,67,67,0.0,0.6557539682539683,41,52,3,0,0,245.9201812744141,680,0,0
INSTANCE_006,0.25,delay30,101,SA,385.9114,418.70833333333337,0.0,67,67,0.0,0.793452380952381,33,52,3,1,0,109.24363136291504,300,0,0
INSTANCE_006,0.25,p85,101,FR,321.1803,399.1991474999999,0.0,67,67,0.0,0.7819444444444444,20,52,3,0,0,63.86733055114746,420,0,0
INSTANCE_006,0.25,p85,101,NR,306.0307,382.5233635,3.196712833332981,65,67,0.0,1.0,0,52,3,3,0,0.0,0,1,0
INSTANCE_006,0.25,p85,101,RG,318.6256,399.9774534999999,0.0,67,67,0.0,0.7888888888888888,18,52,3,0,0,222.69392013549805,530,0,0
INSTANCE_006,0.25,p85,101,SA,306.0307,382.5233635,3.196712833332981,65,67,0.0,1.0,0,52,3,3,0,118.8335418701172,300,1,0
INSTANCE_006,0.25,p95,101,FR,320.3075,436.8190775,6.4559633333333295,66,67,0.0,0.8077380952380953,18,52,3,1,0,53.436279296875,360,0,0
INSTANCE_006,0.25,p95,101,NR,306.0307,419.1843608333333,18.88380083333334,65,67,0.0,1.0,0,52,3,3,0,0.0,0,1,0
INSTANCE_006,0.25,p95,101,RG,327.08079999999995,452.77871166666665,6.4559633333333295,66,67,0.0,0.810515873015873,21,52,3,1,0,158.49733352661133,380,0,0
INSTANCE_006,0.25,p95,101,SA,333.9494,463.9912008333333,6.4559633333333295,66,67,0.0,0.9041666666666668,14,52,3,2,0,116.715669631958,300,0,0
INSTANCE_006,0.5,delay20,101,FR,327.1074,360.9383333333333,0.953333333333262,66,67,0.0,0.7428238428238428,13,35,3,1,0,46.38099670410156,340,0,0
INSTANCE_006,0.5,delay20,101,NR,306.0307,340.9866666666667,25.423333333333066,65,67,0.0,1.0,0,35,3,3,0,0.0,0,1,0
INSTANCE_006,0.5,delay20,101,RG,363.6126,398.4916666666667,0.0,67,67,0.0,0.8127872127872128,20,35,3,1,0,157.3021411895752,420,0,0
INSTANCE_006,0.5,delay20,101,SA,355.0503,387.675,0.0,67,67,0.0,0.8082417582417584,21,35,3,1,0,135.91742515563965,360,0,0
INSTANCE_006,0.5,delay30,101,FR,340.0946,370.4766666666667,0.3033333333332848,66,67,0.0,0.7281718281718282,13,35,3,1,0,50.142526626586914,340,0,0
INSTANCE_006,0.5,delay30,101,NR,306.0307,340.9866666666667,54.04499999999962,64,67,0.0,1.0,0,35,3,3,0,0.0,0,1,0
INSTANCE_006,0.5,delay30,101,RG,365.5351,402.495,0.0,67,67,0.0,0.6809190809190809,22,35,3,1,0,203.2182216644287,520,0,0
INSTANCE_006,0.5,delay30,101,SA,373.7432,403.83833333333337,0.0,67,67,0.0,0.7771062271062271,22,35,3,1,0,161.3025665283203,410,0,0
INSTANCE_006,0.5,p85,101,FR,321.0376,391.43086416666665,0.0,67,67,0.0,0.8681818181818182,8,35,3,2,0,42.23775863647461,300,0,0
INSTANCE_006,0.5,p85,101,NR,306.0307,375.2347786666666,2.343480666666437,66,67,0.0,1.0,0,35,3,3,0,0.0,0,1,0
INSTANCE_006,0.5,p85,101,RG,324.83,399.08292216666666,0.0,67,67,0.0,0.8560606060606061,6,35,3,2,0,123.66175651550292,330,0,0
INSTANCE_006,0.5,p85,101,SA,306.0307,375.2347786666666,2.343480666666437,66,67,0.0,1.0,0,35,3,3,0,108.58845710754396,300,1,0
INSTANCE_006,0.5,p95,101,FR,321.9104,424.4383916666666,0.0,67,67,0.0,0.7564602064602064,14,35,3,1,0,44.37589645385742,330,0,0
INSTANCE_006,0.5,p95,101,NR,306.0307,405.4627466666666,13.885495833333266,65,67,0.0,1.0,0,35,3,3,0,0.0,0,1,0
INSTANCE_006,0.5,p95,101,RG,333.4762,447.5575483333333,0.0,67,67,0.0,0.776157176157176,14,35,3,1,0,143.08547973632812,420,0,0
INSTANCE_006,0.5,p95,101,SA,324.04110000000003,432.7146358333333,1.525652500000092,66,67,0.0,0.8833333333333333,9,35,3,2,0,116.49608612060548,330,0,0
INSTANCE_006,0.75,delay20,101,FR,363.3397,389.585,2.894999999999868,66,67,0.0,0.6746031746031745,9,18,3,1,0,49.4227409362793,340,0,0
INSTANCE_006,0.75,delay20,101,NR,306.0307,340.9866666666667,10.99499999999989,66,67,0.0,1.0,0,18,3,3,0,0.0,0,1,0
INSTANCE_006,0.75,delay20,101,RG,363.3397,389.585,2.894999999999868,66,67,0.0,0.6746031746031745,9,18,3,1,0,133.47315788269043,340,0,0
INSTANCE_006,0.75,delay20,101,SA,306.0307,340.9866666666667,10.99499999999989,66,67,0.0,1.0,0,18,3,3,0,114.72678184509276,300,1,0
INSTANCE_006,0.75,delay30,101,FR,363.3397,389.585,13.4166666666664,65,67,0.0,0.6746031746031745,9,18,3,1,0,71.20990753173828,500,0,0
INSTANCE_006,0.75,delay30,101,NR,306.0307,340.9866666666667,29.616666666666447,65,67,0.0,1.0,0,18,3,3,0,0.0,0,1,0
INSTANCE_006,0.75,delay30,101,RG,363.3397,389.585,13.4166666666664,65,67,0.0,0.6746031746031745,9,18,3,1,0,135.60986518859863,350,0,0
INSTANCE_006,0.75,delay30,101,SA,366.1043,392.8933333333333,13.4166666666664,65,67,0.0,0.9111111111111112,6,18,3,2,0,164.34431076049805,420,0,0
INSTANCE_006,0.75,p85,101,FR,306.0308,361.4918778333333,0.0,67,67,0.0,0.7857142857142857,4,18,3,2,0,41.457176208496094,320,0,0
INSTANCE_006,0.75,p85,101,NR,306.0307,361.5207753333333,0.0,67,67,0.0,1.0,0,18,3,3,0,0.0,0,1,0
INSTANCE_006,0.75,p85,101,RG,306.0308,361.4918778333333,0.0,67,67,0.0,0.7857142857142857,4,18,3,2,0,112.58864402770996,320,0,0
INSTANCE_006,0.75,p85,101,SA,306.0307,361.5207753333333,0.0,67,67,0.0,1.0,0,18,3,3,0,106.77766799926758,300,1,0
INSTANCE_006,0.75,p95,101,FR,306.0308,379.6121925,0.6873483333331478,66,67,0.0,0.7857142857142857,4,18,3,2,0,42.50502586364746,320,0,0
INSTANCE_006,0.75,p95,101,NR,306.0307,379.64453,0.6873483333331478,66,67,0.0,1.0,0,18,3,3,0,0.0,0,1,0
INSTANCE_006,0.75,p95,101,RG,306.0308,379.6121925,0.6873483333331478,66,67,0.0,0.7857142857142857,4,18,3,2,0,118.67594718933104,320,0,0
INSTANCE_006,0.75,p95,101,SA,306.0307,379.64453,0.6873483333331478,66,67,0.0,1.0,0,18,3,3,0,115.23652076721191,300,1,0
INSTANCE_007,0.25,delay20,101,FR,280.8815,358.3016666666667,0.0,62,62,0.0,0.7923634100104687,22,47,3,1,0,45.03035545349121,310,0,0
INSTANCE_007,0.25,delay20,101,NR,266.618,354.8066666666667,9.661666666666632,60,62,0.0,1.0,0,47,3,3,0,0.0,0,1,0
INSTANCE_007,0.25,delay20,101,RG,268.8107,359.85,5.516666666666652,61,62,0.0,0.9782135076252724,3,47,3,2,0,131.21843338012695,330,0,0
INSTANCE_007,0.25,delay20,101,SA,268.8107,359.85,5.516666666666652,61,62,0.0,0.9782135076252724,3,47,3,2,0,133.45718383789062,330,0,0
INSTANCE_007,0.25,delay30,101,FR,280.8815,358.3016666666667,9.71333333333314,61,62,0.0,0.7923634100104687,22,47,3,1,0,46.58842086791992,310,0,0
INSTANCE_007,0.25,delay30,101,NR,266.618,354.8066666666667,33.71166666666659,59,62,0.0,1.0,0,47,3,3,0,0.0,0,1,0
INSTANCE_007,0.25,delay30,101,RG,311.9356,404.245,19.56666666666661,60,62,0.0,0.8605664488017429,15,47,3,2,0,154.1132926940918,380,0,0
INSTANCE_007,0.25,delay30,101,SA,297.5787,393.995,19.56666666666661,60,62,0.0,0.8997821350762528,15,47,3,2,0,144.9284553527832,360,0,0
INSTANCE_007,0.25,p85,101,FR,278.4799,399.2485318333333,0.0,62,62,0.0,0.8239538239538239,20,47,3,2,0,43.235063552856445,300,0,0
INSTANCE_007,0.25,p85,101,NR,266.618,401.1133838333333,2.9571996666664973,61,62,0.0,1.0,0,47,3,3,0,0.0,0,1,0
INSTANCE_007,0.25,p85,101,RG,266.618,401.1133838333333,2.9571996666664973,61,62,0.0,1.0,0,47,3,3,0,116.77145957946776,300,1,0
INSTANCE_007,0.25,p85,101,SA,266.618,401.1133838333333,2.9571996666664973,61,62,0.0,1.0,0,47,3,3,0,114.78304862976074,300,1,0
INSTANCE_007,0.25,p95,101,FR,278.4799,439.89763583333325,10.843899999999737,61,62,0.0,0.8239538239538239,20,47,3,2,0,46.79012298583984,300,0,0
INSTANCE_007,0.25,p95,101,NR,266.618,441.9844825,24.21688999999901,60,62,0.0,1.0,0,47,3,3,0,0.0,0,1,0
INSTANCE_007,0.25,p95,101,RG,266.618,441.9844825,24.21688999999901,60,62,0.0,1.0,0,47,3,3,0,122.80106544494627,300,1,0
INSTANCE_007,0.25,p95,101,SA,266.618,441.9844825,24.21688999999901,60,62,0.0,1.0,0,47,3,3,0,121.86765670776369,300,1,0
INSTANCE_007,0.5,delay20,101,FR,270.5313,355.81,2.3299999999999272,61,62,0.0,0.8714285714285714,10,32,3,2,0,44.99983787536621,300,0,0
INSTANCE_007,0.5,delay20,101,NR,266.618,354.8066666666667,5.516666666666652,61,62,0.0,1.0,0,32,3,3,0,0.0,0,1,0
INSTANCE_007,0.5,delay20,101,RG,266.618,354.8066666666667,5.516666666666652,61,62,0.0,1.0,0,32,3,3,0,121.21105194091795,300,1,0
INSTANCE_007,0.5,delay20,101,SA,266.618,354.8066666666667,5.516666666666652,61,62,0.0,1.0,0,32,3,3,0,121.93846702575684,300,1,0
INSTANCE_007,0.5,delay30,101,FR,271.7627,357.19166666666666,13.854999999999563,60,62,0.0,0.8595238095238096,10,32,3,2,0,57.78217315673828,370,0,0
INSTANCE_007,0.5,delay30,101,NR,266.618,354.8066666666667,19.56666666666661,60,62,0.0,1.0,0,32,3,3,0,0.0,0,1,0
INSTANCE_007,0.5,delay30,101,RG,271.7215,356.9866666666667,16.435000000000173,60,62,0.0,0.8849206349206349,9,32,3,2,0,161.7600917816162,390,0,0
INSTANCE_007,0.5,delay30,101,SA,266.618,354.8066666666667,19.56666666666661,60,62,0.0,1.0,0,32,3,3,0,125.26226043701172,300,1,0
INSTANCE_007,0.5,p85,101,FR,266.618,384.1587391666667,0.0,62,62,0.0,1.0,0,32,3,3,0,40.17043113708496,300,1,0
INSTANCE_007,0.5,p85,101,NR,266.618,384.1587391666667,0.0,62,62,0.0,1.0,0,32,3,3,0,0.0,0,1,0
INSTANCE_007,0.5,p85,101,RG,266.618,384.1587391666667,0.0,62,62,0.0,1.0,0,32,3,3,0,114.86458778381348,300,1,0
INSTANCE_007,0.5,p85,101,SA,266.618,384.1587391666667,0.0,62,62,0.0,1.0,0,32,3,3,0,112.3802661895752,300,1,0
INSTANCE_007,0.5,p95,101,FR,270.5313,411.3631908333333,0.0,62,62,0.0,0.8714285714285714,10,32,3,2,0,45.00007629394531,300,0,0
INSTANCE_007,0.5,p95,101,NR,266.618,410.0653791666666,2.734354999999823,61,62,0.0,1.0,0,32,3,3,0,0.0,0,1,0
INSTANCE_007,0.5,p95,101,RG,266.618,410.0653791666666,2.734354999999823,61,62,0.0,1.0,0,32,3,3,0,117.22493171691896,300,1,0
INSTANCE_007,0.5,p95,101,SA,266.618,410.0653791666666,2.734354999999823,61,62,0.0,1.0,0,32,3,3,0,117.65861511230467,300,1,0
INSTANCE_007,0.75,delay20,101,FR,266.618,354.8066666666667,5.516666666666652,61,62,0.0,1.0,0,17,3,3,0,41.895389556884766,300,1,0
INSTANCE_007,0.75,delay20,101,NR,266.618,354.8066666666667,5.516666666666652,61,62,0.0,1.0,0,17,3,3,0,0.0,0,1,0
INSTANCE_007,0.75,delay20,101,RG,266.618,354.8066666666667,5.516666666666652,61,62,0.0,1.0,0,17,3,3,0,114.86315727233888,300,1,0
INSTANCE_007,0.75,delay20,101,SA,266.618,354.8066666666667,5.516666666666652,61,62,0.0,1.0,0,17,3,3,0,116.3637638092041,300,1,0
INSTANCE_007,0.75,delay30,101,FR,266.618,354.8066666666667,19.56666666666661,60,62,0.0,1.0,0,17,3,3,0,43.50733757019043,300,1,0
INSTANCE_007,0.75,delay30,101,NR,266.618,354.8066666666667,19.56666666666661,60,62,0.0,1.0,0,17,3,3,0,0.0,0,1,0
INSTANCE_007,0.75,delay30,101,RG,266.618,354.8066666666667,19.56666666666661,60,62,0.0,1.0,0,17,3,3,0,118.00050735473631,300,1,0
INSTANCE_007,0.75,delay30,101,SA,266.618,354.8066666666667,19.56666666666661,60,62,0.0,1.0,0,17,3,3,0,115.10419845581056,300,1,0
INSTANCE_007,0.75,p85,101,FR,266.618,367.5029028333333,0.0,62,62,0.0,1.0,0,17,3,3,0,45.54319381713867,300,1,0
INSTANCE_007,0.75,p85,101,NR,266.618,367.5029028333333,0.0,62,62,0.0,1.0,0,17,3,3,0,0.0,0,1,0
INSTANCE_007,0.75,p85,101,RG,266.618,367.5029028333333,0.0,62,62,0.0,1.0,0,17,3,3,0,123.81529808044434,300,1,0
INSTANCE_007,0.75,p85,101,SA,266.618,367.5029028333333,0.0,62,62,0.0,1.0,0,17,3,3,0,121.54793739318848,300,1,0
INSTANCE_007,0.75,p95,101,FR,266.618,378.7088175,0.0,62,62,0.0,1.0,0,17,3,3,0,46.58317565917969,300,1,0
INSTANCE_007,0.75,p95,101,NR,266.618,378.7088175,0.0,62,62,0.0,1.0,0,17,3,3,0,0.0,0,1,0
INSTANCE_007,0.75,p95,101,RG,266.618,378.7088175,0.0,62,62,0.0,1.0,0,17,3,3,0,119.5838451385498,300,1,0
INSTANCE_007,0.75,p95,101,SA,266.618,378.7088175,0.0,62,62,0.0,1.0,0,17,3,3,0,120.27740478515624,300,1,0
INSTANCE_009,0.25,delay20,101,FR,420.48980000000006,450.8466666666667,0.0,74,74,0.0,0.8313840155945419,19,57,3,2,0,49.610137939453125,310,0,0
INSTANCE_009,0.25,delay20,101,NR,397.7844,434.84,7.796666666666852,73,74,0.0,1.0,0,57,3,3,0,0.0,0,1,0
INSTANCE_009,0.25,delay20,101,RG,397.7844,434.84,7.796666666666852,73,74,0.0,1.0,0,57,3,3,0,127.02608108520508,300,1,0
INSTANCE_009,0.25,delay20,101,SA,397.7844,434.84,7.796666666666852,73,74,0.0,1.0,0,57,3,3,0,136.71445846557617,300,1,0
INSTANCE_009,0.25,delay30,101,FR,430.7641,460.49,0.0,74,74,0.0,0.6831384015594542,35,57,3,1,0,76.36785507202148,490,0,0
INSTANCE_009,0.25,delay30,101,NR,397.7844,434.84,22.918333333333635,71,74,0.0,1.0,0,57,3,3,0,0.0,0,1,0
INSTANCE_009,0.25,delay30,101,RG,408.20769999999993,444.9083333333333,19.213333333333708,72,74,0.0,0.787719298245614,18,57,3,2,0,182.16514587402344,430,0,0
INSTANCE_009,0.25,delay30,101,SA,397.7844,434.84,22.918333333333635,71,74,0.0,1.0,0,57,3,3,0,123.18968772888184,300,1,0
INSTANCE_009,0.25,p85,101,FR,397.7844,484.3143453333333,3.48670250000032,73,74,0.0,1.0,0,57,3,3,0,44.15130615234375,300,1,0
INSTANCE_009,0.25,p85,101,NR,397.7844,484.3143453333333,3.48670250000032,73,74,0.0,1.0,0,57,3,3,0,0.0,0,1,0
INSTANCE_009,0.25,p85,101,RG,397.7844,484.3143453333333,3.48670250000032,73,74,0.0,1.0,0,57,3,3,0,111.7563247680664,300,1,0
INSTANCE_009,0.25,p85,101,SA,397.7844,484.3143453333333,3.48670250000032,73,74,0.0,1.0,0,57,3,3,0,110.01062393188477,300,1,0
INSTANCE_009,0.25,p95,101,FR,433.4117,564.77701,4.624309166666649,73,74,0.0,0.6805068226120857,37,57,3,1,0,49.41201210021973,310,0,0
INSTANCE_009,0.25,p95,101,NR,397.7844,527.9812466666667,32.12363666666727,72,74,0.0,1.0,0,57,3,3,0,0.0,0,1,0
INSTANCE_009,0.25,p95,101,RG,408.20769999999993,541.0046358333334,18.404335833334017,72,74,0.0,0.787719298245614,18,57,3,2,0,169.62599754333496,430,0,0
INSTANCE_009,0.25,p95,101,SA,408.1257,540.7998316666667,18.686750000000643,72,74,0.0,0.8412280701754385,19,57,3,2,0,177.0730018615723,460,0,0
INSTANCE_009,0.5,delay20,101,FR,397.1247,434.4866666666667,7.796666666666852,73,74,0.0,0.8989898989898991,7,38,3,2,0,43.11656951904297,300,0,0
INSTANCE_009,0.5,delay20,101,NR,397.7844,434.84,7.796666666666852,73,74,0.0,1.0,0,38,3,3,0,0.0,0,1,0
INSTANCE_009,0.5,delay20,101,RG,397.7844,434.84,7.796666666666852,73,74,0.0,1.0,0,38,3,3,0,112.39743232727052,300,1,0
INSTANCE_009,0.5,delay20,101,SA,397.7844,434.84,7.796666666666852,73,74,0.0,1.0,0,38,3,3,0,115.78989028930664,300,1,0
INSTANCE_009,0.5,delay30,101,FR,397.1247,434.4866666666667,22.918333333333635,71,74,0.0,0.8989898989898991,7,38,3,2,0,43.89548301696777,300,0,0
INSTANCE_009,0.5,delay30,101,NR,397.7844,434.84,22.918333333333635,71,74,0.0,1.0,0,38,3,3,0,0.0,0,1,0
INSTANCE_009,0.5,delay30,101,RG,397.7844,434.84,22.918333333333635,71,74,0.0,1.0,0,38,3,3,0,119.04501914978027,300,1,0
INSTANCE_009,0.5,delay30,101,SA,397.7844,434.84,22.918333333333635,71,74,0.0,1.0,0,38,3,3,0,118.13592910766602,300,1,0
INSTANCE_009,0.5,p85,101,FR,397.1247,454.1165553333333,0.0,74,74,0.0,0.8989898989898991,7,38,3,2,0,45.107364654541016,300,0,0
INSTANCE_009,0.5,p85,101,NR,397.7844,454.5249733333333,0.0,74,74,0.0,1.0,0,38,3,3,0,0.0,0,1,0
INSTANCE_009,0.5,p85,101,RG,397.7844,454.5249733333333,0.0,74,74,0.0,1.0,0,38,3,3,0,121.23370170593262,300,1,0
INSTANCE_009,0.5,p85,101,SA,397.7844,454.5249733333333,0.0,74,74,0.0,1.0,0,38,3,3,0,119.3850040435791,300,1,0
INSTANCE_009,0.5,p95,101,FR,397.1247,471.44223,0.0,74,74,0.0,0.8989898989898991,7,38,3,2,0,45.5780029296875,300,0,0
INSTANCE_009,0.5,p95,101,NR,397.7844,471.8992666666667,0.0,74,74,0.0,1.0,0,38,3,3,0,0.0,0,1,0
INSTANCE_009,0.5,p95,101,RG,397.7844,471.8992666666667,0.0,74,74,0.0,1.0,0,38,3,3,0,127.6698112487793,300,1,0
INSTANCE_009,0.5,p95,101,SA,397.7844,471.8992666666667,0.0,74,74,0.0,1.0,0,38,3,3,0,117.97595024108888,300,1,0
INSTANCE_009,0.75,delay20,101,FR,397.7844,434.84,7.796666666666852,73,74,0.0,1.0,0,20,3,3,0,47.47939109802246,300,1,0
INSTANCE_009,0.75,delay20,101,NR,397.7844,434.84,7.796666666666852,73,74,0.0,1.0,0,20,3,3,0,0.0,0,1,0
INSTANCE_009,0.75,delay20,101,RG,397.7844,434.84,7.796666666666852,73,74,0.0,1.0,0,20,3,3,0,126.70445442199708,300,1,0
INSTANCE_009,0.75,delay20,101,SA,397.7844,434.84,7.796666666666852,73,74,0.0,1.0,0,20,3,3,0,133.00466537475586,300,1,0
INSTANCE_009,0.75,delay30,101,FR,397.7844,434.84,22.918333333333635,71,74,0.0,1.0,0,20,3,3,0,55.29117584228516,300,1,0
INSTANCE_009,0.75,delay30,101,NR,397.7844,434.84,22.918333333333635,71,74,0.0,1.0,0,20,3,3,0,0.0,0,1,0
INSTANCE_009,0.75,delay30,101,RG,397.7844,434.84,22.918333333333635,71,74,0.0,1.0,0,20,3,3,0,122.3769187927246,300,1,0
INSTANCE_009,0.75,delay30,101,SA,397.7844,434.84,22.918333333333635,71,74,0.0,1.0,0,20,3,3,0,121.53863906860352,300,1,0
INSTANCE_009,0.75,p85,101,FR,397.7844,450.738682,0.0,74,74,0.0,1.0,0,20,3,3,0,53.50875854492188,300,1,0
INSTANCE_009,0.75,p85,101,NR,397.7844,450.738682,0.0,74,74,0.0,1.0,0,20,3,3,0,0.0,0,1,0
INSTANCE_009,0.75,p85,101,RG,397.7844,450.738682,0.0,74,74,0.0,1.0,0,20,3,3,0,121.41776084899902,300,1,0
INSTANCE_009,0.75,p85,101,SA,397.7844,450.738682,0.0,74,74,0.0,1.0,0,20,3,3,0,121.58322334289552,300,1,0
INSTANCE_009,0.75,p95,101,FR,397.7844,464.77113,0.0,74,74,0.0,1.0,0,20,3,3,0,44.98171806335449,300,1,0
INSTANCE_009,0.75,p95,101,NR,397.7844,464.77113,0.0,74,74,0.0,1.0,0,20,3,3,0,0.0,0,1,0
INSTANCE_009,0.75,p95,101,RG,397.7844,464.77113,0.0,74,74,0.0,1.0,0,20,3,3,0,118.79158020019533,300,1,0
INSTANCE_009,0.75,p95,101,SA,397.7844,464.77113,0.0,74,74,0.0,1.0,0,20,3,3,0,126.63745880126952,300,1,0
INSTANCE_010,0.25,delay20,101,FR,376.943,446.4549999999999,12.70333333333258,85,88,0.0,0.8658008658008658,18,67,3,2,0,50.383567810058594,300,0,0
INSTANCE_010,0.25,delay20,101,NR,370.9014,439.8583333333332,20.09166666666601,84,88,0.0,1.0,0,67,3,3,0,0.0,0,1,0
INSTANCE_010,0.25,delay20,101,RG,381.7451,455.87,14.591666666666017,84,88,0.0,0.91991341991342,12,67,3,2,0,197.34740257263184,450,0,0
INSTANCE_010,0.25,delay20,101,SA,370.9014,439.8583333333332,20.09166666666601,84,88,0.0,1.0,0,67,3,3,0,133.24713706970215,300,1,0
INSTANCE_010,0.25,delay30,101,FR,384.9254,459.9333333333333,45.35999999999899,83,88,0.0,0.7681818181818182,31,67,3,1,0,68.1304931640625,410,0,0
INSTANCE_010,0.25,delay30,101,NR,370.9014,439.8583333333332,62.811666666665815,82,88,0.0,1.0,0,67,3,3,0,0.0,0,1,0
INSTANCE_010,0.25,delay30,101,RG,437.9096,508.4749999999999,49.36499999999978,84,88,0.0,0.7929794842838321,41,67,3,0,0,230.18527030944824,530,0,0
INSTANCE_010,0.25,delay30,101,SA,370.9014,439.8583333333332,62.811666666665815,82,88,0.0,1.0,0,67,3,3,0,133.0270767211914,300,1,0
INSTANCE_010,0.25,p85,101,FR,376.943,496.3167568333332,1.4280820000000176,87,88,0.0,0.8658008658008658,18,67,3,2,0,53.75194549560547,300,0,0
INSTANCE_010,0.25,p85,101,NR,370.9014,488.6916698333332,4.833061666666822,86,88,0.0,1.0,0,67,3,3,0,0.0,0,1,0
INSTANCE_010,0.25,p85,101,RG,382.5169,507.21882033333327,1.4280820000000176,87,88,0.0,0.886002886002886,15,67,3,2,0,175.6997108459473,380,0,0
INSTANCE_010,0.25,p85,101,SA,370.9014,488.6916698333332,4.833061666666822,86,88,0.0,1.0,0,67,3,3,0,140.3045654296875,300,1,0
INSTANCE_010,0.25,p95,101,FR,376.2626,541.0370191666667,17.662130000000047,87,88,0.0,0.8694083694083693,11,67,3,2,0,66.50233268737793,390,0,0
INSTANCE_010,0.25,p95,101,NR,370.9014,531.7928058333334,35.20367500000009,86,88,0.0,1.0,0,67,3,3,0,0.0,0,1,0
INSTANCE_010,0.25,p95,101,RG,382.9804,552.7108566666667,28.841637500000505,85,88,0.0,0.8686868686868686,14,67,3,2,0,235.63337326049805,530,0,0
INSTANCE_010,0.25,p95,101,SA,370.9014,531.7928058333334,35.20367500000009,86,88,0.0,1.0,0,67,3,3,0,142.6081657409668,300,1,0
INSTANCE_010,0.5,delay20,101,FR,386.6481,456.005,0.0,88,88,0.0,0.7492063492063492,26,45,3,1,0,47.672271728515625,310,0,0
INSTANCE_010,0.5,delay20,101,NR,370.9014,439.8583333333332,11.594999999999573,85,88,0.0,1.0,0,45,3,3,0,0.0,0,1,0
INSTANCE_010,0.5,delay20,101,RG,405.4748,473.7483333333333,0.0,88,88,0.0,0.7660714285714286,25,45,3,1,0,218.2428836822509,550,0,0
INSTANCE_010,0.5,delay20,101,SA,375.7872,446.3016666666666,4.206666666666138,86,88,0.0,0.9412698412698411,9,45,3,2,0,140.4266357421875,360,0,0
INSTANCE_010,0.5,delay30,101,FR,386.9683,457.045,14.52499999999975,84,88,0.0,0.7561507936507935,28,45,3,1,0,69.66781616210938,470,0,0
INSTANCE_010,0.5,delay30,101,NR,370.9014,439.8583333333332,44.31499999999937,83,88,0.0,1.0,0,45,3,3,0,0.0,0,1,0
INSTANCE_010,0.5,delay30,101,RG,388.5719,458.41,16.05833333333328,84,88,0.0,0.7523809523809524,19,45,3,1,0,266.049861907959,640,0,0
INSTANCE_010,0.5,delay30,101,SA,410.3927000000001,481.9033333333333,30.759999999999536,82,88,0.0,0.927777777777778,19,45,3,1,0,139.1701698303223,330,0,0
INSTANCE_010,0.5,p85,101,FR,370.9014,474.3974586666666,0.0,88,88,0.0,1.0,0,45,3,3,0,46.80061340332031,300,1,0
INSTANCE_010,0.5,p85,101,NR,370.9014,474.3974586666666,0.0,88,88,0.0,1.0,0,45,3,3,0,0.0,0,1,0
INSTANCE_010,0.5,p85,101,RG,370.9014,474.3974586666666,0.0,88,88,0.0,1.0,0,45,3,3,0,126.39403343200684,300,1,0
INSTANCE_010,0.5,p85,101,SA,370.9014,474.3974586666666,0.0,88,88,0.0,1.0,0,45,3,3,0,129.78076934814453,300,1,0
INSTANCE_010,0.5,p95,101,FR,386.3307,525.2398141666666,1.3516983333332746,87,88,0.0,0.7603174603174603,26,45,3,1,0,61.75661087036133,370,0,0
INSTANCE_010,0.5,p95,101,NR,370.9014,504.8822799999999,10.67588000000012,86,88,0.0,1.0,0,45,3,3,0,0.0,0,1,0
INSTANCE_010,0.5,p95,101,RG,404.908,547.2465608333333,0.0,88,88,0.0,0.8396825396825398,19,45,3,1,0,202.72088050842285,460,0,0
INSTANCE_010,0.5,p95,101,SA,411.4655,561.9622791666666,0.0,88,88,0.0,0.9341269841269842,15,45,3,1,0,156.33082389831543,350,0,0
INSTANCE_010,0.75,delay20,101,FR,374.9639,445.0116666666666,3.034999999999627,87,88,0.0,0.7738095238095237,7,23,3,2,0,49.81708526611328,320,0,0
INSTANCE_010,0.75,delay20,101,NR,370.9014,439.8583333333332,10.423333333333062,86,88,0.0,1.0,0,23,3,3,0,0.0,0,1,0
INSTANCE_010,0.75,delay20,101,RG,374.9638,445.06,3.034999999999627,87,88,0.0,0.8928571428571429,2,23,3,2,0,128.6008358001709,310,0,0
INSTANCE_010,0.75,delay20,101,SA,374.9638,445.06,3.034999999999627,87,88,0.0,0.8928571428571429,2,23,3,2,0,135.18381118774414,310,0,0
INSTANCE_010,0.75,delay30,101,FR,375.1974,445.5799999999999,13.643333333333093,86,88,0.0,0.8095238095238096,6,23,3,2,0,56.4727783203125,380,0,0
INSTANCE_010,0.75,delay30,101,NR,370.9014,439.8583333333332,30.423333333333066,86,88,0.0,1.0,0,23,3,3,0,0.0,0,1,0
INSTANCE_010,0.75,delay30,101,RG,404.9079,472.6583333333333,5.451666666666256,86,88,0.0,0.8214285714285715,7,23,3,1,0,126.77454948425292,310,0,0
INSTANCE_010,0.75,delay30,101,SA,404.9079,472.6583333333333,5.451666666666256,86,88,0.0,0.8214285714285715,7,23,3,1,0,127.92086601257324,310,0,0
INSTANCE_010,0.75,p85,101,FR,370.9015,460.4371289999999,0.0,88,88,0.0,0.7797619047619048,6,23,3,2,0,51.078081130981445,330,0,0
INSTANCE_010,0.75,p85,101,NR,370.9014,460.4929974999999,0.0,88,88,0.0,1.0,0,23,3,3,0,0.0,0,1,0
INSTANCE_010,0.75,p85,101,RG,370.9015,460.4371289999999,0.0,88,88,0.0,0.8214285714285715,4,23,3,2,0,160.1271629333496,390,0,0
INSTANCE_010,0.75,p85,101,SA,370.9014,460.4929974999999,0.0,88,88,0.0,1.0,0,23,3,3,0,124.8626708984375,300,1,0
INSTANCE_010,0.75,p95,101,FR,374.9639,485.3713408333333,0.0,88,88,0.0,0.7738095238095237,7,23,3,2,0,51.959991455078125,320,0,0
INSTANCE_010,0.75,p95,101,NR,370.9014,478.7055041666666,4.485197499999913,87,88,0.0,1.0,0,23,3,3,0,0.0,0,1,0
INSTANCE_010,0.75,p95,101,RG,374.9638,485.43386,0.0,88,88,0.0,0.8928571428571429,2,23,3,2,0,131.1492919921875,310,0,0
INSTANCE_010,0.75,p95,101,SA,374.9638,485.43386,0.0,88,88,0.0,0.9166666666666666,7,23,3,2,0,138.81421089172363,330,0,0
INSTANCE_012,0.25,delay20,101,FR,359.35380000000004,449.23,0.0,84,84,0.0,0.9371345029239766,17,64,3,2,0,52.434682846069336,320,0,0
INSTANCE_012,0.25,delay20,101,NR,332.59270000000004,420.11,10.70166666666637,83,84,0.0,1.0,0,64,3,3,0,0.0,0,1,0
INSTANCE_012,0.25,delay20,101,RG,356.92760000000004,445.6216666666666,0.0,84,84,0.0,0.9176413255360624,12,64,3,2,0,142.20237731933594,340,0,0
INSTANCE_012,0.25,delay20,101,SA,358.8303,448.615,0.0,84,84,0.0,0.9634502923976608,10,64,3,2,0,137.2659206390381,320,0,0
INSTANCE_012,0.25,delay30,101,FR,356.8244,446.63,15.200000000000614,82,84,0.0,0.8942495126705653,14,64,3,2,0,62.38985061645508,390,0,0
INSTANCE_012,0.25,delay30,101,NR,332.59270000000004,420.11,43.845000000000255,80,84,0.0,1.0,0,64,3,3,0,0.0,0,1,0
INSTANCE_012,0.25,delay30,101,RG,400.08470000000005,483.5516666666667,7.193333333333499,83,84,0.0,0.8608780405119077,26,64,3,1,0,145.4167366027832,350,0,0
INSTANCE_012,0.25,delay30,101,SA,401.6612,486.6,7.193333333333499,83,84,0.0,0.9016865836087804,29,64,3,1,0,134.40728187561035,320,0,0
INSTANCE_012,0.25,p85,101,FR,332.59270000000004,472.03301466666665,0.3199171666667553,83,84,0.0,1.0,0,64,3,3,0,49.094200134277344,300,1,0
INSTANCE_012,0.25,p85,101,NR,332.59270000000004,472.03301466666665,0.3199171666667553,83,84,0.0,1.0,0,64,3,3,0,0.0,0,1,0
INSTANCE_012,0.25,p85,101,RG,332.59270000000004,472.03301466666665,0.3199171666667553,83,84,0.0,1.0,0,64,3,3,0,125.19359588623048,300,1,0
INSTANCE_012,0.25,p85,101,SA,332.59270000000004,472.03301466666665,0.3199171666667553,83,84,0.0,1.0,0,64,3,3,0,122.80988693237305,300,1,0
INSTANCE_012,0.25,p95,101,FR,353.1829,551.7486975,16.086575000000266,82,84,0.0,0.9649122807017544,18,64,3,2,0,52.45566368103027,310,0,0
INSTANCE_012,0.25,p95,101,NR,332.59270000000004,517.8611533333334,24.895724166666582,81,84,0.0,1.0,0,64,3,3,0,0.0,0,1,0
INSTANCE_012,0.25,p95,101,RG,400.08470000000005,599.9229491666667,7.437530000000152,83,84,0.0,0.8608780405119077,26,64,3,1,0,153.04017066955566,350,0,0
INSTANCE_012,0.25,p95,101,SA,402.0436,604.8360933333333,7.437530000000152,83,84,0.0,0.9211797609966946,27,64,3,1,0,138.16142082214355,320,0,0
INSTANCE_012,0.5,delay20,101,FR,352.51380000000006,435.2583333333333,0.0,84,84,0.0,0.867948717948718,6,43,3,1,0,50.673484802246094,330,0,0
INSTANCE_012,0.5,delay20,101,NR,332.59270000000004,420.11,10.70166666666637,83,84,0.0,1.0,0,43,3,3,0,0.0,0,1,0
INSTANCE_012,0.5,delay20,101,RG,337.2352,420.9066666666666,0.6116666666664514,83,84,0.0,0.8540598290598291,8,43,3,1,0,144.03605461120603,370,0,0
INSTANCE_012,0.5,delay20,101,SA,337.2914,421.82166666666666,0.6116666666664514,83,84,0.0,0.9262820512820512,4,43,3,2,0,137.7432346343994,350,0,0
INSTANCE_012,0.5,delay30,101,FR,356.6426,441.7116666666667,11.210000000000264,82,84,0.0,0.7309065934065934,14,43,3,0,0,65.08851051330566,430,0,0
INSTANCE_012,0.5,delay30,101,NR,332.59270000000004,420.11,35.90166666666698,81,84,0.0,1.0,0,43,3,3,0,0.0,0,1,0
INSTANCE_012,0.5,delay30,101,RG,400.5048,486.0266666666667,1.7233333333336986,83,84,0.0,0.6914835164835166,26,43,3,0,0,170.33100128173828,430,0,0
INSTANCE_012,0.5,delay30,101,SA,415.348,502.7916666666666,0.0066666666671153,83,84,0.0,0.8616758241758241,17,43,3,0,0,148.61202239990234,360,0,0
INSTANCE_012,0.5,p85,101,FR,332.53650000000005,453.9167881666667,0.0,84,84,0.0,0.9277777777777776,4,43,3,2,0,50.25124549865723,320,0,0
INSTANCE_012,0.5,p85,101,NR,332.59270000000004,454.9744366666666,0.0,84,84,0.0,1.0,0,43,3,3,0,0.0,0,1,0
INSTANCE_012,0.5,p85,101,RG,332.53650000000005,453.9167881666667,0.0,84,84,0.0,0.9277777777777776,4,43,3,2,0,132.78961181640625,320,0,0
INSTANCE_012,0.5,p85,101,SA,332.59270000000004,454.9744366666666,0.0,84,84,0.0,1.0,0,43,3,3,0,124.2351531982422,300,1,0
INSTANCE_012,0.5,p95,101,FR,332.53650000000005,484.56283083333335,1.0084083333330227,83,84,0.0,0.9277777777777776,4,43,3,2,0,47.00684547424317,320,0,0
INSTANCE_012,0.5,p95,101,NR,332.59270000000004,485.74638333333337,1.0084083333330227,83,84,0.0,1.0,0,43,3,3,0,0.0,0,1,0
INSTANCE_012,0.5,p95,101,RG,332.53650000000005,484.56283083333335,1.0084083333330227,83,84,0.0,0.9277777777777776,4,43,3,2,0,124.57895278930664,320,0,0
INSTANCE_012,0.5,p95,101,SA,332.59270000000004,485.74638333333337,1.0084083333330227,83,84,0.0,1.0,0,43,3,3,0,121.75631523132324,300,1,0
INSTANCE_012,0.75,delay20,101,FR,332.59270000000004,420.11,10.70166666666637,83,84,0.0,1.0,0,22,3,3,0,47.09887504577637,300,1,0
INSTANCE_012,0.75,delay20,101,NR,332.59270000000004,420.11,10.70166666666637,83,84,0.0,1.0,0,22,3,3,0,0.0,0,1,0
INSTANCE_012,0.75,delay20,101,RG,332.59270000000004,420.11,10.70166666666637,83,84,0.0,1.0,0,22,3,3,0,129.48346138000488,300,1,0
INSTANCE_012,0.75,delay20,101,SA,332.59270000000004,420.11,10.70166666666637,83,84,0.0,1.0,0,22,3,3,0,126.91330909729004,300,1,0
INSTANCE_012,0.75,delay30,101,FR,371.9628,457.665,21.62666666666678,82,84,0.0,0.746031746031746,9,22,3,1,0,59.18502807617188,380,0,0
INSTANCE_012,0.75,delay30,101,NR,332.59270000000004,420.11,35.90166666666698,81,84,0.0,1.0,0,22,3,3,0,0.0,0,1,0
INSTANCE_012,0.75,delay30,101,RG,371.0085,456.7116666666667,20.70166666666637,83,84,0.0,0.7876984126984127,10,22,3,1,0,180.450439453125,430,0,0
INSTANCE_012,0.75,delay30,101,SA,332.59270000000004,420.16833333333335,28.708333333333485,82,84,0.0,0.9365079365079364,2,22,3,2,0,136.23809814453125,330,0,0
INSTANCE_012,0.75,p85,101,FR,332.59270000000004,440.7547976666667,0.0,84,84,0.0,1.0,0,22,3,3,0,45.57991027832031,300,1,0
INSTANCE_012,0.75,p85,101,NR,332.59270000000004,440.7547976666667,0.0,84,84,0.0,1.0,0,22,3,3,0,0.0,0,1,0
INSTANCE_012,0.75,p85,101,RG,332.59270000000004,440.7547976666667,0.0,84,84,0.0,1.0,0,22,3,3,0,119.8117733001709,300,1,0
INSTANCE_012,0.75,p85,101,SA,332.59270000000004,440.7547976666667,0.0,84,84,0.0,1.0,0,22,3,3,0,119.44746971130373,300,1,0
INSTANCE_012,0.75,p95,101,FR,332.59270000000004,458.9762483333333,0.0,84,84,0.0,1.0,0,22,3,3,0,46.61083221435547,300,1,0
INSTANCE_012,0.75,p95,101,NR,332.59270000000004,458.9762483333333,0.0,84,84,0.0,1.0,0,22,3,3,0,0.0,0,1,0
INSTANCE_012,0.75,p95,101,RG,332.59270000000004,458.9762483333333,0.0,84,84,0.0,1.0,0,22,3,3,0,126.7242431640625,300,1,0
INSTANCE_012,0.75,p95,101,SA,332.59270000000004,458.9762483333333,0.0,84,84,0.0,1.0,0,22,3,3,0,129.9588680267334,300,1,0
INSTANCE_013,0.25,delay20,101,FR,349.1943,408.9533333333334,9.443333333333612,63,64,0.0,0.9537037037037036,2,50,3,2,0,48.16460609436035,310,0,0
INSTANCE_013,0.25,delay20,101,NR,343.74519999999995,404.545,18.05666666666707,62,64,0.0,1.0,0,50,3,3,0,0.0,0,1,0
INSTANCE_013,0.25,delay20,101,RG,349.1943,408.9533333333334,9.443333333333612,63,64,0.0,0.9537037037037036,2,50,3,2,0,166.82839393615723,430,0,0
INSTANCE_013,0.25,delay20,101,SA,352.3658,411.1566666666667,9.443333333333612,63,64,0.0,0.9444444444444444,4,50,3,2,0,141.14880561828613,340,0,0
INSTANCE_013,0.25,delay30,101,FR,349.1943,408.9533333333334,22.7150000000006,62,64,0.0,0.9537037037037036,2,50,3,2,0,44.20804977416992,310,0,0
INSTANCE_013,0.25,delay30,101,NR,343.74519999999995,404.545,41.32833333333406,61,64,0.0,1.0,0,50,3,3,0,0.0,0,1,0
INSTANCE_013,0.25,delay30,101,RG,351.81539999999995,410.9366666666667,22.7150000000006,62,64,0.0,0.8865740740740741,4,50,3,2,0,223.83475303649905,600,0,0
INSTANCE_013,0.25,delay30,101,SA,354.7121,413.1983333333334,22.7150000000006,62,64,0.0,0.8865740740740741,4,50,3,2,0,130.50103187561035,360,0,0
INSTANCE_013,0.25,p85,101,FR,361.3798000000001,479.4563601666666,0.0192781666668224,63,64,0.0,0.9068627450980392,10,50,3,2,0,62.291622161865234,440,0,0
INSTANCE_013,0.25,p85,101,NR,343.74519999999995,457.4634361666666,13.033601666666868,63,64,0.0,1.0,0,50,3,3,0,0.0,0,1,0
INSTANCE_013,0.25,p85,101,RG,343.74519999999995,457.4634361666666,13.033601666666868,63,64,0.0,1.0,0,50,3,3,0,116.17040634155272,300,1,0
INSTANCE_013,0.25,p85,101,SA,343.74519999999995,457.4634361666666,13.033601666666868,63,64,0.0,1.0,0,50,3,3,0,113.91806602478027,300,1,0
INSTANCE_013,0.25,p95,101,FR,358.5151,523.9499216666668,51.1430583333339,62,64,0.0,0.9200027233115468,5,50,3,1,0,52.39295959472656,330,0,0
INSTANCE_013,0.25,p95,101,NR,343.74519999999995,504.1701508333334,65.21544750000078,60,64,0.0,1.0,0,50,3,3,0,0.0,0,1,0
INSTANCE_013,0.25,p95,101,RG,358.5151,523.9499216666668,51.1430583333339,62,64,0.0,0.9200027233115468,5,50,3,1,0,182.71613121032715,450,0,0
INSTANCE_013,0.25,p95,101,SA,361.6866,526.7999333333335,51.1430583333339,62,64,0.0,0.9107434640522876,7,50,3,1,0,152.56690979003906,360,0,0
INSTANCE_013,0.5,delay20,101,FR,372.5623999999999,425.1783333333333,0.0,64,64,0.0,0.8005050505050505,9,33,3,1,0,48.61903190612793,340,0,0
INSTANCE_013,0.5,delay20,101,NR,343.74519999999995,404.545,18.05666666666707,62,64,0.0,1.0,0,33,3,3,0,0.0,0,1,0
INSTANCE_013,0.5,delay20,101,RG,376.0925,427.94,0.0,64,64,0.0,0.706060606060606,9,33,3,1,0,138.15569877624512,360,0,0
INSTANCE_013,0.5,delay20,101,SA,365.5575,429.15,0.0,64,64,0.0,0.8797979797979799,6,33,3,1,0,175.90093612670898,450,0,0
INSTANCE_013,0.5,delay30,101,FR,373.4658,426.09333333333336,0.0,64,64,0.0,0.8282828282828283,8,33,3,1,0,46.70858383178711,340,0,0
INSTANCE_013,0.5,delay30,101,NR,343.74519999999995,404.545,41.32833333333406,61,64,0.0,1.0,0,33,3,3,0,0.0,0,1,0
INSTANCE_013,0.5,delay30,101,RG,373.4658,426.09333333333336,0.0,64,64,0.0,0.8282828282828283,8,33,3,1,0,147.3703384399414,410,0,0
INSTANCE_013,0.5,delay30,101,SA,373.4658,426.09333333333336,0.0,64,64,0.0,0.8282828282828283,8,33,3,1,0,150.67148208618164,400,0,0
INSTANCE_013,0.5,p85,101,FR,367.9861,458.0982385,0.0,64,64,0.0,0.8893939393939393,6,33,3,2,0,39.75725173950195,300,0,0
INSTANCE_013,0.5,p85,101,NR,343.74519999999995,438.426747,7.8582413333336945,63,64,0.0,1.0,0,33,3,3,0,0.0,0,1,0
INSTANCE_013,0.5,p85,101,RG,368.0166,458.1483275,0.0,64,64,0.0,0.8727272727272727,6,33,3,2,0,117.25783348083496,330,0,0
INSTANCE_013,0.5,p85,101,SA,360.1084,461.772074,0.0,64,64,0.0,0.9575757575757576,4,33,3,2,0,120.11480331420898,330,0,0
INSTANCE_013,0.5,p95,101,FR,368.0167,490.5019450000001,0.0,64,64,0.0,0.906060606060606,6,33,3,2,0,46.8449592590332,330,0,0
INSTANCE_013,0.5,p95,101,NR,343.74519999999995,468.331355,29.653055833333724,62,64,0.0,1.0,0,33,3,3,0,0.0,0,1,0
INSTANCE_013,0.5,p95,101,RG,368.0167,490.5019450000001,0.0,64,64,0.0,0.906060606060606,6,33,3,2,0,121.04010581970216,330,0,0
INSTANCE_013,0.5,p95,101,SA,368.0167,490.5019450000001,0.0,64,64,0.0,0.906060606060606,6,33,3,2,0,119.88139152526855,330,0,0
INSTANCE_013,0.75,delay20,101,FR,364.6847,428.3566666666667,0.0,64,64,0.0,0.7055555555555556,7,17,3,1,0,58.46214294433594,420,0,0
INSTANCE_013,0.75,delay20,101,NR,343.74519999999995,404.545,18.05666666666707,62,64,0.0,1.0,0,17,3,3,0,0.0,0,1,0
INSTANCE_013,0.75,delay20,101,RG,364.6847,428.3566666666667,0.0,64,64,0.0,0.7055555555555556,7,17,3,1,0,115.61822891235352,310,0,0
INSTANCE_013,0.75,delay20,101,SA,360.1084,424.7416666666667,8.613333333333458,63,64,0.0,0.9,4,17,3,2,0,115.7524585723877,300,0,0
INSTANCE_013,0.75,delay30,101,FR,373.4657,426.015,0.0,64,64,0.0,0.5111111111111111,8,17,3,1,0,58.12931060791016,400,0,0
INSTANCE_013,0.75,delay30,101,NR,343.74519999999995,404.545,41.32833333333406,61,64,0.0,1.0,0,17,3,3,0,0.0,0,1,0
INSTANCE_013,0.75,delay30,101,RG,373.4657,426.015,0.0,64,64,0.0,0.5111111111111111,8,17,3,1,0,144.3350315093994,370,0,0
INSTANCE_013,0.75,delay30,101,SA,373.4658,426.09333333333336,0.0,64,64,0.0,0.611111111111111,8,17,3,1,0,134.10615921020508,340,0,0
INSTANCE_013,0.75,p85,101,FR,367.986,447.2702039999999,0.0,64,64,0.0,0.7333333333333334,6,17,3,2,0,44.01588439941406,310,0,0
INSTANCE_013,0.75,p85,101,NR,343.74519999999995,427.5987124999999,3.5639758333335294,63,64,0.0,1.0,0,17,3,3,0,0.0,0,1,0
INSTANCE_013,0.75,p85,101,RG,360.1084,450.9440394999999,0.0,64,64,0.0,0.9,4,17,3,2,0,112.86520957946776,300,0,0
INSTANCE_013,0.75,p85,101,SA,343.74519999999995,427.5987124999999,3.5639758333335294,63,64,0.0,1.0,0,17,3,3,0,111.3872528076172,300,1,0
INSTANCE_013,0.75,p95,101,FR,367.986,469.9595266666667,0.0,64,64,0.0,0.7333333333333334,6,17,3,2,0,40.68589210510254,310,0,0
INSTANCE_013,0.75,p95,101,NR,343.74519999999995,447.9463125,16.027095833333533,63,64,0.0,1.0,0,17,3,3,0,0.0,0,1,0
INSTANCE_013,0.75,p95,101,RG,367.986,469.9595266666667,0.0,64,64,0.0,0.7333333333333334,6,17,3,2,0,160.0027084350586,460,0,0
INSTANCE_013,0.75,p95,101,SA,368.0167,470.1169025,0.0,64,64,0.0,0.8333333333333334,6,17,3,2,0,130.57708740234375,360,0,0
INSTANCE_014,0.25,delay20,101,FR,381.7315000000001,417.33,105.44166666666445,58,65,0.0,0.8474025974025974,13,49,2,1,0,31.15558624267578,200,0,0
INSTANCE_014,0.25,delay20,101,NR,380.3718,414.5116666666666,116.82166666666478,57,65,0.0,1.0,0,49,2,2,0,0.0,0,1,0
INSTANCE_014,0.25,delay20,101,RG,398.299,435.08333333333326,82.20166666666455,59,65,0.0,0.8766233766233766,15,49,2,1,0,145.26867866516113,370,0,0
INSTANCE_014,0.25,delay20,101,SA,400.6068,437.4183333333333,84.85999999999785,59,65,0.0,0.8766233766233766,13,49,2,1,0,104.60710525512695,260,0,0
INSTANCE_014,0.25,delay30,101,FR,381.7315000000001,417.33,191.8083333333308,55,65,0.0,0.8474025974025974,13,49,2,1,0,33.72383117675781,200,0,0
INSTANCE_014,0.25,delay30,101,NR,380.3718,414.5116666666666,203.50666666666427,56,65,0.0,1.0,0,49,2,2,0,0.0,0,1,0
INSTANCE_014,0.25,delay30,101,RG,400.02780000000007,437.195,138.69999999999834,57,65,0.0,0.7425814925814925,20,49,2,0,0,200.95562934875488,470,0,0
INSTANCE_014,0.25,delay30,101,SA,400.0209000000001,437.21333333333325,141.57333333333145,57,65,0.0,0.7425814925814925,20,49,2,0,0,186.0487461090088,440,0,0
INSTANCE_014,0.25,p85,101,FR,381.7315000000001,463.6969985,95.1008385000008,58,65,0.0,0.8474025974025974,13,49,2,1,0,33.88261795043945,200,0,0
INSTANCE_014,0.25,p85,101,NR,380.3718,460.4392870000001,105.7250685000006,58,65,0.0,1.0,0,49,2,2,0,0.0,0,1,0
INSTANCE_014,0.25,p85,101,RG,380.42910000000006,460.7822040000001,101.58887300000085,58,65,0.0,0.96011396011396,2,49,2,1,0,107.4833869934082,220,0,0
INSTANCE_014,0.25,p85,101,SA,380.42910000000006,460.7822040000001,101.58887300000085,58,65,0.0,0.96011396011396,2,49,2,1,0,95.42346000671388,220,0,0
INSTANCE_014,0.25,p95,101,FR,381.7888000000001,505.0050408333333,214.96480666666764,56,65,19.823278333333064,0.8075165575165575,15,49,2,0,0,38.02824020385742,220,0,0
INSTANCE_014,0.25,p95,101,NR,380.3718,500.9757883333333,244.33246083333472,56,65,19.43953999999985,1.0,0,49,2,2,0,0.0,0,1,0
INSTANCE_014,0.25,p95,101,RG,400.0361,530.3619525,192.9323908333331,58,65,19.823278333333064,0.7653087653087653,20,49,2,0,0,221.4641571044922,520,0,0
INSTANCE_014,0.25,p95,101,SA,400.6641000000001,530.9893,209.95483750000085,56,65,19.823278333333064,0.8367373367373367,15,49,2,0,0,127.45046615600586,280,0,0
INSTANCE_014,0.5,delay20,101,FR,399.9977000000001,437.82333333333327,75.49333333333277,60,65,0.0,0.5271475256769375,26,33,2,0,0,66.70999526977539,430,0,0
INSTANCE_014,0.5,delay20,101,NR,380.3718,414.5116666666666,116.82166666666478,57,65,0.0,1.0,0,33,2,2,0,0.0,0,1,0
INSTANCE_014,0.5,delay20,101,RG,399.5785000000001,437.9549999999999,78.50499999999886,59,65,0.0,0.5984126984126984,18,33,2,0,0,155.2567481994629,380,0,0
INSTANCE_014,0.5,delay20,101,SA,400.3785,438.8216666666666,76.36166666666554,59,65,0.0,0.6552521008403361,17,33,2,0,0,204.5414447784424,510,0,0
INSTANCE_014,0.5,delay30,101,FR,382.8672000000001,418.7366666666667,145.83666666666522,57,65,0.0,0.6073062558356676,24,33,2,0,0,57.95764923095703,390,0,0
INSTANCE_014,0.5,delay30,101,NR,380.3718,414.5116666666666,203.50666666666427,56,65,0.0,1.0,0,33,2,2,0,0.0,0,1,0
INSTANCE_014,0.5,delay30,101,RG,399.8336000000001,437.2916666666666,141.11999999999898,57,65,0.0,0.621031746031746,19,33,2,0,0,202.54898071289065,540,0,0
INSTANCE_014,0.5,delay30,101,SA,381.92840000000007,418.07,166.0366666666663,56,65,0.0,0.6540616246498598,14,33,2,0,0,118.76964569091795,300,0,0
INSTANCE_014,0.5,p85,101,FR,381.7818000000001,453.64263583333326,44.6096661666661,61,65,0.0,0.7120448179271709,14,33,2,0,0,53.33256721496582,350,0,0
INSTANCE_014,0.5,p85,101,NR,380.3718,450.0940228333333,62.46317299999987,59,65,0.0,1.0,0,33,2,2,0,0.0,0,1,0
INSTANCE_014,0.5,p85,101,RG,381.87110000000007,454.0510538333333,45.55840583333304,60,65,0.0,0.6507936507936507,16,33,2,0,0,106.97197914123537,270,0,0
INSTANCE_014,0.5,p85,101,SA,381.87110000000007,453.86418333333336,46.62761333333288,60,65,0.0,0.7619047619047619,10,33,2,1,0,90.08097648620604,230,0,0
INSTANCE_014,0.5,p95,101,FR,382.3996000000001,487.4195358333334,105.8760699999996,58,65,4.083282499999768,0.5840802987861812,25,33,2,0,0,54.58307266235352,380,0,0
INSTANCE_014,0.5,p95,101,NR,380.3718,481.4996175,143.26118250000047,57,65,3.5680383333331065,1.0,0,33,2,2,0,0.0,0,1,0
INSTANCE_014,0.5,p95,101,RG,381.92840000000007,486.1023216666666,104.87360749999982,58,65,3.951776666666433,0.6540616246498598,14,33,2,0,0,111.43159866333008,300,0,0
INSTANCE_014,0.5,p95,101,SA,381.89330000000007,485.85655666666673,105.56994166666664,58,65,3.951776666666433,0.7076330532212884,14,33,2,0,0,145.54715156555176,390,0,0
INSTANCE_014,0.75,delay20,101,FR,380.6324000000001,415.055,92.8133333333318,58,65,0.0,0.6845238095238095,9,17,2,0,0,53.75218391418457,370,0,0
INSTANCE_014,0.75,delay20,101,NR,380.3718,414.5116666666666,116.82166666666478,57,65,0.0,1.0,0,17,2,2,0,0.0,0,1,0
INSTANCE_014,0.75,delay20,101,RG,380.91140000000007,415.8466666666667,92.8133333333318,58,65,0.0,0.6577380952380952,8,17,2,0,0,104.5839786529541,260,0,0
INSTANCE_014,0.75,delay20,101,SA,380.8541,415.55,96.47499999999798,58,65,0.0,0.8660714285714286,4,17,2,1,0,78.10091972351074,200,0,0
INSTANCE_014,0.75,delay30,101,FR,382.9115000000001,417.3983333333333,173.34833333333154,56,65,0.0,0.6041666666666666,10,17,2,0,0,50.11773109436035,350,0,0
INSTANCE_014,0.75,delay30,101,NR,380.3718,414.5116666666666,203.50666666666427,56,65,0.0,1.0,0,17,2,2,0,0.0,0,1,0
INSTANCE_014,0.75,delay30,101,RG,382.9115000000001,417.3983333333333,173.3883333333315,56,65,0.0,0.5327380952380951,10,17,2,0,0,127.80380249023438,320,0,0
INSTANCE_014,0.75,delay30,101,SA,380.91140000000007,415.8466666666666,174.32833333333144,56,65,0.0,0.7271825396825398,6,17,2,0,0,120.09358406066896,310,0,0
INSTANCE_014,0.75,p85,101,FR,380.8592000000001,440.697197,36.07626249999828,61,65,0.0,0.5188492063492063,12,17,2,0,0,49.875736236572266,350,0,0
INSTANCE_014,0.75,p85,101,NR,380.3718,439.1714089999999,41.358093999998346,60,65,0.0,1.0,0,17,2,2,0,0.0,0,1,0
INSTANCE_014,0.75,p85,101,RG,380.8541,440.558489,36.17258749999826,61,65,0.0,0.6820436507936508,8,17,2,0,0,80.4288387298584,210,0,0
INSTANCE_014,0.75,p85,101,SA,380.8541,440.3716185,37.24179499999809,61,65,0.0,0.8660714285714286,4,17,2,1,0,76.62105560302734,200,0,0
INSTANCE_014,0.75,p95,101,FR,380.8892000000001,462.7344833333334,76.30706249999753,61,65,0.1543858333326397,0.6393849206349207,8,17,2,0,0,45.80545425415039,320,0,0
INSTANCE_014,0.75,p95,101,NR,380.3718,460.93651833333337,86.884502499998,59,65,0.0,1.0,0,17,2,2,0,0.0,0,1,0
INSTANCE_014,0.75,p95,101,RG,380.8542000000001,462.4887183333334,77.39841666666359,60,65,0.1543858333326397,0.6438492063492064,10,17,2,0,0,98.48928451538086,240,0,0
INSTANCE_014,0.75,p95,101,SA,380.8541,462.2796025000001,80.20746749999762,60,65,0.0,0.8660714285714286,4,17,2,1,0,82.16166496276855,200,0,0
INSTANCE_015,0.25,delay20,101,FR,516.0006999999999,551.2216666666667,5.315000000000055,86,87,0.0,0.7928606719367588,29,66,4,2,0,95.75700759887695,640,0,0
INSTANCE_015,0.25,delay20,101,NR,482.4895,533.3266666666666,34.483333333333235,84,87,0.0,1.0,0,66,4,4,0,0.0,0,1,0
INSTANCE_015,0.25,delay20,101,RG,531.347,569.5166666666667,5.315000000000055,86,87,0.0,0.7913784584980237,28,66,4,2,0,275.45738220214844,700,0,0
INSTANCE_015,0.25,delay20,101,SA,509.1834,554.2349999999999,18.268333333333203,85,87,0.0,0.9147727272727272,10,66,4,3,0,193.0992603302002,480,0,0
INSTANCE_015,0.25,delay30,101,FR,525.4938999999999,560.2766666666666,18.838333333332915,84,87,0.0,0.6967638339920948,43,66,4,1,0,103.46388816833496,660,0,0
INSTANCE_015,0.25,delay30,101,NR,482.4895,533.3266666666666,79.49666666666644,81,87,0.0,1.0,0,66,4,4,0,0.0,0,1,0
INSTANCE_015,0.25,delay30,101,RG,549.6274,587.1466666666666,18.22833333333336,85,87,0.0,0.6133481554677207,42,66,4,1,0,296.27275466918945,700,0,0
INSTANCE_015,0.25,delay30,101,SA,509.0606,562.8666666666667,62.34833333333313,81,87,0.0,0.9147727272727272,5,66,4,3,0,209.0001106262207,510,0,0
INSTANCE_015,0.25,p85,101,FR,482.4895,602.4493488333333,2.7672304999999824,85,87,0.0,1.0,0,66,4,4,0,60.24670600891113,400,1,0
INSTANCE_015,0.25,p85,101,NR,482.4895,602.4493488333333,2.7672304999999824,85,87,0.0,1.0,0,66,4,4,0,0.0,0,1,0
INSTANCE_015,0.25,p85,101,RG,484.1977,604.1966843333333,3.237296499999843,85,87,0.0,0.9207427536231884,16,66,4,3,1,175.6606101989746,440,0,1
INSTANCE_015,0.25,p85,101,SA,482.4895,602.4493488333333,2.7672304999999824,85,87,0.0,1.0,0,66,4,4,0,161.00406646728516,400,1,0
INSTANCE_015,0.25,p95,101,FR,496.1313,670.9281700000001,19.299159166666985,84,87,0.0,0.8899456521739131,20,66,4,3,0,73.20857048034668,460,0,0
INSTANCE_015,0.25,p95,101,NR,482.4895,663.4582075000001,38.37892000000068,83,87,0.0,1.0,0,66,4,4,0,0.0,0,1,0
INSTANCE_015,0.25,p95,101,RG,484.1977,665.4135483333334,21.959084166666912,84,87,0.0,0.9207427536231884,16,66,4,3,0,183.039665222168,440,0,0
INSTANCE_015,0.25,p95,101,SA,482.4895,663.4582075000001,38.37892000000068,83,87,0.0,1.0,0,66,4,4,0,167.5736904144287,400,1,0
INSTANCE_015,0.5,delay20,101,FR,482.4895,533.3266666666666,34.483333333333235,84,87,0.0,1.0,0,44,4,4,0,62.96896934509277,400,1,0
INSTANCE_015,0.5,delay20,101,NR,482.4895,533.3266666666666,34.483333333333235,84,87,0.0,1.0,0,44,4,4,0,0.0,0,1,0
INSTANCE_015,0.5,delay20,101,RG,482.4895,533.3266666666666,34.483333333333235,84,87,0.0,1.0,0,44,4,4,0,164.86024856567383,400,1,0
INSTANCE_015,0.5,delay20,101,SA,482.4895,533.3266666666666,34.483333333333235,84,87,0.0,1.0,0,44,4,4,0,166.3820743560791,400,1,0
INSTANCE_015,0.5,delay30,101,FR,500.4587,550.8499999999999,67.39666666666653,83,87,0.0,0.8959821428571428,9,44,4,2,0,64.97311592102051,420,0,0
INSTANCE_015,0.5,delay30,101,NR,482.4895,533.3266666666666,79.49666666666644,81,87,0.0,1.0,0,44,4,4,0,0.0,0,1,0
INSTANCE_015,0.5,delay30,101,RG,500.4647,550.86,67.39666666666653,83,87,0.0,0.8989583333333333,5,44,4,2,0,184.1835975646973,440,0,0
INSTANCE_015,0.5,delay30,101,SA,485.5368,537.2283333333334,70.80999999999983,82,87,0.0,0.9697916666666666,2,44,4,3,0,179.9018383026123,430,0,0
INSTANCE_015,0.5,p85,101,FR,482.4895,579.0612308333333,0.0,87,87,0.0,1.0,0,44,4,4,0,58.15219879150391,400,1,0
INSTANCE_015,0.5,p85,101,NR,482.4895,579.0612308333333,0.0,87,87,0.0,1.0,0,44,4,4,0,0.0,0,1,0
INSTANCE_015,0.5,p85,101,RG,482.4895,579.0612308333333,0.0,87,87,0.0,1.0,0,44,4,4,0,147.90582656860352,400,1,0
INSTANCE_015,0.5,p85,101,SA,482.4895,579.0612308333333,0.0,87,87,0.0,1.0,0,44,4,4,0,153.9468765258789,400,1,0
INSTANCE_015,0.5,p95,101,FR,482.9856,619.5308175,1.7627358333331813,86,87,0.0,0.9614583333333332,3,44,4,3,0,64.63885307312012,420,0,0
INSTANCE_015,0.5,p95,101,NR,482.4895,619.4273375,11.838738333333254,85,87,0.0,1.0,0,44,4,4,0,0.0,0,1,0
INSTANCE_015,0.5,p95,101,RG,482.9856,619.5308175,1.7627358333331813,86,87,0.0,0.9614583333333332,3,44,4,3,0,173.57683181762695,420,0,0
INSTANCE_015,0.5,p95,101,SA,485.5368,624.4741433333334,1.7627358333331813,86,87,0.0,0.9697916666666666,2,44,4,3,0,176.73134803771973,430,0,0
INSTANCE_015,0.75,delay20,101,FR,482.4895,533.3266666666666,0.0,87,87,0.0,1.0,0,22,4,4,0,57.66749382019043,400,1,0
INSTANCE_015,0.75,delay20,101,NR,482.4895,533.3266666666666,0.0,87,87,0.0,1.0,0,22,4,4,0,0.0,0,1,0
INSTANCE_015,0.75,delay20,101,RG,482.4895,533.3266666666666,0.0,87,87,0.0,1.0,0,22,4,4,0,155.9772491455078,400,1,0
INSTANCE_015,0.75,delay20,101,SA,482.4895,533.3266666666666,0.0,87,87,0.0,1.0,0,22,4,4,0,157.53746032714844,400,1,0
INSTANCE_015,0.75,delay30,101,FR,500.2155,550.0466666666666,0.0,87,87,0.0,0.7485119047619048,8,22,4,2,0,61.62548065185547,430,0,0
INSTANCE_015,0.75,delay30,101,NR,482.4895,533.3266666666666,12.099999999999907,85,87,0.0,1.0,0,22,4,4,0,0.0,0,1,0
INSTANCE_015,0.75,delay30,101,RG,500.2155,550.0466666666666,0.0,87,87,0.0,0.7485119047619048,8,22,4,2,0,250.83327293396,650,0,0
INSTANCE_015,0.75,delay30,101,SA,511.252,563.0416666666666,3.899999999999864,85,87,0.0,0.9598214285714286,2,22,4,3,0,151.8239974975586,400,0,0
INSTANCE_015,0.75,p85,101,FR,482.4895,562.2739188333333,0.0,87,87,0.0,1.0,0,22,4,4,0,58.981895446777344,400,1,0
INSTANCE_015,0.75,p85,101,NR,482.4895,562.2739188333333,0.0,87,87,0.0,1.0,0,22,4,4,0,0.0,0,1,0
INSTANCE_015,0.75,p85,101,RG,482.4895,562.2739188333333,0.0,87,87,0.0,1.0,0,22,4,4,0,158.339262008667,400,1,0
INSTANCE_015,0.75,p85,101,SA,482.4895,562.2739188333333,0.0,87,87,0.0,1.0,0,22,4,4,0,158.28418731689453,400,1,0
INSTANCE_015,0.75,p95,101,FR,482.4895,587.8232575,0.0,87,87,0.0,1.0,0,22,4,4,0,57.41286277770996,400,1,0
INSTANCE_015,0.75,p95,101,NR,482.4895,587.8232575,0.0,87,87,0.0,1.0,0,22,4,4,0,0.0,0,1,0
INSTANCE_015,0.75,p95,101,RG,482.4895,587.8232575,0.0,87,87,0.0,1.0,0,22,4,4,0,155.75742721557617,400,1,0
INSTANCE_015,0.75,p95,101,SA,482.4895,587.8232575,0.0,87,87,0.0,1.0,0,22,4,4,0,154.4790267944336,400,1,0
INSTANCE_017,0.25,delay20,101,FR,380.1327,441.96,33.02500000000009,71,74,0.0,0.875,10,57,3,2,0,61.72466278076172,390,0,0
INSTANCE_017,0.25,delay20,101,NR,343.766,402.275,50.82166666666672,70,74,0.0,1.0,0,57,3,3,0,0.0,0,1,0
INSTANCE_017,0.25,delay20,101,RG,366.2808999999999,420.7849999999999,33.02500000000009,71,74,0.0,0.8867521367521367,8,57,3,2,0,159.4674587249756,400,0,0
INSTANCE_017,0.25,delay20,101,SA,366.281,420.785,33.02500000000009,71,74,0.0,0.9006410256410255,8,57,3,2,0,144.23799514770508,360,0,0
INSTANCE_017,0.25,delay30,101,FR,353.36619999999994,413.2483333333333,63.9383333333335,70,74,0.0,0.8386752136752137,10,57,3,2,0,73.4720230102539,530,0,0
INSTANCE_017,0.25,delay30,101,NR,343.766,402.275,96.18166666666671,68,74,0.0,1.0,0,57,3,3,0,0.0,0,1,0
INSTANCE_017,0.25,delay30,101,RG,366.2808999999999,420.7849999999999,63.9383333333335,70,74,0.0,0.8867521367521367,8,57,3,2,0,148.15402030944824,400,0,0
INSTANCE_017,0.25,delay30,101,SA,360.4546999999999,421.365,63.9383333333335,70,74,0.0,0.8963675213675213,8,57,3,2,0,173.58756065368652,450,0,0
INSTANCE_017,0.25,p85,101,FR,349.9262999999999,464.9173596666666,28.841695666666965,72,74,0.0,0.8664529914529915,10,57,3,2,0,84.74540710449219,570,0,0
INSTANCE_017,0.25,p85,101,NR,343.766,453.3468006666666,38.75465050000025,71,74,0.0,1.0,0,57,3,3,0,0.0,0,1,0
INSTANCE_017,0.25,p85,101,RG,348.7877,463.4744111666666,28.841695666666965,72,74,0.0,0.8707264957264957,8,57,3,2,0,165.53592681884766,410,0,0
INSTANCE_017,0.25,p85,101,SA,365.793,475.3763281666666,28.841695666666965,72,74,0.0,0.9134615384615384,6,57,3,2,0,142.7011489868164,340,0,0
INSTANCE_017,0.25,p95,101,FR,380.1326999999999,549.8984758333334,79.35786416666554,70,74,0.0,0.8547008547008547,10,57,3,2,0,55.53245544433594,360,0,0
INSTANCE_017,0.25,p95,101,NR,343.766,498.4236433333334,99.96486166666534,69,74,0.0,1.0,0,57,3,3,0,0.0,0,1,0
INSTANCE_017,0.25,p95,101,RG,366.2808999999999,522.3663283333334,79.35786416666554,70,74,0.0,0.8867521367521367,8,57,3,2,0,156.68559074401855,400,0,0
INSTANCE_017,0.25,p95,101,SA,366.281,522.3663283333334,79.35786416666554,70,74,0.0,0.9006410256410255,8,57,3,2,0,141.2515640258789,360,0,0
INSTANCE_017,0.5,delay20,101,FR,359.5764999999999,422.6666666666666,9.1933333333335,72,74,0.0,0.8546296296296297,8,38,3,1,0,72.7849006652832,510,0,0
INSTANCE_017,0.5,delay20,101,NR,343.766,402.275,42.99000000000012,71,74,0.0,1.0,0,38,3,3,0,0.0,0,1,0
INSTANCE_017,0.5,delay20,101,RG,359.5764999999999,422.6666666666666,9.1933333333335,72,74,0.0,0.8546296296296297,8,38,3,1,0,116.60385131835938,310,0,0
INSTANCE_017,0.5,delay20,101,SA,359.5764999999999,422.6666666666666,9.1933333333335,72,74,0.0,0.8546296296296297,8,38,3,1,0,119.2784309387207,310,0,0
INSTANCE_017,0.5,delay30,101,FR,400.8883,458.8283333333333,47.61500000000024,70,74,0.0,0.8194444444444443,8,38,3,2,0,50.71711540222168,340,0,0
INSTANCE_017,0.5,delay30,101,NR,343.766,402.275,78.35000000000014,69,74,0.0,1.0,0,38,3,3,0,0.0,0,1,0
INSTANCE_017,0.5,delay30,101,RG,376.9703,440.155,18.493333333333226,72,74,0.0,0.662962962962963,18,38,3,1,0,135.2639198303223,340,0,0
INSTANCE_017,0.5,delay30,101,SA,377.2011,440.4083333333333,18.74666666666656,72,74,0.0,0.674074074074074,18,38,3,1,0,140.17081260681152,350,0,0
INSTANCE_017,0.5,p85,101,FR,352.0319999999999,451.40796549999993,5.049634999999967,73,74,0.0,0.8527777777777779,8,38,3,1,0,50.66871643066406,360,0,0
INSTANCE_017,0.5,p85,101,NR,343.766,437.361854,21.343218833333253,71,74,0.0,1.0,0,38,3,3,0,0.0,0,1,0
INSTANCE_017,0.5,p85,101,RG,359.5764999999999,460.9325814999999,4.903221000000031,73,74,0.0,0.8546296296296297,8,38,3,1,0,117.17486381530762,310,0,0
INSTANCE_017,0.5,p85,101,SA,352.0193999999999,451.5042904999999,4.903221000000031,73,74,0.0,0.9101851851851852,9,38,3,1,0,122.8342056274414,320,0,0
INSTANCE_017,0.5,p95,101,FR,376.6215,510.3257433333333,35.084842499999695,73,74,0.0,0.8583333333333334,13,38,3,1,0,60.00995635986328,430,0,0
INSTANCE_017,0.5,p95,101,NR,343.766,468.3301100000001,56.17487583333218,70,74,0.0,1.0,0,38,3,3,0,0.0,0,1,0
INSTANCE_017,0.5,p95,101,RG,376.9703,517.3278900000001,17.073152499999992,73,74,0.0,0.662962962962963,18,38,3,1,0,123.20661544799805,340,0,0
INSTANCE_017,0.5,p95,101,SA,377.2011,517.6555766666668,17.400839166666742,73,74,0.0,0.674074074074074,18,38,3,1,0,129.8840045928955,350,0,0
INSTANCE_017,0.75,delay20,101,FR,346.5343999999999,405.3016666666667,26.990000000000123,71,74,0.0,0.9404761904761904,3,20,3,2,0,50.77815055847168,360,0,0
INSTANCE_017,0.75,delay20,101,NR,343.766,402.275,42.99000000000012,71,74,0.0,1.0,0,20,3,3,0,0.0,0,1,0
INSTANCE_017,0.75,delay20,101,RG,346.5343999999999,405.3016666666667,26.990000000000123,71,74,0.0,0.9404761904761904,3,20,3,2,0,115.342378616333,300,0,0
INSTANCE_017,0.75,delay20,101,SA,346.5343999999999,405.3016666666667,26.990000000000123,71,74,0.0,0.9404761904761904,3,20,3,2,0,114.00532722473145,300,0,0
INSTANCE_017,0.75,delay30,101,FR,374.376,430.8716666666666,57.22166666666658,71,74,0.0,0.8392857142857143,7,20,3,2,0,59.339284896850586,460,0,0
INSTANCE_017,0.75,delay30,101,NR,343.766,402.275,78.35000000000014,69,74,0.0,1.0,0,20,3,3,0,0.0,0,1,0
INSTANCE_017,0.75,delay30,101,RG,373.6464,431.2433333333333,57.59333333333325,71,74,0.0,0.7916666666666666,7,20,3,2,0,115.71478843688963,330,0,0
INSTANCE_017,0.75,delay30,101,SA,346.5343999999999,405.3016666666667,62.350000000000136,69,74,0.0,0.9404761904761904,3,20,3,2,0,110.78953742980956,300,0,0
INSTANCE_017,0.75,p85,101,FR,346.53439999999995,422.0570191666666,0.4906186666665917,73,74,0.0,0.9166666666666666,2,20,3,2,0,47.89996147155762,320,0,0
INSTANCE_017,0.75,p85,101,NR,343.766,418.5584951666666,3.508220666666716,72,74,0.0,1.0,0,20,3,3,0,0.0,0,1,0
INSTANCE_017,0.75,p85,101,RG,346.5343999999999,422.0570191666666,0.4906186666665917,73,74,0.0,0.9404761904761904,3,20,3,2,0,119.51708793640135,300,0,0
INSTANCE_017,0.75,p85,101,SA,346.5343999999999,422.0570191666666,0.4906186666665917,73,74,0.0,0.9404761904761904,3,20,3,2,0,117.63596534729004,300,0,0
INSTANCE_017,0.75,p95,101,FR,346.5343999999999,436.8455791666667,3.4972766666666075,72,74,0.0,0.9404761904761904,3,20,3,2,0,54.18157577514648,370,0,0
INSTANCE_017,0.75,p95,101,NR,343.766,432.9305858333333,11.9623633333332,71,74,0.0,1.0,0,20,3,3,0,0.0,0,1,0
INSTANCE_017,0.75,p95,101,RG,346.5343999999999,436.8455791666667,3.4972766666666075,72,74,0.0,0.9404761904761904,3,20,3,2,0,118.56627464294434,300,0,0
INSTANCE_017,0.75,p95,101,SA,346.5343999999999,436.8455791666667,3.4972766666666075,72,74,0.0,0.9404761904761904,3,20,3,2,0,118.3006763458252,300,0,0
INSTANCE_018,0.25,delay20,101,FR,292.2631,371.78,62.569999999999816,59,65,0.0,0.8306159420289855,14,49,2,1,0,32.31668472290039,200,0,0
INSTANCE_018,0.25,delay20,101,NR,284.4485,364.9916666666667,75.98666666666657,58,65,0.0,1.0,0,49,2,2,0,0.0,0,1,0
INSTANCE_018,0.25,delay20,101,RG,284.4485,364.9916666666667,75.98666666666657,58,65,0.0,1.0,0,49,2,2,0,87.57376670837402,200,1,0
INSTANCE_018,0.25,delay20,101,SA,284.4485,364.9916666666667,75.98666666666657,58,65,0.0,1.0,0,49,2,2,0,89.7226333618164,200,1,0
INSTANCE_018,0.25,delay30,101,FR,292.2631,371.78,122.56999999999982,59,65,0.0,0.8306159420289855,14,49,2,1,0,31.5546989440918,200,0,0
INSTANCE_018,0.25,delay30,101,NR,284.4485,364.9916666666667,145.98666666666657,58,65,0.0,1.0,0,49,2,2,0,0.0,0,1,0
INSTANCE_018,0.25,delay30,101,RG,284.4485,364.9916666666667,145.98666666666657,58,65,0.0,1.0,0,49,2,2,0,82.85355567932129,200,1,0
INSTANCE_018,0.25,delay30,101,SA,284.4485,364.9916666666667,145.98666666666657,58,65,0.0,1.0,0,49,2,2,0,83.02569389343262,200,1,0
INSTANCE_018,0.25,p85,101,FR,292.2631,418.2956231666666,42.20530999999971,62,65,0.0,0.8306159420289855,14,49,2,1,0,34.171342849731445,200,0,0
INSTANCE_018,0.25,p85,101,NR,284.4485,410.44898866666665,61.3737743333337,61,65,0.0,1.0,0,49,2,2,0,0.0,0,1,0
INSTANCE_018,0.25,p85,101,RG,284.4485,410.44898866666665,61.3737743333337,61,65,0.0,1.0,0,49,2,2,0,87.37683296203613,200,1,0
INSTANCE_018,0.25,p85,101,SA,284.4485,410.44898866666665,61.3737743333337,61,65,0.0,1.0,0,49,2,2,0,87.80217170715332,200,1,0
INSTANCE_018,0.25,p95,101,FR,292.2631,459.3511058333334,124.67541166666558,56,65,0.0,0.8306159420289855,14,49,2,1,0,34.16609764099121,200,0,0
INSTANCE_018,0.25,p95,101,NR,284.4485,450.57039666666674,164.1872108333323,56,65,0.0,1.0,0,49,2,2,0,0.0,0,1,0
INSTANCE_018,0.25,p95,101,RG,284.4485,450.57039666666674,164.1872108333323,56,65,0.0,1.0,0,49,2,2,0,85.85023880004883,200,1,0
INSTANCE_018,0.25,p95,101,SA,284.4485,450.57039666666674,164.1872108333323,56,65,0.0,1.0,0,49,2,2,0,85.66403388977051,200,1,0
INSTANCE_018,0.5,delay20,101,FR,295.95000000000005,371.5033333333333,53.95333333333281,59,65,0.0,0.6620710784313725,20,33,2,0,0,40.69209098815918,290,0,0
INSTANCE_018,0.5,delay20,101,NR,284.4485,364.9916666666667,75.98666666666657,58,65,0.0,1.0,0,33,2,2,0,0.0,0,1,0
INSTANCE_018,0.5,delay20,101,RG,287.7319,369.6233333333333,67.97666666666646,58,65,0.0,0.7708333333333333,10,33,2,1,0,116.55092239379884,320,0,0
INSTANCE_018,0.5,delay20,101,SA,284.4485,364.9916666666667,75.98666666666657,58,65,0.0,1.0,0,33,2,2,0,73.98009300231934,200,1,0
INSTANCE_018,0.5,delay30,101,FR,295.26470000000006,371.1916666666667,115.77833333333308,57,65,0.0,0.7107843137254901,18,33,2,0,0,40.49873352050781,290,0,0
INSTANCE_018,0.5,delay30,101,NR,284.4485,364.9916666666667,145.98666666666657,58,65,0.0,1.0,0,33,2,2,0,0.0,0,1,0
INSTANCE_018,0.5,delay30,101,RG,288.52570000000003,367.12666666666667,114.88833333333298,59,65,0.0,0.7583333333333333,11,33,2,1,0,142.53830909729004,390,0,0
INSTANCE_018,0.5,delay30,101,SA,284.5214,366.1483333333333,126.44833333333315,58,65,0.0,0.8416666666666667,11,33,2,1,0,132.75837898254397,350,0,0
INSTANCE_018,0.5,p85,101,FR,290.3489,403.738225,25.31695766666633,63,65,0.0,0.7916666666666666,11,33,2,1,0,30.468225479125977,200,0,0
INSTANCE_018,0.5,p85,101,NR,284.4485,399.392041,40.76175133333288,62,65,0.0,1.0,0,33,2,2,0,0.0,0,1,0
INSTANCE_018,0.5,p85,101,RG,287.7319,404.7457845,33.17184383333279,62,65,0.0,0.7708333333333333,10,33,2,1,0,125.50926208496094,320,0,0
INSTANCE_018,0.5,p85,101,SA,284.4485,399.392041,40.76175133333288,62,65,0.0,1.0,0,33,2,2,0,77.72064208984375,200,1,0
INSTANCE_018,0.5,p95,101,FR,291.79280000000006,437.5649825,56.79146499999956,61,65,0.0,0.6602328431372548,17,33,2,0,0,45.72582244873047,300,0,0
INSTANCE_018,0.5,p95,101,NR,284.4485,429.75439833333337,92.8874366666663,60,65,0.0,1.0,0,33,2,2,0,0.0,0,1,0
INSTANCE_018,0.5,p95,101,RG,282.80030000000005,429.08609,62.18011833333264,60,65,0.0,0.6435661764705882,16,33,2,0,0,212.21137046813965,520,0,0
INSTANCE_018,0.5,p95,101,SA,285.1949,427.47137083333337,65.5087249999998,60,65,0.0,0.8083333333333333,11,33,2,1,0,158.062219619751,400,0,0
INSTANCE_018,0.75,delay20,101,FR,286.9363,364.80166666666673,54.79666666666651,61,65,0.0,0.658234126984127,11,17,2,0,0,56.10466003417969,350,0,0
INSTANCE_018,0.75,delay20,101,NR,284.4485,364.9916666666667,63.135000000000105,60,65,0.0,1.0,0,17,2,2,0,0.0,0,1,0
INSTANCE_018,0.75,delay20,101,RG,289.5356,367.90333333333336,61.05500000000029,60,65,0.0,0.7430555555555556,7,17,2,1,0,134.01103019714355,320,0,0
INSTANCE_018,0.75,delay20,101,SA,282.0205,362.3616666666667,58.29166666666674,61,65,0.0,0.8214285714285714,4,17,2,1,0,98.59204292297365,250,0,0
INSTANCE_018,0.75,delay30,101,FR,282.0205,362.3616666666667,107.87499999999989,60,65,0.0,0.8214285714285714,4,17,2,1,0,30.491352081298828,200,0,0
INSTANCE_018,0.75,delay30,101,NR,284.4485,364.9916666666667,113.1350000000001,60,65,0.0,1.0,0,17,2,2,0,0.0,0,1,0
INSTANCE_018,0.75,delay30,101,RG,284.4485,364.9916666666667,113.1350000000001,60,65,0.0,1.0,0,17,2,2,0,80.57951927185059,200,1,0
INSTANCE_018,0.75,delay30,101,SA,282.0205,362.3616666666667,107.87499999999989,60,65,0.0,0.8214285714285714,4,17,2,1,0,106.08386993408205,250,0,0
INSTANCE_018,0.75,p85,101,FR,282.0205,381.42563833333327,18.26343283333324,63,65,0.0,0.8214285714285714,4,17,2,1,0,29.56986427307129,200,0,0
INSTANCE_018,0.75,p85,101,NR,284.4485,384.4656553333333,21.303449833333275,63,65,0.0,1.0,0,17,2,2,0,0.0,0,1,0
INSTANCE_018,0.75,p85,101,RG,284.4485,384.4656553333333,21.303449833333275,63,65,0.0,1.0,0,17,2,2,0,80.92689514160156,200,1,0
INSTANCE_018,0.75,p85,101,SA,284.4485,384.4656553333333,21.303449833333275,63,65,0.0,1.0,0,17,2,2,0,80.20925521850586,200,1,0
INSTANCE_018,0.75,p95,101,FR,282.0205,398.251825,31.308600833333458,63,65,0.0,0.8214285714285714,4,17,2,1,0,31.375646591186523,200,0,0
INSTANCE_018,0.75,p95,101,NR,284.4485,401.65373,34.97946999999988,62,65,0.0,1.0,0,17,2,2,0,0.0,0,1,0
INSTANCE_018,0.75,p95,101,RG,282.0205,398.251825,31.308600833333458,63,65,0.0,0.8214285714285714,4,17,2,1,0,152.97818183898926,370,0,0
INSTANCE_018,0.75,p95,101,SA,284.4485,401.65373,34.97946999999988,62,65,0.0,1.0,0,17,2,2,0,83.90927314758301,200,1,0
INSTANCE_021,0.25,delay20,101,FR,438.8073,478.0233333333333,31.88166666666689,49,53,0.0,0.7364035087719298,27,41,2,0,0,77.91543006896973,460,0,0
INSTANCE_021,0.25,delay20,101,NR,430.105,464.76666666666665,123.73333333333346,44,53,0.0,1.0,0,41,2,2,0,0.0,0,1,0
INSTANCE_021,0.25,delay20,101,RG,431.3632,466.4416666666666,92.25666666666643,45,53,0.0,0.919047619047619,6,41,2,1,0,108.6106300354004,240,0,0
INSTANCE_021,0.25,delay20,101,SA,432.5086,467.74,90.54833333333318,45,53,0.0,0.9577380952380952,4,41,2,1,0,145.09820938110352,330,0,0
INSTANCE_021,0.25,delay30,101,FR,437.3804,475.13,108.02000000000066,45,53,0.0,0.7661654135338345,22,41,2,0,0,52.38747596740723,310,0,0
INSTANCE_021,0.25,delay30,101,NR,430.105,464.76666666666665,220.13833333333355,42,53,0.0,1.0,0,41,2,2,0,0.0,0,1,0
INSTANCE_021,0.25,delay30,101,RG,431.3632,466.4416666666666,184.75666666666663,42,53,0.0,0.919047619047619,6,41,2,1,0,105.07369041442873,240,0,0
INSTANCE_021,0.25,delay30,101,SA,432.5086,467.74,181.41833333333352,42,53,0.0,0.9577380952380952,4,41,2,1,0,137.85076141357422,330,0,0
INSTANCE_021,0.25,p85,101,FR,435.9959,537.9052131666666,26.24830100000088,50,53,0.0,0.7506265664160401,23,41,2,0,0,57.95717239379883,360,0,0
INSTANCE_021,0.25,p85,101,NR,430.105,526.9723256666666,123.16060599999992,47,53,0.0,1.0,0,41,2,2,0,0.0,0,1,0
INSTANCE_021,0.25,p85,101,RG,431.3632,528.9084581666666,87.61169999999993,47,53,0.0,0.919047619047619,6,41,2,1,0,101.86243057250977,240,0,0
INSTANCE_021,0.25,p85,101,SA,432.5086,530.4092016666666,83.70475799999986,47,53,0.0,0.9577380952380952,4,41,2,1,0,153.2132625579834,330,0,0
INSTANCE_021,0.25,p95,101,FR,437.7139,596.2253283333334,115.70084083333448,45,53,0.0,0.8037907268170426,21,41,2,0,0,48.95949363708496,290,0,0
INSTANCE_021,0.25,p95,101,NR,430.105,581.8761016666667,253.8908700000008,45,53,0.0,1.0,0,41,2,2,0,0.0,0,1,0
INSTANCE_021,0.25,p95,101,RG,432.5086,585.7221083333334,221.48826333333463,44,53,0.0,0.9577380952380952,4,41,2,1,0,120.7270622253418,280,0,0
INSTANCE_021,0.25,p95,101,SA,432.5086,585.7221083333334,221.48826333333463,44,53,0.0,0.9577380952380952,4,41,2,1,0,120.72587013244627,280,0,0
INSTANCE_021,0.5,delay20,101,FR,474.8717,521.335,51.641666666666765,47,53,0.0,0.6442307692307692,23,27,2,0,0,40.05575180053711,260,0,0
INSTANCE_021,0.5,delay20,101,NR,430.105,464.76666666666665,113.6400000000002,46,53,0.0,1.0,0,27,2,2,0,0.0,0,1,0
INSTANCE_021,0.5,delay20,101,RG,466.3909,499.2216666666666,83.1966666666666,47,53,0.0,0.7664835164835164,14,27,2,1,0,125.70405006408691,320,0,0
INSTANCE_021,0.5,delay20,101,SA,432.5086,467.74,80.45499999999993,47,53,0.0,0.9313186813186812,4,27,2,1,0,108.10279846191406,280,0,0
INSTANCE_021,0.5,delay30,101,FR,477.3909,514.4366666666666,93.7583333333331,45,53,0.0,0.6964285714285714,23,27,2,0,0,71.55799865722656,500,0,0
INSTANCE_021,0.5,delay30,101,NR,430.105,464.76666666666665,190.0450000000003,44,53,0.0,1.0,0,27,2,2,0,0.0,0,1,0
INSTANCE_021,0.5,delay30,101,RG,456.5064,491.63,152.61500000000024,44,53,0.0,0.8159340659340659,10,27,2,1,0,129.68921661376953,310,0,0
INSTANCE_021,0.5,delay30,101,SA,440.2459,474.7483333333333,147.4366666666666,45,53,0.0,0.8818681318681318,14,27,2,1,0,138.00287246704102,360,0,0
INSTANCE_021,0.5,p85,101,FR,470.9419,571.6001568333332,16.815915999999902,50,53,0.0,0.6524725274725274,21,27,2,0,0,53.60889434814453,360,0,0
INSTANCE_021,0.5,p85,101,NR,430.105,513.4352688333333,82.54943550000007,47,53,0.0,1.0,0,27,2,2,0,0.0,0,1,0
INSTANCE_021,0.5,p85,101,RG,456.5064,544.4865958333332,52.931844833333344,48,53,0.0,0.8159340659340659,10,27,2,1,0,129.1208267211914,310,0,0
INSTANCE_021,0.5,p85,101,SA,432.5086,516.8721448333332,48.27610233333314,48,53,0.0,0.9313186813186812,4,27,2,1,0,109.54618453979492,280,0,0
INSTANCE_021,0.5,p95,101,FR,474.895,617.9163350000001,69.08903833333375,47,53,0.0,0.708562271062271,19,27,2,0,0,49.66998100280762,340,0,0
INSTANCE_021,0.5,p95,101,NR,430.105,556.3910075000001,165.63850750000063,47,53,0.0,1.0,0,27,2,2,0,0.0,0,1,0
INSTANCE_021,0.5,p95,101,RG,456.5064,591.1387291666667,121.97750250000036,47,53,0.0,0.8159340659340659,10,27,2,1,0,123.24833869934082,310,0,0
INSTANCE_021,0.5,p95,101,SA,432.29230000000007,560.2305466666667,130.0669050000006,47,53,0.0,0.912087912087912,4,27,2,1,0,99.64871406555176,250,0,0
INSTANCE_021,0.75,delay20,101,FR,431.5469,466.4883333333333,42.74166666666656,50,53,0.0,0.8690476190476191,4,14,2,1,0,53.44986915588379,400,0,0
INSTANCE_021,0.75,delay20,101,NR,430.105,464.76666666666665,75.92666666666685,49,53,0.0,1.0,0,14,2,2,0,0.0,0,1,0
INSTANCE_021,0.75,delay20,101,RG,431.5469,466.4883333333333,42.74166666666656,50,53,0.0,0.8690476190476191,4,14,2,1,0,75.1793384552002,200,0,0
INSTANCE_021,0.75,delay20,101,SA,431.5469,466.4883333333333,42.74166666666656,50,53,0.0,0.8690476190476191,4,14,2,1,0,77.05235481262207,200,0,0
INSTANCE_021,0.75,delay30,101,FR,432.5086,467.74,77.20666666666682,49,53,0.0,0.8273809523809523,4,14,2,1,0,30.829191207885746,230,0,0
INSTANCE_021,0.75,delay30,101,NR,430.105,464.76666666666665,115.92666666666685,49,53,0.0,1.0,0,14,2,2,0,0.0,0,1,0
INSTANCE_021,0.75,delay30,101,RG,431.5469,466.4883333333333,77.20666666666682,49,53,0.0,0.8690476190476191,4,14,2,1,0,75.28805732727051,200,0,0
INSTANCE_021,0.75,delay30,101,SA,431.5469,466.4883333333333,77.20666666666682,49,53,0.0,0.8690476190476191,4,14,2,1,0,73.69565963745117,200,0,0
INSTANCE_021,0.75,p85,101,FR,431.3306,494.4219125,23.032620999999835,51,53,0.0,0.8273809523809523,4,14,2,1,0,39.20435905456543,290,0,0
INSTANCE_021,0.75,p85,101,NR,430.105,492.4376175,38.60844900000018,49,53,0.0,1.0,0,14,2,2,0,0.0,0,1,0
INSTANCE_021,0.75,p85,101,RG,431.5469,494.427692,23.032620999999835,51,53,0.0,0.8690476190476191,4,14,2,1,0,73.50635528564453,200,0,0
INSTANCE_021,0.75,p85,101,SA,431.5469,494.427692,23.032620999999835,51,53,0.0,0.8690476190476191,4,14,2,1,0,71.13003730773926,200,0,0
INSTANCE_021,0.75,p95,101,FR,431.5469,519.0874466666668,47.75534083333321,50,53,0.0,0.8690476190476191,4,14,2,1,0,58.64524841308594,360,0,0
INSTANCE_021,0.75,p95,101,NR,430.105,516.8604708333335,76.28011833333369,49,53,0.0,1.0,0,14,2,2,0,0.0,0,1,0
INSTANCE_021,0.75,p95,101,RG,431.5469,519.0874466666668,47.75534083333321,50,53,0.0,0.8690476190476191,4,14,2,1,0,75.20866394042969,200,0,0
INSTANCE_021,0.75,p95,101,SA,431.5469,519.0874466666668,47.75534083333321,50,53,0.0,0.8690476190476191,4,14,2,1,0,77.57067680358887,200,0,0
INSTANCE_022,0.25,delay20,101,FR,409.9741,454.935,21.145000000000323,63,66,0.0,0.789900404606287,19,50,3,1,0,78.65524291992189,520,0,0
INSTANCE_022,0.25,delay20,101,NR,347.9764,409.4933333333333,68.21333333333382,60,66,0.0,1.0,0,50,3,3,0,0.0,0,1,0
INSTANCE_022,0.25,delay20,101,RG,474.5796,507.3366666666667,15.813333333333505,64,66,0.0,0.7540460628695923,30,50,3,1,0,207.798719406128,460,0,0
INSTANCE_022,0.25,delay20,101,SA,443.0445,490.4983333333334,29.62833333333401,61,66,0.0,0.8542639277933396,20,50,3,1,0,185.2960586547852,430,0,0
INSTANCE_022,0.25,delay30,101,FR,422.522,476.9616666666667,64.44666666666694,61,66,0.0,0.7359632741985683,27,50,3,1,0,63.54498863220215,430,0,0
INSTANCE_022,0.25,delay30,101,NR,347.9764,409.4933333333333,130.9933333333339,59,66,0.0,1.0,0,50,3,3,0,0.0,0,1,0
INSTANCE_022,0.25,delay30,101,RG,443.8668,502.7466666666666,65.3050000000004,62,66,0.0,0.6608621226268285,30,50,3,1,0,188.40527534484863,480,0,0
INSTANCE_022,0.25,delay30,101,SA,465.4923,512.3033333333333,65.3050000000004,62,66,0.0,0.7703859321506381,31,50,3,1,0,162.52899169921875,410,0,0
INSTANCE_022,0.25,p85,101,FR,399.1061,508.7137896666666,16.419930500000532,63,66,0.0,0.9122626828509182,8,50,3,1,0,52.525997161865234,380,0,0
INSTANCE_022,0.25,p85,101,NR,347.9764,460.4549646666667,37.35378666666736,62,66,0.0,1.0,0,50,3,3,0,0.0,0,1,0
INSTANCE_022,0.25,p85,101,RG,396.9435,502.82062616666656,16.419930500000532,63,66,0.0,0.8146436352318706,15,50,3,1,0,144.56844329833984,390,0,0
INSTANCE_022,0.25,p85,101,SA,359.77430000000004,469.9526096666666,21.761051666667186,62,66,0.0,0.9455337690631808,6,50,3,2,0,151.09753608703613,420,0,0
INSTANCE_022,0.25,p95,101,FR,430.1032,585.2133383333334,18.802587500000183,63,66,0.0,0.7174291938997821,30,50,3,1,0,93.43409538269044,640,0,0
INSTANCE_022,0.25,p95,101,NR,347.9764,505.43457,88.28413333333367,62,66,0.0,1.0,0,50,3,3,0,0.0,0,1,0
INSTANCE_022,0.25,p95,101,RG,418.9176000000001,582.6198708333333,18.802587500000183,63,66,0.0,0.7809212573918457,31,50,3,1,0,254.40502166748047,640,0,0
INSTANCE_022,0.25,p95,101,SA,380.01810000000006,537.8841733333334,54.90398083333344,63,66,0.0,0.8598194833488951,17,50,3,1,0,184.31639671325684,460,0,0
INSTANCE_022,0.5,delay20,101,FR,385.2367,437.485,12.110000000000356,62,66,0.0,0.8851851851851852,6,33,3,1,0,62.17789649963379,400,0,0
INSTANCE_022,0.5,delay20,101,NR,347.9764,409.4933333333333,43.32666666666705,62,66,0.0,1.0,0,33,3,3,0,0.0,0,1,0
INSTANCE_022,0.5,delay20,101,RG,413.5709,458.02166666666665,9.85666666666691,64,66,0.0,0.8717171717171718,19,33,3,1,0,123.13961982727052,300,0,0
INSTANCE_022,0.5,delay20,101,SA,413.5709,458.02166666666665,9.85666666666691,64,66,0.0,0.8717171717171718,19,33,3,1,0,125.1070499420166,300,0,0
INSTANCE_022,0.5,delay30,101,FR,375.1078,432.205,41.66000000000031,63,66,0.0,0.774074074074074,14,33,3,1,0,89.23673629760742,620,0,0
INSTANCE_022,0.5,delay30,101,NR,347.9764,409.4933333333333,83.32666666666705,62,66,0.0,1.0,0,33,3,3,0,0.0,0,1,0
INSTANCE_022,0.5,delay30,101,RG,421.7359,468.7233333333333,29.078333333333944,62,66,0.0,0.8186868686868687,19,33,3,1,0,135.5290412902832,340,0,0
INSTANCE_022,0.5,delay30,101,SA,413.5709,458.02166666666665,35.65333333333376,63,66,0.0,0.8717171717171718,19,33,3,1,0,118.10946464538574,300,0,0
INSTANCE_022,0.5,p85,101,FR,359.807,456.88160049999993,7.004309666666813,64,66,0.0,0.9595959595959596,4,33,3,2,0,48.392534255981445,330,0,0
INSTANCE_022,0.5,p85,101,NR,347.9764,447.432118,19.05001666666704,63,66,0.0,1.0,0,33,3,3,0,0.0,0,1,0
INSTANCE_022,0.5,p85,101,RG,406.8149,497.679091,4.28511600000013,65,66,0.0,0.8457912457912458,17,33,3,1,0,154.9072265625,390,0,0
INSTANCE_022,0.5,p85,101,SA,395.09350000000006,486.4109925,5.888971666666862,64,66,0.0,0.9494949494949496,9,33,3,2,0,118.03579330444336,300,0,0
INSTANCE_022,0.5,p95,101,FR,410.5857,540.517705,23.558361666666883,64,66,0.0,0.8003367003367003,15,33,3,1,0,67.92140007019043,470,0,0
INSTANCE_022,0.5,p95,101,NR,347.9764,480.91753666666665,52.05108333333351,63,66,0.0,1.0,0,33,3,3,0,0.0,0,1,0
INSTANCE_022,0.5,p95,101,RG,413.676,543.9303891666666,21.662170833333448,65,66,0.0,0.7858585858585858,19,33,3,1,0,127.8076171875,320,0,0
INSTANCE_022,0.5,p95,101,SA,413.5709,543.6889358333333,23.29910333333362,64,66,0.0,0.8717171717171718,19,33,3,1,0,118.2107925415039,300,0,0
INSTANCE_022,0.75,delay20,101,FR,356.7187,416.65333333333336,9.993333333333569,64,66,0.0,0.8555555555555555,4,17,3,2,0,54.99482154846192,380,0,0
INSTANCE_022,0.75,delay20,101,NR,347.9764,409.4933333333333,25.62333333333356,64,66,0.0,1.0,0,17,3,3,0,0.0,0,1,0
INSTANCE_022,0.75,delay20,101,RG,356.7187,416.65333333333336,9.993333333333569,64,66,0.0,0.8555555555555555,4,17,3,2,0,125.60391426086426,320,0,0
INSTANCE_022,0.75,delay20,101,SA,356.7187,416.65333333333336,9.993333333333569,64,66,0.0,0.8555555555555555,4,17,3,2,0,123.43907356262208,320,0,0
INSTANCE_022,0.75,delay30,101,FR,356.7187,416.65333333333336,29.993333333333567,64,66,0.0,0.8555555555555555,4,17,3,2,0,55.06658554077149,380,0,0
INSTANCE_022,0.75,delay30,101,NR,347.9764,409.4933333333333,45.62333333333356,64,66,0.0,1.0,0,17,3,3,0,0.0,0,1,0
INSTANCE_022,0.75,delay30,101,RG,356.7187,416.65333333333336,29.993333333333567,64,66,0.0,0.8555555555555555,4,17,3,2,0,122.67827987670898,320,0,0
INSTANCE_022,0.75,delay30,101,SA,356.7187,416.65333333333336,29.993333333333567,64,66,0.0,0.8555555555555555,4,17,3,2,0,123.1544017791748,320,0,0
INSTANCE_022,0.75,p85,101,FR,356.7187,438.7537173333333,0.0,66,66,0.0,0.8555555555555555,4,17,3,2,0,56.37192726135254,380,0,0
INSTANCE_022,0.75,p85,101,NR,347.9764,430.4774733333333,9.41206000000011,65,66,0.0,1.0,0,17,3,3,0,0.0,0,1,0
INSTANCE_022,0.75,p85,101,RG,356.7187,438.7537173333333,0.0,66,66,0.0,0.8555555555555555,4,17,3,2,0,127.29716300964355,320,0,0
INSTANCE_022,0.75,p85,101,SA,359.807,439.92695583333335,0.0,66,66,0.0,0.888888888888889,4,17,3,2,0,153.62811088562012,380,0,0
INSTANCE_022,0.75,p95,101,FR,356.7187,458.25989333333337,6.245953333333318,65,66,0.0,0.8555555555555555,4,17,3,2,0,57.62815475463867,380,0,0
INSTANCE_022,0.75,p95,101,NR,347.9764,448.99843333333337,23.506356666666875,64,66,0.0,1.0,0,17,3,3,0,0.0,0,1,0
INSTANCE_022,0.75,p95,101,RG,356.7187,458.25989333333337,6.245953333333318,65,66,0.0,0.8555555555555555,4,17,3,2,0,128.1299591064453,320,0,0
INSTANCE_022,0.75,p95,101,SA,356.7187,458.25989333333337,6.245953333333318,65,66,0.0,0.8555555555555555,4,17,3,2,0,126.50322914123537,320,0,0
INSTANCE_025,0.25,delay20,101,FR,348.6767,381.9633333333333,87.995,55,61,0.0,0.8894927536231885,11,46,2,1,0,43.1663990020752,200,0,0
INSTANCE_025,0.25,delay20,101,NR,342.96770000000004,376.8733333333333,97.53666666666686,53,61,0.0,1.0,0,46,2,2,0,0.0,0,1,0
INSTANCE_025,0.25,delay20,101,RG,342.96770000000004,376.8733333333333,97.53666666666686,53,61,0.0,1.0,0,46,2,2,0,86.39144897460938,200,1,0
INSTANCE_025,0.25,delay20,101,SA,342.96770000000004,376.8733333333333,97.53666666666686,53,61,0.0,1.0,0,46,2,2,0,86.68851852416992,200,1,0
INSTANCE_025,0.25,delay30,101,FR,348.6767,381.9633333333333,181.1700000000003,50,61,0.0,0.8894927536231885,11,46,2,1,0,33.431291580200195,200,0,0
INSTANCE_025,0.25,delay30,101,NR,342.96770000000004,376.8733333333333,202.21500000000023,49,61,0.0,1.0,0,46,2,2,0,0.0,0,1,0
INSTANCE_025,0.25,delay30,101,RG,342.96770000000004,376.8733333333333,202.21500000000023,49,61,0.0,1.0,0,46,2,2,0,83.1151008605957,200,1,0
INSTANCE_025,0.25,delay30,101,SA,342.96770000000004,376.8733333333333,202.21500000000023,49,61,0.0,1.0,0,46,2,2,0,83.02688598632812,200,1,0
INSTANCE_025,0.25,p85,101,FR,348.6767,430.7743241666666,69.20038533333411,54,61,0.0,0.8894927536231885,11,46,2,1,0,44.54255104064941,200,0,0
INSTANCE_025,0.25,p85,101,NR,342.96770000000004,424.8907931666666,73.72280533333412,53,61,0.0,1.0,0,46,2,2,0,0.0,0,1,0
INSTANCE_025,0.25,p85,101,RG,342.96770000000004,424.8907931666666,73.72280533333412,53,61,0.0,1.0,0,46,2,2,0,92.20337867736816,200,1,0
INSTANCE_025,0.25,p85,101,SA,342.96770000000004,424.8907931666666,73.72280533333412,53,61,0.0,1.0,0,46,2,2,0,93.39404106140135,200,1,0
INSTANCE_025,0.25,p95,101,FR,348.6767,473.8557375000001,205.994415833334,51,61,0.0,0.8894927536231885,11,46,2,1,0,34.01899337768555,200,0,0
INSTANCE_025,0.25,p95,101,NR,342.96770000000004,467.2718225000001,232.43438000000103,49,61,0.0,1.0,0,46,2,2,0,0.0,0,1,0
INSTANCE_025,0.25,p95,101,RG,342.96770000000004,467.2718225000001,232.43438000000103,49,61,0.0,1.0,0,46,2,2,0,88.56582641601562,200,1,0
INSTANCE_025,0.25,p95,101,SA,342.96770000000004,467.2718225000001,232.43438000000103,49,61,0.0,1.0,0,46,2,2,0,89.83945846557617,200,1,0
INSTANCE_025,0.5,delay20,101,FR,348.72610000000003,382.165,61.010000000000105,57,61,0.0,0.5863095238095237,21,31,2,0,0,51.9862174987793,330,0,0
INSTANCE_025,0.5,delay20,101,NR,342.96770000000004,376.8733333333333,73.79833333333374,55,61,0.0,1.0,0,31,2,2,0,0.0,0,1,0
INSTANCE_025,0.5,delay20,101,RG,377.5056,405.4116666666667,53.91499999999997,57,61,0.0,0.8875,13,31,2,1,0,99.02739524841309,240,0,0
INSTANCE_025,0.5,delay20,101,SA,376.496,405.6933333333334,54.270000000000095,56,61,0.0,0.94375,12,31,2,1,0,82.6566219329834,200,0,0
INSTANCE_025,0.5,delay30,101,FR,348.6767,381.8533333333333,130.37166666666712,53,61,0.0,0.8729166666666667,9,31,2,1,0,45.96996307373047,270,0,0
INSTANCE_025,0.5,delay30,101,NR,342.96770000000004,376.8733333333333,151.74666666666724,52,61,0.0,1.0,0,31,2,2,0,0.0,0,1,0
INSTANCE_025,0.5,delay30,101,RG,388.8044,415.77333333333337,100.04999999999971,55,61,0.0,0.5610119047619047,27,31,2,0,0,139.19687271118164,320,0,0
INSTANCE_025,0.5,delay30,101,SA,377.3239,407.37500000000006,104.08166666666716,54,61,0.0,0.7068452380952381,22,31,2,0,0,145.36046981811523,330,0,0
INSTANCE_025,0.5,p85,101,FR,342.96770000000004,406.278152,21.92527900000061,58,61,0.0,1.0,0,31,2,2,0,31.449317932128903,200,1,0
INSTANCE_025,0.5,p85,101,NR,342.96770000000004,406.278152,21.92527900000061,58,61,0.0,1.0,0,31,2,2,0,0.0,0,1,0
INSTANCE_025,0.5,p85,101,RG,376.496,439.59119,13.505507000000648,59,61,0.0,0.94375,12,31,2,1,0,91.95733070373537,200,0,0
INSTANCE_025,0.5,p85,101,SA,376.496,439.59119,13.505507000000648,59,61,0.0,0.94375,12,31,2,1,0,80.53779602050781,200,0,0
INSTANCE_025,0.5,p95,101,FR,346.5512,437.7524358333334,64.72859333333349,56,61,0.0,0.7958333333333334,11,31,2,1,0,44.05117034912109,290,0,0
INSTANCE_025,0.5,p95,101,NR,342.96770000000004,432.2313466666668,72.21248666666713,55,61,0.0,1.0,0,31,2,2,0,0.0,0,1,0
INSTANCE_025,0.5,p95,101,RG,377.5056,469.14568083333336,54.76247333333356,56,61,0.0,0.8875,13,31,2,1,0,98.78325462341309,240,0,0
INSTANCE_025,0.5,p95,101,SA,376.496,469.51001666666673,55.12680916666693,56,61,0.0,0.94375,12,31,2,1,0,82.34286308288574,200,0,0
INSTANCE_025,0.75,delay20,101,FR,342.9488,376.92333333333335,53.35000000000037,56,61,0.0,0.6428571428571428,6,16,2,1,0,40.73953628540039,270,0,0
INSTANCE_025,0.75,delay20,101,NR,342.96770000000004,376.8733333333333,56.900000000000425,56,61,0.0,1.0,0,16,2,2,0,0.0,0,1,0
INSTANCE_025,0.75,delay20,101,RG,342.9488,376.92333333333335,53.35000000000037,56,61,0.0,0.6428571428571428,6,16,2,1,0,113.11149597167967,270,0,0
INSTANCE_025,0.75,delay20,101,SA,342.96770000000004,376.8733333333333,56.900000000000425,56,61,0.0,1.0,0,16,2,2,0,83.23240280151367,200,1,0
INSTANCE_025,0.75,delay30,101,FR,342.96770000000004,376.8733333333333,124.84833333333393,53,61,0.0,1.0,0,16,2,2,0,30.90453147888184,200,1,0
INSTANCE_025,0.75,delay30,101,NR,342.96770000000004,376.8733333333333,124.84833333333393,53,61,0.0,1.0,0,16,2,2,0,0.0,0,1,0
INSTANCE_025,0.75,delay30,101,RG,346.8192,379.7966666666667,123.07166666666716,53,61,0.0,0.9017857142857144,8,16,2,1,0,131.05106353759766,300,0,0
INSTANCE_025,0.75,delay30,101,SA,342.96770000000004,376.8733333333333,124.84833333333393,53,61,0.0,1.0,0,16,2,2,0,83.37068557739258,200,1,0
INSTANCE_025,0.75,p85,101,FR,346.1913,395.6025694999999,4.416615999999976,59,61,0.0,0.6696428571428572,6,16,2,1,0,42.513132095336914,270,0,0
INSTANCE_025,0.75,p85,101,NR,342.96770000000004,392.233121,5.701591500000063,59,61,0.0,1.0,0,16,2,2,0,0.0,0,1,0
INSTANCE_025,0.75,p85,101,RG,346.1914,395.6025695,4.416615999999976,59,61,0.0,0.7053571428571428,6,16,2,1,0,126.21307373046876,300,0,0
INSTANCE_025,0.75,p85,101,SA,342.96770000000004,392.233121,5.701591500000063,59,61,0.0,1.0,0,16,2,2,0,89.42437171936035,200,1,0
INSTANCE_025,0.75,p95,101,FR,346.1914,409.5604841666667,12.870824166666807,58,61,0.0,0.7053571428571428,6,16,2,1,0,49.2706298828125,300,0,0
INSTANCE_025,0.75,p95,101,NR,342.96770000000004,405.7899316666667,14.04088333333334,58,61,0.0,1.0,0,16,2,2,0,0.0,0,1,0
INSTANCE_025,0.75,p95,101,RG,346.1914,409.5604841666667,12.870824166666807,58,61,0.0,0.7053571428571428,6,16,2,1,0,130.1422119140625,300,0,0
INSTANCE_025,0.75,p95,101,SA,342.96770000000004,405.7899316666667,14.04088333333334,58,61,0.0,1.0,0,16,2,2,0,85.33811569213867,200,1,0
INSTANCE_026,0.25,delay20,101,FR,396.9623,423.2016666666666,7.350000000000023,48,49,0.0,0.7485819327731092,22,38,2,0,0,47.73354530334473,310,0,0
INSTANCE_026,0.25,delay20,101,NR,375.3776,408.5516666666666,43.11833333333357,46,49,0.0,1.0,0,38,2,2,0,0.0,0,1,0
INSTANCE_026,0.25,delay20,101,RG,407.9319,432.1216666666666,7.258333333333667,47,49,0.0,0.8833245798319328,16,38,2,0,0,92.37957000732422,220,0,0
INSTANCE_026,0.25,delay20,101,SA,403.1639,427.7383333333332,1.9000000000002049,48,49,0.0,0.8446341036414566,19,38,2,0,0,142.8518295288086,350,0,0
INSTANCE_026,0.25,delay30,101,FR,401.9985,428.5083333333333,16.48666666666702,46,49,0.0,0.7020658263305323,28,38,2,0,0,58.16864967346192,380,0,0
INSTANCE_026,0.25,delay30,101,NR,375.3776,408.5516666666666,73.11833333333357,46,49,0.0,1.0,0,38,2,2,0,0.0,0,1,0
INSTANCE_026,0.25,delay30,101,RG,392.7786,420.2783333333333,14.573333333333608,46,49,0.0,0.7583245798319328,24,38,2,0,0,180.33456802368164,450,0,0
INSTANCE_026,0.25,delay30,101,SA,397.5074000000001,421.99,15.703333333333603,46,49,0.0,0.8196341036414566,25,38,2,0,0,190.4282569885254,500,0,0
INSTANCE_026,0.25,p85,101,FR,379.4253,469.3222126666666,0.0,49,49,0.0,0.9512867647058824,2,38,2,1,0,33.65349769592285,210,0,0
INSTANCE_026,0.25,p85,101,NR,375.3776,461.11724916666657,8.699489333333531,48,49,0.0,1.0,0,38,2,2,0,0.0,0,1,0
INSTANCE_026,0.25,p85,101,RG,388.5469000000001,465.0010731666666,0.0,49,49,0.0,0.9476102941176472,4,38,2,1,0,83.55307579040527,200,0,0
INSTANCE_026,0.25,p85,101,SA,388.5469000000001,465.0010731666666,0.0,49,49,0.0,0.9476102941176472,4,38,2,1,0,84.84220504760742,200,0,0
INSTANCE_026,0.25,p95,101,FR,389.8919000000001,513.0681116666667,9.061627499999872,47,49,0.0,0.8777573529411764,8,38,2,1,0,40.77434539794922,260,0,0
INSTANCE_026,0.25,p95,101,NR,375.3776,507.5125291666667,28.609500833333414,46,49,0.0,1.0,0,38,2,2,0,0.0,0,1,0
INSTANCE_026,0.25,p95,101,RG,388.5469000000001,511.8586891666666,9.061627499999872,47,49,0.0,0.9476102941176472,4,38,2,1,0,82.53741264343262,200,0,0
INSTANCE_026,0.25,p95,101,SA,388.5469000000001,511.8586891666666,9.061627499999872,47,49,0.0,0.9476102941176472,4,38,2,1,0,80.27410507202148,200,0,0
INSTANCE_026,0.5,delay20,101,FR,375.37750000000005,408.4516666666666,8.975000000000136,48,49,0.0,0.8636363636363636,6,25,2,1,0,31.57567977905273,230,0,0
INSTANCE_026,0.5,delay20,101,NR,375.3776,408.5516666666666,25.38333333333356,47,49,0.0,1.0,0,25,2,2,0,0.0,0,1,0
INSTANCE_026,0.5,delay20,101,RG,375.5637,408.51333333333326,8.796666666666852,48,49,0.0,0.7974275724275725,8,25,2,0,0,110.03684997558594,310,0,0
INSTANCE_026,0.5,delay20,101,SA,383.8618,412.6633333333333,8.975000000000136,48,49,0.0,0.931818181818182,4,25,2,1,0,103.2097339630127,280,0,0
INSTANCE_026,0.5,delay30,101,FR,380.0626,407.6916666666666,18.975000000000136,48,49,0.0,0.7795454545454545,8,25,2,1,0,38.74969482421875,260,0,0
INSTANCE_026,0.5,delay30,101,NR,375.3776,408.5516666666666,45.38333333333355,47,49,0.0,1.0,0,25,2,2,0,0.0,0,1,0
INSTANCE_026,0.5,delay30,101,RG,380.2487,407.7533333333333,18.79666666666685,48,49,0.0,0.7678821178821179,8,25,2,0,0,117.85650253295898,290,0,0
INSTANCE_026,0.5,delay30,101,SA,388.5469000000001,411.9116666666666,18.975000000000136,48,49,0.0,0.9363636363636364,4,25,2,1,0,80.5354118347168,200,0,0
INSTANCE_026,0.5,p85,101,FR,375.37750000000005,450.9047956666666,0.0,49,49,0.0,0.8636363636363636,6,25,2,1,0,33.066749572753906,240,0,0
INSTANCE_026,0.5,p85,101,NR,375.3776,451.0203856666666,2.039441333333457,48,49,0.0,1.0,0,25,2,2,0,0.0,0,1,0
INSTANCE_026,0.5,p85,101,RG,379.4597,458.01550716666657,0.0,49,49,0.0,0.8613636363636363,3,25,2,1,0,82.25631713867188,230,0,0
INSTANCE_026,0.5,p85,101,SA,377.1784,454.31855366666656,0.0,49,49,0.0,0.9272727272727272,6,25,2,1,0,80.7645320892334,220,0,0
INSTANCE_026,0.5,p95,101,FR,375.37750000000005,488.3746516666667,0.0,49,49,0.0,0.8636363636363636,6,25,2,1,0,35.13789176940918,240,0,0
INSTANCE_026,0.5,p95,101,NR,375.3776,488.5040016666667,7.009553333333543,48,49,0.0,1.0,0,25,2,2,0,0.0,0,1,0
INSTANCE_026,0.5,p95,101,RG,379.4597,496.3318325,0.0,49,49,0.0,0.8613636363636363,3,25,2,1,0,88.22154998779297,230,0,0
INSTANCE_026,0.5,p95,101,SA,379.4253,497.6856958333334,0.0,49,49,0.0,0.9204545454545454,2,25,2,1,0,87.6779556274414,230,0,0
INSTANCE_026,0.75,delay20,101,FR,375.3776,408.5516666666666,0.0,49,49,0.0,1.0,0,13,2,2,0,28.79166603088379,200,1,0
INSTANCE_026,0.75,delay20,101,NR,375.3776,408.5516666666666,0.0,49,49,0.0,1.0,0,13,2,2,0,0.0,0,1,0
INSTANCE_026,0.75,delay20,101,RG,375.3776,408.5516666666666,0.0,49,49,0.0,1.0,0,13,2,2,0,79.56552505493164,200,1,0
INSTANCE_026,0.75,delay20,101,SA,375.3776,408.5516666666666,0.0,49,49,0.0,1.0,0,13,2,2,0,78.48429679870605,200,1,0
INSTANCE_026,0.75,delay30,101,FR,375.3776,408.5516666666666,0.0,49,49,0.0,1.0,0,13,2,2,0,28.39326858520508,200,1,0
INSTANCE_026,0.75,delay30,101,NR,375.3776,408.5516666666666,0.0,49,49,0.0,1.0,0,13,2,2,0,0.0,0,1,0
INSTANCE_026,0.75,delay30,101,RG,375.3776,408.5516666666666,0.0,49,49,0.0,1.0,0,13,2,2,0,75.49285888671875,200,1,0
INSTANCE_026,0.75,delay30,101,SA,375.3776,408.5516666666666,0.0,49,49,0.0,1.0,0,13,2,2,0,75.31499862670898,200,1,0
INSTANCE_026,0.75,p85,101,FR,375.3776,433.4774783333333,0.0,49,49,0.0,1.0,0,13,2,2,0,28.334617614746094,200,1,0
INSTANCE_026,0.75,p85,101,NR,375.3776,433.4774783333333,0.0,49,49,0.0,1.0,0,13,2,2,0,0.0,0,1,0
INSTANCE_026,0.75,p85,101,RG,375.3776,433.4774783333333,0.0,49,49,0.0,1.0,0,13,2,2,0,75.26135444641113,200,1,0
INSTANCE_026,0.75,p85,101,SA,375.3776,433.4774783333333,0.0,49,49,0.0,1.0,0,13,2,2,0,77.89874076843262,200,1,0
INSTANCE_026,0.75,p95,101,FR,375.3776,455.477425,0.0,49,49,0.0,1.0,0,13,2,2,0,28.56016159057617,200,1,0
INSTANCE_026,0.75,p95,101,NR,375.3776,455.477425,0.0,49,49,0.0,1.0,0,13,2,2,0,0.0,0,1,0
INSTANCE_026,0.75,p95,101,RG,375.3776,455.477425,0.0,49,49,0.0,1.0,0,13,2,2,0,76.84040069580078,200,1,0
INSTANCE_026,0.75,p95,101,SA,375.3776,455.477425,0.0,49,49,0.0,1.0,0,13,2,2,0,74.90301132202148,200,1,0
INSTANCE_027,0.25,delay20,101,FR,298.3241,317.1083333333333,28.03500000000031,59,64,0.0,0.8603896103896104,11,49,2,1,0,55.64618110656738,330,0,0
INSTANCE_027,0.25,delay20,101,NR,295.5573999999999,314.0783333333334,32.678333333333285,59,64,0.0,1.0,0,49,2,2,0,0.0,0,1,0
INSTANCE_027,0.25,delay20,101,RG,297.1520999999999,315.55500000000006,26.4816666666668,59,64,0.0,0.935064935064935,7,49,2,1,0,105.83233833312988,240,0,0
INSTANCE_027,0.25,delay20,101,SA,297.1520999999999,315.55500000000006,26.4816666666668,59,64,0.0,0.935064935064935,7,49,2,1,0,107.95927047729492,240,0,0
INSTANCE_027,0.25,delay30,101,FR,295.5573999999999,314.0783333333334,86.72166666666658,57,64,0.0,1.0,0,49,2,2,0,31.97169303894043,200,1,0
INSTANCE_027,0.25,delay30,101,NR,295.5573999999999,314.0783333333334,86.72166666666658,57,64,0.0,1.0,0,49,2,2,0,0.0,0,1,0
INSTANCE_027,0.25,delay30,101,RG,297.1520999999999,315.55500000000006,81.4966666666669,57,64,0.0,0.935064935064935,7,49,2,1,0,103.3785343170166,240,0,0
INSTANCE_027,0.25,delay30,101,SA,297.1520999999999,315.55500000000006,81.4966666666669,57,64,0.0,0.935064935064935,7,49,2,1,0,101.5183925628662,240,0,0
INSTANCE_027,0.25,p85,101,FR,298.3241,354.31178966666664,9.318579166666495,62,64,0.0,0.8603896103896104,11,49,2,1,0,56.50162696838379,330,0,0
INSTANCE_027,0.25,p85,101,NR,295.5573999999999,350.8094126666666,14.701398166666422,62,64,0.0,1.0,0,49,2,2,0,0.0,0,1,0
INSTANCE_027,0.25,p85,101,RG,297.3137999999999,353.1481836666667,8.154973166666537,62,64,0.0,0.8614718614718615,11,49,2,1,0,128.77321243286133,290,0,0
INSTANCE_027,0.25,p85,101,SA,297.15219999999994,352.5162916666667,8.222400666666545,62,64,0.0,0.8744588744588745,8,49,2,1,0,131.57105445861816,290,0,0
INSTANCE_027,0.25,p95,101,FR,297.1520999999999,385.1389583333332,51.1031808333338,60,64,0.0,0.935064935064935,7,49,2,1,0,55.33528327941895,320,0,0
INSTANCE_027,0.25,p95,101,NR,295.5573999999999,383.2288899999999,58.689403333333765,59,64,0.0,1.0,0,49,2,2,0,0.0,0,1,0
INSTANCE_027,0.25,p95,101,RG,297.1520999999999,385.1389583333332,51.1031808333338,60,64,0.0,0.935064935064935,7,49,2,1,0,102.96154022216795,240,0,0
INSTANCE_027,0.25,p95,101,SA,308.156,403.2910749999999,28.87627166666698,61,64,0.0,0.7987012987012987,13,49,2,1,0,154.0055274963379,370,0,0
INSTANCE_027,0.5,delay20,101,FR,280.76059999999995,302.06500000000005,25.995000000000232,61,64,0.0,0.6666666666666666,15,33,2,1,0,41.214704513549805,230,0,0
INSTANCE_027,0.5,delay20,101,NR,295.5573999999999,314.0783333333334,32.50500000000011,60,64,0.0,1.0,0,33,2,2,0,0.0,0,1,0
INSTANCE_027,0.5,delay20,101,RG,295.9816,316.08500000000004,25.995000000000232,61,64,0.0,0.6488095238095238,15,33,2,1,0,178.57980728149414,380,0,0
INSTANCE_027,0.5,delay20,101,SA,326.88899999999995,345.4000000000001,25.995000000000232,61,64,0.0,0.9404761904761904,11,33,2,1,0,95.04103660583496,200,0,0
INSTANCE_027,0.5,delay30,101,FR,280.76059999999995,302.06500000000005,59.30166666666696,60,64,0.0,0.6666666666666666,15,33,2,1,0,40.88068008422852,230,0,0
INSTANCE_027,0.5,delay30,101,NR,295.5573999999999,314.0783333333334,76.5483333333334,58,64,0.0,1.0,0,33,2,2,0,0.0,0,1,0
INSTANCE_027,0.5,delay30,101,RG,295.9816,316.08500000000004,59.30166666666696,60,64,0.0,0.6488095238095238,15,33,2,1,0,166.9602394104004,380,0,0
INSTANCE_027,0.5,delay30,101,SA,302.0794,321.4833333333333,59.30166666666696,60,64,0.0,0.7559523809523809,14,33,2,1,0,133.76665115356445,290,0,0
INSTANCE_027,0.5,p85,101,FR,280.76059999999995,326.78346466666665,1.618762833333335,63,64,0.0,0.6666666666666666,15,33,2,1,0,39.97325897216797,230,0,0
INSTANCE_027,0.5,p85,101,NR,295.5573999999999,340.66967666666665,4.561662166666224,62,64,0.0,1.0,0,33,2,2,0,0.0,0,1,0
INSTANCE_027,0.5,p85,101,RG,295.9816,342.9891826666667,1.618762833333335,63,64,0.0,0.6488095238095238,15,33,2,1,0,167.47093200683594,380,0,0
INSTANCE_027,0.5,p85,101,SA,300.3578999999999,345.7980196666666,1.618762833333335,63,64,0.0,0.9595238095238094,3,33,2,1,0,119.05503273010254,260,0,0
INSTANCE_027,0.5,p95,101,FR,280.76059999999995,348.60040333333325,3.477050833333351,63,64,0.0,0.6666666666666666,15,33,2,1,0,36.08584403991699,230,0,0
INSTANCE_027,0.5,p95,101,NR,295.5573999999999,364.13965,20.923907499999927,62,64,0.0,1.0,0,33,2,2,0,0.0,0,1,0
INSTANCE_027,0.5,p95,101,RG,295.9816,366.7352733333333,3.477050833333351,63,64,0.0,0.6488095238095238,15,33,2,1,0,156.42261505126953,380,0,0
INSTANCE_027,0.5,p95,101,SA,302.0794,373.7180175,3.477050833333351,63,64,0.0,0.7559523809523809,14,33,2,1,0,124.3748664855957,290,0,0
INSTANCE_027,0.75,delay20,101,FR,295.5574,314.0783333333333,3.4933333333333394,63,64,0.0,0.7857142857142857,6,17,2,1,0,32.15479850769043,200,0,0
INSTANCE_027,0.75,delay20,101,NR,295.5573999999999,314.0783333333334,10.003333333333217,62,64,0.0,1.0,0,17,2,2,0,0.0,0,1,0
INSTANCE_027,0.75,delay20,101,RG,295.5574,314.0783333333333,3.4933333333333394,63,64,0.0,0.7857142857142857,6,17,2,1,0,157.91583061218262,350,0,0
INSTANCE_027,0.75,delay20,101,SA,295.55749999999995,314.0783333333334,3.4933333333333394,63,64,0.0,0.9017857142857144,4,17,2,1,0,102.33044624328612,230,0,0
INSTANCE_027,0.75,delay30,101,FR,295.5574,314.0783333333333,22.561666666666497,61,64,0.0,0.7857142857142857,6,17,2,1,0,32.37485885620117,200,0,0
INSTANCE_027,0.75,delay30,101,NR,295.5573999999999,314.0783333333334,30.73999999999978,61,64,0.0,1.0,0,17,2,2,0,0.0,0,1,0
INSTANCE_027,0.75,delay30,101,RG,295.5574,314.0783333333333,22.561666666666497,61,64,0.0,0.7857142857142857,6,17,2,1,0,148.0693817138672,350,0,0
INSTANCE_027,0.75,delay30,101,SA,295.55749999999995,314.0783333333334,22.561666666666497,61,64,0.0,0.9017857142857144,4,17,2,1,0,106.64629936218262,230,0,0
INSTANCE_027,0.75,p85,101,FR,295.55729999999994,328.68408466666665,0.0,64,64,0.0,0.8839285714285714,2,17,2,1,0,42.868852615356445,240,0,0
INSTANCE_027,0.75,p85,101,NR,295.5573999999999,328.68408466666665,0.0,64,64,0.0,1.0,0,17,2,2,0,0.0,0,1,0
INSTANCE_027,0.75,p85,101,RG,295.5574,328.68408466666665,0.0,64,64,0.0,0.7053571428571428,6,17,2,1,0,110.21852493286131,230,0,0
INSTANCE_027,0.75,p85,101,SA,295.5573999999999,328.68408466666665,0.0,64,64,0.0,1.0,0,17,2,2,0,98.50716590881348,200,1,0
INSTANCE_027,0.75,p95,101,FR,295.5574,341.57537,0.0,64,64,0.0,0.7857142857142857,6,17,2,1,0,34.00540351867676,200,0,0
INSTANCE_027,0.75,p95,101,NR,295.5573999999999,341.57537,1.706451666666453,63,64,0.0,1.0,0,17,2,2,0,0.0,0,1,0
INSTANCE_027,0.75,p95,101,RG,295.5574,341.57537,0.0,64,64,0.0,0.7857142857142857,6,17,2,1,0,161.1192226409912,350,0,0
INSTANCE_027,0.75,p95,101,SA,295.5573999999999,341.57537,1.706451666666453,63,64,0.0,1.0,0,17,2,2,0,92.52333641052246,200,1,0
INSTANCE_028,0.25,delay20,101,FR,306.9923,363.4966666666666,125.21833333333312,56,64,0.0,1.0,0,49,2,2,0,29.80327606201172,200,1,0
INSTANCE_028,0.25,delay20,101,NR,306.9923,363.4966666666666,125.21833333333312,56,64,0.0,1.0,0,49,2,2,0,0.0,0,1,0
INSTANCE_028,0.25,delay20,101,RG,306.9923,363.4966666666666,125.21833333333312,56,64,0.0,1.0,0,49,2,2,0,81.17151260375977,200,1,0
INSTANCE_028,0.25,delay20,101,SA,306.9923,363.4966666666666,125.21833333333312,56,64,0.0,1.0,0,49,2,2,0,83.1151008605957,200,1,0
INSTANCE_028,0.25,delay30,101,FR,311.35040000000004,363.26166666666666,213.0066666666662,53,64,0.0,0.9632034632034632,2,49,2,1,0,45.58563232421875,280,0,0
INSTANCE_028,0.25,delay30,101,NR,306.9923,363.4966666666666,218.3299999999996,52,64,0.0,1.0,0,49,2,2,0,0.0,0,1,0
INSTANCE_028,0.25,delay30,101,RG,306.9923,363.4966666666666,218.3299999999996,52,64,0.0,1.0,0,49,2,2,0,87.85367012023926,200,1,0
INSTANCE_028,0.25,delay30,101,SA,306.9923,363.4966666666666,218.3299999999996,52,64,0.0,1.0,0,49,2,2,0,93.38808059692384,200,1,0
INSTANCE_028,0.25,p85,101,FR,306.9923,408.1838426666666,95.90484000000085,57,64,0.0,1.0,0,49,2,2,0,32.88412094116211,200,1,0
INSTANCE_028,0.25,p85,101,NR,306.9923,408.1838426666666,95.90484000000085,57,64,0.0,1.0,0,49,2,2,0,0.0,0,1,0
INSTANCE_028,0.25,p85,101,RG,306.9923,408.1838426666666,95.90484000000085,57,64,0.0,1.0,0,49,2,2,0,82.83710479736328,200,1,0
INSTANCE_028,0.25,p85,101,SA,306.9923,408.1838426666666,95.90484000000085,57,64,0.0,1.0,0,49,2,2,0,83.84418487548828,200,1,0
INSTANCE_028,0.25,p95,101,FR,306.9923,447.6255066666668,212.6479441666686,55,64,0.0,1.0,0,49,2,2,0,34.04521942138672,200,1,0
INSTANCE_028,0.25,p95,101,NR,306.9923,447.6255066666668,212.6479441666686,55,64,0.0,1.0,0,49,2,2,0,0.0,0,1,0
INSTANCE_028,0.25,p95,101,RG,306.9923,447.6255066666668,212.6479441666686,55,64,0.0,1.0,0,49,2,2,0,89.8897647857666,200,1,0
INSTANCE_028,0.25,p95,101,SA,306.9923,447.6255066666668,212.6479441666686,55,64,0.0,1.0,0,49,2,2,0,81.52222633361816,200,1,0
INSTANCE_028,0.5,delay20,101,FR,306.9923,363.4966666666666,107.0949999999998,57,64,0.0,1.0,0,33,2,2,0,31.64458274841309,200,1,0
INSTANCE_028,0.5,delay20,101,NR,306.9923,363.4966666666666,107.0949999999998,57,64,0.0,1.0,0,33,2,2,0,0.0,0,1,0
INSTANCE_028,0.5,delay20,101,RG,307.43500000000006,365.8566666666666,86.39999999999964,58,64,0.0,0.9547619047619048,5,33,2,1,0,83.20784568786621,200,0,0
INSTANCE_028,0.5,delay20,101,SA,307.43500000000006,365.8566666666666,86.39999999999964,58,64,0.0,0.9547619047619048,5,33,2,1,0,87.62955665588379,200,0,0
INSTANCE_028,0.5,delay30,101,FR,314.8369,372.135,176.76499999999942,55,64,0.0,0.9392857142857144,4,33,2,1,0,41.79811477661133,270,0,0
INSTANCE_028,0.5,delay30,101,NR,306.9923,363.4966666666666,189.1749999999996,54,64,0.0,1.0,0,33,2,2,0,0.0,0,1,0
INSTANCE_028,0.5,delay30,101,RG,307.43500000000006,365.8566666666666,159.92666666666605,55,64,0.0,0.9547619047619048,5,33,2,1,0,81.89010620117188,200,0,0
INSTANCE_028,0.5,delay30,101,SA,307.43500000000006,365.8566666666666,159.92666666666605,55,64,0.0,0.9547619047619048,5,33,2,1,0,81.49194717407227,200,0,0
INSTANCE_028,0.5,p85,101,FR,306.9923,393.1571613333333,48.7934631666667,59,64,0.0,1.0,0,33,2,2,0,33.30183029174805,200,1,0
INSTANCE_028,0.5,p85,101,NR,306.9923,393.1571613333333,48.7934631666667,59,64,0.0,1.0,0,33,2,2,0,0.0,0,1,0
INSTANCE_028,0.5,p85,101,RG,307.43500000000006,395.8850853333332,35.09670733333314,60,64,0.0,0.9547619047619048,5,33,2,1,0,86.92479133605957,200,0,0
INSTANCE_028,0.5,p85,101,SA,307.43500000000006,395.8850853333332,35.09670733333314,60,64,0.0,0.9547619047619048,5,33,2,1,0,88.42682838439941,200,0,0
INSTANCE_028,0.5,p95,101,FR,306.9923,419.33602,96.0423400000002,58,64,0.0,0.944047619047619,2,33,2,1,0,37.8115177154541,200,0,0
INSTANCE_028,0.5,p95,101,NR,306.9923,419.33602,96.04234000000076,58,64,0.0,1.0,0,33,2,2,0,0.0,0,1,0
INSTANCE_028,0.5,p95,101,RG,307.43500000000006,422.38868,77.24670583333375,59,64,0.0,0.9547619047619048,5,33,2,1,0,86.30108833312988,200,0,0
INSTANCE_028,0.5,p95,101,SA,307.43500000000006,422.38868,77.24670583333375,59,64,0.0,0.9547619047619048,5,33,2,1,0,83.0683708190918,200,0,0
INSTANCE_028,0.75,delay20,101,FR,306.9923,363.4966666666666,84.35833333333335,59,64,0.0,1.0,0,17,2,2,0,32.45878219604492,200,1,0
INSTANCE_028,0.75,delay20,101,NR,306.9923,363.4966666666666,84.35833333333335,59,64,0.0,1.0,0,17,2,2,0,0.0,0,1,0
INSTANCE_028,0.75,delay20,101,RG,307.43500000000006,365.8566666666666,63.66333333333319,60,64,0.0,0.8928571428571429,5,17,2,1,0,87.71753311157227,200,0,0
INSTANCE_028,0.75,delay20,101,SA,307.43500000000006,365.8566666666666,63.66333333333319,60,64,0.0,0.8928571428571429,5,17,2,1,0,87.93020248413086,200,0,0
INSTANCE_028,0.75,delay30,101,FR,307.43500000000006,365.8566666666666,112.29833333333306,58,64,0.0,0.8928571428571429,5,17,2,1,0,42.50168800354004,280,0,0
INSTANCE_028,0.75,delay30,101,NR,306.9923,363.4966666666666,141.54666666666662,57,64,0.0,1.0,0,17,2,2,0,0.0,0,1,0
INSTANCE_028,0.75,delay30,101,RG,307.43500000000006,365.8566666666666,112.29833333333306,58,64,0.0,0.8928571428571429,5,17,2,1,0,79.24866676330566,200,0,0
INSTANCE_028,0.75,delay30,101,SA,307.43500000000006,365.8566666666666,112.29833333333306,58,64,0.0,0.8928571428571429,5,17,2,1,0,80.84654808044434,200,0,0
INSTANCE_028,0.75,p85,101,FR,308.1806,381.5024566666666,17.964667166666572,62,64,0.0,0.8125,7,17,2,1,0,47.85609245300293,310,0,0
INSTANCE_028,0.75,p85,101,NR,306.9923,377.7669731666666,25.15710766666666,62,64,0.0,1.0,0,17,2,2,0,0.0,0,1,0
INSTANCE_028,0.75,p85,101,RG,307.43500000000006,380.4948971666666,16.957107666666616,62,64,0.0,0.8928571428571429,5,17,2,1,0,88.22751045227051,200,0,0
INSTANCE_028,0.75,p85,101,SA,307.43500000000006,380.4948971666666,16.957107666666616,62,64,0.0,0.8928571428571429,5,17,2,1,0,84.95855331420898,200,0,0
INSTANCE_028,0.75,p95,101,FR,306.9923,390.36218916666667,34.5531991666669,61,64,0.0,1.0,0,17,2,2,0,32.32145309448242,200,1,0
INSTANCE_028,0.75,p95,101,NR,306.9923,390.36218916666667,34.5531991666669,61,64,0.0,1.0,0,17,2,2,0,0.0,0,1,0
INSTANCE_028,0.75,p95,101,RG,307.43500000000006,393.4148491666666,25.670398333333424,62,64,0.0,0.8928571428571429,5,17,2,1,0,84.92279052734375,200,0,0
INSTANCE_028,0.75,p95,101,SA,307.43500000000006,393.4148491666666,25.670398333333424,62,64,0.0,0.8928571428571429,5,17,2,1,0,84.22303199768066,200,0,0
INSTANCE_029,0.25,delay20,101,FR,318.2981,366.3366666666667,16.340000000000146,44,45,0.0,0.636528326745718,21,35,2,0,0,47.00207710266113,300,0,0
INSTANCE_029,0.25,delay20,101,NR,269.3807,324.435,37.76333333333355,41,45,0.0,1.0,0,35,2,2,0,0.0,0,1,0
INSTANCE_029,0.25,delay20,101,RG,307.0494,358.80833333333334,23.6400000000001,42,45,0.0,0.7272727272727273,7,35,2,1,0,107.7744960784912,260,0,0
INSTANCE_029,0.25,delay20,101,SA,318.1579,368.6283333333333,23.6400000000001,42,45,0.0,0.7651515151515151,11,35,2,1,0,89.68448638916016,210,0,0
INSTANCE_029,0.25,delay30,101,FR,297.742,350.5433333333333,48.150000000000205,42,45,0.0,0.658102766798419,12,35,2,0,0,37.357330322265625,250,0,0
INSTANCE_029,0.25,delay30,101,NR,269.3807,324.435,77.76333333333355,41,45,0.0,1.0,0,35,2,2,0,0.0,0,1,0
INSTANCE_029,0.25,delay30,101,RG,318.1579,368.6283333333333,53.6400000000001,42,45,0.0,0.7651515151515151,11,35,2,1,0,84.36417579650879,210,0,0
INSTANCE_029,0.25,delay30,101,SA,318.1579,368.6283333333333,53.6400000000001,42,45,0.0,0.7651515151515151,11,35,2,1,0,84.13195610046387,210,0,0
INSTANCE_029,0.25,p85,101,FR,280.6268,382.9883691666666,3.2830278333329943,43,45,0.0,0.6136363636363636,12,35,2,1,0,71.11978530883789,500,0,0
INSTANCE_029,0.25,p85,101,NR,269.3807,366.48019066666666,12.915812833333009,42,45,0.0,1.0,0,35,2,2,0,0.0,0,1,0
INSTANCE_029,0.25,p85,101,RG,307.0494,406.2123266666666,3.2830278333329943,43,45,0.0,0.7272727272727273,7,35,2,1,0,94.65694427490234,260,0,0
INSTANCE_029,0.25,p85,101,SA,305.0303,407.8036156666666,3.2830278333329943,43,45,0.0,0.8977272727272727,10,35,2,1,0,84.51437950134277,230,0,0
INSTANCE_029,0.25,p95,101,FR,300.1333,436.293985,28.07694250000065,43,45,0.0,0.6363636363636364,10,35,2,1,0,59.12518501281738,410,0,0
INSTANCE_029,0.25,p95,101,NR,269.3807,403.5899933333333,51.39863416666742,42,45,0.0,1.0,0,35,2,2,0,0.0,0,1,0
INSTANCE_029,0.25,p95,101,RG,318.1579,460.75407,28.07694250000065,43,45,0.0,0.7651515151515151,11,35,2,1,0,81.9249153137207,210,0,0
INSTANCE_029,0.25,p95,101,SA,318.1579,460.75407,28.07694250000065,43,45,0.0,0.7651515151515151,11,35,2,1,0,80.7192325592041,210,0,0
INSTANCE_029,0.5,delay20,101,FR,276.9911,334.3283333333334,16.231666666666797,42,45,0.0,0.9017857142857144,4,23,2,1,0,87.74685859680176,420,0,0
INSTANCE_029,0.5,delay20,101,NR,269.3807,324.435,29.31500000000017,42,45,0.0,1.0,0,23,2,2,0,0.0,0,1,0
INSTANCE_029,0.5,delay20,101,RG,276.9911,334.3283333333334,16.231666666666797,42,45,0.0,0.9017857142857144,4,23,2,1,0,261.2922191619873,500,0,0
INSTANCE_029,0.5,delay20,101,SA,291.2547,350.2683333333333,15.19166666666672,43,45,0.0,0.8125,8,23,2,1,0,135.70189476013184,330,0,0
INSTANCE_029,0.5,delay30,101,FR,315.6521,366.8666666666667,35.19166666666672,43,45,0.0,0.7410714285714286,8,23,2,1,0,52.97660827636719,370,0,0
INSTANCE_029,0.5,delay30,101,NR,269.3807,324.435,59.31500000000017,42,45,0.0,1.0,0,23,2,2,0,0.0,0,1,0
INSTANCE_029,0.5,delay30,101,RG,328.23139999999995,378.665,35.19166666666672,43,45,0.0,0.7678571428571428,7,23,2,1,0,79.33807373046875,200,0,0
INSTANCE_029,0.5,delay30,101,SA,328.23139999999995,378.665,35.19166666666672,43,45,0.0,0.7678571428571428,7,23,2,1,0,78.62567901611328,200,0,0
INSTANCE_029,0.5,p85,101,FR,287.77199999999993,369.3380985,0.0,45,45,0.0,0.6428571428571428,7,23,2,1,0,47.539472579956055,340,0,0
INSTANCE_029,0.5,p85,101,NR,269.3807,358.235679,7.226468500000124,44,45,0.0,1.0,0,23,2,2,0,0.0,0,1,0
INSTANCE_029,0.5,p85,101,RG,284.7059,371.8656665,0.0,45,45,0.0,0.7767857142857143,6,23,2,1,0,146.04783058166504,370,0,0
INSTANCE_029,0.5,p85,101,SA,269.3807,358.235679,7.226468500000124,44,45,0.0,1.0,0,23,2,2,0,74.35488700866699,200,1,0
INSTANCE_029,0.5,p95,101,FR,288.0819,416.2885933333333,7.777846666667074,44,45,0.0,0.6160714285714286,7,23,2,1,0,57.44433403015137,390,0,0
INSTANCE_029,0.5,p95,101,NR,269.3807,388.06873500000006,26.569365833333904,43,45,0.0,1.0,0,23,2,2,0,0.0,0,1,0
INSTANCE_029,0.5,p95,101,RG,288.0819,416.2885933333333,7.777846666667074,44,45,0.0,0.6160714285714286,7,23,2,1,0,168.66445541381836,420,0,0
INSTANCE_029,0.5,p95,101,SA,291.2547,421.48415166666666,7.777846666667074,44,45,0.0,0.8125,8,23,2,1,0,126.2836456298828,310,0,0
INSTANCE_029,0.75,delay20,101,FR,276.9911,334.3283333333334,3.1033333333334667,43,45,0.0,0.7916666666666666,4,12,2,1,0,37.290334701538086,230,0,0
INSTANCE_029,0.75,delay20,101,NR,269.3807,324.435,16.186666666666838,43,45,0.0,1.0,0,12,2,2,0,0.0,0,1,0
INSTANCE_029,0.75,delay20,101,RG,276.9911,334.3283333333334,3.1033333333334667,43,45,0.0,0.7916666666666666,4,12,2,1,0,92.12851524353027,220,0,0
INSTANCE_029,0.75,delay20,101,SA,276.9911,334.3283333333334,3.1033333333334667,43,45,0.0,0.7916666666666666,4,12,2,1,0,92.46134757995604,220,0,0
INSTANCE_029,0.75,delay30,101,FR,276.9911,334.3283333333334,23.103333333333467,43,45,0.0,0.7916666666666666,4,12,2,1,0,33.429861068725586,230,0,0
INSTANCE_029,0.75,delay30,101,NR,269.3807,324.435,36.18666666666684,43,45,0.0,1.0,0,12,2,2,0,0.0,0,1,0
INSTANCE_029,0.75,delay30,101,RG,276.9911,334.3283333333334,23.103333333333467,43,45,0.0,0.7916666666666666,4,12,2,1,0,89.25342559814453,220,0,0
INSTANCE_029,0.75,delay30,101,SA,276.9911,334.3283333333334,23.103333333333467,43,45,0.0,0.7916666666666666,4,12,2,1,0,90.57974815368652,220,0,0
INSTANCE_029,0.75,p85,101,FR,269.3807,343.3103326666667,1.1965163333334203,44,45,0.0,1.0,0,12,2,2,0,35.284996032714844,200,1,0
INSTANCE_029,0.75,p85,101,NR,269.3807,343.3103326666667,1.1965163333334203,44,45,0.0,1.0,0,12,2,2,0,0.0,0,1,0
INSTANCE_029,0.75,p85,101,RG,269.3807,343.3103326666667,1.1965163333334203,44,45,0.0,1.0,0,12,2,2,0,96.27509117126463,200,1,0
INSTANCE_029,0.75,p85,101,SA,269.3807,343.3103326666667,1.1965163333334203,44,45,0.0,1.0,0,12,2,2,0,95.66164016723631,200,1,0
INSTANCE_029,0.75,p95,101,FR,276.9911,372.76705,0.0,45,45,0.0,0.7916666666666666,4,12,2,1,0,32.36842155456543,230,0,0
INSTANCE_029,0.75,p95,101,NR,269.3807,359.9700233333334,7.439428333333467,44,45,0.0,1.0,0,12,2,2,0,0.0,0,1,0
INSTANCE_029,0.75,p95,101,RG,276.9911,372.76705,0.0,45,45,0.0,0.7916666666666666,4,12,2,1,0,86.6851806640625,220,0,0
INSTANCE_029,0.75,p95,101,SA,269.3807,359.9700233333334,7.439428333333467,44,45,0.0,1.0,0,12,2,2,0,80.17468452453613,200,1,0
INSTANCE_031,0.25,delay20,101,FR,198.47240000000005,209.33833333333337,118.02333333333549,22,29,0.0,1.0,0,22,1,1,0,15.77472686767578,100,1,0
INSTANCE_031,0.25,delay20,101,NR,198.47240000000005,209.33833333333337,118.02333333333549,22,29,0.0,1.0,0,22,1,1,0,0.0,0,1,0
INSTANCE_031,0.25,delay20,101,RG,198.47240000000005,209.33833333333337,118.02333333333549,22,29,0.0,1.0,0,22,1,1,0,42.086124420166016,100,1,0
INSTANCE_031,0.25,delay20,101,SA,198.47240000000005,209.33833333333337,118.02333333333549,22,29,0.0,1.0,0,22,1,1,0,41.13650321960449,100,1,0
INSTANCE_031,0.25,delay30,101,FR,198.47240000000005,209.33833333333337,199.7900000000028,20,29,0.0,1.0,0,22,1,1,0,15.633821487426758,100,1,0
INSTANCE_031,0.25,delay30,101,NR,198.47240000000005,209.33833333333337,199.7900000000028,20,29,0.0,1.0,0,22,1,1,0,0.0,0,1,0
INSTANCE_031,0.25,delay30,101,RG,198.47240000000005,209.33833333333337,199.7900000000028,20,29,0.0,1.0,0,22,1,1,0,40.51876068115234,100,1,0
INSTANCE_031,0.25,delay30,101,SA,198.47240000000005,209.33833333333337,199.7900000000028,20,29,0.0,1.0,0,22,1,1,0,39.95180130004883,100,1,0
INSTANCE_031,0.25,p85,101,FR,198.47240000000005,231.95032916666668,75.9831715000023,23,29,0.0,1.0,0,22,1,1,0,17.020463943481445,100,1,0
INSTANCE_031,0.25,p85,101,NR,198.47240000000005,231.95032916666668,75.9831715000023,23,29,0.0,1.0,0,22,1,1,0,0.0,0,1,0
INSTANCE_031,0.25,p85,101,RG,198.47240000000005,231.95032916666668,75.9831715000023,23,29,0.0,1.0,0,22,1,1,0,45.29738426208496,100,1,0
INSTANCE_031,0.25,p85,101,SA,198.47240000000005,231.95032916666668,75.9831715000023,23,29,0.0,1.0,0,22,1,1,0,44.91186141967773,100,1,0
INSTANCE_031,0.25,p95,101,FR,198.47240000000005,251.90806250000003,158.37706250000315,22,29,2.0080625000005057,1.0,0,22,1,1,0,16.26420021057129,100,1,0
INSTANCE_031,0.25,p95,101,NR,198.47240000000005,251.90806250000003,158.37706250000315,22,29,2.0080625000005057,1.0,0,22,1,1,0,0.0,0,1,0
INSTANCE_031,0.25,p95,101,RG,198.47240000000005,251.90806250000003,158.37706250000315,22,29,2.0080625000005057,1.0,0,22,1,1,0,42.03295707702637,100,1,0
INSTANCE_031,0.25,p95,101,SA,198.47240000000005,251.90806250000003,158.37706250000315,22,29,2.0080625000005057,1.0,0,22,1,1,0,42.89913177490234,100,1,0
INSTANCE_031,0.5,delay20,101,FR,198.47240000000005,209.33833333333337,93.90666666666824,24,29,0.0,1.0,0,15,1,1,0,14.896392822265623,100,1,0
INSTANCE_031,0.5,delay20,101,NR,198.47240000000005,209.33833333333337,93.90666666666824,24,29,0.0,1.0,0,15,1,1,0,0.0,0,1,0
INSTANCE_031,0.5,delay20,101,RG,198.47240000000005,209.33833333333337,93.90666666666824,24,29,0.0,1.0,0,15,1,1,0,40.33160209655762,100,1,0
INSTANCE_031,0.5,delay20,101,SA,198.47240000000005,209.33833333333337,93.90666666666824,24,29,0.0,1.0,0,15,1,1,0,41.16535186767578,100,1,0
INSTANCE_031,0.5,delay30,101,FR,198.47240000000005,209.33833333333337,155.67333333333556,22,29,0.0,1.0,0,15,1,1,0,15.941143035888672,100,1,0
INSTANCE_031,0.5,delay30,101,NR,198.47240000000005,209.33833333333337,155.67333333333556,22,29,0.0,1.0,0,15,1,1,0,0.0,0,1,0
INSTANCE_031,0.5,delay30,101,RG,198.47240000000005,209.33833333333337,155.67333333333556,22,29,0.0,1.0,0,15,1,1,0,42.11831092834473,100,1,0
INSTANCE_031,0.5,delay30,101,SA,198.47240000000005,209.33833333333337,155.67333333333556,22,29,0.0,1.0,0,15,1,1,0,42.23799705505371,100,1,0
INSTANCE_031,0.5,p85,101,FR,198.47240000000005,225.0387625,42.0080335000016,25,29,0.0,1.0,0,15,1,1,0,15.72895050048828,100,1,0
INSTANCE_031,0.5,p85,101,NR,198.47240000000005,225.0387625,42.0080335000016,25,29,0.0,1.0,0,15,1,1,0,0.0,0,1,0
INSTANCE_031,0.5,p85,101,RG,198.47240000000005,225.0387625,42.0080335000016,25,29,0.0,1.0,0,15,1,1,0,41.46742820739746,100,1,0
INSTANCE_031,0.5,p85,101,SA,198.47240000000005,225.0387625,42.0080335000016,25,29,0.0,1.0,0,15,1,1,0,40.18115997314453,100,1,0
INSTANCE_031,0.5,p95,101,FR,198.47240000000005,238.89622916666667,76.1619983333361,24,29,0.0,1.0,0,15,1,1,0,15.193462371826172,100,1,0
INSTANCE_031,0.5,p95,101,NR,198.47240000000005,238.89622916666667,76.1619983333361,24,29,0.0,1.0,0,15,1,1,0,0.0,0,1,0
INSTANCE_031,0.5,p95,101,RG,198.47240000000005,238.89622916666667,76.1619983333361,24,29,0.0,1.0,0,15,1,1,0,39.10517692565918,100,1,0
INSTANCE_031,0.5,p95,101,SA,198.47240000000005,238.89622916666667,76.1619983333361,24,29,0.0,1.0,0,15,1,1,0,38.25640678405762,100,1,0
INSTANCE_031,0.75,delay20,101,FR,198.47240000000005,209.33833333333337,93.90666666666824,24,29,0.0,1.0,0,8,1,1,0,13.96036148071289,100,1,0
INSTANCE_031,0.75,delay20,101,NR,198.47240000000005,209.33833333333337,93.90666666666824,24,29,0.0,1.0,0,8,1,1,0,0.0,0,1,0
INSTANCE_031,0.75,delay20,101,RG,198.47240000000005,209.33833333333337,93.90666666666824,24,29,0.0,1.0,0,8,1,1,0,39.75486755371094,100,1,0
INSTANCE_031,0.75,delay20,101,SA,198.47240000000005,209.33833333333337,93.90666666666824,24,29,0.0,1.0,0,8,1,1,0,40.4205322265625,100,1,0
INSTANCE_031,0.75,delay30,101,FR,198.47240000000005,209.33833333333337,155.67333333333556,22,29,0.0,1.0,0,8,1,1,0,15.810728073120115,100,1,0
INSTANCE_031,0.75,delay30,101,NR,198.47240000000005,209.33833333333337,155.67333333333556,22,29,0.0,1.0,0,8,1,1,0,0.0,0,1,0
INSTANCE_031,0.75,delay30,101,RG,198.47240000000005,209.33833333333337,155.67333333333556,22,29,0.0,1.0,0,8,1,1,0,40.885210037231445,100,1,0
INSTANCE_031,0.75,delay30,101,SA,198.47240000000005,209.33833333333337,155.67333333333556,22,29,0.0,1.0,0,8,1,1,0,41.535377502441406,100,1,0
INSTANCE_031,0.75,p85,101,FR,198.47240000000005,217.4360391666667,18.12774883333418,27,29,0.0,1.0,0,8,1,1,0,15.523672103881836,100,1,0
INSTANCE_031,0.75,p85,101,NR,198.47240000000005,217.4360391666667,18.12774883333418,27,29,0.0,1.0,0,8,1,1,0,0.0,0,1,0
INSTANCE_031,0.75,p85,101,RG,198.47240000000005,217.4360391666667,18.12774883333418,27,29,0.0,1.0,0,8,1,1,0,43.85662078857422,100,1,0
INSTANCE_031,0.75,p85,101,SA,198.47240000000005,217.4360391666667,18.12774883333418,27,29,0.0,1.0,0,8,1,1,0,43.74837875366211,100,1,0
INSTANCE_031,0.75,p95,101,FR,198.47240000000005,224.58321250000003,20.06647250000105,26,29,0.0,1.0,0,8,1,1,0,15.152454376220703,100,1,0
INSTANCE_031,0.75,p95,101,NR,198.47240000000005,224.58321250000003,20.06647250000105,26,29,0.0,1.0,0,8,1,1,0,0.0,0,1,0
INSTANCE_031,0.75,p95,101,RG,198.47240000000005,224.58321250000003,20.06647250000105,26,29,0.0,1.0,0,8,1,1,0,40.67230224609375,100,1,0
INSTANCE_031,0.75,p95,101,SA,198.47240000000005,224.58321250000003,20.06647250000105,26,29,0.0,1.0,0,8,1,1,0,40.24386405944824,100,1,0
INSTANCE_032,0.25,delay20,101,FR,194.3976,213.3433333333333,0.0,21,21,0.0,1.0,0,16,1,1,0,15.082120895385742,100,1,0
INSTANCE_032,0.25,delay20,101,NR,194.3976,213.3433333333333,0.0,21,21,0.0,1.0,0,16,1,1,0,0.0,0,1,0
INSTANCE_032,0.25,delay20,101,RG,194.3976,213.3433333333333,0.0,21,21,0.0,1.0,0,16,1,1,0,39.22629356384277,100,1,0
INSTANCE_032,0.25,delay20,101,SA,194.3976,213.3433333333333,0.0,21,21,0.0,1.0,0,16,1,1,0,40.23337364196777,100,1,0
INSTANCE_032,0.25,delay30,101,FR,194.3976,213.3433333333333,0.0,21,21,0.0,1.0,0,16,1,1,0,14.908552169799805,100,1,0
INSTANCE_032,0.25,delay30,101,NR,194.3976,213.3433333333333,0.0,21,21,0.0,1.0,0,16,1,1,0,0.0,0,1,0
INSTANCE_032,0.25,delay30,101,RG,194.3976,213.3433333333333,0.0,21,21,0.0,1.0,0,16,1,1,0,38.942813873291016,100,1,0
INSTANCE_032,0.25,delay30,101,SA,194.3976,213.3433333333333,0.0,21,21,0.0,1.0,0,16,1,1,0,39.02173042297363,100,1,0
INSTANCE_032,0.25,p85,101,FR,194.3976,240.51696316666667,0.0,21,21,0.0,1.0,0,16,1,1,0,14.328241348266602,100,1,0
INSTANCE_032,0.25,p85,101,NR,194.3976,240.51696316666667,0.0,21,21,0.0,1.0,0,16,1,1,0,0.0,0,1,0
INSTANCE_032,0.25,p85,101,RG,194.3976,240.51696316666667,0.0,21,21,0.0,1.0,0,16,1,1,0,37.908315658569336,100,1,0
INSTANCE_032,0.25,p85,101,SA,194.3976,240.51696316666667,0.0,21,21,0.0,1.0,0,16,1,1,0,37.76741027832031,100,1,0
INSTANCE_032,0.25,p95,101,FR,194.3976,264.5008725,0.7102574999998978,20,21,0.0,1.0,0,16,1,1,0,14.585494995117188,100,1,0
INSTANCE_032,0.25,p95,101,NR,194.3976,264.5008725,0.7102574999998978,20,21,0.0,1.0,0,16,1,1,0,0.0,0,1,0
INSTANCE_032,0.25,p95,101,RG,194.3976,264.5008725,0.7102574999998978,20,21,0.0,1.0,0,16,1,1,0,38.54537010192871,100,1,0
INSTANCE_032,0.25,p95,101,SA,194.3976,264.5008725,0.7102574999998978,20,21,0.0,1.0,0,16,1,1,0,37.9791259765625,100,1,0
INSTANCE_032,0.5,delay20,101,FR,194.3976,213.3433333333333,0.0,21,21,0.0,1.0,0,11,1,1,0,15.06805419921875,100,1,0
INSTANCE_032,0.5,delay20,101,NR,194.3976,213.3433333333333,0.0,21,21,0.0,1.0,0,11,1,1,0,0.0,0,1,0
INSTANCE_032,0.5,delay20,101,RG,194.3976,213.3433333333333,0.0,21,21,0.0,1.0,0,11,1,1,0,43.70713233947754,100,1,0
INSTANCE_032,0.5,delay20,101,SA,194.3976,213.3433333333333,0.0,21,21,0.0,1.0,0,11,1,1,0,42.42539405822754,100,1,0
INSTANCE_032,0.5,delay30,101,FR,194.3976,213.3433333333333,0.0,21,21,0.0,1.0,0,11,1,1,0,15.299081802368164,100,1,0
INSTANCE_032,0.5,delay30,101,NR,194.3976,213.3433333333333,0.0,21,21,0.0,1.0,0,11,1,1,0,0.0,0,1,0
INSTANCE_032,0.5,delay30,101,RG,194.3976,213.3433333333333,0.0,21,21,0.0,1.0,0,11,1,1,0,41.16463661193848,100,1,0
INSTANCE_032,0.5,delay30,101,SA,194.3976,213.3433333333333,0.0,21,21,0.0,1.0,0,11,1,1,0,43.20979118347168,100,1,0
INSTANCE_032,0.5,p85,101,FR,194.3976,232.87058783333333,0.0,21,21,0.0,1.0,0,11,1,1,0,15.932559967041016,100,1,0
INSTANCE_032,0.5,p85,101,NR,194.3976,232.87058783333333,0.0,21,21,0.0,1.0,0,11,1,1,0,0.0,0,1,0
INSTANCE_032,0.5,p85,101,RG,194.3976,232.87058783333333,0.0,21,21,0.0,1.0,0,11,1,1,0,38.4058952331543,100,1,0
INSTANCE_032,0.5,p85,101,SA,194.3976,232.87058783333333,0.0,21,21,0.0,1.0,0,11,1,1,0,37.77170181274414,100,1,0
INSTANCE_032,0.5,p95,101,FR,194.3976,250.1056758333333,0.0,21,21,0.0,1.0,0,11,1,1,0,13.39268684387207,100,1,0
INSTANCE_032,0.5,p95,101,NR,194.3976,250.1056758333333,0.0,21,21,0.0,1.0,0,11,1,1,0,0.0,0,1,0
INSTANCE_032,0.5,p95,101,RG,194.3976,250.1056758333333,0.0,21,21,0.0,1.0,0,11,1,1,0,34.91711616516113,100,1,0
INSTANCE_032,0.5,p95,101,SA,194.3976,250.1056758333333,0.0,21,21,0.0,1.0,0,11,1,1,0,35.87031364440918,100,1,0
INSTANCE_032,0.75,delay20,101,FR,194.3976,213.3433333333333,0.0,21,21,0.0,1.0,0,6,1,1,0,15.785455703735352,100,1,0
INSTANCE_032,0.75,delay20,101,NR,194.3976,213.3433333333333,0.0,21,21,0.0,1.0,0,6,1,1,0,0.0,0,1,0
INSTANCE_032,0.75,delay20,101,RG,194.3976,213.3433333333333,0.0,21,21,0.0,1.0,0,6,1,1,0,40.63320159912109,100,1,0
INSTANCE_032,0.75,delay20,101,SA,194.3976,213.3433333333333,0.0,21,21,0.0,1.0,0,6,1,1,0,40.3749942779541,100,1,0
INSTANCE_032,0.75,delay30,101,FR,194.3976,213.3433333333333,0.0,21,21,0.0,1.0,0,6,1,1,0,15.737056732177734,100,1,0
INSTANCE_032,0.75,delay30,101,NR,194.3976,213.3433333333333,0.0,21,21,0.0,1.0,0,6,1,1,0,0.0,0,1,0
INSTANCE_032,0.75,delay30,101,RG,194.3976,213.3433333333333,0.0,21,21,0.0,1.0,0,6,1,1,0,41.496992111206055,100,1,0
INSTANCE_032,0.75,delay30,101,SA,194.3976,213.3433333333333,0.0,21,21,0.0,1.0,0,6,1,1,0,40.68827629089356,100,1,0
INSTANCE_032,0.75,p85,101,FR,194.3976,219.4951473333333,0.0,21,21,0.0,1.0,0,6,1,1,0,15.35177230834961,100,1,0
INSTANCE_032,0.75,p85,101,NR,194.3976,219.4951473333333,0.0,21,21,0.0,1.0,0,6,1,1,0,0.0,0,1,0
INSTANCE_032,0.75,p85,101,RG,194.3976,219.4951473333333,0.0,21,21,0.0,1.0,0,6,1,1,0,39.83783721923828,100,1,0
INSTANCE_032,0.75,p85,101,SA,194.3976,219.4951473333333,0.0,21,21,0.0,1.0,0,6,1,1,0,40.13442993164063,100,1,0
INSTANCE_032,0.75,p95,101,FR,194.3976,224.9248433333333,0.0,21,21,0.0,1.0,0,6,1,1,0,14.635324478149414,100,1,0
INSTANCE_032,0.75,p95,101,NR,194.3976,224.9248433333333,0.0,21,21,0.0,1.0,0,6,1,1,0,0.0,0,1,0
INSTANCE_032,0.75,p95,101,RG,194.3976,224.9248433333333,0.0,21,21,0.0,1.0,0,6,1,1,0,38.40303421020508,100,1,0
INSTANCE_032,0.75,p95,101,SA,194.3976,224.9248433333333,0.0,21,21,0.0,1.0,0,6,1,1,0,40.16637802124024,100,1,0
INSTANCE_033,0.25,delay20,101,FR,124.08550000000002,138.79833333333335,0.0,22,22,0.0,1.0,0,17,1,1,0,15.438318252563477,100,1,0
INSTANCE_033,0.25,delay20,101,NR,124.08550000000002,138.79833333333335,0.0,22,22,0.0,1.0,0,17,1,1,0,0.0,0,1,0
INSTANCE_033,0.25,delay20,101,RG,124.08550000000002,138.79833333333335,0.0,22,22,0.0,1.0,0,17,1,1,0,41.01967811584473,100,1,0
INSTANCE_033,0.25,delay20,101,SA,124.08550000000002,138.79833333333335,0.0,22,22,0.0,1.0,0,17,1,1,0,40.50087928771973,100,1,0
INSTANCE_033,0.25,delay30,101,FR,124.08550000000002,138.79833333333335,0.0,22,22,0.0,1.0,0,17,1,1,0,15.585899353027344,100,1,0
INSTANCE_033,0.25,delay30,101,NR,124.08550000000002,138.79833333333335,0.0,22,22,0.0,1.0,0,17,1,1,0,0.0,0,1,0
INSTANCE_033,0.25,delay30,101,RG,124.08550000000002,138.79833333333335,0.0,22,22,0.0,1.0,0,17,1,1,0,40.465593338012695,100,1,0
INSTANCE_033,0.25,delay30,101,SA,124.08550000000002,138.79833333333335,0.0,22,22,0.0,1.0,0,17,1,1,0,40.15946388244629,100,1,0
INSTANCE_033,0.25,p85,101,FR,124.08550000000002,155.21954016666666,0.0,22,22,0.0,1.0,0,17,1,1,0,15.21754264831543,100,1,0
INSTANCE_033,0.25,p85,101,NR,124.08550000000002,155.21954016666666,0.0,22,22,0.0,1.0,0,17,1,1,0,0.0,0,1,0
INSTANCE_033,0.25,p85,101,RG,124.08550000000002,155.21954016666666,0.0,22,22,0.0,1.0,0,17,1,1,0,40.50445556640625,100,1,0
INSTANCE_033,0.25,p85,101,SA,124.08550000000002,155.21954016666666,0.0,22,22,0.0,1.0,0,17,1,1,0,41.68272018432617,100,1,0
INSTANCE_033,0.25,p95,101,FR,124.08550000000002,169.71317749999997,0.0,22,22,0.0,1.0,0,17,1,1,0,16.80588722229004,100,1,0
INSTANCE_033,0.25,p95,101,NR,124.08550000000002,169.71317749999997,0.0,22,22,0.0,1.0,0,17,1,1,0,0.0,0,1,0
INSTANCE_033,0.25,p95,101,RG,124.08550000000002,169.71317749999997,0.0,22,22,0.0,1.0,0,17,1,1,0,45.25184631347656,100,1,0
INSTANCE_033,0.25,p95,101,SA,124.08550000000002,169.71317749999997,0.0,22,22,0.0,1.0,0,17,1,1,0,44.4338321685791,100,1,0
INSTANCE_033,0.5,delay20,101,FR,124.08550000000002,138.79833333333335,0.0,22,22,0.0,1.0,0,11,1,1,0,16.219377517700195,100,1,0
INSTANCE_033,0.5,delay20,101,NR,124.08550000000002,138.79833333333335,0.0,22,22,0.0,1.0,0,11,1,1,0,0.0,0,1,0
INSTANCE_033,0.5,delay20,101,RG,124.08550000000002,138.79833333333335,0.0,22,22,0.0,1.0,0,11,1,1,0,42.49310493469238,100,1,0
INSTANCE_033,0.5,delay20,101,SA,124.08550000000002,138.79833333333335,0.0,22,22,0.0,1.0,0,11,1,1,0,40.52734375,100,1,0
INSTANCE_033,0.5,delay30,101,FR,124.08550000000002,138.79833333333335,0.0,22,22,0.0,1.0,0,11,1,1,0,13.704299926757812,100,1,0
INSTANCE_033,0.5,delay30,101,NR,124.08550000000002,138.79833333333335,0.0,22,22,0.0,1.0,0,11,1,1,0,0.0,0,1,0
INSTANCE_033,0.5,delay30,101,RG,124.08550000000002,138.79833333333335,0.0,22,22,0.0,1.0,0,11,1,1,0,36.32831573486328,100,1,0
INSTANCE_033,0.5,delay30,101,SA,124.08550000000002,138.79833333333335,0.0,22,22,0.0,1.0,0,11,1,1,0,37.0025634765625,100,1,0
INSTANCE_033,0.5,p85,101,FR,124.08550000000002,148.73981649999996,0.0,22,22,0.0,1.0,0,11,1,1,0,15.343189239501951,100,1,0
INSTANCE_033,0.5,p85,101,NR,124.08550000000002,148.73981649999996,0.0,22,22,0.0,1.0,0,11,1,1,0,0.0,0,1,0
INSTANCE_033,0.5,p85,101,RG,124.08550000000002,148.73981649999996,0.0,22,22,0.0,1.0,0,11,1,1,0,41.478633880615234,100,1,0
INSTANCE_033,0.5,p85,101,SA,124.08550000000002,148.73981649999996,0.0,22,22,0.0,1.0,0,11,1,1,0,40.183305740356445,100,1,0
INSTANCE_033,0.5,p95,101,FR,124.08550000000002,157.51433916666664,0.0,22,22,0.0,1.0,0,11,1,1,0,14.788389205932615,100,1,0
INSTANCE_033,0.5,p95,101,NR,124.08550000000002,157.51433916666664,0.0,22,22,0.0,1.0,0,11,1,1,0,0.0,0,1,0
INSTANCE_033,0.5,p95,101,RG,124.08550000000002,157.51433916666664,0.0,22,22,0.0,1.0,0,11,1,1,0,35.99286079406738,100,1,0
INSTANCE_033,0.5,p95,101,SA,124.08550000000002,157.51433916666664,0.0,22,22,0.0,1.0,0,11,1,1,0,44.41022872924805,100,1,0
INSTANCE_033,0.75,delay20,101,FR,124.08550000000002,138.79833333333335,0.0,22,22,0.0,1.0,0,6,1,1,0,14.458894729614258,100,1,0
INSTANCE_033,0.75,delay20,101,NR,124.08550000000002,138.79833333333335,0.0,22,22,0.0,1.0,0,6,1,1,0,0.0,0,1,0
INSTANCE_033,0.75,delay20,101,RG,124.08550000000002,138.79833333333335,0.0,22,22,0.0,1.0,0,6,1,1,0,40.123701095581055,100,1,0
INSTANCE_033,0.75,delay20,101,SA,124.08550000000002,138.79833333333335,0.0,22,22,0.0,1.0,0,6,1,1,0,40.33088684082031,100,1,0
INSTANCE_033,0.75,delay30,101,FR,124.08550000000002,138.79833333333335,0.0,22,22,0.0,1.0,0,6,1,1,0,14.870882034301758,100,1,0
INSTANCE_033,0.75,delay30,101,NR,124.08550000000002,138.79833333333335,0.0,22,22,0.0,1.0,0,6,1,1,0,0.0,0,1,0
INSTANCE_033,0.75,delay30,101,RG,124.08550000000002,138.79833333333335,0.0,22,22,0.0,1.0,0,6,1,1,0,40.247440338134766,100,1,0
INSTANCE_033,0.75,delay30,101,SA,124.08550000000002,138.79833333333335,0.0,22,22,0.0,1.0,0,6,1,1,0,40.90476036071777,100,1,0
INSTANCE_033,0.75,p85,101,FR,124.08550000000002,143.0583008333333,0.0,22,22,0.0,1.0,0,6,1,1,0,13.677120208740234,100,1,0
INSTANCE_033,0.75,p85,101,NR,124.08550000000002,143.0583008333333,0.0,22,22,0.0,1.0,0,6,1,1,0,0.0,0,1,0
INSTANCE_033,0.75,p85,101,RG,124.08550000000002,143.0583008333333,0.0,22,22,0.0,1.0,0,6,1,1,0,40.06338119506836,100,1,0
INSTANCE_033,0.75,p85,101,SA,124.08550000000002,143.0583008333333,0.0,22,22,0.0,1.0,0,6,1,1,0,39.54839706420898,100,1,0
INSTANCE_033,0.75,p95,101,FR,124.08550000000002,146.81822083333333,0.0,22,22,0.0,1.0,0,6,1,1,0,14.71853256225586,100,1,0
INSTANCE_033,0.75,p95,101,NR,124.08550000000002,146.81822083333333,0.0,22,22,0.0,1.0,0,6,1,1,0,0.0,0,1,0
INSTANCE_033,0.75,p95,101,RG,124.08550000000002,146.81822083333333,0.0,22,22,0.0,1.0,0,6,1,1,0,40.72451591491699,100,1,0
INSTANCE_033,0.75,p95,101,SA,124.08550000000002,146.81822083333333,0.0,22,22,0.0,1.0,0,6,1,1,0,40.71784019470215,100,1,0
INSTANCE_034,0.25,delay20,101,FR,106.2145,109.94,0.0,14,14,0.0,1.0,0,11,1,1,0,14.629364013671877,100,1,0
INSTANCE_034,0.25,delay20,101,NR,106.2145,109.94,0.0,14,14,0.0,1.0,0,11,1,1,0,0.0,0,1,0
INSTANCE_034,0.25,delay20,101,RG,106.2145,109.94,0.0,14,14,0.0,1.0,0,11,1,1,0,39.03675079345703,100,1,0
INSTANCE_034,0.25,delay20,101,SA,106.2145,109.94,0.0,14,14,0.0,1.0,0,11,1,1,0,39.58797454833984,100,1,0
INSTANCE_034,0.25,delay30,101,FR,106.2145,109.94,0.0,14,14,0.0,1.0,0,11,1,1,0,15.272855758666992,100,1,0
INSTANCE_034,0.25,delay30,101,NR,106.2145,109.94,0.0,14,14,0.0,1.0,0,11,1,1,0,0.0,0,1,0
INSTANCE_034,0.25,delay30,101,RG,106.2145,109.94,0.0,14,14,0.0,1.0,0,11,1,1,0,40.62581062316895,100,1,0
INSTANCE_034,0.25,delay30,101,SA,106.2145,109.94,0.0,14,14,0.0,1.0,0,11,1,1,0,39.7641658782959,100,1,0
INSTANCE_034,0.25,p85,101,FR,106.2145,125.75085833333333,0.0,14,14,0.0,1.0,0,11,1,1,0,15.428304672241213,100,1,0
INSTANCE_034,0.25,p85,101,NR,106.2145,125.75085833333333,0.0,14,14,0.0,1.0,0,11,1,1,0,0.0,0,1,0
INSTANCE_034,0.25,p85,101,RG,106.2145,125.75085833333333,0.0,14,14,0.0,1.0,0,11,1,1,0,40.26937484741211,100,1,0
INSTANCE_034,0.25,p85,101,SA,106.2145,125.75085833333333,0.0,14,14,0.0,1.0,0,11,1,1,0,40.31991958618164,100,1,0
INSTANCE_034,0.25,p95,101,FR,106.2145,139.70579166666667,0.0,14,14,0.0,1.0,0,11,1,1,0,14.684200286865234,100,1,0
INSTANCE_034,0.25,p95,101,NR,106.2145,139.70579166666667,0.0,14,14,0.0,1.0,0,11,1,1,0,0.0,0,1,0
INSTANCE_034,0.25,p95,101,RG,106.2145,139.70579166666667,0.0,14,14,0.0,1.0,0,11,1,1,0,38.915157318115234,100,1,0
INSTANCE_034,0.25,p95,101,SA,106.2145,139.70579166666667,0.0,14,14,0.0,1.0,0,11,1,1,0,40.23313522338867,100,1,0
INSTANCE_034,0.5,delay20,101,FR,106.2145,109.94,0.0,14,14,0.0,1.0,0,7,1,1,0,14.945745468139648,100,1,0
INSTANCE_034,0.5,delay20,101,NR,106.2145,109.94,0.0,14,14,0.0,1.0,0,7,1,1,0,0.0,0,1,0
INSTANCE_034,0.5,delay20,101,RG,106.2145,109.94,0.0,14,14,0.0,1.0,0,7,1,1,0,38.05351257324219,100,1,0
INSTANCE_034,0.5,delay20,101,SA,106.2145,109.94,0.0,14,14,0.0,1.0,0,7,1,1,0,36.73720359802246,100,1,0
INSTANCE_034,0.5,delay30,101,FR,106.2145,109.94,0.0,14,14,0.0,1.0,0,7,1,1,0,13.956308364868164,100,1,0
INSTANCE_034,0.5,delay30,101,NR,106.2145,109.94,0.0,14,14,0.0,1.0,0,7,1,1,0,0.0,0,1,0
INSTANCE_034,0.5,delay30,101,RG,106.2145,109.94,0.0,14,14,0.0,1.0,0,7,1,1,0,34.68203544616699,100,1,0
INSTANCE_034,0.5,delay30,101,SA,106.2145,109.94,0.0,14,14,0.0,1.0,0,7,1,1,0,35.694122314453125,100,1,0
INSTANCE_034,0.5,p85,101,FR,106.2145,123.1704535,0.0,14,14,0.0,1.0,0,7,1,1,0,13.638973236083984,100,1,0
INSTANCE_034,0.5,p85,101,NR,106.2145,123.1704535,0.0,14,14,0.0,1.0,0,7,1,1,0,0.0,0,1,0
INSTANCE_034,0.5,p85,101,RG,106.2145,123.1704535,0.0,14,14,0.0,1.0,0,7,1,1,0,35.852670669555664,100,1,0
INSTANCE_034,0.5,p85,101,SA,106.2145,123.1704535,0.0,14,14,0.0,1.0,0,7,1,1,0,35.07208824157715,100,1,0
INSTANCE_034,0.5,p95,101,FR,106.2145,134.8478775,0.0,14,14,0.0,1.0,0,7,1,1,0,14.070749282836914,100,1,0
INSTANCE_034,0.5,p95,101,NR,106.2145,134.8478775,0.0,14,14,0.0,1.0,0,7,1,1,0,0.0,0,1,0
INSTANCE_034,0.5,p95,101,RG,106.2145,134.8478775,0.0,14,14,0.0,1.0,0,7,1,1,0,37.25624084472656,100,1,0
INSTANCE_034,0.5,p95,101,SA,106.2145,134.8478775,0.0,14,14,0.0,1.0,0,7,1,1,0,37.36495971679688,100,1,0
INSTANCE_034,0.75,delay20,101,FR,106.2145,109.94,0.0,14,14,0.0,1.0,0,4,1,1,0,13.620376586914062,100,1,0
INSTANCE_034,0.75,delay20,101,NR,106.2145,109.94,0.0,14,14,0.0,1.0,0,4,1,1,0,0.0,0,1,0
INSTANCE_034,0.75,delay20,101,RG,106.2145,109.94,0.0,14,14,0.0,1.0,0,4,1,1,0,37.155866622924805,100,1,0
INSTANCE_034,0.75,delay20,101,SA,106.2145,109.94,0.0,14,14,0.0,1.0,0,4,1,1,0,38.587331771850586,100,1,0
INSTANCE_034,0.75,delay30,101,FR,106.2145,109.94,0.0,14,14,0.0,1.0,0,4,1,1,0,13.898372650146484,100,1,0
INSTANCE_034,0.75,delay30,101,NR,106.2145,109.94,0.0,14,14,0.0,1.0,0,4,1,1,0,0.0,0,1,0
INSTANCE_034,0.75,delay30,101,RG,106.2145,109.94,0.0,14,14,0.0,1.0,0,4,1,1,0,37.76454925537109,100,1,0
INSTANCE_034,0.75,delay30,101,SA,106.2145,109.94,0.0,14,14,0.0,1.0,0,4,1,1,0,38.227081298828125,100,1,0
INSTANCE_034,0.75,p85,101,FR,106.2145,121.65926283333332,0.0,14,14,0.0,1.0,0,4,1,1,0,12.67242431640625,100,1,0
INSTANCE_034,0.75,p85,101,NR,106.2145,121.65926283333332,0.0,14,14,0.0,1.0,0,4,1,1,0,0.0,0,1,0
INSTANCE_034,0.75,p85,101,RG,106.2145,121.65926283333332,0.0,14,14,0.0,1.0,0,4,1,1,0,36.527156829833984,100,1,0
INSTANCE_034,0.75,p85,101,SA,106.2145,121.65926283333332,0.0,14,14,0.0,1.0,0,4,1,1,0,35.83049774169922,100,1,0
INSTANCE_034,0.75,p95,101,FR,106.2145,132.00288416666666,0.0,14,14,0.0,1.0,0,4,1,1,0,13.482093811035156,100,1,0
INSTANCE_034,0.75,p95,101,NR,106.2145,132.00288416666666,0.0,14,14,0.0,1.0,0,4,1,1,0,0.0,0,1,0
INSTANCE_034,0.75,p95,101,RG,106.2145,132.00288416666666,0.0,14,14,0.0,1.0,0,4,1,1,0,35.91465950012207,100,1,0
INSTANCE_034,0.75,p95,101,SA,106.2145,132.00288416666666,0.0,14,14,0.0,1.0,0,4,1,1,0,36.48090362548828,100,1,0
INSTANCE_035,0.25,delay20,101,FR,271.3792,319.50166666666667,0.0,48,48,0.0,0.7136904761904762,21,37,2,0,0,39.33262825012207,270,0,0
INSTANCE_035,0.25,delay20,101,NR,281.4062,335.50333333333333,19.82333333333316,46,48,0.0,1.0,0,37,2,2,0,0.0,0,1,0
INSTANCE_035,0.25,delay20,101,RG,283.2269,335.96000000000004,17.76499999999976,46,48,0.0,0.913095238095238,10,37,2,1,0,142.64965057373047,360,0,0
INSTANCE_035,0.25,delay20,101,SA,281.6496,334.5583333333333,17.933333333333053,46,48,0.0,0.9464285714285714,2,37,2,1,0,84.84220504760742,210,0,0
INSTANCE_035,0.25,delay30,101,FR,271.8253,319.995,10.66333333333398,46,48,0.0,0.7261904761904762,19,37,2,0,0,34.792184829711914,230,0,0
INSTANCE_035,0.25,delay30,101,NR,281.4062,335.50333333333333,45.16833333333307,45,48,0.0,1.0,0,37,2,2,0,0.0,0,1,0
INSTANCE_035,0.25,delay30,101,RG,283.2269,335.96000000000004,40.61999999999966,45,48,0.0,0.913095238095238,10,37,2,1,0,141.33214950561523,360,0,0
INSTANCE_035,0.25,delay30,101,SA,281.6496,334.5583333333333,42.33333333333292,45,48,0.0,0.9464285714285714,2,37,2,1,0,80.49488067626953,210,0,0
INSTANCE_035,0.25,p85,101,FR,271.74780000000004,355.8728581666667,0.0,48,48,0.0,0.7660714285714285,17,37,2,0,0,43.72739791870117,270,0,0
INSTANCE_035,0.25,p85,101,NR,281.4062,374.3788171666666,26.46549533333325,46,48,0.0,1.0,0,37,2,2,0,0.0,0,1,0
INSTANCE_035,0.25,p85,101,RG,283.2269,374.90667816666667,24.086267833333523,46,48,0.0,0.913095238095238,10,37,2,1,0,152.20355987548828,360,0,0
INSTANCE_035,0.25,p85,101,SA,281.6496,373.2864916666666,24.280844333333448,46,48,0.0,0.9464285714285714,2,37,2,1,0,86.41481399536133,210,0,0
INSTANCE_035,0.25,p95,101,FR,271.4688,385.08460750000006,22.85086166666736,46,48,0.0,0.7452380952380953,22,37,2,0,0,76.26771926879883,460,0,0
INSTANCE_035,0.25,p95,101,NR,281.4062,408.6909825,91.436269166668,44,48,0.0,1.0,0,37,2,2,0,0.0,0,1,0
INSTANCE_035,0.25,p95,101,RG,292.3276,425.4849241666667,68.5128658333341,45,48,0.0,0.8160714285714286,10,37,2,1,0,152.92596817016602,360,0,0
INSTANCE_035,0.25,p95,101,SA,290.0353,423.0596116666666,67.15992250000136,44,48,0.0,0.9172619047619048,9,37,2,1,0,183.81571769714355,440,0,0
INSTANCE_035,0.5,delay20,101,FR,269.72850000000005,317.9516666666667,0.0,48,48,0.0,0.6971778221778222,14,25,2,0,0,47.31941223144531,360,0,0
INSTANCE_035,0.5,delay20,101,NR,281.4062,335.50333333333333,19.82333333333316,46,48,0.0,1.0,0,25,2,2,0,0.0,0,1,0
INSTANCE_035,0.5,delay20,101,RG,268.29830000000004,316.2583333333333,16.594999999999686,46,48,0.0,0.7579170829170829,12,25,2,0,0,107.4838638305664,300,0,0
INSTANCE_035,0.5,delay20,101,SA,281.4386,335.4066666666667,16.658333333332962,46,48,0.0,0.9395604395604396,9,25,2,1,0,77.54707336425781,220,0,0
INSTANCE_035,0.5,delay30,101,FR,270.83320000000003,317.995,7.299999999999841,47,48,0.0,0.612012987012987,16,25,2,0,0,59.616804122924805,400,0,0
INSTANCE_035,0.5,delay30,101,NR,281.4062,335.50333333333333,45.16833333333307,45,48,0.0,1.0,0,25,2,2,0,0.0,0,1,0
INSTANCE_035,0.5,delay30,101,RG,270.46430000000004,316.21333333333337,6.761666666666542,47,48,0.0,0.6617632367632368,16,25,2,0,0,189.21303749084475,470,0,0
INSTANCE_035,0.5,delay30,101,SA,282.5855,334.6716666666667,6.0716666666666015,47,48,0.0,0.7472527472527473,12,25,2,1,0,145.56431770324707,370,0,0
INSTANCE_035,0.5,p85,101,FR,269.72850000000005,343.29658950000004,0.0,48,48,0.0,0.6971778221778222,14,25,2,0,0,48.80833625793457,360,0,0
INSTANCE_035,0.5,p85,101,NR,281.4062,363.584561,10.774656166666546,47,48,0.0,1.0,0,25,2,2,0,0.0,0,1,0
INSTANCE_035,0.5,p85,101,RG,268.29830000000004,341.3392655,5.996936166666501,47,48,0.0,0.7579170829170829,12,25,2,0,0,108.73818397521973,300,0,0
INSTANCE_035,0.5,p85,101,SA,281.4386,363.472824,6.0335396666664565,47,48,0.0,0.9395604395604396,9,25,2,1,0,81.46858215332031,220,0,0
INSTANCE_035,0.5,p95,101,FR,269.7453,365.7203466666666,0.0,48,48,0.0,0.6751998001998002,16,25,2,0,0,45.08852958679199,300,0,0
INSTANCE_035,0.5,p95,101,NR,281.4062,388.3695316666666,33.105301666666605,45,48,0.0,1.0,0,25,2,2,0,0.0,0,1,0
INSTANCE_035,0.5,p95,101,RG,269.0798,364.474275,0.0,48,48,0.0,0.5683566433566434,15,25,2,0,0,160.3858470916748,420,0,0
INSTANCE_035,0.5,p95,101,SA,281.4386,388.2444933333333,28.18959583333333,46,48,0.0,0.9395604395604396,9,25,2,1,0,81.36868476867676,220,0,0
INSTANCE_035,0.75,delay20,101,FR,273.0742,317.69500000000005,19.791666666666515,46,48,0.0,0.6630952380952381,7,13,2,0,0,33.399105072021484,230,0,0
INSTANCE_035,0.75,delay20,101,NR,281.4062,335.50333333333333,19.82333333333316,46,48,0.0,1.0,0,13,2,2,0,0.0,0,1,0
INSTANCE_035,0.75,delay20,101,RG,274.7785,318.83333333333337,19.128333333333217,46,48,0.0,0.680952380952381,9,13,2,0,0,126.0066032409668,330,0,0
INSTANCE_035,0.75,delay20,101,SA,281.4062,335.50333333333333,19.82333333333316,46,48,0.0,1.0,0,13,2,2,0,79.12111282348633,200,1,0
INSTANCE_035,0.75,delay30,101,FR,273.0742,317.69500000000005,45.10499999999979,45,48,0.0,0.6630952380952381,7,13,2,0,0,33.750295639038086,230,0,0
INSTANCE_035,0.75,delay30,101,NR,281.4062,335.50333333333333,45.16833333333307,45,48,0.0,1.0,0,13,2,2,0,0.0,0,1,0
INSTANCE_035,0.75,delay30,101,RG,274.77860000000004,318.83333333333337,42.601666666666574,45,48,0.0,0.5976190476190476,8,13,2,0,0,151.5045166015625,390,0,0
INSTANCE_035,0.75,delay30,101,SA,281.4062,335.50333333333333,45.16833333333307,45,48,0.0,1.0,0,13,2,2,0,78.22203636169434,200,1,0
INSTANCE_035,0.75,p85,101,FR,274.7785,330.76877750000006,0.0,48,48,0.0,0.680952380952381,9,13,2,0,0,36.65232658386231,250,0,0
INSTANCE_035,0.75,p85,101,NR,281.4062,350.03763050000003,1.4074046666665936,47,48,0.0,1.0,0,13,2,2,0,0.0,0,1,0
INSTANCE_035,0.75,p85,101,RG,274.77860000000004,330.76877750000006,0.0,48,48,0.0,0.5976190476190476,8,13,2,0,0,119.96245384216309,300,0,0
INSTANCE_035,0.75,p85,101,SA,281.4062,350.03763050000003,1.4074046666665936,47,48,0.0,1.0,0,13,2,2,0,80.24311065673828,200,1,0
INSTANCE_035,0.75,p95,101,FR,274.77860000000004,341.30320416666666,2.0368425000000343,47,48,0.0,0.5976190476190476,8,13,2,0,0,38.30289840698242,260,0,0
INSTANCE_035,0.75,p95,101,NR,281.4062,362.8658491666666,5.7858366666666825,47,48,0.0,1.0,0,13,2,2,0,0.0,0,1,0
INSTANCE_035,0.75,p95,101,RG,274.77860000000004,341.30320416666666,2.0368425000000343,47,48,0.0,0.5976190476190476,8,13,2,0,0,123.01969528198242,320,0,0
INSTANCE_035,0.75,p95,101,SA,283.11060000000003,364.3382833333333,2.0778033333333497,47,48,0.0,0.8809523809523809,4,13,2,1,0,97.9294776916504,250,0,0
INSTANCE_036,0.25,delay20,101,FR,244.2179,238.11666666666667,26.79499999999961,25,27,0.0,1.0,0,21,1,1,0,16.4034366607666,100,1,0
INSTANCE_036,0.25,delay20,101,NR,244.2179,238.11666666666667,26.79499999999961,25,27,0.0,1.0,0,21,1,1,0,0.0,0,1,0
INSTANCE_036,0.25,delay20,101,RG,246.7283,242.935,24.2966666666664,25,27,0.0,0.7559523809523809,7,21,1,0,0,85.79158782958984,200,0,0
INSTANCE_036,0.25,delay20,101,SA,246.7283,242.935,24.2966666666664,25,27,0.0,0.7559523809523809,7,21,1,0,0,84.60354804992676,200,0,0
INSTANCE_036,0.25,delay30,101,FR,248.7961,241.73666666666665,41.89999999999964,25,27,0.0,0.7535714285714286,8,21,1,0,0,37.19115257263184,230,0,0
INSTANCE_036,0.25,delay30,101,NR,244.2179,238.11666666666667,52.97999999999945,24,27,0.0,1.0,0,21,1,1,0,0.0,0,1,0
INSTANCE_036,0.25,delay30,101,RG,244.2768,238.5483333333333,35.52333333333286,25,27,0.0,0.7559523809523809,7,21,1,0,0,83.80746841430664,200,0,0
INSTANCE_036,0.25,delay30,101,SA,244.2768,238.5483333333333,35.52333333333286,25,27,0.0,0.7559523809523809,7,21,1,0,0,80.30962944030762,200,0,0
INSTANCE_036,0.25,p85,101,FR,264.1213,286.5776025,32.429491500000154,25,27,0.0,0.7511904761904762,9,21,1,0,0,33.96034240722656,240,0,0
INSTANCE_036,0.25,p85,101,NR,244.2179,269.90181850000005,42.59423250000066,24,27,0.0,1.0,0,21,1,1,0,0.0,0,1,0
INSTANCE_036,0.25,p85,101,RG,244.2768,270.400782,27.3839880000005,25,27,0.0,0.7559523809523809,7,21,1,0,0,78.4611701965332,200,0,0
INSTANCE_036,0.25,p85,101,SA,244.2768,270.400782,27.3839880000005,25,27,0.0,0.7559523809523809,7,21,1,0,0,77.89492607116699,200,0,0
INSTANCE_036,0.25,p95,101,FR,259.5432,312.18659166666674,75.69223416666637,24,27,0.0,0.805952380952381,6,21,1,0,0,52.45637893676758,330,0,0
INSTANCE_036,0.25,p95,101,NR,244.2179,297.9559358333334,136.73747833333334,22,27,0.0,1.0,0,21,1,1,0,0.0,0,1,0
INSTANCE_036,0.25,p95,101,RG,259.5432,312.18659166666674,75.69223416666637,24,27,0.0,0.805952380952381,6,21,1,0,0,135.697603225708,330,0,0
INSTANCE_036,0.25,p95,101,SA,259.5432,312.18659166666674,75.69223416666637,24,27,0.0,0.805952380952381,6,21,1,0,0,140.89655876159668,330,0,0
INSTANCE_036,0.5,delay20,101,FR,244.218,238.39499999999995,6.739999999999782,26,27,0.0,0.6703296703296704,7,14,1,0,0,14.196157455444336,100,0,0
INSTANCE_036,0.5,delay20,101,NR,244.2179,238.11666666666667,26.79499999999961,25,27,0.0,1.0,0,14,1,1,0,0.0,0,1,0
INSTANCE_036,0.5,delay20,101,RG,248.2337,241.1183333333333,9.463333333333251,26,27,0.0,0.5824175824175825,9,14,1,0,0,71.51293754577637,200,0,0
INSTANCE_036,0.5,delay20,101,SA,259.5432,249.11833333333325,17.46333333333314,26,27,0.0,0.6923076923076923,6,14,1,0,0,71.32792472839355,190,0,0
INSTANCE_036,0.5,delay30,101,FR,244.218,238.39499999999995,18.05666666666628,25,27,0.0,0.6703296703296704,7,14,1,0,0,13.245344161987305,100,0,0
INSTANCE_036,0.5,delay30,101,NR,244.2179,238.11666666666667,52.97999999999945,24,27,0.0,1.0,0,14,1,1,0,0.0,0,1,0
INSTANCE_036,0.5,delay30,101,RG,245.5064,239.3033333333333,19.873333333333107,25,27,0.0,0.5934065934065934,7,14,1,0,0,136.68584823608398,380,0,0
INSTANCE_036,0.5,delay30,101,SA,259.5431,248.9233333333333,32.648333333333085,25,27,0.0,0.8021978021978022,7,14,1,0,0,82.56030082702637,230,0,0
INSTANCE_036,0.5,p85,101,FR,244.218,258.80646733333333,0.4703728333334993,26,27,0.0,0.6703296703296704,7,14,1,0,0,16.150712966918945,100,0,0
INSTANCE_036,0.5,p85,101,NR,244.2179,258.4847418333334,17.578754166666954,25,27,0.0,1.0,0,14,1,1,0,0.0,0,1,0
INSTANCE_036,0.5,p85,101,RG,245.5064,259.8564098333334,1.5203153333333148,26,27,0.0,0.5934065934065934,7,14,1,0,0,137.25042343139648,350,0,0
INSTANCE_036,0.5,p85,101,SA,253.0937,265.9383703333333,7.602275833333579,26,27,0.0,0.6758241758241759,7,14,1,0,0,73.07314872741699,180,0,0
INSTANCE_036,0.5,p95,101,FR,244.218,276.82197666666667,12.589034166666693,26,27,0.0,0.6703296703296704,7,14,1,0,0,15.112876892089844,100,0,0
INSTANCE_036,0.5,p95,101,NR,244.2179,276.4619525,48.38116250000019,24,27,0.0,1.0,0,14,1,1,0,0.0,0,1,0
INSTANCE_036,0.5,p95,101,RG,244.218,276.82197666666667,12.589034166666693,26,27,0.0,0.5494505494505495,9,14,1,0,0,140.244722366333,360,0,0
INSTANCE_036,0.5,p95,101,SA,260.8315,291.7403433333333,29.05024250000008,25,27,0.0,0.8131868131868132,6,14,1,0,0,70.97578048706055,190,0,0
INSTANCE_036,0.75,delay20,101,FR,244.218,238.39499999999995,6.739999999999782,26,27,0.0,0.238095238095238,7,7,1,0,0,14.068126678466797,100,0,0
INSTANCE_036,0.75,delay20,101,NR,244.2179,238.11666666666667,26.79499999999961,25,27,0.0,1.0,0,7,1,1,0,0.0,0,1,0
INSTANCE_036,0.75,delay20,101,RG,244.218,238.39499999999995,6.739999999999782,26,27,0.0,0.238095238095238,7,7,1,0,0,106.12106323242188,290,0,0
INSTANCE_036,0.75,delay20,101,SA,246.2911,239.74666666666664,8.09166666666647,26,27,0.0,0.4285714285714286,5,7,1,0,0,61.13886833190918,170,0,0
INSTANCE_036,0.75,delay30,101,FR,244.218,238.39499999999995,18.05666666666628,25,27,0.0,0.238095238095238,7,7,1,0,0,15.09690284729004,100,0,0
INSTANCE_036,0.75,delay30,101,NR,244.2179,238.11666666666667,52.97999999999945,24,27,0.0,1.0,0,7,1,1,0,0.0,0,1,0
INSTANCE_036,0.75,delay30,101,RG,244.218,238.39499999999995,18.05666666666628,25,27,0.0,0.238095238095238,7,7,1,0,0,133.6991786956787,330,0,0
INSTANCE_036,0.75,delay30,101,SA,251.4522,243.295,25.5799999999997,25,27,0.0,0.5952380952380952,4,7,1,0,0,65.45019149780273,160,0,0
INSTANCE_036,0.75,p85,101,FR,244.218,251.0995508333333,0.0,27,27,0.0,0.238095238095238,7,7,1,0,0,12.898921966552734,100,0,0
INSTANCE_036,0.75,p85,101,NR,244.2179,250.7778253333333,6.040894333333199,26,27,0.0,1.0,0,7,1,1,0,0.0,0,1,0
INSTANCE_036,0.75,p85,101,RG,244.218,251.0995508333333,0.0,27,27,0.0,0.238095238095238,7,7,1,0,0,65.92512130737305,190,0,0
INSTANCE_036,0.75,p85,101,SA,244.2179,250.7778253333333,6.040894333333199,26,27,0.0,1.0,0,7,1,1,0,36.73958778381348,100,1,0
INSTANCE_036,0.75,p95,101,FR,244.218,262.31280416666664,0.0,27,27,0.0,0.238095238095238,7,7,1,0,0,14.819860458374023,100,0,0
INSTANCE_036,0.75,p95,101,NR,244.2179,261.95278,15.730675833333294,25,27,0.0,1.0,0,7,1,1,0,0.0,0,1,0
INSTANCE_036,0.75,p95,101,RG,245.5064,263.4877333333333,0.0,27,27,0.0,0.3452380952380952,5,7,1,0,0,82.7341079711914,210,0,0
INSTANCE_036,0.75,p95,101,SA,245.0027,262.88625583333334,0.0,27,27,0.0,0.3214285714285714,7,7,1,0,0,68.87340545654297,180,0,0
INSTANCE_039,0.25,delay20,101,FR,393.0242999999999,514.4483333333333,1.2483333333334483,64,65,0.0,0.7263071895424836,33,50,3,0,0,88.00840377807617,610,0,0
INSTANCE_039,0.25,delay20,101,NR,345.4281,466.8366666666667,44.6483333333332,62,65,0.0,1.0,0,50,3,3,0,0.0,0,1,0
INSTANCE_039,0.25,delay20,101,RG,443.7581,558.1416666666667,0.0,65,65,0.0,0.6153322440087146,42,50,3,0,0,362.24365234375,940,0,0
INSTANCE_039,0.25,delay20,101,SA,384.1941999999999,511.035,9.365000000000007,64,65,0.0,0.872739651416122,14,50,3,1,0,126.62935256958008,320,0,0
INSTANCE_039,0.25,delay30,101,FR,459.3275,577.865,2.8116666666667243,64,65,0.0,0.6739651416122004,43,50,3,0,0,99.7774600982666,690,0,0
INSTANCE_039,0.25,delay30,101,NR,345.4281,466.8366666666667,86.5416666666664,60,65,0.0,1.0,0,50,3,3,0,0.0,0,1,0
INSTANCE_039,0.25,delay30,101,RG,518.5771000000001,631.02,2.8116666666667243,64,65,0.0,0.5778322440087146,40,50,3,0,0,215.39783477783203,560,0,0
INSTANCE_039,0.25,delay30,101,SA,548.2777,657.41,2.8116666666667243,64,65,0.0,0.6880174291938997,39,50,3,0,0,118.47448348999023,300,0,0
INSTANCE_039,0.25,p85,101,FR,360.1144,542.8214793333333,0.0,65,65,0.0,0.7624183006535947,22,50,3,1,0,91.53294563293456,590,0,0
INSTANCE_039,0.25,p85,101,NR,345.4281,525.5600393333333,20.94629216666669,63,65,0.0,1.0,0,50,3,3,0,0.0,0,1,0
INSTANCE_039,0.25,p85,101,RG,367.1019,554.8967813333333,0.0,65,65,0.0,0.798665577342048,16,50,3,1,0,210.6783390045166,510,0,0
INSTANCE_039,0.25,p85,101,SA,384.1941999999999,576.6488928333333,0.0,65,65,0.0,0.872739651416122,14,50,3,1,0,134.28044319152832,320,0,0
INSTANCE_039,0.25,p95,101,FR,360.4196999999999,599.5845941666668,0.0,65,65,0.0,0.7638071895424837,21,50,3,1,0,88.68598937988281,600,0,0
INSTANCE_039,0.25,p95,101,NR,345.4281,577.39029,43.596857500000056,63,65,0.0,1.0,0,50,3,3,0,0.0,0,1,0
INSTANCE_039,0.25,p95,101,RG,455.2775,718.7935541666666,0.0,65,65,0.0,0.6792211328976036,29,50,3,1,0,210.9668254852295,520,0,0
INSTANCE_039,0.25,p95,101,SA,384.1941999999999,634.5608341666667,0.0,65,65,0.0,0.872739651416122,14,50,3,1,0,133.24570655822754,320,0,0
INSTANCE_039,0.5,delay20,101,FR,392.6768,512.2166666666667,0.0,65,65,0.0,0.7974747474747476,11,34,3,1,0,85.8912467956543,510,0,0
INSTANCE_039,0.5,delay20,101,NR,345.4281,466.8366666666667,35.28333333333319,63,65,0.0,1.0,0,34,3,3,0,0.0,0,1,0
INSTANCE_039,0.5,delay20,101,RG,400.3205,519.9216666666666,0.0,65,65,0.0,0.7777777777777777,15,34,3,1,0,174.99971389770508,370,0,0
INSTANCE_039,0.5,delay20,101,SA,403.0551,522.0716666666666,0.0,65,65,0.0,0.8166666666666668,16,34,3,1,0,149.0652561187744,350,0,0
INSTANCE_039,0.5,delay30,101,FR,415.5918,527.625,0.0,65,65,0.0,0.6878787878787879,17,34,3,1,0,95.86596488952635,490,0,0
INSTANCE_039,0.5,delay30,101,NR,345.4281,466.8366666666667,67.17666666666639,61,65,0.0,1.0,0,34,3,3,0,0.0,0,1,0
INSTANCE_039,0.5,delay30,101,RG,423.5635,540.2616666666667,0.0,65,65,0.0,0.6979797979797979,17,34,3,1,0,191.6048526763916,470,0,0
INSTANCE_039,0.5,delay30,101,SA,426.8615,544.2533333333333,0.0,65,65,0.0,0.8257575757575758,16,34,3,1,0,124.55081939697266,300,0,0
INSTANCE_039,0.5,p85,101,FR,368.4848999999999,539.641362,0.2611739999997553,64,65,0.0,0.9469696969696968,10,34,3,2,0,52.12283134460449,310,0,0
INSTANCE_039,0.5,p85,101,NR,345.4281,510.2410454999999,8.137288333333117,63,65,0.0,1.0,0,34,3,3,0,0.0,0,1,0
INSTANCE_039,0.5,p85,101,RG,362.5253,532.7175209999999,0.2611739999997553,64,65,0.0,0.9595959595959596,5,34,3,2,0,128.97992134094238,320,0,0
INSTANCE_039,0.5,p85,101,SA,369.7599,540.4235209999999,0.2611739999997553,64,65,0.0,0.9545454545454546,5,34,3,2,0,124.9237060546875,300,0,0
INSTANCE_039,0.5,p95,101,FR,373.5894,586.9631291666666,0.0,65,65,0.0,0.8217171717171716,7,34,3,1,0,59.48019027709961,420,0,0
INSTANCE_039,0.5,p95,101,NR,345.4281,548.5504908333332,19.482408333333183,63,65,0.0,1.0,0,34,3,3,0,0.0,0,1,0
INSTANCE_039,0.5,p95,101,RG,373.5894,586.9631291666666,0.0,65,65,0.0,0.8217171717171716,7,34,3,1,0,154.94799613952637,410,0,0
INSTANCE_039,0.5,p95,101,SA,369.7599,582.3259316666666,2.9939099999998007,64,65,0.0,0.9545454545454546,5,34,3,2,0,116.7142391204834,300,0,0
INSTANCE_039,0.75,delay20,101,FR,345.9856,467.5,7.374999999999886,64,65,0.0,0.9222222222222222,2,18,3,2,0,47.67370223999024,310,0,0
INSTANCE_039,0.75,delay20,101,NR,345.4281,466.8366666666667,17.16499999999985,64,65,0.0,1.0,0,18,3,3,0,0.0,0,1,0
INSTANCE_039,0.75,delay20,101,RG,345.9856,467.5,7.374999999999886,64,65,0.0,0.9222222222222222,2,18,3,2,0,122.90811538696288,310,0,0
INSTANCE_039,0.75,delay20,101,SA,345.9856,467.5,7.374999999999886,64,65,0.0,0.9222222222222222,2,18,3,2,0,152.84180641174316,310,0,0
INSTANCE_039,0.75,delay30,101,FR,345.9856,467.5,24.958333333333144,63,65,0.0,0.9222222222222222,2,18,3,2,0,43.69068145751953,310,0,0
INSTANCE_039,0.75,delay30,101,NR,345.4281,466.8366666666667,34.92666666666639,63,65,0.0,1.0,0,18,3,3,0,0.0,0,1,0
INSTANCE_039,0.75,delay30,101,RG,345.9856,467.5,24.958333333333144,63,65,0.0,0.9222222222222222,2,18,3,2,0,115.25535583496094,310,0,0
INSTANCE_039,0.75,delay30,101,SA,345.9856,467.5,24.958333333333144,63,65,0.0,0.9222222222222222,2,18,3,2,0,115.8597469329834,310,0,0
INSTANCE_039,0.75,p85,101,FR,345.4281,480.9032638333333,0.0,65,65,0.0,1.0,0,18,3,3,0,45.5324649810791,300,1,0
INSTANCE_039,0.75,p85,101,NR,345.4281,480.9032638333333,0.0,65,65,0.0,1.0,0,18,3,3,0,0.0,0,1,0
INSTANCE_039,0.75,p85,101,RG,345.4281,480.9032638333333,0.0,65,65,0.0,1.0,0,18,3,3,0,124.27330017089844,300,1,0
INSTANCE_039,0.75,p85,101,SA,345.4281,480.9032638333333,0.0,65,65,0.0,1.0,0,18,3,3,0,123.52776527404784,300,1,0
INSTANCE_039,0.75,p95,101,FR,345.4281,493.3186825,0.0,65,65,0.0,1.0,0,18,3,3,0,46.50568962097168,300,1,0
INSTANCE_039,0.75,p95,101,NR,345.4281,493.3186825,0.0,65,65,0.0,1.0,0,18,3,3,0,0.0,0,1,0
INSTANCE_039,0.75,p95,101,RG,345.4281,493.3186825,0.0,65,65,0.0,1.0,0,18,3,3,0,123.3220100402832,300,1,0
INSTANCE_039,0.75,p95,101,SA,345.4281,493.3186825,0.0,65,65,0.0,1.0,0,18,3,3,0,123.09622764587402,300,1,0
INSTANCE_040,0.25,delay20,101,FR,398.1565,470.905,40.16666666666743,50,55,0.0,0.9011260301221936,6,42,2,0,0,61.96284294128418,410,0,0
INSTANCE_040,0.25,delay20,101,NR,391.1116,461.155,55.60000000000082,49,55,0.0,1.0,0,42,2,2,0,0.0,0,1,0
INSTANCE_040,0.25,delay20,101,RG,394.48,465.8933333333333,50.03833333333398,50,55,0.0,0.9027600170502984,5,42,2,0,0,93.5831069946289,240,0,0
INSTANCE_040,0.25,delay20,101,SA,394.3355,465.985,50.221666666667375,50,55,0.0,0.9362745098039216,3,42,2,1,0,89.53309059143066,230,0,0
INSTANCE_040,0.25,delay30,101,FR,411.126,478.5766666666667,106.890000000001,48,55,8.896666666666988,0.9033105996021598,12,42,2,0,0,66.8942928314209,310,0,0
INSTANCE_040,0.25,delay30,101,NR,391.1116,461.155,129.87000000000126,47,55,9.520000000000437,1.0,0,42,2,2,0,0.0,0,1,0
INSTANCE_040,0.25,delay30,101,RG,395.2431,467.14,119.51000000000148,47,55,10.67500000000041,0.8547527706734868,21,42,2,0,0,148.61679077148438,300,0,0
INSTANCE_040,0.25,delay30,101,SA,394.3355,465.985,121.87000000000126,47,55,9.520000000000437,0.9362745098039216,3,42,2,1,0,118.25919151306152,230,0,0
INSTANCE_040,0.25,p85,101,FR,394.48,526.7598113333333,43.92865416666655,51,55,12.897465000000013,0.919099886331344,5,42,2,0,0,36.5447998046875,240,0,0
INSTANCE_040,0.25,p85,101,NR,391.1116,521.2827718333333,60.14056916666664,51,55,13.00342250000017,1.0,0,42,2,2,0,0.0,0,1,0
INSTANCE_040,0.25,p85,101,RG,394.48,526.7598113333333,51.92865416666644,51,55,12.897465000000013,0.9027600170502984,5,42,2,0,0,93.49751472473145,240,0,0
INSTANCE_040,0.25,p85,101,SA,396.6374,525.8659153333333,50.14086216666681,51,55,12.003569000000198,0.8447890025575447,9,42,2,0,0,131.87503814697266,310,0,0
INSTANCE_040,0.25,p95,101,FR,394.48,580.4816033333334,154.02288749999957,49,55,42.4378916666667,0.9027600170502984,5,42,2,0,0,33.197879791259766,240,0,0
INSTANCE_040,0.25,p95,101,NR,391.1116,574.3525691666669,162.37859999999966,49,55,42.55646249999995,1.0,0,42,2,2,0,0.0,0,1,0
INSTANCE_040,0.25,p95,101,RG,394.48,580.4816033333334,154.02288749999957,49,55,42.4378916666667,0.9027600170502984,5,42,2,0,0,91.45212173461914,240,0,0
INSTANCE_040,0.25,p95,101,SA,400.7236,590.5040725000001,145.0667616666667,48,55,42.55646249999995,0.949346405228758,4,42,2,1,0,118.38793754577635,300,0,0
INSTANCE_040,0.5,delay20,101,FR,394.4799,465.8933333333333,29.44833333333395,51,55,0.0,0.8013257575757575,7,28,2,0,0,50.56405067443848,350,0,0
INSTANCE_040,0.5,delay20,101,NR,391.1116,461.155,43.01000000000079,50,55,0.0,1.0,0,28,2,2,0,0.0,0,1,0
INSTANCE_040,0.5,delay20,101,RG,398.1564,470.905,27.5766666666674,51,55,0.0,0.7710227272727272,8,28,2,0,0,133.15081596374512,340,0,0
INSTANCE_040,0.5,delay20,101,SA,398.012,470.9966666666666,27.760000000000787,51,55,0.0,0.8939393939393939,4,28,2,1,0,85.01052856445312,210,0,0
INSTANCE_040,0.5,delay30,101,FR,399.2238,470.2816666666667,66.33000000000072,51,55,8.805000000000291,0.7835227272727272,11,28,2,0,0,63.38620185852051,430,0,0
INSTANCE_040,0.5,delay30,101,NR,391.1116,461.155,99.80166666666776,49,55,9.520000000000437,1.0,0,28,2,2,0,0.0,0,1,0
INSTANCE_040,0.5,delay30,101,RG,398.1564,470.905,74.27666666666767,50,55,9.42833333333374,0.7710227272727272,8,28,2,0,0,148.47207069396973,340,0,0
INSTANCE_040,0.5,delay30,101,SA,398.012,470.9966666666666,74.55166666666776,50,55,9.520000000000437,0.8939393939393939,4,28,2,1,0,88.83094787597656,210,0,0
INSTANCE_040,0.5,p85,101,FR,394.4799,511.61334683333325,19.74758183333404,52,55,6.676275500000429,0.8013257575757575,7,28,2,0,0,53.54428291320801,350,0,0
INSTANCE_040,0.5,p85,101,NR,391.1116,506.13630733333326,29.84764016666736,51,55,6.78223300000036,1.0,0,28,2,2,0,0.0,0,1,0
INSTANCE_040,0.5,p85,101,RG,398.1564,517.4063323333332,17.584122333333994,52,55,6.676275500000429,0.7710227272727272,8,28,2,0,0,140.34318923950195,340,0,0
INSTANCE_040,0.5,p85,101,SA,398.012,517.5122898333333,17.796037333333857,52,55,6.78223300000036,0.8939393939393939,4,28,2,1,0,83.93502235412598,210,0,0
INSTANCE_040,0.5,p95,101,FR,398.1564,558.4492016666667,62.03488499999969,52,55,30.725774166666497,0.7710227272727272,8,28,2,0,0,59.10205841064453,390,0,0
INSTANCE_040,0.5,p95,101,NR,391.1116,545.8375766666667,89.15301083333361,51,55,30.844345000000203,1.0,0,28,2,2,0,0.0,0,1,0
INSTANCE_040,0.5,p95,101,RG,398.1564,558.4492016666667,62.03488499999969,52,55,30.725774166666497,0.7710227272727272,8,28,2,0,0,138.40150833129883,340,0,0
INSTANCE_040,0.5,p95,101,SA,398.012,558.5677725,62.27202666666688,52,55,30.844345000000203,0.8939393939393939,4,28,2,1,0,85.10494232177734,210,0,0
INSTANCE_040,0.75,delay20,101,FR,397.7296,468.96,23.331666666667505,52,55,0.0,0.5101190476190476,9,14,2,0,0,44.614553451538086,300,0,0
INSTANCE_040,0.75,delay20,101,NR,391.1116,461.155,42.65500000000077,51,55,0.0,1.0,0,14,2,2,0,0.0,0,1,0
INSTANCE_040,0.75,delay20,101,RG,398.012,470.9966666666666,27.40500000000077,52,55,0.0,0.7333333333333334,4,14,2,1,0,84.76829528808594,210,0,0
INSTANCE_040,0.75,delay20,101,SA,394.3355,465.985,29.276666666667325,52,55,0.0,0.8166666666666667,3,14,2,1,0,82.75485038757324,200,0,0
INSTANCE_040,0.75,delay30,101,FR,398.012,470.9966666666666,64.19666666666774,51,55,9.520000000000437,0.7333333333333334,4,14,2,1,0,39.46733474731445,230,0,0
INSTANCE_040,0.75,delay30,101,NR,391.1116,461.155,89.44666666666774,50,55,9.520000000000437,1.0,0,14,2,2,0,0.0,0,1,0
INSTANCE_040,0.75,delay30,101,RG,398.012,470.9966666666666,64.19666666666774,51,55,9.520000000000437,0.7333333333333334,4,14,2,1,0,93.28508377075195,210,0,0
INSTANCE_040,0.75,delay30,101,SA,398.012,470.9966666666666,64.19666666666774,51,55,9.520000000000437,0.7333333333333334,4,14,2,1,0,111.45853996276855,210,0,0
INSTANCE_040,0.75,p85,101,FR,394.3354000000001,493.9913956666666,5.5711626666669645,54,55,0.8795991666670488,0.655952380952381,5,14,2,0,0,38.18249702453613,260,0,0
INSTANCE_040,0.75,p85,101,NR,391.1116,488.4083986666667,6.421676666667054,53,55,0.8795991666669352,1.0,0,14,2,2,0,0.0,0,1,0
INSTANCE_040,0.75,p85,101,RG,394.3355,493.9913956666667,5.571162666666851,54,55,0.8795991666669352,0.8166666666666667,3,14,2,1,0,79.33640480041504,200,0,0
INSTANCE_040,0.75,p85,101,SA,391.1116,488.4083986666667,6.421676666667054,53,55,0.8795991666669352,1.0,0,14,2,2,0,79.65850830078125,200,1,0
INSTANCE_040,0.75,p95,101,FR,394.3354,518.7103183333334,22.888755000000515,53,55,19.73194583333361,0.85,4,14,2,1,0,54.47244644165039,360,0,0
INSTANCE_040,0.75,p95,101,NR,391.1116,512.4627133333333,28.20576500000061,52,55,19.73194583333361,1.0,0,14,2,2,0,0.0,0,1,0
INSTANCE_040,0.75,p95,101,RG,394.3355,518.7103183333334,22.888755000000515,53,55,19.73194583333361,0.8166666666666667,3,14,2,1,0,87.70942687988281,200,0,0
INSTANCE_040,0.75,p95,101,SA,391.1116,512.4627133333333,28.20576500000061,52,55,19.73194583333361,1.0,0,14,2,2,0,84.5797061920166,200,1,0
INSTANCE_041,0.25,delay20,101,FR,446.7523,545.095,35.31999999999971,77,82,0.0,0.9303118908382068,6,62,3,2,0,52.445173263549805,340,0,0
INSTANCE_041,0.25,delay20,101,NR,439.005,539.7016666666666,60.39166666666654,77,82,0.0,1.0,0,62,3,3,0,0.0,0,1,0
INSTANCE_041,0.25,delay20,101,RG,468.0004,562.2950000000001,22.15833333333319,79,82,0.0,0.7363231310599732,26,62,3,1,0,248.46863746643064,620,0,0
INSTANCE_041,0.25,delay20,101,SA,452.2442,543.8183333333334,37.19499999999982,77,82,0.0,0.9117933723196882,7,62,3,2,0,192.03543663024905,470,0,0
INSTANCE_041,0.25,delay30,101,FR,463.69999999999993,550.0116666666667,64.33999999999969,77,82,0.0,0.723469026100605,27,62,3,1,0,87.94093132019043,530,0,0
INSTANCE_041,0.25,delay30,101,NR,439.005,539.7016666666666,119.63999999999976,75,82,0.0,1.0,0,62,3,3,0,0.0,0,1,0
INSTANCE_041,0.25,delay30,101,RG,462.5979,551.6533333333334,70.26499999999965,76,82,0.0,0.7582339687602846,24,62,3,1,0,267.4357891082764,640,0,0
INSTANCE_041,0.25,delay30,101,SA,455.468,547.4316666666667,79.04333333333295,76,82,0.0,0.761600972127288,21,62,3,1,0,201.1735439300537,460,0,0
INSTANCE_041,0.25,p85,101,FR,450.6257,598.8675883333333,9.101881500000104,80,82,0.0,0.8903508771929824,9,62,3,2,0,58.6552619934082,360,0,0
INSTANCE_041,0.25,p85,101,NR,439.005,596.4536838333333,14.843576500000154,79,82,0.0,1.0,0,62,3,3,0,0.0,0,1,0
INSTANCE_041,0.25,p85,101,RG,465.5156999999999,619.3501363333332,0.0,82,82,0.0,0.7446077314498366,25,62,3,1,0,215.0106430053711,510,0,0
INSTANCE_041,0.25,p85,101,SA,439.005,596.4536838333333,14.843576500000154,79,82,0.0,1.0,0,62,3,3,0,132.2765350341797,300,1,0
INSTANCE_041,0.25,p95,101,FR,461.0107,659.7376825,18.62541416666648,78,82,0.0,0.7301777170198221,27,62,3,1,0,103.25384140014648,640,0,0
INSTANCE_041,0.25,p95,101,NR,439.005,646.5439825,58.04623416666664,78,82,0.0,1.0,0,62,3,3,0,0.0,0,1,0
INSTANCE_041,0.25,p95,101,RG,454.8592,652.1189675,10.824772500000108,79,82,0.0,0.7402787271208323,23,62,3,1,0,261.52586936950684,590,0,0
INSTANCE_041,0.25,p95,101,SA,445.1264,648.5144141666667,15.499785000000088,80,82,0.0,0.8903318903318903,12,62,3,2,0,257.49969482421875,580,0,0
INSTANCE_041,0.5,delay20,101,FR,455.74390000000005,554.9766666666667,9.263333333333437,81,82,0.0,0.7931929181929182,17,42,3,1,0,59.61084365844726,360,0,0
INSTANCE_041,0.5,delay20,101,NR,439.005,539.7016666666666,31.68499999999972,79,82,0.0,1.0,0,42,3,3,0,0.0,0,1,0
INSTANCE_041,0.5,delay20,101,RG,465.8136,564.1216666666667,2.8999999999999773,81,82,0.0,0.8393467643467645,23,42,3,1,0,153.5942554473877,360,0,0
INSTANCE_041,0.5,delay20,101,SA,470.4734999999999,568.935,2.8999999999999773,81,82,0.0,0.8681929181929182,15,42,3,1,0,152.8420448303223,350,0,0
INSTANCE_041,0.5,delay30,101,FR,456.7173,555.7266666666667,15.339999999999918,80,82,0.0,0.7332722832722833,15,42,3,1,0,74.68986511230469,450,0,0
INSTANCE_041,0.5,delay30,101,NR,439.005,539.7016666666666,70.93333333333294,77,82,0.0,1.0,0,42,3,3,0,0.0,0,1,0
INSTANCE_041,0.5,delay30,101,RG,471.0697,570.5066666666667,25.763333333333097,78,82,0.0,0.7122100122100122,24,42,3,1,0,163.35821151733398,350,0,0
INSTANCE_041,0.5,delay30,101,SA,467.4318,569.6016666666667,26.41833333333329,79,82,0.0,0.8820818070818071,17,42,3,1,0,130.7530403137207,300,0,0
INSTANCE_041,0.5,p85,101,FR,451.9565,594.8219856666666,0.0,82,82,0.0,0.7974664224664224,15,42,3,1,0,50.51565170288086,310,0,0
INSTANCE_041,0.5,p85,101,NR,439.005,584.5229166666667,6.836052333333555,80,82,0.0,1.0,0,42,3,3,0,0.0,0,1,0
INSTANCE_041,0.5,p85,101,RG,467.4318,619.0843266666666,0.0,82,82,0.0,0.8820818070818071,17,42,3,1,0,133.54802131652832,300,0,0
INSTANCE_041,0.5,p85,101,SA,450.7184,595.7871621666666,0.0,82,82,0.0,0.9254884004884006,7,42,3,1,0,184.1568946838379,430,0,0
INSTANCE_041,0.5,p95,101,FR,450.3384,630.1515875,0.0,82,82,0.0,0.6510989010989011,23,42,3,1,0,79.3161392211914,500,0,0
INSTANCE_041,0.5,p95,101,NR,439.005,624.0829166666666,28.82553666666695,79,82,0.0,1.0,0,42,3,3,0,0.0,0,1,0
INSTANCE_041,0.5,p95,101,RG,462.0263,649.069025,0.0,82,82,0.0,0.73998778998779,23,42,3,1,0,220.11494636535645,500,0,0
INSTANCE_041,0.5,p95,101,SA,462.5597999999999,652.4342808333333,0.6453158333335978,80,82,0.0,0.8842185592185592,16,42,3,1,0,178.7276268005371,400,0,0
INSTANCE_041,0.75,delay20,101,FR,442.9711,544.2216666666666,2.926666666666506,81,82,0.0,0.9345238095238096,4,22,3,2,0,51.64504051208496,360,0,0
INSTANCE_041,0.75,delay20,101,NR,439.005,539.7016666666666,14.421666666666397,80,82,0.0,1.0,0,22,3,3,0,0.0,0,1,0
INSTANCE_041,0.75,delay20,101,RG,442.9711,544.2216666666666,2.926666666666506,81,82,0.0,0.9345238095238096,4,22,3,2,0,117.53296852111816,300,0,0
INSTANCE_041,0.75,delay20,101,SA,442.9711,544.2216666666666,2.926666666666506,81,82,0.0,0.9345238095238096,4,22,3,2,0,126.1589527130127,300,0,0
INSTANCE_041,0.75,delay30,101,FR,442.9711,544.2216666666666,17.21833333333302,80,82,0.0,0.9345238095238096,4,22,3,2,0,50.980329513549805,370,0,0
INSTANCE_041,0.75,delay30,101,NR,439.005,539.7016666666666,37.50999999999965,79,82,0.0,1.0,0,22,3,3,0,0.0,0,1,0
INSTANCE_041,0.75,delay30,101,RG,442.9711,544.2216666666666,17.21833333333302,80,82,0.0,0.9345238095238096,4,22,3,2,0,121.24967575073242,300,0,0
INSTANCE_041,0.75,delay30,101,SA,442.9711,544.2216666666666,17.21833333333302,80,82,0.0,0.9345238095238096,4,22,3,2,0,111.11974716186523,300,0,0
INSTANCE_041,0.75,p85,101,FR,439.005,562.0156336666666,0.0,82,82,0.0,1.0,0,22,3,3,0,46.148061752319336,300,1,0
INSTANCE_041,0.75,p85,101,NR,439.005,562.0156336666666,0.0,82,82,0.0,1.0,0,22,3,3,0,0.0,0,1,0
INSTANCE_041,0.75,p85,101,RG,439.005,562.0156336666666,0.0,82,82,0.0,1.0,0,22,3,3,0,129.06527519226074,300,1,0
INSTANCE_041,0.75,p85,101,SA,439.005,562.0156336666666,0.0,82,82,0.0,1.0,0,22,3,3,0,123.49510192871094,300,1,0
INSTANCE_041,0.75,p95,101,FR,439.005,581.7103216666667,0.0,82,82,0.0,1.0,0,22,3,3,0,45.90773582458496,300,1,0
INSTANCE_041,0.75,p95,101,NR,439.005,581.7103216666667,0.0,82,82,0.0,1.0,0,22,3,3,0,0.0,0,1,0
INSTANCE_041,0.75,p95,101,RG,439.005,581.7103216666667,0.0,82,82,0.0,1.0,0,22,3,3,0,119.60911750793456,300,1,0
INSTANCE_041,0.75,p95,101,SA,439.005,581.7103216666667,0.0,82,82,0.0,1.0,0,22,3,3,0,121.6273307800293,300,1,0
INSTANCE_042,0.25,delay20,101,FR,508.7497,583.375,22.33666666666681,84,88,0.0,0.9207516339869282,16,67,4,2,0,78.90963554382324,470,0,0
INSTANCE_042,0.25,delay20,101,NR,504.0373,576.8333333333334,33.34666666666669,83,88,0.0,1.0,0,67,4,4,0,0.0,0,1,0
INSTANCE_042,0.25,delay20,101,RG,504.0666,576.755,23.716666666666583,84,88,0.0,0.9689542483660132,2,67,4,3,0,163.0394458770752,410,0,0
INSTANCE_042,0.25,delay20,101,SA,504.0666,576.755,23.716666666666583,84,88,0.0,0.9689542483660132,2,67,4,3,0,167.5417423248291,410,0,0
INSTANCE_042,0.25,delay30,101,FR,526.5551,603.3566666666667,60.31833333333316,84,88,0.0,0.8766339869281046,15,67,4,3,0,89.78152275085449,570,0,0
INSTANCE_042,0.25,delay30,101,NR,504.0373,576.8333333333334,93.85000000000014,81,88,0.0,1.0,0,67,4,4,0,0.0,0,1,0
INSTANCE_042,0.25,delay30,101,RG,526.9155999999999,601.955,60.31833333333316,84,88,0.0,0.9240196078431372,13,67,4,3,0,197.7696418762207,470,0,0
INSTANCE_042,0.25,delay30,101,SA,522.1723,596.9250000000001,60.31833333333316,84,88,0.0,0.9248366013071896,12,67,4,3,0,199.7554302215576,470,0,0
INSTANCE_042,0.25,p85,101,FR,504.0373,650.7296734999999,9.676414666666574,85,88,0.0,1.0,0,67,4,4,0,60.02521514892578,400,1,0
INSTANCE_042,0.25,p85,101,NR,504.0373,650.7296734999999,9.676414666666574,85,88,0.0,1.0,0,67,4,4,0,0.0,0,1,0
INSTANCE_042,0.25,p85,101,RG,502.2389,651.7776895,6.219551666666575,86,88,0.0,0.9264705882352942,9,67,4,3,0,189.84413146972656,500,0,0
INSTANCE_042,0.25,p85,101,SA,504.0373,650.7296734999999,6.219551666666575,86,88,0.0,0.9738562091503268,6,67,4,3,0,194.65160369873047,490,0,0
INSTANCE_042,0.25,p95,101,FR,509.6025,723.6869741666667,41.924505000000295,84,88,0.0,0.9607843137254902,5,67,4,3,0,68.94779205322266,460,0,0
INSTANCE_042,0.25,p95,101,NR,504.0373,715.9518441666667,62.96353333333378,82,88,0.0,1.0,0,67,4,4,0,0.0,0,1,0
INSTANCE_042,0.25,p95,101,RG,509.6025,723.6869741666667,41.924505000000295,84,88,0.0,0.9607843137254902,5,67,4,3,0,181.09369277954104,460,0,0
INSTANCE_042,0.25,p95,101,SA,510.9074,725.2887583333334,42.00571583333374,83,88,0.0,0.9607843137254902,4,67,4,3,0,183.3972930908203,470,0,0
INSTANCE_042,0.5,delay20,101,FR,499.239,573.625,23.196666666666488,85,88,0.0,0.8682133838383839,9,45,4,2,0,75.78158378601074,510,0,0
INSTANCE_042,0.5,delay20,101,NR,504.0373,576.8333333333334,33.34666666666669,83,88,0.0,1.0,0,45,4,4,0,0.0,0,1,0
INSTANCE_042,0.5,delay20,101,RG,510.6042,580.6566666666668,19.76666666666688,86,88,0.0,0.7659406565656566,19,45,4,1,0,245.8822727203369,610,0,0
INSTANCE_042,0.5,delay20,101,SA,518.0916,593.7483333333333,23.269999999999754,85,88,0.0,0.9299242424242424,8,45,4,3,0,170.6368923187256,420,0,0
INSTANCE_042,0.5,delay30,101,FR,500.292,575.1483333333334,60.171666666666624,84,88,0.0,0.8663194444444444,10,45,4,2,0,82.38410949707031,530,0,0
INSTANCE_042,0.5,delay30,101,NR,504.0373,576.8333333333334,90.3950000000001,82,88,0.0,1.0,0,45,4,4,0,0.0,0,1,0
INSTANCE_042,0.5,delay30,101,RG,502.1195,577.7566666666667,60.171666666666624,84,88,0.0,0.8757891414141414,10,45,4,2,0,205.60574531555176,510,0,0
INSTANCE_042,0.5,delay30,101,SA,502.1051,577.83,60.31833333333316,84,88,0.0,0.9299242424242424,7,45,4,3,0,193.97997856140137,480,0,0
INSTANCE_042,0.5,p85,101,FR,499.12799999999993,628.7210604999999,0.226178666666442,87,88,0.0,0.9545454545454546,5,45,4,3,0,80.79409599304199,480,0,0
INSTANCE_042,0.5,p85,101,NR,504.0373,632.5836929999999,0.226178666666442,87,88,0.0,1.0,0,45,4,4,0,0.0,0,1,0
INSTANCE_042,0.5,p85,101,RG,499.1424999999999,628.6362945,0.226178666666442,87,88,0.0,0.9041982323232324,7,45,4,2,0,232.30504989624023,510,0,0
INSTANCE_042,0.5,p85,101,SA,504.0373,632.5836929999999,0.226178666666442,87,88,0.0,1.0,0,45,4,4,0,176.01728439331055,400,1,0
INSTANCE_042,0.5,p95,101,FR,499.1424999999999,677.3726091666667,19.54479249999997,86,88,0.0,0.9041982323232324,7,45,4,2,0,81.18796348571777,510,0,0
INSTANCE_042,0.5,p95,101,NR,504.0373,681.7899116666667,19.925838333333445,85,88,0.0,1.0,0,45,4,4,0,0.0,0,1,0
INSTANCE_042,0.5,p95,101,RG,499.1424999999999,677.3726091666667,19.54479249999997,86,88,0.0,0.9041982323232324,7,45,4,2,0,215.90352058410645,510,0,0
INSTANCE_042,0.5,p95,101,SA,504.0373,681.7899116666667,19.925838333333445,85,88,0.0,1.0,0,45,4,4,0,170.41397094726562,400,1,0
INSTANCE_042,0.75,delay20,101,FR,504.0373,576.8333333333334,14.236666666666563,86,88,0.0,1.0,0,23,4,4,0,59.66472625732422,400,1,0
INSTANCE_042,0.75,delay20,101,NR,504.0373,576.8333333333334,14.236666666666563,86,88,0.0,1.0,0,23,4,4,0,0.0,0,1,0
INSTANCE_042,0.75,delay20,101,RG,504.0373,576.8333333333334,14.236666666666563,86,88,0.0,1.0,0,23,4,4,0,163.64574432373047,400,1,0
INSTANCE_042,0.75,delay20,101,SA,504.0373,576.8333333333334,14.236666666666563,86,88,0.0,1.0,0,23,4,4,0,161.9739532470703,400,1,0
INSTANCE_042,0.75,delay30,101,FR,504.0373,576.8333333333334,41.28499999999997,85,88,0.0,1.0,0,23,4,4,0,60.128211975097656,400,1,0
INSTANCE_042,0.75,delay30,101,NR,504.0373,576.8333333333334,41.28499999999997,85,88,0.0,1.0,0,23,4,4,0,0.0,0,1,0
INSTANCE_042,0.75,delay30,101,RG,504.0373,576.8333333333334,41.28499999999997,85,88,0.0,1.0,0,23,4,4,0,161.81659698486328,400,1,0
INSTANCE_042,0.75,delay30,101,SA,504.0373,576.8333333333334,41.28499999999997,85,88,0.0,1.0,0,23,4,4,0,165.85540771484375,400,1,0
INSTANCE_042,0.75,p85,101,FR,504.0373,613.4152683333334,0.0,88,88,0.0,1.0,0,23,4,4,0,57.10148811340332,400,1,0
INSTANCE_042,0.75,p85,101,NR,504.0373,613.4152683333334,0.0,88,88,0.0,1.0,0,23,4,4,0,0.0,0,1,0
INSTANCE_042,0.75,p85,101,RG,504.0373,613.4152683333334,0.0,88,88,0.0,1.0,0,23,4,4,0,148.2717990875244,400,1,0
INSTANCE_042,0.75,p85,101,SA,504.0373,613.4152683333334,0.0,88,88,0.0,1.0,0,23,4,4,0,148.85783195495603,400,1,0
INSTANCE_042,0.75,p95,101,FR,504.0373,645.7031083333334,2.050415000000044,87,88,0.0,1.0,0,23,4,4,0,54.66032028198242,400,1,0
INSTANCE_042,0.75,p95,101,NR,504.0373,645.7031083333334,2.050415000000044,87,88,0.0,1.0,0,23,4,4,0,0.0,0,1,0
INSTANCE_042,0.75,p95,101,RG,504.0373,645.7031083333334,2.050415000000044,87,88,0.0,1.0,0,23,4,4,0,146.09050750732422,400,1,0
INSTANCE_042,0.75,p95,101,SA,504.0373,645.7031083333334,2.050415000000044,87,88,0.0,1.0,0,23,4,4,0,151.71003341674805,400,1,0
INSTANCE_043,0.25,delay20,101,FR,537.5124999999999,623.275,2.485000000000128,92,93,0.0,0.8300007750135627,39,71,4,1,0,94.77591514587402,560,0,0
INSTANCE_043,0.25,delay20,101,NR,495.9046,578.6133333333332,28.31166666666684,90,93,0.0,1.0,0,71,4,4,0,0.0,0,1,0
INSTANCE_043,0.25,delay20,101,RG,542.8688,618.2583333333332,9.426666666666732,92,93,0.0,0.9057954868376864,17,71,4,1,0,207.64589309692383,480,0,0
INSTANCE_043,0.25,delay20,101,SA,568.3467,637.28,11.071666666666829,91,93,0.0,0.9507301273605622,27,71,4,2,0,184.4725608825684,410,0,0
INSTANCE_043,0.25,delay30,101,FR,532.8068,612.9766666666666,12.485000000000127,92,93,0.0,0.8789654860626728,29,71,4,1,0,103.1358242034912,620,0,0
INSTANCE_043,0.25,delay30,101,NR,495.9046,578.6133333333332,58.31166666666684,90,93,0.0,1.0,0,71,4,4,0,0.0,0,1,0
INSTANCE_043,0.25,delay30,101,RG,546.4159,629.15,12.485000000000127,92,93,0.0,0.8495537213567904,20,71,4,1,0,236.17839813232425,540,0,0
INSTANCE_043,0.25,delay30,101,SA,547.4384,628.4066666666666,21.803333333333512,92,93,0.0,0.8712524865018471,18,71,4,1,0,207.25679397583008,470,0,0
INSTANCE_043,0.25,p85,101,FR,498.4845,656.7875686666666,0.0,93,93,0.0,0.9701086956521738,5,71,4,3,0,67.39211082458496,430,0,0
INSTANCE_043,0.25,p85,101,NR,495.9046,652.5242241666666,6.151767666666842,92,93,0.0,1.0,0,71,4,4,0,0.0,0,1,0
INSTANCE_043,0.25,p85,101,RG,499.09920000000005,657.4367991666666,0.0,93,93,0.0,0.9649209486166008,4,71,4,3,0,176.78451538085938,420,0,0
INSTANCE_043,0.25,p85,101,SA,499.09920000000005,657.4367991666666,0.0,93,93,0.0,0.9649209486166008,4,71,4,3,0,174.4709014892578,420,0,0
INSTANCE_043,0.25,p95,101,FR,503.9483,717.3798108333334,0.0,93,93,0.0,0.9332471130744788,12,71,4,2,0,80.78217506408691,520,0,0
INSTANCE_043,0.25,p95,101,NR,495.9046,717.7592375000002,15.161187500000096,91,93,0.0,1.0,0,71,4,4,0,0.0,0,1,0
INSTANCE_043,0.25,p95,101,RG,503.9483,717.3798108333334,0.0,93,93,0.0,0.9332471130744788,12,71,4,2,0,211.30776405334475,520,0,0
INSTANCE_043,0.25,p95,101,SA,502.4162,717.1750066666668,4.886585000000082,92,93,0.0,0.9455988917306052,9,71,4,2,0,185.03665924072263,450,0,0
INSTANCE_043,0.5,delay20,101,FR,514.1249,593.3583333333332,3.876666666666893,91,93,0.0,0.8718073593073593,12,47,4,2,0,89.84541893005371,560,0,0
INSTANCE_043,0.5,delay20,101,NR,495.9046,578.6133333333332,28.31166666666684,90,93,0.0,1.0,0,47,4,4,0,0.0,0,1,0
INSTANCE_043,0.5,delay20,101,RG,512.7259,592.5033333333333,3.876666666666893,91,93,0.0,0.925974025974026,8,47,4,2,0,228.23524475097656,510,0,0
INSTANCE_043,0.5,delay20,101,SA,512.7259,592.5033333333333,3.876666666666893,91,93,0.0,0.925974025974026,8,47,4,2,0,220.92413902282715,510,0,0
INSTANCE_043,0.5,delay30,101,FR,516.6722,597.1883333333333,26.81833333333361,90,93,0.0,0.8843073593073594,11,47,4,2,0,80.57236671447754,510,0,0
INSTANCE_043,0.5,delay30,101,NR,495.9046,578.6133333333332,58.31166666666684,90,93,0.0,1.0,0,47,4,4,0,0.0,0,1,0
INSTANCE_043,0.5,delay30,101,RG,506.0621,587.0533333333333,23.876666666666893,91,93,0.0,0.9462121212121212,5,47,4,2,0,201.22218132019043,480,0,0
INSTANCE_043,0.5,delay30,101,SA,506.0621,587.0533333333333,23.876666666666893,91,93,0.0,0.9462121212121212,5,47,4,2,0,200.347900390625,480,0,0
INSTANCE_043,0.5,p85,101,FR,498.4519,637.6356068333332,0.0,93,93,0.0,0.9720238095238096,2,47,4,3,0,63.98773193359375,410,0,0
INSTANCE_043,0.5,p85,101,NR,495.9046,633.3240998333332,3.666721666666831,92,93,0.0,1.0,0,47,4,4,0,0.0,0,1,0
INSTANCE_043,0.5,p85,101,RG,498.4519,637.6356068333332,0.0,93,93,0.0,0.9720238095238096,2,47,4,3,0,173.58636856079102,410,0,0
INSTANCE_043,0.5,p85,101,SA,498.4519,637.6356068333332,0.0,93,93,0.0,0.9720238095238096,2,47,4,3,0,186.3563060760498,410,0,0
INSTANCE_043,0.5,p95,101,FR,498.4519,686.4375108333334,0.0,93,93,0.0,0.9720238095238096,2,47,4,3,0,64.32843208312988,410,0,0
INSTANCE_043,0.5,p95,101,NR,495.9046,681.6127558333334,7.535575000000108,92,93,0.0,1.0,0,47,4,4,0,0.0,0,1,0
INSTANCE_043,0.5,p95,101,RG,498.4519,686.4375108333334,0.0,93,93,0.0,0.9720238095238096,2,47,4,3,0,171.3237762451172,410,0,0
INSTANCE_043,0.5,p95,101,SA,498.4519,686.4375108333334,0.0,93,93,0.0,0.9720238095238096,2,47,4,3,0,170.1657772064209,410,0,0
INSTANCE_043,0.75,delay20,101,FR,495.9046,578.6133333333332,0.0,93,93,0.0,1.0,0,24,4,4,0,70.81794738769531,400,1,0
INSTANCE_043,0.75,delay20,101,NR,495.9046,578.6133333333332,0.0,93,93,0.0,1.0,0,24,4,4,0,0.0,0,1,0
INSTANCE_043,0.75,delay20,101,RG,495.9046,578.6133333333332,0.0,93,93,0.0,1.0,0,24,4,4,0,185.7128143310547,400,1,0
INSTANCE_043,0.75,delay20,101,SA,495.9046,578.6133333333332,0.0,93,93,0.0,1.0,0,24,4,4,0,161.45563125610352,400,1,0
INSTANCE_043,0.75,delay30,101,FR,495.9046,578.6133333333332,0.0,93,93,0.0,1.0,0,24,4,4,0,56.35976791381836,400,1,0
INSTANCE_043,0.75,delay30,101,NR,495.9046,578.6133333333332,0.0,93,93,0.0,1.0,0,24,4,4,0,0.0,0,1,0
INSTANCE_043,0.75,delay30,101,RG,495.9046,578.6133333333332,0.0,93,93,0.0,1.0,0,24,4,4,0,157.61685371398926,400,1,0
INSTANCE_043,0.75,delay30,101,SA,495.9046,578.6133333333332,0.0,93,93,0.0,1.0,0,24,4,4,0,151.45254135131836,400,1,0
INSTANCE_043,0.75,p85,101,FR,495.9046,609.5532473333333,0.0,93,93,0.0,1.0,0,24,4,4,0,56.59198760986328,400,1,0
INSTANCE_043,0.75,p85,101,NR,495.9046,609.5532473333333,0.0,93,93,0.0,1.0,0,24,4,4,0,0.0,0,1,0
INSTANCE_043,0.75,p85,101,RG,495.9046,609.5532473333333,0.0,93,93,0.0,1.0,0,24,4,4,0,152.93049812316897,400,1,0
INSTANCE_043,0.75,p85,101,SA,495.9046,609.5532473333333,0.0,93,93,0.0,1.0,0,24,4,4,0,155.74026107788086,400,1,0
INSTANCE_043,0.75,p95,101,FR,495.9046,636.8613433333334,0.0,93,93,0.0,1.0,0,24,4,4,0,65.08159637451172,400,1,0
INSTANCE_043,0.75,p95,101,NR,495.9046,636.8613433333334,0.0,93,93,0.0,1.0,0,24,4,4,0,0.0,0,1,0
INSTANCE_043,0.75,p95,101,RG,495.9046,636.8613433333334,0.0,93,93,0.0,1.0,0,24,4,4,0,154.47187423706055,400,1,0
INSTANCE_043,0.75,p95,101,SA,495.9046,636.8613433333334,0.0,93,93,0.0,1.0,0,24,4,4,0,151.7810821533203,400,1,0
INSTANCE_044,0.25,delay20,101,FR,503.5426000000001,574.5966666666667,0.0,80,80,0.0,0.6401837928153717,36,61,3,1,0,73.68612289428711,480,0,0
INSTANCE_044,0.25,delay20,101,NR,448.68750000000006,536.1966666666667,28.974999999999795,77,80,0.0,1.0,0,61,3,3,0,0.0,0,1,0
INSTANCE_044,0.25,delay20,101,RG,523.9689000000001,592.8266666666666,3.5616666666666106,79,80,0.0,0.8589459760512392,21,61,3,1,0,133.01706314086914,330,0,0
INSTANCE_044,0.25,delay20,101,SA,523.9689000000001,592.8266666666666,3.5616666666666106,79,80,0.0,0.8589459760512392,21,61,3,1,0,130.96332550048828,330,0,0
INSTANCE_044,0.25,delay30,101,FR,519.4938000000001,591.7533333333332,8.639999999999645,78,80,0.0,0.696400724032303,32,61,3,1,0,90.90065956115724,600,0,0
INSTANCE_044,0.25,delay30,101,NR,448.68750000000006,536.1966666666667,66.80666666666627,76,80,0.0,1.0,0,61,3,3,0,0.0,0,1,0
INSTANCE_044,0.25,delay30,101,RG,523.9689000000001,592.8266666666666,28.66999999999996,77,80,0.0,0.8589459760512392,21,61,3,1,0,126.01995468139648,330,0,0
INSTANCE_044,0.25,delay30,101,SA,523.9689000000001,592.8266666666666,28.66999999999996,77,80,0.0,0.8589459760512392,21,61,3,1,0,120.8944320678711,330,0,0
INSTANCE_044,0.25,p85,101,FR,460.7281,610.8654158333333,0.0,80,80,0.0,0.8231342244500138,17,61,3,1,0,71.8834400177002,390,0,0
INSTANCE_044,0.25,p85,101,NR,448.68750000000006,606.6406013333333,25.54096883333318,77,80,0.0,1.0,0,61,3,3,0,0.0,0,1,0
INSTANCE_044,0.25,p85,101,RG,449.2633000000001,605.3710378333333,13.51910850000013,78,80,0.0,0.9454539125591758,4,61,3,1,0,128.32093238830566,320,0,0
INSTANCE_044,0.25,p85,101,SA,449.2633000000001,605.3710378333333,13.51910850000013,78,80,0.0,0.9454539125591758,4,61,3,1,0,129.55522537231445,320,0,0
INSTANCE_044,0.25,p95,101,FR,475.79620000000006,683.677935,32.004289999999855,78,80,0.0,0.7190197716513506,28,61,3,0,0,65.0181770324707,410,0,0
INSTANCE_044,0.25,p95,101,NR,448.68750000000006,668.81562,87.34953249999944,75,80,0.0,1.0,0,61,3,3,0,0.0,0,1,0
INSTANCE_044,0.25,p95,101,RG,460.1829,669.5054866666666,61.72245249999981,78,80,0.0,0.8442634363686995,14,61,3,0,0,181.0517311096192,420,0,0
INSTANCE_044,0.25,p95,101,SA,460.1434,669.1562416666666,61.96369749999997,77,80,0.0,0.8966443887496519,10,61,3,1,0,140.01893997192383,340,0,0
INSTANCE_044,0.5,delay20,101,FR,463.2992,542.7099999999999,0.0,80,80,0.0,0.7799145299145299,11,41,3,1,0,57.22951889038086,350,0,0
INSTANCE_044,0.5,delay20,101,NR,448.68750000000006,536.1966666666667,19.86499999999978,78,80,0.0,1.0,0,41,3,3,0,0.0,0,1,0
INSTANCE_044,0.5,delay20,101,RG,461.87700000000007,549.5350000000001,6.049999999999841,79,80,0.0,0.8076923076923076,13,41,3,2,0,173.60591888427734,410,0,0
INSTANCE_044,0.5,delay20,101,SA,479.2141000000001,561.9316666666666,6.049999999999841,79,80,0.0,0.9377289377289376,13,41,3,2,0,154.6003818511963,360,0,0
INSTANCE_044,0.5,delay30,101,FR,463.2992,542.7099999999999,4.916666666666629,79,80,0.0,0.7799145299145299,11,41,3,1,0,55.10973930358887,350,0,0
INSTANCE_044,0.5,delay30,101,NR,448.68750000000006,536.1966666666667,47.69666666666626,77,80,0.0,1.0,0,41,3,3,0,0.0,0,1,0
INSTANCE_044,0.5,delay30,101,RG,460.9305000000001,544.235,4.916666666666629,79,80,0.0,0.6962759462759464,20,41,3,1,0,227.3576259613037,570,0,0
INSTANCE_044,0.5,delay30,101,SA,481.07380000000006,559.3883333333333,4.916666666666629,79,80,0.0,0.8305860805860806,22,41,3,1,0,204.4122219085693,520,0,0
INSTANCE_044,0.5,p85,101,FR,451.3785000000001,576.3232811666666,0.0,80,80,0.0,0.8018925518925518,9,41,3,1,0,43.000221252441406,310,0,0
INSTANCE_044,0.5,p85,101,NR,448.68750000000006,582.0180151666666,4.8414064999998345,79,80,0.0,1.0,0,41,3,3,0,0.0,0,1,0
INSTANCE_044,0.5,p85,101,RG,448.62930000000006,581.8022471666667,4.8414064999998345,79,80,0.0,0.8717948717948718,8,41,3,2,0,137.42542266845703,360,0,0
INSTANCE_044,0.5,p85,101,SA,448.68750000000006,582.0180151666666,4.8414064999998345,79,80,0.0,1.0,0,41,3,3,0,122.63822555541992,300,1,0
INSTANCE_044,0.5,p95,101,FR,451.5981,617.3018099999999,0.0,80,80,0.0,0.7249694749694751,15,41,3,1,0,62.62040138244629,390,0,0
INSTANCE_044,0.5,p95,101,NR,448.68750000000006,622.4607191666666,34.899395833333074,77,80,0.0,1.0,0,41,3,3,0,0.0,0,1,0
INSTANCE_044,0.5,p95,101,RG,457.9603000000001,632.8087191666666,6.500032499999975,79,80,0.0,0.7431318681318682,14,41,3,1,0,267.3370838165283,630,0,0
INSTANCE_044,0.5,p95,101,SA,448.7673000000001,617.4613416666666,0.3277650000001131,79,80,0.0,0.8910256410256411,8,41,3,2,0,214.43963050842285,520,0,0
INSTANCE_044,0.75,delay20,101,FR,442.3839000000001,524.225,0.0,80,80,0.0,0.9007936507936508,3,21,3,2,0,57.79743194580078,380,0,0
INSTANCE_044,0.75,delay20,101,NR,448.68750000000006,536.1966666666667,6.049999999999841,79,80,0.0,1.0,0,21,3,3,0,0.0,0,1,0
INSTANCE_044,0.75,delay20,101,RG,442.3839000000001,524.225,0.0,80,80,0.0,0.9007936507936508,3,21,3,2,0,133.70299339294434,330,0,0
INSTANCE_044,0.75,delay20,101,SA,448.68750000000006,536.1966666666667,6.049999999999841,79,80,0.0,1.0,0,21,3,3,0,121.47831916809082,300,1,0
INSTANCE_044,0.75,delay30,101,FR,452.70220000000006,533.8783333333333,18.859999999999783,78,80,0.0,0.8015873015873015,5,21,3,2,0,42.5114631652832,300,0,0
INSTANCE_044,0.75,delay30,101,NR,448.68750000000006,536.1966666666667,23.88166666666632,78,80,0.0,1.0,0,21,3,3,0,0.0,0,1,0
INSTANCE_044,0.75,delay30,101,RG,442.4140000000001,524.18,3.814999999999941,79,80,0.0,0.8373015873015873,5,21,3,2,0,129.02545928955078,350,0,0
INSTANCE_044,0.75,delay30,101,SA,442.3839000000001,524.225,4.078333333333262,79,80,0.0,0.9007936507936508,3,21,3,2,0,126.51944160461426,330,0,0
INSTANCE_044,0.75,p85,101,FR,442.4140000000001,549.3149774999999,0.0,80,80,0.0,0.8373015873015873,5,21,3,2,0,50.18949508666992,340,0,0
INSTANCE_044,0.75,p85,101,NR,448.68750000000006,563.2050425,0.0,80,80,0.0,1.0,0,21,3,3,0,0.0,0,1,0
INSTANCE_044,0.75,p85,101,RG,442.3839000000001,549.366993,0.0,80,80,0.0,0.9007936507936508,3,21,3,2,0,131.24942779541016,330,0,0
INSTANCE_044,0.75,p85,101,SA,448.68750000000006,563.2050425,0.0,80,80,0.0,1.0,0,21,3,3,0,118.53623390197754,300,1,0
INSTANCE_044,0.75,p95,101,FR,442.3839000000001,571.5577450000001,0.0,80,80,0.0,0.9007936507936508,3,21,3,2,0,54.193973541259766,380,0,0
INSTANCE_044,0.75,p95,101,NR,448.68750000000006,587.0430958333334,5.566771666666455,79,80,0.0,1.0,0,21,3,3,0,0.0,0,1,0
INSTANCE_044,0.75,p95,101,RG,442.3839000000001,571.5577450000001,0.0,80,80,0.0,0.9007936507936508,3,21,3,2,0,130.8145523071289,330,0,0
INSTANCE_044,0.75,p95,101,SA,448.68750000000006,587.0430958333334,5.566771666666455,79,80,0.0,1.0,0,21,3,3,0,122.13587760925292,300,1,0
INSTANCE_046,0.25,delay20,101,FR,317.9248,365.80000000000007,0.0,53,53,0.0,1.0,0,40,2,2,0,29.33049201965332,200,1,0
INSTANCE_046,0.25,delay20,101,NR,317.9248,365.80000000000007,0.0,53,53,0.0,1.0,0,40,2,2,0,0.0,0,1,0
INSTANCE_046,0.25,delay20,101,RG,317.9476,365.8566666666668,0.0,53,53,0.0,0.9315476190476192,4,40,2,1,0,95.99065780639648,250,0,0
INSTANCE_046,0.25,delay20,101,SA,317.9248,365.80000000000007,0.0,53,53,0.0,1.0,0,40,2,2,0,78.25636863708496,200,1,0
INSTANCE_046,0.25,delay30,101,FR,317.9248,365.80000000000007,0.0,53,53,0.0,1.0,0,40,2,2,0,31.03899955749512,200,1,0
INSTANCE_046,0.25,delay30,101,NR,317.9248,365.80000000000007,0.0,53,53,0.0,1.0,0,40,2,2,0,0.0,0,1,0
INSTANCE_046,0.25,delay30,101,RG,317.9476,365.8566666666668,0.0,53,53,0.0,0.9315476190476192,4,40,2,1,0,97.886323928833,240,0,0
INSTANCE_046,0.25,delay30,101,SA,317.9248,365.80000000000007,0.0,53,53,0.0,1.0,0,40,2,2,0,82.84378051757812,200,1,0
INSTANCE_046,0.25,p85,101,FR,317.9248,407.4182844999999,0.0,53,53,0.0,1.0,0,40,2,2,0,29.844284057617188,200,1,0
INSTANCE_046,0.25,p85,101,NR,317.9248,407.4182844999999,0.0,53,53,0.0,1.0,0,40,2,2,0,0.0,0,1,0
INSTANCE_046,0.25,p85,101,RG,317.9476,407.48378549999984,0.0,53,53,0.0,0.9315476190476192,4,40,2,1,0,98.53100776672365,250,0,0
INSTANCE_046,0.25,p85,101,SA,317.9248,407.4182844999999,0.0,53,53,0.0,1.0,0,40,2,2,0,78.16576957702637,200,1,0
INSTANCE_046,0.25,p95,101,FR,317.9476,444.2245908333334,0.0,53,53,0.0,0.9315476190476192,4,40,2,1,0,38.08045387268066,240,0,0
INSTANCE_046,0.25,p95,101,NR,317.9248,444.15129250000007,3.548816666666994,52,53,0.0,1.0,0,40,2,2,0,0.0,0,1,0
INSTANCE_046,0.25,p95,101,RG,317.9476,444.2245908333334,0.0,53,53,0.0,0.9315476190476192,4,40,2,1,0,100.24046897888184,240,0,0
INSTANCE_046,0.25,p95,101,SA,317.9476,444.2245908333334,0.0,53,53,0.0,0.9315476190476192,4,40,2,1,0,94.58255767822266,240,0,0
INSTANCE_046,0.5,delay20,101,FR,317.9248,365.80000000000007,0.0,53,53,0.0,1.0,0,27,2,2,0,27.782440185546875,200,1,0
INSTANCE_046,0.5,delay20,101,NR,317.9248,365.80000000000007,0.0,53,53,0.0,1.0,0,27,2,2,0,0.0,0,1,0
INSTANCE_046,0.5,delay20,101,RG,317.9248,365.80000000000007,0.0,53,53,0.0,1.0,0,27,2,2,0,74.9349594116211,200,1,0
INSTANCE_046,0.5,delay20,101,SA,317.9248,365.80000000000007,0.0,53,53,0.0,1.0,0,27,2,2,0,74.25951957702637,200,1,0
INSTANCE_046,0.5,delay30,101,FR,317.9248,365.80000000000007,0.0,53,53,0.0,1.0,0,27,2,2,0,26.49235725402832,200,1,0
INSTANCE_046,0.5,delay30,101,NR,317.9248,365.80000000000007,0.0,53,53,0.0,1.0,0,27,2,2,0,0.0,0,1,0
INSTANCE_046,0.5,delay30,101,RG,317.9248,365.80000000000007,0.0,53,53,0.0,1.0,0,27,2,2,0,70.99509239196777,200,1,0
INSTANCE_046,0.5,delay30,101,SA,317.9248,365.80000000000007,0.0,53,53,0.0,1.0,0,27,2,2,0,73.49491119384766,200,1,0
INSTANCE_046,0.5,p85,101,FR,317.9248,387.2068888333333,0.0,53,53,0.0,1.0,0,27,2,2,0,31.30936622619629,200,1,0
INSTANCE_046,0.5,p85,101,NR,317.9248,387.2068888333333,0.0,53,53,0.0,1.0,0,27,2,2,0,0.0,0,1,0
INSTANCE_046,0.5,p85,101,RG,317.9248,387.2068888333333,0.0,53,53,0.0,1.0,0,27,2,2,0,81.17961883544922,200,1,0
INSTANCE_046,0.5,p85,101,SA,317.9248,387.2068888333333,0.0,53,53,0.0,1.0,0,27,2,2,0,79.85758781433105,200,1,0
INSTANCE_046,0.5,p95,101,FR,317.9248,406.1009741666668,0.0,53,53,0.0,1.0,0,27,2,2,0,28.30648422241211,200,1,0
INSTANCE_046,0.5,p95,101,NR,317.9248,406.1009741666668,0.0,53,53,0.0,1.0,0,27,2,2,0,0.0,0,1,0
INSTANCE_046,0.5,p95,101,RG,317.9248,406.1009741666668,0.0,53,53,0.0,1.0,0,27,2,2,0,73.84562492370605,200,1,0
INSTANCE_046,0.5,p95,101,SA,317.9248,406.1009741666668,0.0,53,53,0.0,1.0,0,27,2,2,0,76.08246803283691,200,1,0
INSTANCE_046,0.75,delay20,101,FR,317.9248,365.80000000000007,0.0,53,53,0.0,1.0,0,14,2,2,0,26.29733085632324,200,1,0
INSTANCE_046,0.75,delay20,101,NR,317.9248,365.80000000000007,0.0,53,53,0.0,1.0,0,14,2,2,0,0.0,0,1,0
INSTANCE_046,0.75,delay20,101,RG,317.9248,365.80000000000007,0.0,53,53,0.0,1.0,0,14,2,2,0,70.30296325683594,200,1,0
INSTANCE_046,0.75,delay20,101,SA,317.9248,365.80000000000007,0.0,53,53,0.0,1.0,0,14,2,2,0,71.73728942871094,200,1,0
INSTANCE_046,0.75,delay30,101,FR,317.9248,365.80000000000007,0.0,53,53,0.0,1.0,0,14,2,2,0,27.76217460632324,200,1,0
INSTANCE_046,0.75,delay30,101,NR,317.9248,365.80000000000007,0.0,53,53,0.0,1.0,0,14,2,2,0,0.0,0,1,0
INSTANCE_046,0.75,delay30,101,RG,317.9248,365.80000000000007,0.0,53,53,0.0,1.0,0,14,2,2,0,77.9109001159668,200,1,0
INSTANCE_046,0.75,delay30,101,SA,317.9248,365.80000000000007,0.0,53,53,0.0,1.0,0,14,2,2,0,78.14359664916992,200,1,0
INSTANCE_046,0.75,p85,101,FR,317.9248,374.25965366666674,0.0,53,53,0.0,1.0,0,14,2,2,0,29.74724769592285,200,1,0
INSTANCE_046,0.75,p85,101,NR,317.9248,374.25965366666674,0.0,53,53,0.0,1.0,0,14,2,2,0,0.0,0,1,0
INSTANCE_046,0.75,p85,101,RG,317.9248,374.25965366666674,0.0,53,53,0.0,1.0,0,14,2,2,0,81.44664764404297,200,1,0
INSTANCE_046,0.75,p85,101,SA,317.9248,374.25965366666674,0.0,53,53,0.0,1.0,0,14,2,2,0,80.88088035583496,200,1,0
INSTANCE_046,0.75,p95,101,FR,317.9248,381.7262883333335,0.0,53,53,0.0,1.0,0,14,2,2,0,27.216196060180664,200,1,0
INSTANCE_046,0.75,p95,101,NR,317.9248,381.7262883333335,0.0,53,53,0.0,1.0,0,14,2,2,0,0.0,0,1,0
INSTANCE_046,0.75,p95,101,RG,317.9248,381.7262883333335,0.0,53,53,0.0,1.0,0,14,2,2,0,71.4409351348877,200,1,0
INSTANCE_046,0.75,p95,101,SA,317.9248,381.7262883333335,0.0,53,53,0.0,1.0,0,14,2,2,0,74.86200332641602,200,1,0
INSTANCE_049,0.25,delay20,101,FR,292.2958,332.6266666666666,109.15000000000146,60,68,0.0,0.8034188034188035,20,51,2,1,0,36.70644760131836,200,0,0
INSTANCE_049,0.25,delay20,101,NR,274.1715,322.13666666666654,118.56333333333488,60,68,0.0,1.0,0,51,2,2,0,0.0,0,1,0
INSTANCE_049,0.25,delay20,101,RG,282.47860000000003,333.9783333333333,78.3666666666677,63,68,0.0,0.7735507246376812,18,51,2,1,0,218.14322471618647,500,0,0
INSTANCE_049,0.25,delay20,101,SA,282.47860000000003,333.9783333333333,78.3666666666677,63,68,0.0,0.7735507246376812,18,51,2,1,0,220.0300693511963,500,0,0
INSTANCE_049,0.25,delay30,101,FR,300.40190000000007,342.34833333333336,140.7266666666684,59,68,0.0,0.591462281679673,39,51,2,0,0,53.1620979309082,320,0,0
INSTANCE_049,0.25,delay30,101,NR,274.1715,322.13666666666654,220.8733333333355,57,68,0.0,1.0,0,51,2,2,0,0.0,0,1,0
INSTANCE_049,0.25,delay30,101,RG,308.967,360.9183333333333,182.8983333333348,58,68,0.0,0.8777173913043479,18,51,2,1,0,212.069034576416,500,0,0
INSTANCE_049,0.25,delay30,101,SA,282.4574,333.9283333333333,149.93666666666795,60,68,0.0,0.7735507246376812,18,51,2,1,0,217.85378456115723,500,0,0
INSTANCE_049,0.25,p85,101,FR,292.2958,371.3085746666667,68.90945516666943,61,68,0.0,0.8034188034188035,20,51,2,1,0,33.513784408569336,200,0,0
INSTANCE_049,0.25,p85,101,NR,274.1715,359.1831836666668,79.79032716666904,61,68,0.0,1.0,0,51,2,2,0,0.0,0,1,0
INSTANCE_049,0.25,p85,101,RG,282.7536,372.52804916666673,56.57987416666833,64,68,0.0,0.7608695652173914,19,51,2,1,0,215.34132957458496,500,0,0
INSTANCE_049,0.25,p85,101,SA,274.1715,359.1831836666668,79.79032716666904,61,68,0.0,1.0,0,51,2,2,0,90.4710292816162,200,1,0
INSTANCE_049,0.25,p95,101,FR,299.0639,419.65467250000006,106.39479333333452,62,68,0.0,0.5948532144184318,37,51,2,0,0,74.01609420776367,410,0,0
INSTANCE_049,0.25,p95,101,NR,274.1715,391.88107166666674,194.66157000000203,58,68,0.0,1.0,0,51,2,2,0,0.0,0,1,0
INSTANCE_049,0.25,p95,101,RG,308.0065,440.4347500000001,161.75608333333523,58,68,0.0,0.947463768115942,10,51,2,1,0,170.46761512756348,370,0,0
INSTANCE_049,0.25,p95,101,SA,283.5412,406.6636208333334,134.82246583333483,61,68,0.0,0.756340579710145,18,51,2,1,0,223.12641143798828,500,0,0
INSTANCE_049,0.5,delay20,101,FR,301.6497,348.1066666666667,48.14666666666756,63,68,0.0,0.4006535947712418,32,34,2,0,0,52.96635627746582,320,0,0
INSTANCE_049,0.5,delay20,101,NR,274.1715,322.13666666666654,103.7783333333348,61,68,0.0,1.0,0,34,2,2,0,0.0,0,1,0
INSTANCE_049,0.5,delay20,101,RG,307.9933,359.6199999999999,81.95166666666796,62,68,0.0,0.9458333333333332,11,34,2,1,0,89.21575546264648,200,0,0
INSTANCE_049,0.5,delay20,101,SA,307.9933,359.6199999999999,81.95166666666796,62,68,0.0,0.9458333333333332,11,34,2,1,0,87.42332458496094,200,0,0
INSTANCE_049,0.5,delay30,101,FR,302.73140000000006,351.90666666666664,101.1183333333347,62,68,0.0,0.3843137254901961,31,34,2,0,0,99.10106658935548,590,0,0
INSTANCE_049,0.5,delay30,101,NR,274.1715,322.13666666666654,196.0883333333354,58,68,0.0,1.0,0,34,2,2,0,0.0,0,1,0
INSTANCE_049,0.5,delay30,101,RG,307.9933,359.6199999999999,164.29833333333522,59,68,0.0,0.9458333333333332,11,34,2,1,0,91.94326400756836,200,0,0
INSTANCE_049,0.5,delay30,101,SA,307.9933,359.6199999999999,164.29833333333522,59,68,0.0,0.9458333333333332,11,34,2,1,0,93.15633773803712,200,0,0
INSTANCE_049,0.5,p85,101,FR,294.3558,361.973688,14.470499500000985,66,68,0.0,0.4820261437908496,32,34,2,0,0,37.35947608947754,220,0,0
INSTANCE_049,0.5,p85,101,NR,274.1715,345.77760249999994,45.94401950000122,64,68,0.0,1.0,0,34,2,2,0,0.0,0,1,0
INSTANCE_049,0.5,p85,101,RG,307.9933,389.1045875,34.916966000001025,65,68,0.0,0.9458333333333332,11,34,2,1,0,93.80459785461426,200,0,0
INSTANCE_049,0.5,p85,101,SA,307.9933,389.1045875,34.916966000001025,65,68,0.0,0.9458333333333332,11,34,2,1,0,90.75379371643066,200,0,0
INSTANCE_049,0.5,p95,101,FR,299.8851,396.4672941666668,32.20820000000083,65,68,0.0,0.4339869281045752,32,34,2,0,0,70.62315940856934,440,0,0
INSTANCE_049,0.5,p95,101,NR,274.1715,366.6434958333334,91.1311458333339,62,68,0.0,1.0,0,34,2,2,0,0.0,0,1,0
INSTANCE_049,0.5,p95,101,RG,307.9933,415.1281875000001,72.03445000000043,63,68,0.0,0.9458333333333332,11,34,2,1,0,90.9574031829834,200,0,0
INSTANCE_049,0.5,p95,101,SA,307.9933,415.1281875000001,72.03445000000043,63,68,0.0,0.9458333333333332,11,34,2,1,0,90.99578857421876,200,0,0
INSTANCE_049,0.75,delay20,101,FR,274.06179999999995,321.86166666666657,94.80166666666798,62,68,0.0,0.8923611111111112,2,17,2,1,0,32.30142593383789,200,0,0
INSTANCE_049,0.75,delay20,101,NR,274.1715,322.13666666666654,95.62666666666792,62,68,0.0,1.0,0,17,2,2,0,0.0,0,1,0
INSTANCE_049,0.75,delay20,101,RG,274.06179999999995,321.86166666666657,94.80166666666798,62,68,0.0,0.8923611111111112,2,17,2,1,0,95.63446044921876,220,0,0
INSTANCE_049,0.75,delay20,101,SA,274.1715,322.13666666666654,95.62666666666792,62,68,0.0,1.0,0,17,2,2,0,87.10336685180664,200,1,0
INSTANCE_049,0.75,delay30,101,FR,274.06179999999995,321.86166666666657,169.32333333333509,60,68,0.0,0.8923611111111112,2,17,2,1,0,32.34601020812988,200,0,0
INSTANCE_049,0.75,delay30,101,NR,274.1715,322.13666666666654,170.423333333335,60,68,0.0,1.0,0,17,2,2,0,0.0,0,1,0
INSTANCE_049,0.75,delay30,101,RG,274.06179999999995,321.86166666666657,169.32333333333509,60,68,0.0,0.8923611111111112,2,17,2,1,0,94.03133392333984,220,0,0
INSTANCE_049,0.75,delay30,101,SA,274.1715,322.13666666666654,170.423333333335,60,68,0.0,1.0,0,17,2,2,0,85.4792594909668,200,1,0
INSTANCE_049,0.75,p85,101,FR,274.06179999999995,333.80958283333325,25.63789283333369,66,68,0.0,0.8923611111111112,2,17,2,1,0,31.926870346069336,200,0,0
INSTANCE_049,0.75,p85,101,NR,274.1715,334.1274553333333,25.95576533333372,66,68,0.0,1.0,0,17,2,2,0,0.0,0,1,0
INSTANCE_049,0.75,p85,101,RG,274.06179999999995,333.80958283333325,25.63789283333369,66,68,0.0,0.8923611111111112,2,17,2,1,0,92.60845184326172,220,0,0
INSTANCE_049,0.75,p85,101,SA,274.1715,334.1274553333333,25.95576533333372,66,68,0.0,1.0,0,17,2,2,0,82.71908760070801,200,1,0
INSTANCE_049,0.75,p95,101,FR,274.06179999999995,344.35501750000003,38.09777750000045,64,68,0.0,0.8923611111111112,2,17,2,1,0,33.20932388305664,200,0,0
INSTANCE_049,0.75,p95,101,NR,274.1715,344.71073,38.80920250000042,64,68,0.0,1.0,0,17,2,2,0,0.0,0,1,0
INSTANCE_049,0.75,p95,101,RG,274.06179999999995,344.35501750000003,38.09777750000045,64,68,0.0,0.8923611111111112,2,17,2,1,0,97.09024429321288,220,0,0
INSTANCE_049,0.75,p95,101,SA,274.1715,344.71073,38.80920250000042,64,68,0.0,1.0,0,17,2,2,0,89.79511260986328,200,1,0
INSTANCE_050,0.25,delay20,101,FR,262.9548,321.9799999999999,0.2666666666667652,50,51,0.0,0.7191176470588235,24,39,2,0,0,34.07859802246094,230,0,0
INSTANCE_050,0.25,delay20,101,NR,224.0649,275.24499999999995,19.953333333333603,49,51,0.0,1.0,0,39,2,2,0,0.0,0,1,0
INSTANCE_050,0.25,delay20,101,RG,240.46769999999995,296.76166666666666,0.2666666666667652,50,51,0.0,0.5963935574229692,23,39,2,0,0,194.1969394683838,510,0,0
INSTANCE_050,0.25,delay20,101,SA,242.74940000000004,297.82,3.865000000000237,49,51,0.0,0.8398692810457516,8,39,2,1,0,114.20178413391112,280,0,0
INSTANCE_050,0.25,delay30,101,FR,269.9386,335.29166666666663,10.266666666666763,50,51,0.0,0.6012605042016806,31,39,2,0,0,47.95193672180175,300,0,0
INSTANCE_050,0.25,delay30,101,NR,224.0649,275.24499999999995,39.9533333333336,49,51,0.0,1.0,0,39,2,2,0,0.0,0,1,0
INSTANCE_050,0.25,delay30,101,RG,271.1776,326.26166666666666,10.266666666666763,50,51,0.0,0.6760504201680673,27,39,2,0,0,203.77850532531733,490,0,0
INSTANCE_050,0.25,delay30,101,SA,254.0137,311.3333333333333,10.266666666666763,50,51,0.0,0.666654995331466,18,39,2,0,0,120.15008926391602,290,0,0
INSTANCE_050,0.25,p85,101,FR,224.0649,309.97380366666664,0.0,51,51,0.0,1.0,0,39,2,2,0,30.836105346679688,200,1,0
INSTANCE_050,0.25,p85,101,NR,224.0649,309.97380366666664,0.0,51,51,0.0,1.0,0,39,2,2,0,0.0,0,1,0
INSTANCE_050,0.25,p85,101,RG,224.0649,309.97380366666664,0.0,51,51,0.0,1.0,0,39,2,2,0,78.97591590881348,200,1,0
INSTANCE_050,0.25,p85,101,SA,224.0649,309.97380366666664,0.0,51,51,0.0,1.0,0,39,2,2,0,78.7820816040039,200,1,0
INSTANCE_050,0.25,p95,101,FR,230.3531,346.9598766666667,0.0,51,51,0.0,0.8416666666666667,12,39,2,1,0,27.97484397888184,200,0,0
INSTANCE_050,0.25,p95,101,NR,224.0649,340.6260383333333,4.611954999999966,50,51,0.0,1.0,0,39,2,2,0,0.0,0,1,0
INSTANCE_050,0.25,p95,101,RG,233.4473,357.5428625,0.0,51,51,0.0,0.8392857142857143,10,39,2,1,0,82.82065391540527,230,0,0
INSTANCE_050,0.25,p95,101,SA,243.3856,364.9416825,0.0,51,51,0.0,0.9523809523809524,20,39,2,1,0,75.09875297546387,210,0,0
INSTANCE_050,0.5,delay20,101,FR,225.0441,276.3716666666666,0.0,51,51,0.0,0.804945054945055,9,26,2,1,0,36.04316711425782,230,0,0
INSTANCE_050,0.5,delay20,101,NR,224.0649,275.24499999999995,3.598333333333472,50,51,0.0,1.0,0,26,2,2,0,0.0,0,1,0
INSTANCE_050,0.5,delay20,101,RG,232.3739,284.9983333333333,0.0,51,51,0.0,0.7774725274725275,11,26,2,1,0,98.45399856567384,230,0,0
INSTANCE_050,0.5,delay20,101,SA,227.8774,278.6966666666666,0.0,51,51,0.0,0.9313186813186812,4,26,2,1,0,98.6309051513672,230,0,0
INSTANCE_050,0.5,delay30,101,FR,225.4119,277.36333333333323,1.4483333333336077,50,51,0.0,0.793956043956044,9,26,2,1,0,29.53791618347168,200,0,0
INSTANCE_050,0.5,delay30,101,NR,224.0649,275.24499999999995,13.598333333333471,50,51,0.0,1.0,0,26,2,2,0,0.0,0,1,0
INSTANCE_050,0.5,delay30,101,RG,232.3739,284.9983333333333,0.0,51,51,0.0,0.7774725274725275,11,26,2,1,0,94.16675567626952,230,0,0
INSTANCE_050,0.5,delay30,101,SA,232.3739,284.9983333333333,0.0,51,51,0.0,0.7774725274725275,11,26,2,1,0,95.51119804382324,230,0,0
INSTANCE_050,0.5,p85,101,FR,224.0649,298.7591371666666,0.0,51,51,0.0,1.0,0,26,2,2,0,31.87084197998047,200,1,0
INSTANCE_050,0.5,p85,101,NR,224.0649,298.7591371666666,0.0,51,51,0.0,1.0,0,26,2,2,0,0.0,0,1,0
INSTANCE_050,0.5,p85,101,RG,224.0649,298.7591371666666,0.0,51,51,0.0,1.0,0,26,2,2,0,80.18970489501953,200,1,0
INSTANCE_050,0.5,p85,101,SA,224.0649,298.7591371666666,0.0,51,51,0.0,1.0,0,26,2,2,0,76.8885612487793,200,1,0
INSTANCE_050,0.5,p95,101,FR,224.0649,319.5131158333333,0.0,51,51,0.0,1.0,0,26,2,2,0,30.14755249023437,200,1,0
INSTANCE_050,0.5,p95,101,NR,224.0649,319.5131158333333,0.0,51,51,0.0,1.0,0,26,2,2,0,0.0,0,1,0
INSTANCE_050,0.5,p95,101,RG,224.0649,319.5131158333333,0.0,51,51,0.0,1.0,0,26,2,2,0,80.10601997375488,200,1,0
INSTANCE_050,0.5,p95,101,SA,224.0649,319.5131158333333,0.0,51,51,0.0,1.0,0,26,2,2,0,82.34095573425293,200,1,0
INSTANCE_050,0.75,delay20,101,FR,223.3817,274.3133333333333,0.0,51,51,0.0,0.5952380952380953,6,13,2,0,0,49.91364479064941,350,0,0
INSTANCE_050,0.75,delay20,101,NR,224.0649,275.24499999999995,0.0,51,51,0.0,1.0,0,13,2,2,0,0.0,0,1,0
INSTANCE_050,0.75,delay20,101,RG,223.3817,274.3133333333333,0.0,51,51,0.0,0.5952380952380953,6,13,2,0,0,134.27257537841797,350,0,0
INSTANCE_050,0.75,delay20,101,SA,224.0649,275.24499999999995,0.0,51,51,0.0,1.0,0,13,2,2,0,80.61099052429199,200,1,0
INSTANCE_050,0.75,delay30,101,FR,223.3817,274.3133333333333,0.0,51,51,0.0,0.5952380952380953,6,13,2,0,0,61.8898868560791,350,0,0
INSTANCE_050,0.75,delay30,101,NR,224.0649,275.24499999999995,0.0,51,51,0.0,1.0,0,13,2,2,0,0.0,0,1,0
INSTANCE_050,0.75,delay30,101,RG,223.3817,274.3133333333333,0.0,51,51,0.0,0.5952380952380953,6,13,2,0,0,150.69818496704102,350,0,0
INSTANCE_050,0.75,delay30,101,SA,224.0649,275.24499999999995,0.0,51,51,0.0,1.0,0,13,2,2,0,79.93364334106445,200,1,0
INSTANCE_050,0.75,p85,101,FR,223.3817,282.77272716666664,0.0,51,51,0.0,0.5952380952380953,6,13,2,0,0,51.941871643066406,350,0,0
INSTANCE_050,0.75,p85,101,NR,224.0649,283.84964066666663,0.0,51,51,0.0,1.0,0,13,2,2,0,0.0,0,1,0
INSTANCE_050,0.75,p85,101,RG,223.3817,282.77272716666664,0.0,51,51,0.0,0.5952380952380953,6,13,2,0,0,135.1418495178223,350,0,0
INSTANCE_050,0.75,p85,101,SA,224.0649,283.84964066666663,0.0,51,51,0.0,1.0,0,13,2,2,0,78.44710350036621,200,1,0
INSTANCE_050,0.75,p95,101,FR,223.3817,290.2391325,0.0,51,51,0.0,0.5952380952380953,6,13,2,0,0,48.65789413452149,350,0,0
INSTANCE_050,0.75,p95,101,NR,224.0649,291.4442433333333,0.0,51,51,0.0,1.0,0,13,2,2,0,0.0,0,1,0
INSTANCE_050,0.75,p95,101,RG,223.3817,290.2391325,0.0,51,51,0.0,0.5952380952380953,6,13,2,0,0,131.6509246826172,350,0,0
INSTANCE_050,0.75,p95,101,SA,224.0649,291.4442433333333,0.0,51,51,0.0,1.0,0,13,2,2,0,76.85232162475586,200,1,0
INSTANCE_052,0.25,delay20,101,FR,386.8855000000001,417.0966666666666,20.50333333333413,47,49,0.0,0.5589525283797729,25,37,2,0,0,45.259952545166016,280,0,0
INSTANCE_052,0.25,delay20,101,NR,343.73890000000006,380.4799999999999,43.38166666666734,46,49,0.0,1.0,0,37,2,2,0,0.0,0,1,0
INSTANCE_052,0.25,delay20,101,RG,357.5496,394.6816666666666,19.36000000000081,46,49,0.0,0.8548331613347093,9,37,2,0,0,136.46602630615234,320,0,0
INSTANCE_052,0.25,delay20,101,SA,357.5496,394.6816666666666,19.36000000000081,46,49,0.0,0.8548331613347093,9,37,2,0,0,152.83894538879397,320,0,0
INSTANCE_052,0.25,delay30,101,FR,371.8327000000001,404.5533333333333,62.468333333334286,44,49,0.0,0.6827485380116959,16,37,2,0,0,55.258750915527344,330,0,0
INSTANCE_052,0.25,delay30,101,NR,343.73890000000006,380.4799999999999,74.60833333333414,45,49,0.0,1.0,0,37,2,2,0,0.0,0,1,0
INSTANCE_052,0.25,delay30,101,RG,359.8095,397.74,55.30833333333487,43,49,0.0,0.828689370485036,17,37,2,0,0,136.56926155090332,320,0,0
INSTANCE_052,0.25,delay30,101,SA,359.8095,397.74,55.30833333333487,43,49,0.0,0.828689370485036,17,37,2,0,0,133.7594985961914,320,0,0
INSTANCE_052,0.25,p85,101,FR,393.4201,473.48293566666666,15.017642500000306,48,49,0.0,0.6949174406604748,22,37,2,0,0,69.19693946838379,450,0,0
INSTANCE_052,0.25,p85,101,NR,343.73890000000006,429.0963756666667,48.60944716666734,46,49,0.0,1.0,0,37,2,2,0,0.0,0,1,0
INSTANCE_052,0.25,p85,101,RG,357.5496,445.5120821666666,26.075217000000748,47,49,0.0,0.825593395252838,11,37,2,0,0,145.247220993042,310,0,0
INSTANCE_052,0.25,p85,101,SA,357.5496,445.5120821666666,26.075217000000748,47,49,0.0,0.8548331613347093,9,37,2,0,0,129.73427772521973,320,0,0
INSTANCE_052,0.25,p95,101,FR,341.7625,467.15754916666674,106.22371583333349,46,49,0.0,0.8699690402476781,12,37,2,0,0,33.49876403808594,230,0,0
INSTANCE_052,0.25,p95,101,NR,343.73890000000006,472.00601833333343,110.23923000000104,44,49,0.0,1.0,0,37,2,2,0,0.0,0,1,0
INSTANCE_052,0.25,p95,101,RG,341.7625,467.15754916666674,106.22371583333349,46,49,0.0,0.8699690402476781,12,37,2,0,0,84.72943305969238,230,0,0
INSTANCE_052,0.25,p95,101,SA,341.7625,467.15754916666674,106.22371583333349,46,49,0.0,0.8699690402476781,12,37,2,0,0,87.92471885681152,230,0,0
INSTANCE_052,0.5,delay20,101,FR,358.50980000000004,397.1833333333333,14.38333333333378,47,49,0.0,0.5240384615384616,16,25,2,0,0,50.436973571777344,310,0,0
INSTANCE_052,0.5,delay20,101,NR,343.73890000000006,380.4799999999999,43.38166666666734,46,49,0.0,1.0,0,25,2,2,0,0.0,0,1,0
INSTANCE_052,0.5,delay20,101,RG,395.0257,424.3683333333333,4.703333333333603,48,49,0.0,0.574009324009324,22,25,2,0,0,96.59457206726074,220,0,0
INSTANCE_052,0.5,delay20,101,SA,400.5503,428.88833333333326,4.703333333333603,48,49,0.0,0.7027972027972028,22,25,2,0,0,102.03814506530762,230,0,0
INSTANCE_052,0.5,delay30,101,FR,374.6365,409.5166666666666,21.555000000000742,46,49,0.0,0.4599358974358974,21,25,2,0,0,50.10843276977539,340,0,0
INSTANCE_052,0.5,delay30,101,NR,343.73890000000006,380.4799999999999,73.38166666666734,46,49,0.0,1.0,0,25,2,2,0,0.0,0,1,0
INSTANCE_052,0.5,delay30,101,RG,395.0257,424.3683333333333,17.018333333333658,47,49,0.0,0.574009324009324,22,25,2,0,0,89.43057060241699,220,0,0
INSTANCE_052,0.5,delay30,101,SA,400.5503,428.88833333333326,17.018333333333658,47,49,0.0,0.7027972027972028,22,25,2,0,0,91.25065803527832,230,0,0
INSTANCE_052,0.5,p85,101,FR,366.5355,431.8484518333332,4.301160833333597,47,49,0.0,0.7852564102564102,9,25,2,1,0,51.82838439941406,310,0,0
INSTANCE_052,0.5,p85,101,NR,343.73890000000006,412.8762798333333,22.52529850000053,46,49,0.0,1.0,0,25,2,2,0,0.0,0,1,0
INSTANCE_052,0.5,p85,101,RG,363.8901,431.6827728333333,5.143041333333599,47,49,0.0,0.9262820512820512,11,25,2,1,0,90.67392349243164,200,0,0
INSTANCE_052,0.5,p85,101,SA,363.8901,431.6827728333333,5.143041333333599,47,49,0.0,0.9262820512820512,11,25,2,1,0,89.71238136291504,200,0,0
INSTANCE_052,0.5,p95,101,FR,348.2927,446.5144391666667,39.77686666666784,45,49,0.0,0.75,8,25,2,1,0,43.92385482788086,260,0,0
INSTANCE_052,0.5,p95,101,NR,343.73890000000006,441.4697891666667,57.0741358333338,46,49,0.0,1.0,0,25,2,2,0,0.0,0,1,0
INSTANCE_052,0.5,p95,101,RG,395.0257,498.2393483333333,15.104552500000295,48,49,0.0,0.574009324009324,22,25,2,0,0,97.37086296081544,220,0,0
INSTANCE_052,0.5,p95,101,SA,363.8901,462.5150341666666,24.423553333333643,47,49,0.0,0.9262820512820512,11,25,2,1,0,87.59903907775879,200,0,0
INSTANCE_052,0.75,delay20,101,FR,346.67740000000003,381.85666666666657,6.981666666667138,48,49,0.0,0.6071428571428572,6,13,2,1,0,30.66849708557129,220,0,0
INSTANCE_052,0.75,delay20,101,NR,343.73890000000006,380.4799999999999,24.7866666666672,47,49,0.0,1.0,0,13,2,2,0,0.0,0,1,0
INSTANCE_052,0.75,delay20,101,RG,346.67740000000003,381.85666666666657,6.981666666667138,48,49,0.0,0.6071428571428572,6,13,2,1,0,125.05221366882324,320,0,0
INSTANCE_052,0.75,delay20,101,SA,346.67740000000003,381.85666666666657,7.898333333333653,48,49,0.0,0.6904761904761905,6,13,2,1,0,107.8348159790039,280,0,0
INSTANCE_052,0.75,delay30,101,FR,346.67740000000003,381.85666666666657,25.380000000000905,47,49,0.0,0.6071428571428572,6,13,2,1,0,28.198719024658203,220,0,0
INSTANCE_052,0.75,delay30,101,NR,343.73890000000006,380.4799999999999,44.7866666666672,47,49,0.0,1.0,0,13,2,2,0,0.0,0,1,0
INSTANCE_052,0.75,delay30,101,RG,346.67740000000003,381.85666666666657,25.380000000000905,47,49,0.0,0.6071428571428572,6,13,2,1,0,113.52801322937012,320,0,0
INSTANCE_052,0.75,delay30,101,SA,346.67740000000003,381.85666666666657,25.863333333334023,47,49,0.0,0.6904761904761905,6,13,2,1,0,102.57887840270996,280,0,0
INSTANCE_052,0.75,p85,101,FR,346.67740000000003,396.9179058333333,0.0,49,49,0.0,0.6904761904761905,6,13,2,1,0,28.956174850463867,200,0,0
INSTANCE_052,0.75,p85,101,NR,343.73890000000006,395.3266168333333,8.499518666666972,48,49,0.0,1.0,0,13,2,2,0,0.0,0,1,0
INSTANCE_052,0.75,p85,101,RG,346.67740000000003,396.9179058333333,0.0,49,49,0.0,0.6071428571428572,6,13,2,1,0,130.18250465393066,340,0,0
INSTANCE_052,0.75,p85,101,SA,346.67730000000006,396.9179058333333,0.0,49,49,0.0,0.7321428571428572,7,13,2,1,0,111.91606521606444,280,0,0
INSTANCE_052,0.75,p95,101,FR,346.67740000000003,410.2112125,0.0,49,49,0.0,0.6071428571428572,6,13,2,1,0,32.77993202209473,220,0,0
INSTANCE_052,0.75,p95,101,NR,343.73890000000006,408.4304941666667,16.0601800000004,48,49,0.0,1.0,0,13,2,2,0,0.0,0,1,0
INSTANCE_052,0.75,p95,101,RG,346.67740000000003,410.2112125,0.0,49,49,0.0,0.6071428571428572,6,13,2,1,0,123.8701343536377,310,0,0
INSTANCE_052,0.75,p95,101,SA,346.67740000000003,410.2112125,0.5222575000003644,48,49,0.0,0.6904761904761905,6,13,2,1,0,107.86008834838869,280,0,0
INSTANCE_054,0.25,delay20,101,FR,414.4918,499.365,0.0,79,79,0.0,0.7941176470588235,18,61,3,2,0,91.2783145904541,600,0,0
INSTANCE_054,0.25,delay20,101,NR,393.8544,472.9983333333333,17.778333333333762,78,79,0.0,1.0,0,61,3,3,0,0.0,0,1,0
INSTANCE_054,0.25,delay20,101,RG,438.2977,516.9633333333334,0.0,79,79,0.0,0.8779956427015251,15,61,3,2,0,236.2580299377441,600,0,0
INSTANCE_054,0.25,delay20,101,SA,453.9951,527.6733333333334,0.0,79,79,0.0,0.9139433551198256,14,61,3,2,0,121.8116283416748,300,0,0
INSTANCE_054,0.25,delay30,101,FR,436.7474,517.8249999999999,0.0,79,79,0.0,0.6924709277650454,30,61,3,1,0,129.0569305419922,870,0,0
INSTANCE_054,0.25,delay30,101,NR,393.8544,472.9983333333333,32.51333333333366,77,79,0.0,1.0,0,61,3,3,0,0.0,0,1,0
INSTANCE_054,0.25,delay30,101,RG,453.6559,529.5883333333334,0.0,79,79,0.0,0.750799309622839,29,61,3,1,0,245.5294132232666,610,0,0
INSTANCE_054,0.25,delay30,101,SA,453.9951,527.6733333333334,4.7349999999999,78,79,0.0,0.9139433551198256,14,61,3,2,0,120.21231651306152,300,0,0
INSTANCE_054,0.25,p85,101,FR,423.4879,557.5022466666666,0.0,79,79,0.0,0.8965141612200437,14,61,3,2,0,75.4082202911377,390,0,0
INSTANCE_054,0.25,p85,101,NR,393.8544,522.8117611666667,6.60435200000029,78,79,0.0,1.0,0,61,3,3,0,0.0,0,1,0
INSTANCE_054,0.25,p85,101,RG,411.319,548.4843001666666,0.0,79,79,0.0,0.8703703703703703,15,61,3,2,0,173.64263534545898,430,0,0
INSTANCE_054,0.25,p85,101,SA,417.1428,548.1702806666666,0.0,79,79,0.0,0.9313725490196078,11,61,3,2,0,137.709379196167,350,0,0
INSTANCE_054,0.25,p95,101,FR,409.4779,590.8650683333333,7.49204583333335,78,79,0.0,0.8507625272331154,15,61,3,2,0,74.85771179199219,500,0,0
INSTANCE_054,0.25,p95,101,NR,393.8544,566.7779425,21.886392500000284,77,79,0.0,1.0,0,61,3,3,0,0.0,0,1,0
INSTANCE_054,0.25,p95,101,RG,452.7443,638.4788033333333,7.49204583333335,78,79,0.0,0.8812636165577342,14,61,3,2,0,160.55059432983398,410,0,0
INSTANCE_054,0.25,p95,101,SA,453.9951,637.500055,7.49204583333335,78,79,0.0,0.9139433551198256,14,61,3,2,0,118.99089813232422,300,0,0
INSTANCE_054,0.5,delay20,101,FR,438.9381,512.8533333333334,9.530000000000427,78,79,0.0,0.8661616161616162,11,41,3,2,0,72.80230522155762,460,0,0
INSTANCE_054,0.5,delay20,101,NR,393.8544,472.9983333333333,17.778333333333762,78,79,0.0,1.0,0,41,3,3,0,0.0,0,1,0
INSTANCE_054,0.5,delay20,101,RG,407.75160000000005,489.29,9.530000000000427,78,79,0.0,0.9116161616161615,11,41,3,2,0,143.9347267150879,340,0,0
INSTANCE_054,0.5,delay20,101,SA,407.75160000000005,489.29,9.530000000000427,78,79,0.0,0.9116161616161615,11,41,3,2,0,142.70639419555664,340,0,0
INSTANCE_054,0.5,delay30,101,FR,441.4901,514.2166666666667,21.843333333333817,77,79,0.0,0.751948051948052,17,41,3,1,0,70.76597213745117,460,0,0
INSTANCE_054,0.5,delay30,101,NR,393.8544,472.9983333333333,32.51333333333366,77,79,0.0,1.0,0,41,3,3,0,0.0,0,1,0
INSTANCE_054,0.5,delay30,101,RG,431.3337,506.93166666666673,19.530000000000427,78,79,0.0,0.9126984126984128,17,41,3,1,0,125.9603500366211,300,0,0
INSTANCE_054,0.5,delay30,101,SA,414.6001,493.89833333333337,19.530000000000427,78,79,0.0,0.8849206349206349,17,41,3,1,0,154.83808517456055,380,0,0
INSTANCE_054,0.5,p85,101,FR,408.7135,529.6621733333333,0.0,79,79,0.0,0.8712121212121212,10,41,3,2,0,60.84084510803223,390,0,0
INSTANCE_054,0.5,p85,101,NR,393.8544,509.38383433333325,2.492489500000488,78,79,0.0,1.0,0,41,3,3,0,0.0,0,1,0
INSTANCE_054,0.5,p85,101,RG,408.7135,529.6621733333333,0.0,79,79,0.0,0.8712121212121212,10,41,3,2,0,163.45524787902832,390,0,0
INSTANCE_054,0.5,p85,101,SA,393.8544,509.38383433333325,2.492489500000488,78,79,0.0,1.0,0,41,3,3,0,127.39753723144533,300,1,0
INSTANCE_054,0.5,p95,101,FR,431.3337,585.3544158333333,0.0,79,79,0.0,0.9267676767676768,12,41,3,2,0,52.999019622802734,340,0,0
INSTANCE_054,0.5,p95,101,NR,393.8544,541.4982983333333,6.653284166667163,78,79,0.0,1.0,0,41,3,3,0,0.0,0,1,0
INSTANCE_054,0.5,p95,101,RG,431.3337,585.3544158333333,0.0,79,79,0.0,0.9444444444444444,11,41,3,2,0,123.72040748596191,300,0,0
INSTANCE_054,0.5,p95,101,SA,393.8544,541.4982983333333,6.653284166667163,78,79,0.0,1.0,0,41,3,3,0,121.5801239013672,300,1,0
INSTANCE_054,0.75,delay20,101,FR,393.8544,472.9983333333333,0.0,79,79,0.0,1.0,0,21,3,3,0,45.737266540527344,300,1,0
INSTANCE_054,0.75,delay20,101,NR,393.8544,472.9983333333333,0.0,79,79,0.0,1.0,0,21,3,3,0,0.0,0,1,0
INSTANCE_054,0.75,delay20,101,RG,393.8544,472.9983333333333,0.0,79,79,0.0,1.0,0,21,3,3,0,124.84478950500488,300,1,0
INSTANCE_054,0.75,delay20,101,SA,393.8544,472.9983333333333,0.0,79,79,0.0,1.0,0,21,3,3,0,121.63877487182616,300,1,0
INSTANCE_054,0.75,delay30,101,FR,393.8543,473.0833333333333,0.0,79,79,0.0,0.8035714285714285,6,21,3,2,0,53.1463623046875,340,0,0
INSTANCE_054,0.75,delay30,101,NR,393.8544,472.9983333333333,4.7349999999999,78,79,0.0,1.0,0,21,3,3,0,0.0,0,1,0
INSTANCE_054,0.75,delay30,101,RG,393.8544,473.0266666666667,0.0,79,79,0.0,0.9226190476190476,6,21,3,2,0,125.92220306396484,300,0,0
INSTANCE_054,0.75,delay30,101,SA,393.8544,473.0266666666667,0.0,79,79,0.0,0.9226190476190476,6,21,3,2,0,127.85720825195312,300,0,0
INSTANCE_054,0.75,p85,101,FR,393.8544,496.8525923333333,0.0,79,79,0.0,1.0,0,21,3,3,0,45.41683197021485,300,1,0
INSTANCE_054,0.75,p85,101,NR,393.8544,496.8525923333333,0.0,79,79,0.0,1.0,0,21,3,3,0,0.0,0,1,0
INSTANCE_054,0.75,p85,101,RG,393.8544,496.8525923333333,0.0,79,79,0.0,1.0,0,21,3,3,0,122.7118968963623,300,1,0
INSTANCE_054,0.75,p85,101,SA,393.8544,496.8525923333333,0.0,79,79,0.0,1.0,0,21,3,3,0,126.14798545837402,300,1,0
INSTANCE_054,0.75,p95,101,FR,393.8544,517.9067683333333,0.0,79,79,0.0,1.0,0,21,3,3,0,45.08018493652344,300,1,0
INSTANCE_054,0.75,p95,101,NR,393.8544,517.9067683333333,0.0,79,79,0.0,1.0,0,21,3,3,0,0.0,0,1,0
INSTANCE_054,0.75,p95,101,RG,393.8544,517.9067683333333,0.0,79,79,0.0,1.0,0,21,3,3,0,116.43695831298828,300,1,0
INSTANCE_054,0.75,p95,101,SA,393.8544,517.9067683333333,0.0,79,79,0.0,1.0,0,21,3,3,0,113.905668258667,300,1,0
INSTANCE_056,0.25,delay20,101,FR,368.9301,437.1783333333333,72.05833333333362,49,56,0.0,0.9404761904761904,4,43,2,1,0,48.55632781982422,320,0,0
INSTANCE_056,0.25,delay20,101,NR,363.8707,430.2816666666666,88.27666666666698,48,56,0.0,1.0,0,43,2,2,0,0.0,0,1,0
INSTANCE_056,0.25,delay20,101,RG,364.35890000000006,430.835,86.58500000000038,49,56,0.0,0.9041666666666668,5,43,2,1,0,94.6650505065918,240,0,0
INSTANCE_056,0.25,delay20,101,SA,363.8707,430.2816666666666,88.27666666666698,48,56,0.0,1.0,0,43,2,2,0,82.3211669921875,200,1,0
INSTANCE_056,0.25,delay30,101,FR,372.64380000000006,435.4849999999999,125.10666666666737,48,56,0.0,0.6939393939393939,24,43,2,0,0,52.40631103515625,370,0,0
INSTANCE_056,0.25,delay30,101,NR,363.8707,430.2816666666666,182.4116666666672,45,56,0.0,1.0,0,43,2,2,0,0.0,0,1,0
INSTANCE_056,0.25,delay30,101,RG,374.2918000000001,434.3516666666667,150.57666666666682,49,56,0.0,0.7255952380952381,21,43,2,0,0,128.3891201019287,330,0,0
INSTANCE_056,0.25,delay30,101,SA,374.2918000000001,434.3516666666667,150.57666666666682,49,56,0.0,0.7255952380952381,21,43,2,0,0,127.49624252319336,330,0,0
INSTANCE_056,0.25,p85,101,FR,369.6657000000001,486.0094523333333,60.92669150000052,50,56,0.0,0.7942640692640692,13,43,2,0,0,67.09671020507812,400,0,0
INSTANCE_056,0.25,p85,101,NR,363.8707,477.1706703333333,72.66334700000027,50,56,0.0,1.0,0,43,2,2,0,0.0,0,1,0
INSTANCE_056,0.25,p85,101,RG,363.8707,477.1706703333333,72.66334700000027,50,56,0.0,1.0,0,43,2,2,0,88.82284164428711,200,1,0
INSTANCE_056,0.25,p85,101,SA,363.8707,477.1706703333333,72.66334700000027,50,56,0.0,1.0,0,43,2,2,0,89.82372283935547,200,1,0
INSTANCE_056,0.25,p95,101,FR,375.30520000000007,527.7568016666668,144.7012883333332,48,56,0.0,0.6910714285714286,27,43,2,0,0,95.36337852478027,590,0,0
INSTANCE_056,0.25,p95,101,NR,363.8707,518.5557050000001,210.7036491666662,46,56,0.0,1.0,0,43,2,2,0,0.0,0,1,0
INSTANCE_056,0.25,p95,101,RG,375.65400000000005,528.3776816666667,146.56392833333302,48,56,0.0,0.6761904761904761,27,43,2,0,0,249.7260570526123,590,0,0
INSTANCE_056,0.25,p95,101,SA,374.2918000000001,523.8202500000001,170.45858999999962,48,56,0.0,0.7255952380952381,21,43,2,0,0,144.82903480529785,330,0,0
INSTANCE_056,0.5,delay20,101,FR,376.2481,436.88666666666666,32.021666666666874,52,56,0.0,0.4751831501831502,25,29,2,0,0,55.63020706176758,380,0,0
INSTANCE_056,0.5,delay20,101,NR,363.8707,430.2816666666666,74.8716666666669,50,56,0.0,1.0,0,29,2,2,0,0.0,0,1,0
INSTANCE_056,0.5,delay20,101,RG,385.3335,448.8949999999999,32.22500000000025,53,56,0.0,0.6176739926739926,20,29,2,0,0,191.6956901550293,480,0,0
INSTANCE_056,0.5,delay20,101,SA,382.383,448.06,47.72333333333325,52,56,0.0,0.8819597069597069,12,29,2,0,0,85.9529972076416,220,0,0
INSTANCE_056,0.5,delay30,101,FR,378.65920000000006,437.85833333333335,93.06000000000051,49,56,0.0,0.5568681318681319,23,29,2,0,0,71.57778739929199,500,0,0
INSTANCE_056,0.5,delay30,101,NR,363.8707,430.2816666666666,140.10000000000036,48,56,0.0,1.0,0,29,2,2,0,0.0,0,1,0
INSTANCE_056,0.5,delay30,101,RG,387.8616,450.8233333333334,66.65499999999986,52,56,0.0,0.613095238095238,19,29,2,0,0,217.68999099731445,550,0,0
INSTANCE_056,0.5,delay30,101,SA,367.4235,431.19666666666666,91.3000000000003,50,56,0.0,0.783058608058608,14,29,2,0,0,185.5275630950928,490,0,0
INSTANCE_056,0.5,p85,101,FR,357.79880000000014,451.1518716666667,12.483813333333272,55,56,0.0,0.5152014652014651,23,29,2,0,0,53.482770919799805,350,0,0
INSTANCE_056,0.5,p85,101,NR,363.8707,457.6538091666666,31.257480000000328,53,56,0.0,1.0,0,29,2,2,0,0.0,0,1,0
INSTANCE_056,0.5,p85,101,RG,355.9406,451.5448776666667,13.075248833333262,55,56,0.0,0.5124542124542124,22,29,2,0,0,198.3668804168701,500,0,0
INSTANCE_056,0.5,p85,101,SA,367.4235,458.71145766666666,9.975510333333318,55,56,0.0,0.783058608058608,14,29,2,0,0,159.21926498413086,420,0,0
INSTANCE_056,0.5,p95,101,FR,372.4139,485.8400258333335,20.453884166666512,54,56,0.0,0.6185897435897436,20,29,2,0,0,103.50608825683594,690,0,0
INSTANCE_056,0.5,p95,101,NR,363.8707,481.8129291666667,68.4865500000002,51,56,0.0,1.0,0,29,2,2,0,0.0,0,1,0
INSTANCE_056,0.5,p95,101,RG,372.4139,485.8400258333335,20.453884166666512,54,56,0.0,0.6185897435897436,20,29,2,0,0,285.7043743133545,730,0,0
INSTANCE_056,0.5,p95,101,SA,382.383,504.80920333333336,45.571085833333655,52,56,0.0,0.8819597069597069,12,29,2,0,0,83.87613296508789,220,0,0
INSTANCE_056,0.75,delay20,101,FR,391.312,456.9116666666666,41.123333333333335,53,56,0.0,0.4285714285714285,14,15,2,0,0,48.60949516296387,310,0,0
INSTANCE_056,0.75,delay20,101,NR,363.8707,430.2816666666666,74.8716666666669,50,56,0.0,1.0,0,15,2,2,0,0.0,0,1,0
INSTANCE_056,0.75,delay20,101,RG,387.89240000000007,455.0233333333333,37.34666666666647,53,56,0.0,0.4226190476190475,13,15,2,0,0,193.0336952209473,470,0,0
INSTANCE_056,0.75,delay20,101,SA,387.40420000000006,454.5533333333333,39.30833333333317,52,56,0.0,0.6369047619047619,13,15,2,0,0,202.93045043945312,470,0,0
INSTANCE_056,0.75,delay30,101,FR,391.312,456.9116666666666,84.87000000000013,50,56,0.0,0.4285714285714285,14,15,2,0,0,69.28753852844238,450,0,0
INSTANCE_056,0.75,delay30,101,NR,363.8707,430.2816666666666,140.10000000000036,48,56,0.0,1.0,0,15,2,2,0,0.0,0,1,0
INSTANCE_056,0.75,delay30,101,RG,387.89240000000007,455.0233333333333,77.34166666666647,51,56,0.0,0.4642857142857143,13,15,2,0,0,256.2692165374756,630,0,0
INSTANCE_056,0.75,delay30,101,SA,387.8923,455.0233333333333,77.70999999999981,51,56,0.0,0.5059523809523809,13,15,2,0,0,230.7183742523193,580,0,0
INSTANCE_056,0.75,p85,101,FR,376.5156999999999,460.92366633333336,2.993151333333344,54,56,0.0,0.2857142857142857,12,15,2,0,0,50.63033103942871,350,0,0
INSTANCE_056,0.75,p85,101,NR,363.8707,446.62518333333327,17.565583333333507,54,56,0.0,1.0,0,15,2,2,0,0.0,0,1,0
INSTANCE_056,0.75,p85,101,RG,369.4433,456.4792308333333,6.502448333333405,54,56,0.0,0.6071428571428572,6,15,2,1,0,83.19091796875,210,0,0
INSTANCE_056,0.75,p85,101,SA,380.3318,470.2363673333333,9.141753333333554,54,56,0.0,0.8869047619047619,7,15,2,1,0,80.78455924987793,200,0,0
INSTANCE_056,0.75,p95,101,FR,376.5156999999999,477.0508449999999,11.664703333333136,54,56,0.0,0.2857142857142857,12,15,2,0,0,60.8367919921875,390,0,0
INSTANCE_056,0.75,p95,101,NR,363.8707,461.05025,26.01129750000007,53,56,0.0,1.0,0,15,2,2,0,0.0,0,1,0
INSTANCE_056,0.75,p95,101,RG,376.5156999999999,477.0508449999999,11.664703333333136,54,56,0.0,0.2857142857142857,12,15,2,0,0,155.06505966186523,370,0,0
INSTANCE_056,0.75,p95,101,SA,380.3318,487.47214333333335,17.537014166666722,53,56,0.0,0.8869047619047619,7,15,2,1,0,86.74216270446777,200,0,0
INSTANCE_058,0.25,delay20,101,FR,434.2791,464.13166666666666,27.583333333333485,78,81,0.0,0.8521971855305188,21,61,3,1,0,86.8380069732666,590,0,0
INSTANCE_058,0.25,delay20,101,NR,383.1529000000001,408.7316666666667,57.44666666666603,76,81,0.0,1.0,0,61,3,3,0,0.0,0,1,0
INSTANCE_058,0.25,delay20,101,RG,432.08850000000007,461.7216666666667,46.858333333332666,77,81,0.0,0.914637831304498,11,61,3,1,0,139.4062042236328,360,0,0
INSTANCE_058,0.25,delay20,101,SA,383.5721,407.7866666666666,54.61166666666588,76,81,0.0,0.9802943969610636,2,61,3,2,0,119.52948570251463,310,0,0
INSTANCE_058,0.25,delay30,101,FR,434.3089000000001,463.915,64.9299999999995,77,81,0.0,0.8590822757489424,18,61,3,1,0,67.84248352050781,470,0,0
INSTANCE_058,0.25,delay30,101,NR,383.1529000000001,408.7316666666667,117.94999999999912,74,81,0.0,1.0,0,61,3,3,0,0.0,0,1,0
INSTANCE_058,0.25,delay30,101,RG,432.25770000000006,465.905,86.09833333333268,77,81,0.0,0.8540101873435207,14,61,3,1,0,185.8689785003662,480,0,0
INSTANCE_058,0.25,delay30,101,SA,459.0972,481.83166666666665,84.76333333333241,77,81,0.0,0.861111111111111,19,61,3,1,0,150.4189968109131,380,0,0
INSTANCE_058,0.25,p85,101,FR,383.5721,453.2538623333334,21.715556833333267,79,81,0.0,0.9802943969610636,2,61,3,2,0,47.02806472778321,310,0,0
INSTANCE_058,0.25,p85,101,NR,383.1529000000001,454.3461878333334,23.900207833333297,79,81,0.0,1.0,0,61,3,3,0,0.0,0,1,0
INSTANCE_058,0.25,p85,101,RG,383.5721,453.2538623333334,21.715556833333267,79,81,0.0,0.9802943969610636,2,61,3,2,0,120.25690078735352,310,0,0
INSTANCE_058,0.25,p85,101,SA,383.5721,453.2538623333334,21.715556833333267,79,81,0.0,0.9802943969610636,2,61,3,2,0,124.76253509521484,310,0,0
INSTANCE_058,0.25,p95,101,FR,384.6733,496.4215541666667,72.54893666666703,76,81,0.0,0.9449192782526116,7,61,3,2,0,59.81636047363281,380,0,0
INSTANCE_058,0.25,p95,101,NR,383.1529000000001,494.6063425,83.25131333333366,75,81,0.0,1.0,0,61,3,3,0,0.0,0,1,0
INSTANCE_058,0.25,p95,101,RG,384.6733,496.4215541666667,72.54893666666703,76,81,0.0,0.9449192782526116,7,61,3,2,0,154.92987632751465,380,0,0
INSTANCE_058,0.25,p95,101,SA,384.658,495.5850908333333,70.82211416666723,76,81,0.0,0.9444444444444444,7,61,3,2,0,151.77226066589355,380,0,0
INSTANCE_058,0.5,delay20,101,FR,429.0801,461.26166666666666,26.49499999999989,79,81,0.0,0.6985683162153751,16,41,3,1,0,47.46150970458984,340,0,0
INSTANCE_058,0.5,delay20,101,NR,383.1529000000001,408.7316666666667,39.541666666666174,77,81,0.0,1.0,0,41,3,3,0,0.0,0,1,0
INSTANCE_058,0.5,delay20,101,RG,444.5979,478.7416666666667,12.828333333333036,79,81,0.0,0.8318549642079054,16,41,3,1,0,172.00779914855957,440,0,0
INSTANCE_058,0.5,delay20,101,SA,402.8078,426.195,21.29499999999961,78,81,0.0,0.9684095860566448,12,41,3,2,0,118.19577217102052,300,0,0
INSTANCE_058,0.5,delay30,101,FR,429.0801,461.26166666666666,53.36999999999978,78,81,0.0,0.6985683162153751,16,41,3,1,0,47.431230545043945,330,0,0
INSTANCE_058,0.5,delay30,101,NR,383.1529000000001,408.7316666666667,90.04499999999928,75,81,0.0,1.0,0,41,3,3,0,0.0,0,1,0
INSTANCE_058,0.5,delay30,101,RG,451.7645,482.39,34.011666666666315,78,81,0.0,0.77906162464986,20,41,3,1,0,145.51520347595215,380,0,0
INSTANCE_058,0.5,delay30,101,SA,445.7619,481.89,34.011666666666315,78,81,0.0,0.8088235294117648,17,41,3,1,0,178.47371101379397,470,0,0
INSTANCE_058,0.5,p85,101,FR,384.0654,442.0953038333333,5.694065666666688,80,81,0.0,0.9128540305010894,10,41,3,2,0,40.76385498046875,300,0,0
INSTANCE_058,0.5,p85,101,NR,383.1529000000001,440.6215313333333,6.5704451666667865,80,81,0.0,1.0,0,41,3,3,0,0.0,0,1,0
INSTANCE_058,0.5,p85,101,RG,402.8019000000001,460.3951273333333,0.0,81,81,0.0,0.9389978213507624,11,41,3,2,0,114.39824104309082,310,0,0
INSTANCE_058,0.5,p85,101,SA,402.8078,460.8073983333333,0.0,81,81,0.0,0.9684095860566448,12,41,3,2,0,112.00642585754396,300,0,0
INSTANCE_058,0.5,p95,101,FR,384.0654,470.41728250000006,14.266079999999649,78,81,0.0,0.9128540305010894,10,41,3,2,0,43.25270652770996,300,0,0
INSTANCE_058,0.5,p95,101,NR,383.1529000000001,468.7680700000001,18.08954333333316,78,81,0.0,1.0,0,41,3,3,0,0.0,0,1,0
INSTANCE_058,0.5,p95,101,RG,402.8019000000001,490.8955433333333,5.119149999999991,79,81,0.0,0.9389978213507624,11,41,3,2,0,119.57073211669922,310,0,0
INSTANCE_058,0.5,p95,101,SA,402.8078,491.3568916666667,5.580498333333253,79,81,0.0,0.9684095860566448,12,41,3,2,0,112.70618438720705,300,0,0
INSTANCE_058,0.75,delay20,101,FR,383.706,409.0183333333333,32.27166666666642,78,81,0.0,0.8425925925925926,8,21,3,2,0,48.59471321105957,320,0,0
INSTANCE_058,0.75,delay20,101,NR,383.1529000000001,408.7316666666667,39.541666666666174,77,81,0.0,1.0,0,21,3,3,0,0.0,0,1,0
INSTANCE_058,0.75,delay20,101,RG,412.0807,438.13,24.518333333332976,79,81,0.0,0.6620370370370371,12,21,3,1,0,171.32973670959473,420,0,0
INSTANCE_058,0.75,delay20,101,SA,383.1529000000001,408.7316666666667,39.541666666666174,77,81,0.0,1.0,0,21,3,3,0,118.82662773132324,300,1,0
INSTANCE_058,0.75,delay30,101,FR,412.0807,438.13,58.09666666666636,77,81,0.0,0.7037037037037037,12,21,3,1,0,63.83180618286133,440,0,0
INSTANCE_058,0.75,delay30,101,NR,383.1529000000001,408.7316666666667,90.04499999999928,75,81,0.0,1.0,0,21,3,3,0,0.0,0,1,0
INSTANCE_058,0.75,delay30,101,RG,412.0807,438.13,58.18999999999937,77,81,0.0,0.6620370370370371,12,21,3,1,0,167.24491119384766,420,0,0
INSTANCE_058,0.75,delay30,101,SA,411.9433,438.23,58.39666666666608,77,81,0.0,0.7037037037037037,12,21,3,1,0,235.40496826171875,600,0,0
INSTANCE_058,0.75,p85,101,FR,383.706,426.0192283333333,1.2541063333331977,80,81,0.0,0.8425925925925926,8,21,3,2,0,44.60024833679199,320,0,0
INSTANCE_058,0.75,p85,101,NR,383.1529000000001,425.6878703333333,3.272900333333382,80,81,0.0,1.0,0,21,3,3,0,0.0,0,1,0
INSTANCE_058,0.75,p85,101,RG,383.706,426.0192283333333,1.2541063333331977,80,81,0.0,0.8425925925925926,8,21,3,2,0,155.58552742004397,410,0,0
INSTANCE_058,0.75,p85,101,SA,383.1529000000001,425.6878703333333,3.272900333333382,80,81,0.0,1.0,0,21,3,3,0,112.58220672607422,300,1,0
INSTANCE_058,0.75,p95,101,FR,383.706,441.02450833333336,4.758778333333112,80,81,0.0,0.8425925925925926,8,21,3,2,0,48.73085021972656,320,0,0
INSTANCE_058,0.75,p95,101,NR,383.1529000000001,440.653705,7.005988333333107,80,81,0.0,1.0,0,21,3,3,0,0.0,0,1,0
INSTANCE_058,0.75,p95,101,RG,383.706,441.02450833333336,4.758778333333112,80,81,0.0,0.8425925925925926,8,21,3,2,0,169.5563793182373,410,0,0
INSTANCE_058,0.75,p95,101,SA,383.1529000000001,440.653705,7.005988333333107,80,81,0.0,1.0,0,21,3,3,0,122.49326705932616,300,1,0
INSTANCE_059,0.25,delay20,101,FR,448.7732000000001,511.21333333333325,52.48666666666748,81,86,0.0,0.874561403508772,17,66,3,2,0,62.02816963195801,450,0,0
INSTANCE_059,0.25,delay20,101,NR,433.3547000000001,488.8649999999999,76.80333333333431,80,86,0.0,1.0,0,66,3,3,0,0.0,0,1,0
INSTANCE_059,0.25,delay20,101,RG,455.0288000000001,515.3933333333332,52.48666666666748,81,86,0.0,0.9078947368421052,17,66,3,2,0,132.10415840148926,350,0,0
INSTANCE_059,0.25,delay20,101,SA,455.2455000000001,515.7033333333333,52.48666666666748,81,86,0.0,0.9350877192982456,16,66,3,2,0,122.10583686828612,320,0,0
INSTANCE_059,0.25,delay30,101,FR,452.6597000000001,515.7433333333332,102.48666666666747,81,86,0.0,0.8578947368421052,19,66,3,2,0,59.189558029174805,400,0,0
INSTANCE_059,0.25,delay30,101,NR,433.3547000000001,488.8649999999999,136.8033333333343,80,86,0.0,1.0,0,66,3,3,0,0.0,0,1,0
INSTANCE_059,0.25,delay30,101,RG,455.0288000000001,515.3933333333332,102.48666666666747,81,86,0.0,0.9078947368421052,17,66,3,2,0,134.73844528198242,350,0,0
INSTANCE_059,0.25,delay30,101,SA,455.2455000000001,515.7033333333333,102.48666666666747,81,86,0.0,0.9350877192982456,16,66,3,2,0,121.06609344482422,320,0,0
INSTANCE_059,0.25,p85,101,FR,433.2188000000001,544.2142551666667,35.86277750000022,83,86,0.0,0.9236842105263158,6,66,3,2,0,64.35799598693848,410,0,0
INSTANCE_059,0.25,p85,101,NR,433.3547000000001,542.8599256666668,39.23871433333375,82,86,0.0,1.0,0,66,3,3,0,0.0,0,1,0
INSTANCE_059,0.25,p85,101,RG,436.8450000000001,555.1028331666668,35.86277750000022,83,86,0.0,0.9526315789473684,4,66,3,2,0,127.02131271362305,310,0,0
INSTANCE_059,0.25,p85,101,SA,436.8450000000001,555.1028331666668,35.86277750000022,83,86,0.0,0.9526315789473684,4,66,3,2,0,128.22985649108887,310,0,0
INSTANCE_059,0.25,p95,101,FR,436.15740000000005,597.60946,94.37106000000142,82,86,0.0,0.8824561403508772,12,66,3,2,0,59.91315841674805,390,0,0
INSTANCE_059,0.25,p95,101,NR,433.3547000000001,590.5167683333333,106.74661333333496,80,86,0.0,1.0,0,66,3,3,0,0.0,0,1,0
INSTANCE_059,0.25,p95,101,RG,455.0288000000001,624.8311675,94.37106000000142,82,86,0.0,0.9078947368421052,17,66,3,2,0,139.35422897338867,350,0,0
INSTANCE_059,0.25,p95,101,SA,455.2455000000001,625.2321525,94.37106000000142,82,86,0.0,0.9350877192982456,16,66,3,2,0,127.05039978027344,320,0,0
INSTANCE_059,0.5,delay20,101,FR,433.6292000000001,488.8016666666666,30.24166666666747,83,86,0.0,0.8141025641025642,11,44,3,1,0,49.00956153869629,310,0,0
INSTANCE_059,0.5,delay20,101,NR,433.3547000000001,488.8649999999999,44.938333333334185,82,86,0.0,1.0,0,44,3,3,0,0.0,0,1,0
INSTANCE_059,0.5,delay20,101,RG,465.46100000000007,530.9849999999999,2.245000000000232,85,86,0.0,0.7553418803418803,21,44,3,1,0,173.67315292358398,420,0,0
INSTANCE_059,0.5,delay20,101,SA,472.17070000000007,539.015,2.245000000000232,85,86,0.0,0.9113247863247864,19,44,3,1,0,141.06416702270508,340,0,0
INSTANCE_059,0.5,delay30,101,FR,432.37860000000006,487.25,60.24166666666747,83,86,0.0,0.8344017094017094,9,44,3,1,0,62.91508674621582,410,0,0
INSTANCE_059,0.5,delay30,101,NR,433.3547000000001,488.8649999999999,84.93833333333419,82,86,0.0,1.0,0,44,3,3,0,0.0,0,1,0
INSTANCE_059,0.5,delay30,101,RG,465.46100000000007,530.9849999999999,16.180000000000405,84,86,0.0,0.7553418803418803,21,44,3,1,0,171.4465618133545,420,0,0
INSTANCE_059,0.5,delay30,101,SA,472.0315000000001,540.2216666666667,16.180000000000405,84,86,0.0,0.8910256410256411,22,44,3,1,0,121.55938148498537,300,0,0
INSTANCE_059,0.5,p85,101,FR,432.37860000000006,524.1525693333333,12.522539000000393,84,86,0.0,0.8344017094017094,9,44,3,1,0,45.27115821838379,310,0,0
INSTANCE_059,0.5,p85,101,NR,433.3547000000001,526.0193478333333,12.645835000000147,84,86,0.0,1.0,0,44,3,3,0,0.0,0,1,0
INSTANCE_059,0.5,p85,101,RG,451.3466000000001,556.8568333333333,0.0,86,86,0.0,0.8557692307692308,15,44,3,1,0,120.64170837402344,310,0,0
INSTANCE_059,0.5,p85,101,SA,451.3523,556.8683923333333,0.0,86,86,0.0,0.9583333333333334,9,44,3,2,0,115.78893661499023,300,0,0
INSTANCE_059,0.5,p95,101,FR,433.6292000000001,558.7304875,38.684888333334015,83,86,0.0,0.8141025641025642,11,44,3,1,0,48.18463325500488,310,0,0
INSTANCE_059,0.5,p95,101,NR,433.3547000000001,558.8124091666666,43.11450416666787,82,86,0.0,1.0,0,44,3,3,0,0.0,0,1,0
INSTANCE_059,0.5,p95,101,RG,457.0601,597.9601866666667,5.117455000000177,85,86,0.0,0.7713675213675213,19,44,3,1,0,218.8687324523925,550,0,0
INSTANCE_059,0.5,p95,101,SA,455.8200000000001,610.1816058333334,5.117455000000177,85,86,0.0,0.9177350427350428,14,44,3,1,0,145.37906646728516,350,0,0
INSTANCE_059,0.75,delay20,101,FR,433.35480000000007,488.76499999999993,30.401666666667325,83,86,0.0,0.7857142857142857,4,23,3,2,0,49.87096786499024,320,0,0
INSTANCE_059,0.75,delay20,101,NR,433.3547000000001,488.8649999999999,30.401666666667325,83,86,0.0,1.0,0,23,3,3,0,0.0,0,1,0
INSTANCE_059,0.75,delay20,101,RG,450.47170000000006,514.05,12.180000000000176,84,86,0.0,0.7202380952380952,12,23,3,1,0,144.5620059967041,320,0,0
INSTANCE_059,0.75,delay20,101,SA,450.4716000000001,514.15,12.180000000000176,84,86,0.0,0.9345238095238096,8,23,3,2,0,129.29916381835938,300,0,0
INSTANCE_059,0.75,delay30,101,FR,433.35480000000007,488.76499999999993,60.401666666667325,83,86,0.0,0.7857142857142857,4,23,3,2,0,48.86221885681152,320,0,0
INSTANCE_059,0.75,delay30,101,NR,433.3547000000001,488.8649999999999,60.401666666667325,83,86,0.0,1.0,0,23,3,3,0,0.0,0,1,0
INSTANCE_059,0.75,delay30,101,RG,450.47170000000006,514.05,36.10166666666692,83,86,0.0,0.7202380952380952,12,23,3,1,0,132.19189643859863,320,0,0
INSTANCE_059,0.75,delay30,101,SA,450.4716000000001,514.15,36.10166666666692,83,86,0.0,0.9345238095238096,8,23,3,2,0,122.82919883728027,300,0,0
INSTANCE_059,0.75,p85,101,FR,433.35480000000007,507.80714566666666,3.3072970000000623,85,86,0.0,0.7857142857142857,4,23,3,2,0,49.17216300964356,320,0,0
INSTANCE_059,0.75,p85,101,NR,433.3547000000001,507.92273566666665,3.3072970000000623,85,86,0.0,1.0,0,23,3,3,0,0.0,0,1,0
INSTANCE_059,0.75,p85,101,RG,450.47170000000006,537.0340771666666,0.0,86,86,0.0,0.7202380952380952,12,23,3,1,0,129.8987865447998,320,0,0
INSTANCE_059,0.75,p85,101,SA,433.3547000000001,507.92273566666665,3.3072970000000623,85,86,0.0,1.0,0,23,3,3,0,122.46918678283691,300,1,0
INSTANCE_059,0.75,p95,101,FR,433.35480000000007,524.6140683333333,7.6871050000002015,85,86,0.0,0.7857142857142857,4,23,3,2,0,47.92356491088867,320,0,0
INSTANCE_059,0.75,p95,101,NR,433.3547000000001,524.7434183333334,7.6871050000002015,85,86,0.0,1.0,0,23,3,3,0,0.0,0,1,0
INSTANCE_059,0.75,p95,101,RG,450.47170000000006,557.3202158333334,0.0,86,86,0.0,0.7202380952380952,12,23,3,1,0,129.8537254333496,320,0,0
INSTANCE_059,0.75,p95,101,SA,450.4716000000001,557.4495658333333,0.0,86,86,0.0,0.9345238095238096,8,23,3,2,0,122.14398384094238,300,0,0
INSTANCE_061,0.25,delay20,101,FR,445.41690000000006,508.13166666666666,14.35666666666691,71,72,0.0,0.8953823953823954,21,55,3,2,0,87.58544921875,550,0,0
INSTANCE_061,0.25,delay20,101,NR,417.8815,478.745,45.72500000000037,69,72,0.0,1.0,0,55,3,3,0,0.0,0,1,0
INSTANCE_061,0.25,delay20,101,RG,439.4606,502.18,10.838333333333594,71,72,0.0,0.8614718614718614,19,55,3,2,0,252.4876594543457,600,0,0
INSTANCE_061,0.25,delay20,101,SA,418.2237,479.3783333333333,38.50833333333378,69,72,0.0,0.9509379509379507,4,55,3,2,0,163.3448600769043,380,0,0
INSTANCE_061,0.25,delay30,101,FR,422.2282,482.94833333333327,65.62666666666667,67,72,0.0,0.8975468975468975,13,55,3,2,0,63.515663146972656,400,0,0
INSTANCE_061,0.25,delay30,101,NR,417.8815,478.745,85.58000000000061,67,72,0.0,1.0,0,55,3,3,0,0.0,0,1,0
INSTANCE_061,0.25,delay30,101,RG,419.0214,480.495,71.0750000000005,67,72,0.0,0.9415584415584416,6,55,3,2,0,145.90024948120117,350,0,0
INSTANCE_061,0.25,delay30,101,SA,418.2237,479.3783333333333,79.12333333333424,67,72,0.0,0.9509379509379507,4,55,3,2,0,158.843994140625,380,0,0
INSTANCE_061,0.25,p85,101,FR,417.8815,534.5704515,23.775060000000508,71,72,0.0,1.0,0,55,3,3,0,47.70827293395996,300,1,0
INSTANCE_061,0.25,p85,101,NR,417.8815,534.5704515,23.775060000000508,71,72,0.0,1.0,0,55,3,3,0,0.0,0,1,0
INSTANCE_061,0.25,p85,101,RG,417.8815,534.5704515,23.775060000000508,71,72,0.0,1.0,0,55,3,3,0,126.6498565673828,300,1,0
INSTANCE_061,0.25,p85,101,SA,417.8815,534.5704515,23.775060000000508,71,72,0.0,1.0,0,55,3,3,0,127.78139114379884,300,1,0
INSTANCE_061,0.25,p95,101,FR,437.3833,613.5223050000001,47.01306083333361,69,72,0.0,0.8816738816738816,13,55,3,2,0,95.9470272064209,600,0,0
INSTANCE_061,0.25,p95,101,NR,417.8815,583.8429475,76.22918083333388,68,72,0.0,1.0,0,55,3,3,0,0.0,0,1,0
INSTANCE_061,0.25,p95,101,RG,437.3833,613.5223050000001,47.01306083333361,69,72,0.0,0.8816738816738816,13,55,3,2,0,249.8793601989746,600,0,0
INSTANCE_061,0.25,p95,101,SA,417.8815,583.8429475,76.22918083333388,68,72,0.0,1.0,0,55,3,3,0,122.35164642333984,300,1,0
INSTANCE_061,0.5,delay20,101,FR,418.1185,478.64666666666665,21.018333333333658,71,72,0.0,0.7587301587301587,12,37,3,1,0,63.13323974609375,430,0,0
INSTANCE_061,0.5,delay20,101,NR,417.8815,478.745,31.521666666666988,70,72,0.0,1.0,0,37,3,3,0,0.0,0,1,0
INSTANCE_061,0.5,delay20,101,RG,417.8967,477.9233333333333,20.2950000000003,71,72,0.0,0.7825396825396825,12,37,3,1,0,195.84321975708008,500,0,0
INSTANCE_061,0.5,delay20,101,SA,438.4362,500.4733333333333,9.131666666667002,71,72,0.0,0.8626984126984127,10,37,3,2,0,237.8304004669189,600,0,0
INSTANCE_061,0.5,delay30,101,FR,440.2615,502.5816666666666,33.12666666666712,69,72,0.0,0.7444444444444445,16,37,3,1,0,92.23031997680664,640,0,0
INSTANCE_061,0.5,delay30,101,NR,417.8815,478.745,61.376666666667234,68,72,0.0,1.0,0,37,3,3,0,0.0,0,1,0
INSTANCE_061,0.5,delay30,101,RG,417.8967,477.9233333333333,41.02500000000066,69,72,0.0,0.7825396825396825,12,37,3,1,0,195.32299041748047,500,0,0
INSTANCE_061,0.5,delay30,101,SA,419.3005,479.7283333333333,42.74833333333368,69,72,0.0,0.946031746031746,4,37,3,2,0,185.87946891784668,470,0,0
INSTANCE_061,0.5,p85,101,FR,417.1722,523.3761991666667,21.938558000000285,71,72,0.0,0.8666666666666667,4,37,3,2,0,52.754878997802734,340,0,0
INSTANCE_061,0.5,p85,101,NR,417.8815,524.8287801666667,21.938558000000285,71,72,0.0,1.0,0,37,3,3,0,0.0,0,1,0
INSTANCE_061,0.5,p85,101,RG,417.1722,523.3761991666667,21.938558000000285,71,72,0.0,0.8666666666666667,4,37,3,2,0,139.235258102417,340,0,0
INSTANCE_061,0.5,p85,101,SA,417.8815,524.8287801666667,21.938558000000285,71,72,0.0,1.0,0,37,3,3,0,122.58315086364746,300,1,0
INSTANCE_061,0.5,p95,101,FR,417.8862,564.5459208333334,60.15850750000038,69,72,0.0,0.7706349206349206,12,37,3,1,0,85.31022071838379,570,0,0
INSTANCE_061,0.5,p95,101,NR,417.8815,565.5031108333334,62.399460833333706,68,72,0.0,1.0,0,37,3,3,0,0.0,0,1,0
INSTANCE_061,0.5,p95,101,RG,435.8452,591.4205391666668,35.45025166666687,70,72,0.0,0.7174603174603175,14,37,3,1,0,261.4779472351074,640,0,0
INSTANCE_061,0.5,p95,101,SA,417.8815,565.5031108333334,62.399460833333706,68,72,0.0,1.0,0,37,3,3,0,122.1315860748291,300,1,0
INSTANCE_061,0.75,delay20,101,FR,439.4525,501.6866666666666,10.345000000000256,71,72,0.0,0.7976190476190476,8,19,3,2,0,46.45752906799317,300,0,0
INSTANCE_061,0.75,delay20,101,NR,417.8815,478.745,19.86000000000024,71,72,0.0,1.0,0,19,3,3,0,0.0,0,1,0
INSTANCE_061,0.75,delay20,101,RG,437.7066,500.07499999999993,8.733333333333462,71,72,0.0,0.8154761904761904,6,19,3,2,0,184.9994659423828,450,0,0
INSTANCE_061,0.75,delay20,101,SA,437.7066,500.07499999999993,8.733333333333462,71,72,0.0,0.8154761904761904,6,19,3,2,0,170.29452323913574,410,0,0
INSTANCE_061,0.75,delay30,101,FR,437.7066,500.07499999999993,21.19666666666683,70,72,0.0,0.8154761904761904,6,19,3,2,0,92.9715633392334,600,0,0
INSTANCE_061,0.75,delay30,101,NR,417.8815,478.745,36.378333333333785,70,72,0.0,1.0,0,19,3,3,0,0.0,0,1,0
INSTANCE_061,0.75,delay30,101,RG,437.7066,500.07499999999993,21.19666666666683,70,72,0.0,0.8154761904761904,6,19,3,2,0,186.0063076019287,440,0,0
INSTANCE_061,0.75,delay30,101,SA,437.7066,500.07499999999993,21.19666666666683,70,72,0.0,0.8154761904761904,6,19,3,2,0,169.5854663848877,410,0,0
INSTANCE_061,0.75,p85,101,FR,439.4525,535.0570616666666,0.9960880000003272,71,72,0.0,0.7976190476190476,8,19,3,2,0,46.46849632263184,300,0,0
INSTANCE_061,0.75,p85,101,NR,417.8815,508.5387891666667,11.963296500000183,71,72,0.0,1.0,0,19,3,3,0,0.0,0,1,0
INSTANCE_061,0.75,p85,101,RG,437.7066,533.1941361666667,0.0,72,72,0.0,0.8154761904761904,6,19,3,2,0,168.98846626281738,410,0,0
INSTANCE_061,0.75,p85,101,SA,437.7066,533.1941361666667,0.0,72,72,0.0,0.8154761904761904,6,19,3,2,0,170.80044746398926,410,0,0
INSTANCE_061,0.75,p95,101,FR,439.4525,564.5103416666667,10.396920000000136,71,72,0.0,0.7976190476190476,8,19,3,2,0,44.10457611083984,300,0,0
INSTANCE_061,0.75,p95,101,NR,417.8815,534.8352958333334,22.645872500000223,71,72,0.0,1.0,0,19,3,3,0,0.0,0,1,0
INSTANCE_061,0.75,p95,101,RG,437.7066,562.4256508333333,8.312229166666839,71,72,0.0,0.8154761904761904,6,19,3,2,0,165.23265838623047,420,0,0
INSTANCE_061,0.75,p95,101,SA,437.7066,562.4256508333333,8.312229166666839,71,72,0.0,0.8154761904761904,6,19,3,2,0,169.76118087768555,410,0,0
INSTANCE_062,0.25,delay20,101,FR,336.49490000000003,382.51166666666666,1.8949999999999816,46,47,0.0,0.84375,10,36,2,1,0,40.00926017761231,280,0,0
INSTANCE_062,0.25,delay20,101,NR,303.8738000000001,350.87333333333333,15.700000000000156,45,47,0.0,1.0,0,36,2,2,0,0.0,0,1,0
INSTANCE_062,0.25,delay20,101,RG,358.0336000000001,397.4083333333333,1.8949999999999816,46,47,0.0,0.7604166666666667,13,36,2,1,0,160.7973575592041,420,0,0
INSTANCE_062,0.25,delay20,101,SA,372.9292,414.255,1.8949999999999816,46,47,0.0,0.8833333333333333,15,36,2,1,0,82.62801170349121,200,0,0
INSTANCE_062,0.25,delay30,101,FR,333.84440000000006,379.8033333333333,19.25166666666655,45,47,0.0,0.8229166666666666,15,36,2,1,0,65.6135082244873,420,0,0
INSTANCE_062,0.25,delay30,101,NR,303.8738000000001,350.87333333333333,49.03666666666686,43,47,0.0,1.0,0,36,2,2,0,0.0,0,1,0
INSTANCE_062,0.25,delay30,101,RG,369.40010000000007,406.835,19.25166666666655,45,47,0.0,0.6875,13,36,2,1,0,122.63154983520508,300,0,0
INSTANCE_062,0.25,delay30,101,SA,372.9292,414.255,19.25166666666655,45,47,0.0,0.8833333333333333,15,36,2,1,0,83.18543434143066,200,0,0
INSTANCE_062,0.25,p85,101,FR,334.34110000000004,430.8374,4.594819499999858,46,47,0.0,0.875,12,36,2,1,0,47.75571823120117,300,0,0
INSTANCE_062,0.25,p85,101,NR,303.8738000000001,395.952338,13.066111999999862,45,47,0.0,1.0,0,36,2,2,0,0.0,0,1,0
INSTANCE_062,0.25,p85,101,RG,358.0336000000001,449.7421445,4.594819499999858,46,47,0.0,0.7604166666666667,13,36,2,1,0,175.32014846801758,420,0,0
INSTANCE_062,0.25,p85,101,SA,334.37480000000005,428.934018,4.594819499999858,46,47,0.0,0.8604166666666666,12,36,2,1,0,128.01861763000488,320,0,0
INSTANCE_062,0.25,p95,101,FR,363.6168,501.8570891666667,28.11601916666621,45,47,0.0,0.7729166666666667,14,36,2,1,0,79.51068878173828,500,0,0
INSTANCE_062,0.25,p95,101,NR,303.8738000000001,435.7398366666667,50.855756666666366,43,47,0.0,1.0,0,36,2,2,0,0.0,0,1,0
INSTANCE_062,0.25,p95,101,RG,372.9292,517.7240225,28.11601916666621,45,47,0.0,0.8833333333333333,15,36,2,1,0,81.28929138183594,200,0,0
INSTANCE_062,0.25,p95,101,SA,372.9292,517.7240225,28.11601916666621,45,47,0.0,0.8833333333333333,15,36,2,1,0,77.23259925842285,200,0,0
INSTANCE_062,0.5,delay20,101,FR,305.11580000000004,351.7933333333334,5.846666666666692,45,47,0.0,0.9363636363636364,4,24,2,1,0,31.12125396728516,220,0,0
INSTANCE_062,0.5,delay20,101,NR,303.8738000000001,350.87333333333333,15.700000000000156,45,47,0.0,1.0,0,24,2,2,0,0.0,0,1,0
INSTANCE_062,0.5,delay20,101,RG,303.75840000000005,350.9383333333334,5.846666666666692,45,47,0.0,0.9409090909090908,3,24,2,1,0,79.80227470397949,200,0,0
INSTANCE_062,0.5,delay20,101,SA,303.75840000000005,350.9383333333334,5.846666666666692,45,47,0.0,0.9409090909090908,3,24,2,1,0,78.78684997558594,200,0,0
INSTANCE_062,0.5,delay30,101,FR,303.75840000000005,350.9383333333334,33.20333333333326,44,47,0.0,0.9409090909090908,3,24,2,1,0,34.61027145385742,230,0,0
INSTANCE_062,0.5,delay30,101,NR,303.8738000000001,350.87333333333333,49.03666666666686,43,47,0.0,1.0,0,24,2,2,0,0.0,0,1,0
INSTANCE_062,0.5,delay30,101,RG,303.75840000000005,350.9383333333334,33.20333333333326,44,47,0.0,0.9409090909090908,3,24,2,1,0,81.56013488769531,200,0,0
INSTANCE_062,0.5,delay30,101,SA,303.75840000000005,350.9383333333334,33.20333333333326,44,47,0.0,0.9409090909090908,3,24,2,1,0,81.91084861755371,200,0,0
INSTANCE_062,0.5,p85,101,FR,303.75840000000005,381.3266211666666,0.0,47,47,0.0,0.9409090909090908,3,24,2,1,0,40.67492485046387,260,0,0
INSTANCE_062,0.5,p85,101,NR,303.8738000000001,381.2514876666666,0.0,47,47,0.0,1.0,0,24,2,2,0,0.0,0,1,0
INSTANCE_062,0.5,p85,101,RG,303.75840000000005,381.3266211666666,0.0,47,47,0.0,0.9409090909090908,3,24,2,1,0,85.16716957092285,200,0,0
INSTANCE_062,0.5,p85,101,SA,303.8738000000001,381.2514876666666,0.0,47,47,0.0,1.0,0,24,2,2,0,84.87439155578613,200,1,0
INSTANCE_062,0.5,p95,101,FR,305.11580000000004,409.253785,15.871049166666351,46,47,0.0,0.9363636363636364,4,24,2,1,0,32.776594161987305,220,0,0
INSTANCE_062,0.5,p95,101,NR,303.8738000000001,408.063765,18.37000833333309,45,47,0.0,1.0,0,24,2,2,0,0.0,0,1,0
INSTANCE_062,0.5,p95,101,RG,303.75840000000005,408.1478425,15.871049166666351,46,47,0.0,0.9409090909090908,3,24,2,1,0,78.27639579772949,200,0,0
INSTANCE_062,0.5,p95,101,SA,303.75840000000005,408.1478425,15.871049166666351,46,47,0.0,0.9409090909090908,3,24,2,1,0,76.81083679199219,200,0,0
INSTANCE_062,0.75,delay20,101,FR,303.8738000000001,350.87333333333333,1.8949999999999816,46,47,0.0,1.0,0,13,2,2,0,29.097318649291992,200,1,0
INSTANCE_062,0.75,delay20,101,NR,303.8738000000001,350.87333333333333,1.8949999999999816,46,47,0.0,1.0,0,13,2,2,0,0.0,0,1,0
INSTANCE_062,0.75,delay20,101,RG,303.8738000000001,350.87333333333333,1.8949999999999816,46,47,0.0,1.0,0,13,2,2,0,79.65826988220215,200,1,0
INSTANCE_062,0.75,delay20,101,SA,303.8738000000001,350.87333333333333,1.8949999999999816,46,47,0.0,1.0,0,13,2,2,0,79.17284965515137,200,1,0
INSTANCE_062,0.75,delay30,101,FR,303.8738000000001,350.87333333333333,11.894999999999982,46,47,0.0,1.0,0,13,2,2,0,30.24458885192871,200,1,0
INSTANCE_062,0.75,delay30,101,NR,303.8738000000001,350.87333333333333,11.894999999999982,46,47,0.0,1.0,0,13,2,2,0,0.0,0,1,0
INSTANCE_062,0.75,delay30,101,RG,339.7606,389.09833333333336,3.894999999999982,46,47,0.0,0.8690476190476191,5,13,2,1,0,82.78608322143555,200,0,0
INSTANCE_062,0.75,delay30,101,SA,303.8738000000001,350.87333333333333,11.894999999999982,46,47,0.0,1.0,0,13,2,2,0,83.06884765625,200,1,0
INSTANCE_062,0.75,p85,101,FR,303.8738000000001,362.57596683333327,0.0,47,47,0.0,1.0,0,13,2,2,0,29.47926521301269,200,1,0
INSTANCE_062,0.75,p85,101,NR,303.8738000000001,362.57596683333327,0.0,47,47,0.0,1.0,0,13,2,2,0,0.0,0,1,0
INSTANCE_062,0.75,p85,101,RG,303.8738000000001,362.57596683333327,0.0,47,47,0.0,1.0,0,13,2,2,0,78.71150970458984,200,1,0
INSTANCE_062,0.75,p85,101,SA,303.8738000000001,362.57596683333327,0.0,47,47,0.0,1.0,0,13,2,2,0,78.43875885009766,200,1,0
INSTANCE_062,0.75,p95,101,FR,303.8738000000001,372.90491083333336,0.0,47,47,0.0,1.0,0,13,2,2,0,30.70950508117676,200,1,0
INSTANCE_062,0.75,p95,101,NR,303.8738000000001,372.90491083333336,0.0,47,47,0.0,1.0,0,13,2,2,0,0.0,0,1,0
INSTANCE_062,0.75,p95,101,RG,303.8738000000001,372.90491083333336,0.0,47,47,0.0,1.0,0,13,2,2,0,82.33332633972168,200,1,0
INSTANCE_062,0.75,p95,101,SA,303.8738000000001,372.90491083333336,0.0,47,47,0.0,1.0,0,13,2,2,0,82.58509635925293,200,1,0
INSTANCE_063,0.25,delay20,101,FR,406.6658,455.74,242.1450000000009,58,70,13.383333333332985,0.9482478632478633,6,53,2,0,0,35.81738471984863,220,0,0
INSTANCE_063,0.25,delay20,101,NR,406.6219,457.5666666666667,254.2400000000025,57,70,13.786666666666406,1.0,0,53,2,2,0,0.0,0,1,0
INSTANCE_063,0.25,delay20,101,RG,406.4375,455.075,240.79666666666708,58,70,12.71833333333302,0.887920227920228,10,53,2,0,0,152.71401405334473,350,0,0
INSTANCE_063,0.25,delay20,101,SA,406.4375,455.075,241.48000000000093,58,70,12.71833333333302,0.9186894586894588,8,53,2,0,0,113.73329162597656,250,0,0
INSTANCE_063,0.25,delay30,101,FR,406.6658,455.74,378.0266666666671,56,70,23.383333333332985,0.9482478632478633,6,53,2,0,0,35.204172134399414,220,0,0
INSTANCE_063,0.25,delay30,101,NR,406.6219,457.5666666666667,390.81333333333566,56,70,24.26666666666688,1.0,0,53,2,2,0,0.0,0,1,0
INSTANCE_063,0.25,delay30,101,RG,406.4375,455.075,377.27,56,70,22.71833333333302,0.887920227920228,10,53,2,0,0,152.4643898010254,350,0,0
INSTANCE_063,0.25,delay30,101,SA,406.6658,455.74,378.0266666666671,56,70,23.383333333332985,0.9482478632478633,6,53,2,0,0,92.34261512756348,220,0,0
INSTANCE_063,0.25,p85,101,FR,406.6658,516.4474600000001,261.3591518333337,57,70,26.365797166666653,0.9174786324786324,8,53,2,0,0,53.84969711303711,320,0,0
INSTANCE_063,0.25,p85,101,NR,406.6219,518.558904,276.53842999999927,56,70,26.83201016666657,1.0,0,53,2,2,0,0.0,0,1,0
INSTANCE_063,0.25,p85,101,RG,406.4375,515.6787865000001,260.88369100000045,56,70,25.597123666666675,0.887920227920228,10,53,2,0,0,152.6327133178711,350,0,0
INSTANCE_063,0.25,p85,101,SA,406.4375,515.6787865000001,261.673556,56,70,25.597123666666675,0.9186894586894588,8,53,2,0,0,120.99218368530272,250,0,0
INSTANCE_063,0.25,p95,101,FR,406.4375,569.1687225000001,545.808833333336,54,70,75.8687225000001,0.887920227920228,10,53,2,0,0,57.558536529541016,350,0,0
INSTANCE_063,0.25,p95,101,NR,406.6219,572.3916933333335,563.6073933333362,54,70,79.09169333333352,1.0,0,53,2,2,0,0.0,0,1,0
INSTANCE_063,0.25,p95,101,RG,406.4375,569.1687225000001,545.808833333336,54,70,75.8687225000001,0.887920227920228,10,53,2,0,0,150.76494216918945,350,0,0
INSTANCE_063,0.25,p95,101,SA,406.6658,570.0289000000001,545.1405250000028,54,70,76.72890000000007,0.9174786324786324,8,53,2,0,0,135.6954574584961,320,0,0
INSTANCE_063,0.5,delay20,101,FR,406.6219,457.5666666666667,240.10000000000213,58,70,13.786666666666406,1.0,0,35,2,2,0,30.539751052856445,200,1,0
INSTANCE_063,0.5,delay20,101,NR,406.6219,457.5666666666667,240.10000000000213,58,70,13.786666666666406,1.0,0,35,2,2,0,0.0,0,1,0
INSTANCE_063,0.5,delay20,101,RG,406.3736,461.315,237.81833333333475,59,70,13.786666666666406,0.9145220588235294,4,35,2,1,0,99.80511665344238,250,0,0
INSTANCE_063,0.5,delay20,101,SA,409.0751,460.91,236.47666666666805,59,70,13.786666666666406,0.9457720588235294,5,35,2,1,0,109.21239852905272,280,0,0
INSTANCE_063,0.5,delay30,101,FR,406.6219,457.5666666666667,366.67333333333534,57,70,24.26666666666688,1.0,0,35,2,2,0,28.34177017211914,200,1,0
INSTANCE_063,0.5,delay30,101,NR,406.6219,457.5666666666667,366.67333333333534,57,70,24.26666666666688,1.0,0,35,2,2,0,0.0,0,1,0
INSTANCE_063,0.5,delay30,101,RG,411.08810000000005,463.9783333333333,347.7583333333349,59,70,30.678333333333512,0.8428308823529412,23,35,2,0,0,137.13741302490234,350,0,0
INSTANCE_063,0.5,delay30,101,SA,408.696,460.62666666666667,352.7833333333353,59,70,27.326666666666824,0.957516339869281,18,35,2,1,0,106.67085647583008,270,0,0
INSTANCE_063,0.5,p85,101,FR,406.6219,494.7116605,151.85579900000016,62,70,14.975295499999902,1.0,0,35,2,2,0,33.470869064331055,200,1,0
INSTANCE_063,0.5,p85,101,NR,406.6219,494.7116605,151.85579900000016,62,70,14.975295499999902,1.0,0,35,2,2,0,0.0,0,1,0
INSTANCE_063,0.5,p85,101,RG,409.0751,498.5762195,149.69011000000057,61,70,14.975295499999902,0.9457720588235294,5,35,2,1,0,114.28570747375488,280,0,0
INSTANCE_063,0.5,p85,101,SA,409.0751,498.5762195,149.69011000000057,61,70,14.975295499999902,0.9457720588235294,5,35,2,1,0,116.09554290771484,280,0,0
INSTANCE_063,0.5,p95,101,FR,406.6219,527.4964658333334,246.5759900000014,60,70,34.19646583333349,1.0,0,35,2,2,0,31.01038932800293,200,1,0
INSTANCE_063,0.5,p95,101,NR,406.6219,527.4964658333334,246.5759900000014,60,70,34.19646583333349,1.0,0,35,2,2,0,0.0,0,1,0
INSTANCE_063,0.5,p95,101,RG,406.6219,527.4964658333334,246.5759900000014,60,70,34.19646583333349,1.0,0,35,2,2,0,83.52994918823242,200,1,0
INSTANCE_063,0.5,p95,101,SA,406.6219,527.4964658333334,246.5759900000014,60,70,34.19646583333349,1.0,0,35,2,2,0,80.29651641845703,200,1,0
INSTANCE_063,0.75,delay20,101,FR,408.8468,460.245,235.8116666666681,59,70,13.121666666666442,0.7777777777777778,7,18,2,0,0,53.42960357666016,340,0,0
INSTANCE_063,0.75,delay20,101,NR,406.6219,457.5666666666667,240.10000000000213,58,70,13.786666666666406,1.0,0,18,2,2,0,0.0,0,1,0
INSTANCE_063,0.75,delay20,101,RG,408.8468,460.245,235.8116666666681,59,70,13.121666666666442,0.7777777777777778,7,18,2,0,0,125.04935264587402,300,0,0
INSTANCE_063,0.75,delay20,101,SA,406.6219,457.5666666666667,240.10000000000213,58,70,13.786666666666406,1.0,0,18,2,2,0,84.0766429901123,200,1,0
INSTANCE_063,0.75,delay30,101,FR,406.3936000000001,456.9016666666667,366.60000000000207,57,70,23.60166666666691,0.8993055555555556,2,18,2,1,0,35.80594062805176,210,0,0
INSTANCE_063,0.75,delay30,101,NR,406.6219,457.5666666666667,366.67333333333534,57,70,24.26666666666688,1.0,0,18,2,2,0,0.0,0,1,0
INSTANCE_063,0.75,delay30,101,RG,408.8468,460.245,361.533333333335,57,70,26.94500000000016,0.7777777777777778,7,18,2,0,0,128.53741645812988,300,0,0
INSTANCE_063,0.75,delay30,101,SA,406.6219,457.5666666666667,366.67333333333534,57,70,24.26666666666688,1.0,0,18,2,2,0,83.65917205810547,200,1,0
INSTANCE_063,0.75,p85,101,FR,408.8468,483.9467368333334,94.96158600000037,64,70,5.304472166666528,0.7777777777777778,7,18,2,0,0,46.92745208740234,300,0,0
INSTANCE_063,0.75,p85,101,NR,406.6219,480.85085133333337,102.55316800000026,64,70,6.073145666666505,1.0,0,18,2,2,0,0.0,0,1,0
INSTANCE_063,0.75,p85,101,RG,408.8468,483.9467368333334,94.96158600000037,64,70,5.304472166666528,0.7777777777777778,7,18,2,0,0,125.68283081054688,300,0,0
INSTANCE_063,0.75,p85,101,SA,406.6219,480.85085133333337,102.55316800000026,64,70,6.073145666666505,1.0,0,18,2,2,0,86.20643615722656,200,1,0
INSTANCE_063,0.75,p95,101,FR,408.8468,504.86629416666665,125.41399916666762,61,70,16.0572241666664,0.7777777777777778,7,18,2,0,0,47.87015914916992,300,0,0
INSTANCE_063,0.75,p95,101,NR,406.6219,501.40187,128.29754750000006,63,70,16.917401666666365,1.0,0,18,2,2,0,0.0,0,1,0
INSTANCE_063,0.75,p95,101,RG,408.8468,504.86629416666665,125.41399916666762,61,70,16.0572241666664,0.7777777777777778,7,18,2,0,0,134.18149948120117,310,0,0
INSTANCE_063,0.75,p95,101,SA,406.6219,501.40187,128.29754750000006,63,70,16.917401666666365,1.0,0,18,2,2,0,88.52267265319824,200,1,0
INSTANCE_001,0.25,delay20,202,FR,210.4586,279.3933333333333,0.0,40,40,0.0,0.8666666666666667,15,30,2,1,0,29.111385345458984,200,0,0
INSTANCE_001,0.25,delay20,202,NR,191.8982,259.76,11.81499999999994,39,40,0.0,1.0,0,30,2,2,0,0.0,0,1,0
INSTANCE_001,0.25,delay20,202,RG,207.4213,278.67,0.0,40,40,0.0,0.8392857142857143,11,30,2,1,0,99.03430938720705,250,0,0
INSTANCE_001,0.25,delay20,202,SA,213.258,287.1733333333333,0.0,40,40,0.0,0.8928571428571428,11,30,2,1,0,79.40363883972168,200,0,0
INSTANCE_001,0.25,delay30,202,FR,210.4586,279.3933333333333,0.0,40,40,0.0,0.8666666666666667,15,30,2,1,0,30.20620346069336,200,0,0
INSTANCE_001,0.25,delay30,202,NR,191.8982,259.76,24.96999999999992,38,40,0.0,1.0,0,30,2,2,0,0.0,0,1,0
INSTANCE_001,0.25,delay30,202,RG,207.4213,278.67,0.0,40,40,0.0,0.8392857142857143,11,30,2,1,0,98.85478019714355,250,0,0
INSTANCE_001,0.25,delay30,202,SA,213.258,287.1733333333333,0.0,40,40,0.0,0.8928571428571428,11,30,2,1,0,80.22046089172363,200,0,0
INSTANCE_001,0.25,p85,202,FR,191.8982,291.6735095,0.4248373333333575,39,40,0.0,1.0,0,30,2,2,0,31.025409698486328,200,1,0
INSTANCE_001,0.25,p85,202,NR,191.8982,291.6735095,0.4248373333333575,39,40,0.0,1.0,0,30,2,2,0,0.0,0,1,0
INSTANCE_001,0.25,p85,202,RG,191.8982,291.6735095,0.4248373333333575,39,40,0.0,1.0,0,30,2,2,0,80.77383041381836,200,1,0
INSTANCE_001,0.25,p85,202,SA,191.8982,291.6735095,0.4248373333333575,39,40,0.0,1.0,0,30,2,2,0,83.93526077270508,200,1,0
INSTANCE_001,0.25,p95,202,FR,210.4586,345.23663416666665,0.0,40,40,0.0,0.8666666666666667,15,30,2,1,0,35.02440452575684,200,0,0
INSTANCE_001,0.25,p95,202,NR,191.8982,319.8409175,8.024026666666714,39,40,0.0,1.0,0,30,2,2,0,0.0,0,1,0
INSTANCE_001,0.25,p95,202,RG,207.4213,344.3010025,0.0,40,40,0.0,0.8392857142857143,11,30,2,1,0,119.31347846984865,250,0,0
INSTANCE_001,0.25,p95,202,SA,213.258,355.3000641666667,0.0,40,40,0.0,0.8928571428571428,11,30,2,1,0,80.30962944030762,200,0,0
INSTANCE_001,0.5,delay20,202,FR,214.935,288.56,0.0,40,40,0.0,0.8,7,20,2,1,0,40.42172431945801,270,0,0
INSTANCE_001,0.5,delay20,202,NR,191.8982,259.76,11.81499999999994,39,40,0.0,1.0,0,20,2,2,0,0.0,0,1,0
INSTANCE_001,0.5,delay20,202,RG,217.857,286.9,0.6849999999999454,39,40,0.0,0.75,7,20,2,1,0,107.26618766784668,270,0,0
INSTANCE_001,0.5,delay20,202,SA,215.7744,288.8033333333333,3.5616666666666106,39,40,0.0,0.9166666666666666,6,20,2,1,0,79.4835090637207,200,0,0
INSTANCE_001,0.5,delay30,202,FR,213.4538,283.72333333333336,7.464999999999918,39,40,0.0,0.7555555555555555,7,20,2,1,0,56.032657623291016,390,0,0
INSTANCE_001,0.5,delay30,202,NR,191.8982,259.76,24.96999999999992,38,40,0.0,1.0,0,20,2,2,0,0.0,0,1,0
INSTANCE_001,0.5,delay30,202,RG,217.857,286.9,10.684999999999944,39,40,0.0,0.75,7,20,2,1,0,103.62672805786131,270,0,0
INSTANCE_001,0.5,delay30,202,SA,215.7744,288.8033333333333,13.56166666666661,39,40,0.0,0.9166666666666666,6,20,2,1,0,77.96907424926758,200,0,0
INSTANCE_001,0.5,p85,202,FR,191.8982,280.9132915,0.0,40,40,0.0,1.0,0,20,2,2,0,30.457735061645508,200,1,0
INSTANCE_001,0.5,p85,202,NR,191.8982,280.9132915,0.0,40,40,0.0,1.0,0,20,2,2,0,0.0,0,1,0
INSTANCE_001,0.5,p85,202,RG,191.8982,280.9132915,0.0,40,40,0.0,1.0,0,20,2,2,0,80.83724975585938,200,1,0
INSTANCE_001,0.5,p85,202,SA,191.8982,280.9132915,0.0,40,40,0.0,1.0,0,20,2,2,0,80.71184158325195,200,1,0
INSTANCE_001,0.5,p95,202,FR,191.8982,299.5835475,0.3910700000000133,39,40,0.0,1.0,0,20,2,2,0,31.200647354125977,200,1,0
INSTANCE_001,0.5,p95,202,NR,191.8982,299.5835475,0.3910700000000133,39,40,0.0,1.0,0,20,2,2,0,0.0,0,1,0
INSTANCE_001,0.5,p95,202,RG,191.8982,299.5835475,0.3910700000000133,39,40,0.0,1.0,0,20,2,2,0,80.67131042480469,200,1,0
INSTANCE_001,0.5,p95,202,SA,191.8982,299.5835475,0.3910700000000133,39,40,0.0,1.0,0,20,2,2,0,79.85258102416992,200,1,0
INSTANCE_001,0.75,delay20,202,FR,191.8982,259.76,11.81499999999994,39,40,0.0,1.0,0,10,2,2,0,27.210712432861328,200,1,0
INSTANCE_001,0.75,delay20,202,NR,191.8982,259.76,11.81499999999994,39,40,0.0,1.0,0,10,2,2,0,0.0,0,1,0
INSTANCE_001,0.75,delay20,202,RG,191.8982,259.76,11.81499999999994,39,40,0.0,1.0,0,10,2,2,0,77.40449905395508,200,1,0
INSTANCE_001,0.75,delay20,202,SA,191.8982,259.76,11.81499999999994,39,40,0.0,1.0,0,10,2,2,0,88.82880210876465,200,1,0
INSTANCE_001,0.75,delay30,202,FR,191.8982,259.76,21.81499999999994,39,40,0.0,1.0,0,10,2,2,0,29.090166091918945,200,1,0
INSTANCE_001,0.75,delay30,202,NR,191.8982,259.76,21.81499999999994,39,40,0.0,1.0,0,10,2,2,0,0.0,0,1,0
INSTANCE_001,0.75,delay30,202,RG,191.8982,259.76,21.81499999999994,39,40,0.0,1.0,0,10,2,2,0,79.85234260559082,200,1,0
INSTANCE_001,0.75,delay30,202,SA,191.8982,259.76,21.81499999999994,39,40,0.0,1.0,0,10,2,2,0,80.67202568054199,200,1,0
INSTANCE_001,0.75,p85,202,FR,191.8982,267.69868783333334,0.0,40,40,0.0,0.85,2,10,2,1,0,28.49960327148437,200,0,0
INSTANCE_001,0.75,p85,202,NR,191.8982,267.69868783333334,0.0,40,40,0.0,1.0,0,10,2,2,0,0.0,0,1,0
INSTANCE_001,0.75,p85,202,RG,191.8982,267.69868783333334,0.0,40,40,0.0,1.0,0,10,2,2,0,78.11641693115234,200,1,0
INSTANCE_001,0.75,p85,202,SA,191.8982,267.69868783333334,0.0,40,40,0.0,1.0,0,10,2,2,0,78.77063751220703,200,1,0
INSTANCE_001,0.75,p95,202,FR,191.8982,274.7055091666666,0.0,40,40,0.0,1.0,0,10,2,2,0,30.05862236022949,200,1,0
INSTANCE_001,0.75,p95,202,NR,191.8982,274.7055091666666,0.0,40,40,0.0,1.0,0,10,2,2,0,0.0,0,1,0
INSTANCE_001,0.75,p95,202,RG,191.8982,274.7055091666666,0.0,40,40,0.0,1.0,0,10,2,2,0,79.91528511047363,200,1,0
INSTANCE_001,0.75,p95,202,SA,191.8982,274.7055091666666,0.0,40,40,0.0,1.0,0,10,2,2,0,77.9261589050293,200,1,0
INSTANCE_002,0.25,delay20,202,FR,302.2745,327.9616666666666,59.69833333333327,45,49,0.0,0.8349673202614379,8,37,2,1,0,35.29644012451172,250,0,0
INSTANCE_002,0.25,delay20,202,NR,293.3563,318.32166666666666,78.83000000000004,44,49,0.0,1.0,0,37,2,2,0,0.0,0,1,0
INSTANCE_002,0.25,delay20,202,RG,379.122,387.4733333333333,22.51500000000021,47,49,0.0,0.7911936704506364,27,37,2,0,0,79.681396484375,210,0,0
INSTANCE_002,0.25,delay20,202,SA,379.122,387.4733333333333,22.51500000000021,47,49,0.0,0.7911936704506364,27,37,2,0,0,78.74250411987305,210,0,0
INSTANCE_002,0.25,delay30,202,FR,302.2976,325.5716666666667,110.75499999999988,43,49,0.0,0.7728758169934641,10,37,2,1,0,67.57450103759766,500,0,0
INSTANCE_002,0.25,delay30,202,NR,293.3563,318.32166666666666,142.3283333333335,41,49,0.0,1.0,0,37,2,2,0,0.0,0,1,0
INSTANCE_002,0.25,delay30,202,RG,379.122,387.4733333333333,48.08666666666704,46,49,0.0,0.7911936704506364,27,37,2,0,0,85.75844764709473,210,0,0
INSTANCE_002,0.25,delay30,202,SA,379.122,387.4733333333333,48.08666666666704,46,49,0.0,0.7911936704506364,27,37,2,0,0,87.62907981872559,210,0,0
INSTANCE_002,0.25,p85,202,FR,300.5639,377.3982698333333,19.57685783333318,46,49,0.0,0.7712418300653594,14,37,2,1,0,75.10757446289062,500,0,0
INSTANCE_002,0.25,p85,202,NR,293.3563,357.8693393333333,26.874306666666712,45,49,0.0,1.0,0,37,2,2,0,0.0,0,1,0
INSTANCE_002,0.25,p85,202,RG,379.122,437.8017508333333,1.0620348333334275,48,49,0.0,0.7911936704506364,27,37,2,0,0,81.68697357177734,210,0,0
INSTANCE_002,0.25,p85,202,SA,379.2713,438.80545733333327,1.0620348333334275,48,49,0.0,0.8050825593395253,28,37,2,0,0,78.06992530822754,200,0,0
INSTANCE_002,0.25,p95,202,FR,300.5639,414.6284725000001,54.68180583333344,44,49,0.0,0.7712418300653594,14,37,2,1,0,76.76887512207031,500,0,0
INSTANCE_002,0.25,p95,202,NR,293.3563,392.77479000000005,69.18651333333355,43,49,0.0,1.0,0,37,2,2,0,0.0,0,1,0
INSTANCE_002,0.25,p95,202,RG,379.122,482.22247083333343,16.73780166666654,46,49,0.0,0.7911936704506364,27,37,2,0,0,82.45253562927246,210,0,0
INSTANCE_002,0.25,p95,202,SA,379.122,482.22247083333343,16.73780166666654,46,49,0.0,0.7911936704506364,27,37,2,0,0,82.31067657470703,210,0,0
INSTANCE_002,0.5,delay20,202,FR,326.02879999999993,345.47,23.213333333333253,48,49,0.0,0.7794289044289044,8,25,2,0,0,44.86227035522461,300,0,0
INSTANCE_002,0.5,delay20,202,NR,293.3563,318.32166666666666,45.691666666666606,46,49,0.0,1.0,0,25,2,2,0,0.0,0,1,0
INSTANCE_002,0.5,delay20,202,RG,327.2907,349.5583333333333,23.213333333333253,48,49,0.0,0.7698135198135199,12,25,2,0,0,125.4863739013672,330,0,0
INSTANCE_002,0.5,delay20,202,SA,313.70719999999994,334.025,26.55999999999983,47,49,0.0,0.9204545454545454,2,25,2,1,0,92.0579433441162,240,0,0
INSTANCE_002,0.5,delay30,202,FR,314.9081,335.33333333333326,55.49333333333334,45,49,0.0,0.8977272727272727,4,25,2,1,0,35.494327545166016,250,0,0
INSTANCE_002,0.5,delay30,202,NR,293.3563,318.32166666666666,81.20333333333338,44,49,0.0,1.0,0,25,2,2,0,0.0,0,1,0
INSTANCE_002,0.5,delay30,202,RG,328.1635,350.35166666666663,46.37333333333345,46,49,0.0,0.747086247086247,13,25,2,0,0,109.07411575317384,300,0,0
INSTANCE_002,0.5,delay30,202,SA,314.58,334.81833333333327,55.49333333333334,45,49,0.0,0.8977272727272727,3,25,2,1,0,80.80029487609863,210,0,0
INSTANCE_002,0.5,p85,202,FR,297.9326,344.49487700000003,4.660791166666627,48,49,0.0,0.9242424242424244,3,25,2,1,0,34.39211845397949,230,0,0
INSTANCE_002,0.5,p85,202,NR,293.3563,340.3162985,5.891391500000168,47,49,0.0,1.0,0,25,2,2,0,0.0,0,1,0
INSTANCE_002,0.5,p85,202,RG,297.9326,344.49487700000003,4.660791166666627,48,49,0.0,0.9242424242424244,3,25,2,1,0,92.16523170471191,230,0,0
INSTANCE_002,0.5,p85,202,SA,293.3563,340.3162985,5.891391500000168,47,49,0.0,1.0,0,25,2,2,0,79.01549339294434,200,1,0
INSTANCE_002,0.5,p95,202,FR,298.8054,365.431315,8.956892499999867,48,49,0.0,0.928030303030303,2,25,2,1,0,40.894508361816406,290,0,0
INSTANCE_002,0.5,p95,202,NR,293.3563,359.72913583333343,12.040047500000014,47,49,0.0,1.0,0,25,2,2,0,0.0,0,1,0
INSTANCE_002,0.5,p95,202,RG,297.9326,364.4051383333334,8.956892499999867,48,49,0.0,0.9242424242424244,3,25,2,1,0,88.20676803588867,250,0,0
INSTANCE_002,0.5,p95,202,SA,297.9326,364.4051383333334,8.956892499999867,48,49,0.0,0.9242424242424244,3,25,2,1,0,87.77952194213867,230,0,0
INSTANCE_002,0.75,delay20,202,FR,293.35620000000006,318.32166666666666,0.0,49,49,0.0,0.8166666666666667,2,13,2,1,0,30.6854248046875,200,0,0
INSTANCE_002,0.75,delay20,202,NR,293.3563,318.32166666666666,0.0,49,49,0.0,1.0,0,13,2,2,0,0.0,0,1,0
INSTANCE_002,0.75,delay20,202,RG,293.35620000000006,318.32166666666666,0.0,49,49,0.0,0.8166666666666667,2,13,2,1,0,85.16812324523926,210,0,0
INSTANCE_002,0.75,delay20,202,SA,293.3563,318.32166666666666,0.0,49,49,0.0,1.0,0,13,2,2,0,83.23502540588379,200,1,0
INSTANCE_002,0.75,delay30,202,FR,293.35620000000006,318.32166666666666,0.0,49,49,0.0,0.8166666666666667,2,13,2,1,0,29.628038406372067,200,0,0
INSTANCE_002,0.75,delay30,202,NR,293.3563,318.32166666666666,0.0,49,49,0.0,1.0,0,13,2,2,0,0.0,0,1,0
INSTANCE_002,0.75,delay30,202,RG,293.35620000000006,318.32166666666666,0.0,49,49,0.0,0.8166666666666667,2,13,2,1,0,84.17582511901855,210,0,0
INSTANCE_002,0.75,delay30,202,SA,293.3563,318.32166666666666,0.0,49,49,0.0,1.0,0,13,2,2,0,79.1788101196289,200,1,0
INSTANCE_002,0.75,p85,202,FR,293.35620000000006,327.2409655,0.0,49,49,0.0,0.8166666666666667,2,13,2,1,0,30.23362159729004,200,0,0
INSTANCE_002,0.75,p85,202,NR,293.3563,327.2409655,0.0,49,49,0.0,1.0,0,13,2,2,0,0.0,0,1,0
INSTANCE_002,0.75,p85,202,RG,293.35620000000006,327.2409655,0.0,49,49,0.0,0.8166666666666667,2,13,2,1,0,84.45930480957031,210,0,0
INSTANCE_002,0.75,p85,202,SA,293.3563,327.2409655,0.0,49,49,0.0,1.0,0,13,2,2,0,80.82151412963867,200,1,0
INSTANCE_002,0.75,p95,202,FR,293.35620000000006,335.1132908333334,0.0,49,49,0.0,0.8166666666666667,2,13,2,1,0,32.06992149353027,200,0,0
INSTANCE_002,0.75,p95,202,NR,293.3563,335.1132908333334,0.0,49,49,0.0,1.0,0,13,2,2,0,0.0,0,1,0
INSTANCE_002,0.75,p95,202,RG,293.35620000000006,335.1132908333334,0.0,49,49,0.0,0.8166666666666667,2,13,2,1,0,90.73686599731444,210,0,0
INSTANCE_002,0.75,p95,202,SA,293.3563,335.1132908333334,0.0,49,49,0.0,1.0,0,13,2,2,0,88.51909637451172,200,1,0
INSTANCE_003,0.25,delay20,202,FR,408.291,474.3533333333333,2.035000000000082,71,72,0.0,1.0,0,56,3,3,0,48.55656623840332,300,1,0
INSTANCE_003,0.25,delay20,202,NR,408.291,474.3533333333333,2.035000000000082,71,72,0.0,1.0,0,56,3,3,0,0.0,0,1,0
INSTANCE_003,0.25,delay20,202,RG,408.291,474.3533333333333,2.035000000000082,71,72,0.0,1.0,0,56,3,3,0,137.54916191101074,300,1,0
INSTANCE_003,0.25,delay20,202,SA,408.291,474.3533333333333,2.035000000000082,71,72,0.0,1.0,0,56,3,3,0,126.7404556274414,300,1,0
INSTANCE_003,0.25,delay30,202,FR,430.6608999999999,494.52,6.651666666666756,71,72,0.0,0.8535714285714286,17,56,3,2,0,94.39873695373537,560,0,0
INSTANCE_003,0.25,delay30,202,NR,408.291,474.3533333333333,15.801666666666732,70,72,0.0,1.0,0,56,3,3,0,0.0,0,1,0
INSTANCE_003,0.25,delay30,202,RG,412.9034,468.1083333333333,6.651666666666756,71,72,0.0,0.9527777777777778,9,56,3,2,0,140.4569149017334,340,0,0
INSTANCE_003,0.25,delay30,202,SA,412.9034,468.1083333333333,6.651666666666756,71,72,0.0,0.9527777777777778,9,56,3,2,0,152.9855728149414,340,0,0
INSTANCE_003,0.25,p85,202,FR,408.291,533.0052518333333,0.0,72,72,0.0,1.0,0,56,3,3,0,47.338008880615234,300,1,0
INSTANCE_003,0.25,p85,202,NR,408.291,533.0052518333333,0.0,72,72,0.0,1.0,0,56,3,3,0,0.0,0,1,0
INSTANCE_003,0.25,p85,202,RG,408.291,533.0052518333333,0.0,72,72,0.0,1.0,0,56,3,3,0,124.01247024536131,300,1,0
INSTANCE_003,0.25,p85,202,SA,408.291,533.0052518333333,0.0,72,72,0.0,1.0,0,56,3,3,0,123.29888343811037,300,1,0
INSTANCE_003,0.25,p95,202,FR,422.7742,586.1306108333334,0.0,72,72,0.0,0.8575396825396826,16,56,3,2,0,73.0445384979248,490,0,0
INSTANCE_003,0.25,p95,202,NR,408.291,584.7724358333335,14.88066916666719,70,72,0.0,1.0,0,56,3,3,0,0.0,0,1,0
INSTANCE_003,0.25,p95,202,RG,444.7330999999999,610.3729566666668,0.0,72,72,0.0,0.8047619047619049,21,56,3,2,0,159.93213653564453,390,0,0
INSTANCE_003,0.25,p95,202,SA,448.1947,619.7874808333333,0.0,72,72,0.0,0.9388888888888888,17,56,3,2,0,141.1120891571045,340,0,0
INSTANCE_003,0.5,delay20,202,FR,408.291,474.3533333333333,0.0,72,72,0.0,1.0,0,37,3,3,0,46.97012901306152,300,1,0
INSTANCE_003,0.5,delay20,202,NR,408.291,474.3533333333333,0.0,72,72,0.0,1.0,0,37,3,3,0,0.0,0,1,0
INSTANCE_003,0.5,delay20,202,RG,408.291,474.3533333333333,0.0,72,72,0.0,1.0,0,37,3,3,0,128.06153297424316,300,1,0
INSTANCE_003,0.5,delay20,202,SA,408.291,474.3533333333333,0.0,72,72,0.0,1.0,0,37,3,3,0,126.0085105895996,300,1,0
INSTANCE_003,0.5,delay30,202,FR,412.938,477.0916666666666,1.6916666666667195,71,72,0.0,0.9450549450549448,2,37,3,2,0,45.67313194274902,310,0,0
INSTANCE_003,0.5,delay30,202,NR,408.291,474.3533333333333,3.766666666666652,71,72,0.0,1.0,0,37,3,3,0,0.0,0,1,0
INSTANCE_003,0.5,delay30,202,RG,412.938,477.0916666666666,1.6916666666667195,71,72,0.0,0.9450549450549448,2,37,3,2,0,123.55422973632812,310,0,0
INSTANCE_003,0.5,delay30,202,SA,408.8451,476.0183333333333,0.6183333333334531,71,72,0.0,0.9523809523809524,6,37,3,2,0,132.0815086364746,340,0,0
INSTANCE_003,0.5,p85,202,FR,408.291,509.04420133333326,0.0,72,72,0.0,1.0,0,37,3,3,0,47.83010482788086,300,1,0
INSTANCE_003,0.5,p85,202,NR,408.291,509.04420133333326,0.0,72,72,0.0,1.0,0,37,3,3,0,0.0,0,1,0
INSTANCE_003,0.5,p85,202,RG,408.291,509.04420133333326,0.0,72,72,0.0,1.0,0,37,3,3,0,124.59993362426758,300,1,0
INSTANCE_003,0.5,p85,202,SA,408.291,509.04420133333326,0.0,72,72,0.0,1.0,0,37,3,3,0,123.35538864135742,300,1,0
INSTANCE_003,0.5,p95,202,FR,408.291,539.6629533333335,2.340425833333484,71,72,0.0,1.0,0,37,3,3,0,47.8966236114502,300,1,0
INSTANCE_003,0.5,p95,202,NR,408.291,539.6629533333335,2.340425833333484,71,72,0.0,1.0,0,37,3,3,0,0.0,0,1,0
INSTANCE_003,0.5,p95,202,RG,408.291,539.6629533333335,2.340425833333484,71,72,0.0,1.0,0,37,3,3,0,135.512113571167,300,1,0
INSTANCE_003,0.5,p95,202,SA,408.291,539.6629533333335,2.340425833333484,71,72,0.0,1.0,0,37,3,3,0,128.2193660736084,300,1,0
INSTANCE_003,0.75,delay20,202,FR,408.291,474.3533333333333,0.0,72,72,0.0,1.0,0,19,3,3,0,47.606706619262695,300,1,0
INSTANCE_003,0.75,delay20,202,NR,408.291,474.3533333333333,0.0,72,72,0.0,1.0,0,19,3,3,0,0.0,0,1,0
INSTANCE_003,0.75,delay20,202,RG,408.291,474.3533333333333,0.0,72,72,0.0,1.0,0,19,3,3,0,126.85537338256836,300,1,0
INSTANCE_003,0.75,delay20,202,SA,408.291,474.3533333333333,0.0,72,72,0.0,1.0,0,19,3,3,0,127.70843505859376,300,1,0
INSTANCE_003,0.75,delay30,202,FR,408.291,474.3533333333333,0.0,72,72,0.0,1.0,0,19,3,3,0,45.55106163024902,300,1,0
INSTANCE_003,0.75,delay30,202,NR,408.291,474.3533333333333,0.0,72,72,0.0,1.0,0,19,3,3,0,0.0,0,1,0
INSTANCE_003,0.75,delay30,202,RG,408.291,474.3533333333333,0.0,72,72,0.0,1.0,0,19,3,3,0,125.28061866760254,300,1,0
INSTANCE_003,0.75,delay30,202,SA,408.291,474.3533333333333,0.0,72,72,0.0,1.0,0,19,3,3,0,124.18556213378906,300,1,0
INSTANCE_003,0.75,p85,202,FR,408.291,495.24627183333325,0.0,72,72,0.0,1.0,0,19,3,3,0,45.30167579650879,300,1,0
INSTANCE_003,0.75,p85,202,NR,408.291,495.24627183333325,0.0,72,72,0.0,1.0,0,19,3,3,0,0.0,0,1,0
INSTANCE_003,0.75,p85,202,RG,408.291,495.24627183333325,0.0,72,72,0.0,1.0,0,19,3,3,0,121.83570861816406,300,1,0
INSTANCE_003,0.75,p85,202,SA,408.291,495.24627183333325,0.0,72,72,0.0,1.0,0,19,3,3,0,121.58894538879396,300,1,0
INSTANCE_003,0.75,p95,202,FR,408.291,513.6867358333334,0.0,72,72,0.0,1.0,0,19,3,3,0,44.486284255981445,300,1,0
INSTANCE_003,0.75,p95,202,NR,408.291,513.6867358333334,0.0,72,72,0.0,1.0,0,19,3,3,0,0.0,0,1,0
INSTANCE_003,0.75,p95,202,RG,408.291,513.6867358333334,0.0,72,72,0.0,1.0,0,19,3,3,0,131.8051815032959,300,1,0
INSTANCE_003,0.75,p95,202,SA,408.291,513.6867358333334,0.0,72,72,0.0,1.0,0,19,3,3,0,123.29578399658205,300,1,0
INSTANCE_004,0.25,delay20,202,FR,435.1136,455.545,0.0,67,67,0.0,0.862962962962963,4,52,3,2,0,49.51906204223633,300,0,0
INSTANCE_004,0.25,delay20,202,NR,448.1016000000001,466.4983333333333,14.508333333333326,66,67,0.0,1.0,0,52,3,3,0,0.0,0,1,0
INSTANCE_004,0.25,delay20,202,RG,435.1982,456.13666666666666,0.0,67,67,0.0,0.8333333333333334,8,52,3,2,0,221.28772735595703,530,0,0
INSTANCE_004,0.25,delay20,202,SA,460.12880000000007,472.955,0.0,67,67,0.0,0.9185185185185184,8,52,3,2,0,147.90987968444824,350,0,0
INSTANCE_004,0.25,delay30,202,FR,435.1136,455.545,0.0,67,67,0.0,0.862962962962963,4,52,3,2,0,47.95551300048828,300,0,0
INSTANCE_004,0.25,delay30,202,NR,448.1016000000001,466.4983333333333,32.16666666666663,65,67,0.0,1.0,0,52,3,3,0,0.0,0,1,0
INSTANCE_004,0.25,delay30,202,RG,435.1982,456.13666666666666,0.0,67,67,0.0,0.8333333333333334,8,52,3,2,0,207.73744583129883,530,0,0
INSTANCE_004,0.25,delay30,202,SA,460.12880000000007,472.955,0.0,67,67,0.0,0.9185185185185184,8,52,3,2,0,145.25532722473145,350,0,0
INSTANCE_004,0.25,p85,202,FR,435.1136,508.0009328333332,0.0,67,67,0.0,0.862962962962963,4,52,3,2,0,45.96996307373047,300,0,0
INSTANCE_004,0.25,p85,202,NR,448.1016000000001,520.6618908333332,13.21997099999976,66,67,0.0,1.0,0,52,3,3,0,0.0,0,1,0
INSTANCE_004,0.25,p85,202,RG,435.1982,508.6848403333332,0.0,67,67,0.0,0.8333333333333334,8,52,3,2,0,202.1994590759277,530,0,0
INSTANCE_004,0.25,p85,202,SA,460.12880000000007,528.1251518333332,0.0,67,67,0.0,0.9185185185185184,8,52,3,2,0,136.27862930297852,350,0,0
INSTANCE_004,0.25,p95,202,FR,435.1136,554.2994341666666,0.0,67,67,0.0,0.862962962962963,4,52,3,2,0,45.81999778747559,300,0,0
INSTANCE_004,0.25,p95,202,NR,448.1016000000001,568.4675708333333,40.34573833333332,65,67,0.0,1.0,0,52,3,3,0,0.0,0,1,0
INSTANCE_004,0.25,p95,202,RG,435.1982,555.064755,0.0,67,67,0.0,0.8333333333333334,8,52,3,2,0,207.68356323242188,530,0,0
INSTANCE_004,0.25,p95,202,SA,460.12880000000007,576.8192691666667,0.0,67,67,0.0,0.9185185185185184,8,52,3,2,0,140.53726196289062,350,0,0
INSTANCE_004,0.5,delay20,202,FR,514.8959000000001,535.6916666666666,0.0,67,67,0.0,0.7976190476190476,5,35,3,2,0,61.85555458068848,440,0,0
INSTANCE_004,0.5,delay20,202,NR,448.1016000000001,466.4983333333333,14.508333333333326,66,67,0.0,1.0,0,35,3,3,0,0.0,0,1,0
INSTANCE_004,0.5,delay20,202,RG,514.8528000000001,535.49,0.0,67,67,0.0,0.8809523809523809,6,35,3,2,0,172.55854606628418,450,0,0
INSTANCE_004,0.5,delay20,202,SA,448.1016000000001,466.4983333333333,14.508333333333326,66,67,0.0,1.0,0,35,3,3,0,116.3771152496338,300,1,0
INSTANCE_004,0.5,delay30,202,FR,515.3253000000001,533.3316666666667,0.0,67,67,0.0,0.7817460317460317,6,35,3,2,0,75.23941993713379,530,0,0
INSTANCE_004,0.5,delay30,202,NR,448.1016000000001,466.4983333333333,32.16666666666663,65,67,0.0,1.0,0,35,3,3,0,0.0,0,1,0
INSTANCE_004,0.5,delay30,202,RG,514.8955000000001,535.6600000000001,0.0,67,67,0.0,0.8253968253968255,6,35,3,2,0,151.72839164733887,400,0,0
INSTANCE_004,0.5,delay30,202,SA,514.8528000000001,535.49,0.0,67,67,0.0,0.8809523809523809,6,35,3,2,0,147.84789085388184,390,0,0
INSTANCE_004,0.5,p85,202,FR,448.1016000000001,502.9833504999999,4.961428333333174,66,67,0.0,1.0,0,35,3,3,0,45.83382606506348,300,1,0
INSTANCE_004,0.5,p85,202,NR,448.1016000000001,502.9833504999999,4.961428333333174,66,67,0.0,1.0,0,35,3,3,0,0.0,0,1,0
INSTANCE_004,0.5,p85,202,RG,448.1016000000001,502.9833504999999,4.961428333333174,66,67,0.0,1.0,0,35,3,3,0,122.07794189453124,300,1,0
INSTANCE_004,0.5,p85,202,SA,448.1016000000001,502.9833504999999,4.961428333333174,66,67,0.0,1.0,0,35,3,3,0,119.0798282623291,300,1,0
INSTANCE_004,0.5,p95,202,FR,515.2959000000001,621.4836574999999,0.0,67,67,0.0,0.8650793650793651,7,35,3,2,0,56.06722831726074,370,0,0
INSTANCE_004,0.5,p95,202,NR,448.1016000000001,535.1856491666666,14.187508333333312,66,67,0.0,1.0,0,35,3,3,0,0.0,0,1,0
INSTANCE_004,0.5,p95,202,RG,514.8528000000001,624.42637,0.0,67,67,0.0,0.8809523809523809,6,35,3,2,0,174.3173599243164,450,0,0
INSTANCE_004,0.5,p95,202,SA,448.1016000000001,535.1856491666666,14.187508333333312,66,67,0.0,1.0,0,35,3,3,0,121.42443656921388,300,1,0
INSTANCE_004,0.75,delay20,202,FR,447.70540000000005,466.045,14.508333333333326,66,67,0.0,0.8373015873015873,3,18,3,2,0,46.26893997192383,330,0,0
INSTANCE_004,0.75,delay20,202,NR,448.1016000000001,466.4983333333333,14.508333333333326,66,67,0.0,1.0,0,18,3,3,0,0.0,0,1,0
INSTANCE_004,0.75,delay20,202,RG,524.508,543.0616666666667,0.0,67,67,0.0,0.6706349206349206,7,18,3,1,0,124.23467636108398,330,0,0
INSTANCE_004,0.75,delay20,202,SA,448.1016000000001,466.4983333333333,14.508333333333326,66,67,0.0,1.0,0,18,3,3,0,109.16423797607422,300,1,0
INSTANCE_004,0.75,delay30,202,FR,447.70540000000005,466.045,32.16666666666663,65,67,0.0,0.8373015873015873,3,18,3,2,0,47.77193069458008,330,0,0
INSTANCE_004,0.75,delay30,202,NR,448.1016000000001,466.4983333333333,32.16666666666663,65,67,0.0,1.0,0,18,3,3,0,0.0,0,1,0
INSTANCE_004,0.75,delay30,202,RG,524.508,543.0616666666667,7.37833333333333,66,67,0.0,0.6706349206349206,7,18,3,1,0,129.98104095458984,330,0,0
INSTANCE_004,0.75,delay30,202,SA,524.9042000000001,543.515,7.37833333333333,66,67,0.0,0.8333333333333334,4,18,3,2,0,120.43476104736328,300,0,0
INSTANCE_004,0.75,p85,202,FR,447.70540000000005,493.7510283333333,2.604999833333295,66,67,0.0,0.8373015873015873,3,18,3,2,0,45.46332359313965,330,0,0
INSTANCE_004,0.75,p85,202,NR,448.1016000000001,494.2750363333332,2.604999833333295,66,67,0.0,1.0,0,18,3,3,0,0.0,0,1,0
INSTANCE_004,0.75,p85,202,RG,447.70540000000005,493.7510283333333,2.604999833333295,66,67,0.0,0.8373015873015873,3,18,3,2,0,124.0060329437256,330,0,0
INSTANCE_004,0.75,p85,202,SA,448.1016000000001,494.2750363333332,2.604999833333295,66,67,0.0,1.0,0,18,3,3,0,113.18492889404295,300,1,0
INSTANCE_004,0.75,p95,202,FR,447.70540000000005,518.2048416666667,9.751255833333287,66,67,0.0,0.8373015873015873,3,18,3,2,0,43.37215423583984,330,0,0
INSTANCE_004,0.75,p95,202,NR,448.1016000000001,518.7912283333333,9.751255833333287,66,67,0.0,1.0,0,18,3,3,0,0.0,0,1,0
INSTANCE_004,0.75,p95,202,RG,447.70540000000005,518.2048416666667,9.751255833333287,66,67,0.0,0.8373015873015873,3,18,3,2,0,122.6956844329834,330,0,0
INSTANCE_004,0.75,p95,202,SA,448.1016000000001,518.7912283333333,9.751255833333287,66,67,0.0,1.0,0,18,3,3,0,112.3371124267578,300,1,0
INSTANCE_005,0.25,delay20,202,FR,319.09919999999994,391.7483333333333,3.189999999999827,72,73,0.0,0.911904761904762,8,56,3,2,0,57.12389945983887,360,0,0
INSTANCE_005,0.25,delay20,202,NR,320.8457,392.9933333333333,13.576666666666595,72,73,0.0,1.0,0,56,3,3,0,0.0,0,1,0
INSTANCE_005,0.25,delay20,202,RG,331.5075999999999,400.4966666666666,5.576666666666597,72,73,0.0,0.9218253968253968,6,56,3,2,0,155.06482124328613,370,0,0
INSTANCE_005,0.25,delay20,202,SA,331.5075999999999,400.4966666666666,5.576666666666597,72,73,0.0,0.9218253968253968,6,56,3,2,0,153.2919406890869,370,0,0
INSTANCE_005,0.25,delay30,202,FR,351.5203,423.4283333333333,2.2949999999998454,72,73,0.0,0.8928162931839404,22,56,3,1,0,76.08532905578613,480,0,0
INSTANCE_005,0.25,delay30,202,NR,320.8457,392.9933333333333,34.01999999999987,70,73,0.0,1.0,0,56,3,3,0,0.0,0,1,0
INSTANCE_005,0.25,delay30,202,RG,338.162,405.6549999999999,23.18999999999972,71,73,0.0,0.8170459850606909,14,56,3,1,0,215.79384803771973,510,0,0
INSTANCE_005,0.25,delay30,202,SA,337.19879999999995,407.4783333333333,26.58666666666648,71,73,0.0,0.9589460784313726,9,56,3,2,0,140.5353546142578,320,0,0
INSTANCE_005,0.25,p85,202,FR,319.09919999999994,436.9559555,0.0,73,73,0.0,0.911904761904762,8,56,3,2,0,56.42557144165039,360,0,0
INSTANCE_005,0.25,p85,202,NR,320.8457,438.395051,5.854311333333499,72,73,0.0,1.0,0,56,3,3,0,0.0,0,1,0
INSTANCE_005,0.25,p85,202,RG,331.5075999999999,447.0681539999999,0.3264043333335849,72,73,0.0,0.9218253968253968,6,56,3,2,0,149.1105556488037,370,0,0
INSTANCE_005,0.25,p85,202,SA,331.5075999999999,447.0681539999999,0.3264043333335849,72,73,0.0,0.9218253968253968,6,56,3,2,0,149.83105659484863,370,0,0
INSTANCE_005,0.25,p95,202,FR,359.9759,527.6440958333334,27.656245833333287,72,73,0.0,0.894047619047619,7,56,3,2,0,67.24238395690918,450,0,0
INSTANCE_005,0.25,p95,202,NR,320.8457,478.46738166666665,37.46994333333328,70,73,0.0,1.0,0,56,3,3,0,0.0,0,1,0
INSTANCE_005,0.25,p95,202,RG,319.09919999999994,476.8569741666668,23.161974999999984,70,73,0.0,0.911904761904762,8,56,3,2,0,220.7651138305664,550,0,0
INSTANCE_005,0.25,p95,202,SA,328.4056999999999,485.1634,22.967421666666496,71,73,0.0,0.8845238095238095,11,56,3,2,0,206.6037654876709,520,0,0
INSTANCE_005,0.5,delay20,202,FR,322.2321999999999,394.125,5.576666666666597,72,73,0.0,0.9194971694971696,4,37,3,1,0,52.89602279663086,330,0,0
INSTANCE_005,0.5,delay20,202,NR,320.8457,392.9933333333333,13.576666666666595,72,73,0.0,1.0,0,37,3,3,0,0.0,0,1,0
INSTANCE_005,0.5,delay20,202,RG,322.2321999999999,394.125,5.576666666666597,72,73,0.0,0.9194971694971696,4,37,3,1,0,126.30987167358398,310,0,0
INSTANCE_005,0.5,delay20,202,SA,322.23229999999995,394.125,5.576666666666597,72,73,0.0,0.9725274725274726,2,37,3,2,0,120.44978141784668,300,0,0
INSTANCE_005,0.5,delay30,202,FR,343.32289999999995,412.1966666666666,23.179999999999723,71,73,0.0,0.8114052614052613,12,37,3,1,0,78.03225517272949,510,0,0
INSTANCE_005,0.5,delay30,202,NR,320.8457,392.9933333333333,34.01999999999987,70,73,0.0,1.0,0,37,3,3,0,0.0,0,1,0
INSTANCE_005,0.5,delay30,202,RG,327.444,397.8916666666666,19.71833333333313,71,73,0.0,0.9104062604062604,6,37,3,1,0,190.00005722045896,470,0,0
INSTANCE_005,0.5,delay30,202,SA,329.1253,398.905,19.71833333333313,71,73,0.0,0.8937395937395939,8,37,3,1,0,184.154748916626,460,0,0
INSTANCE_005,0.5,p85,202,FR,320.84559999999993,419.4823023333333,0.0,73,73,0.0,0.9469696969696968,2,37,3,2,0,52.249908447265625,310,0,0
INSTANCE_005,0.5,p85,202,NR,320.8457,419.4823023333333,0.0,73,73,0.0,1.0,0,37,3,3,0,0.0,0,1,0
INSTANCE_005,0.5,p85,202,RG,320.84559999999993,419.4823023333333,0.0,73,73,0.0,0.9469696969696968,2,37,3,2,0,136.0306739807129,310,0,0
INSTANCE_005,0.5,p85,202,SA,320.8457,419.4823023333333,0.0,73,73,0.0,1.0,0,37,3,3,0,131.14500045776367,300,1,0
INSTANCE_005,0.5,p95,202,FR,320.84559999999993,442.8619183333333,0.0,73,73,0.0,0.9469696969696968,2,37,3,2,0,52.55579948425293,310,0,0
INSTANCE_005,0.5,p95,202,NR,320.8457,442.8619183333333,0.0,73,73,0.0,1.0,0,37,3,3,0,0.0,0,1,0
INSTANCE_005,0.5,p95,202,RG,320.84559999999993,442.8619183333333,0.0,73,73,0.0,0.9469696969696968,2,37,3,2,0,140.48433303833008,310,0,0
INSTANCE_005,0.5,p95,202,SA,320.8457,442.8619183333333,0.0,73,73,0.0,1.0,0,37,3,3,0,136.40165328979492,300,1,0
INSTANCE_005,0.75,delay20,202,FR,320.84559999999993,392.9933333333333,0.0,73,73,0.0,0.888888888888889,2,19,3,2,0,46.475887298583984,320,0,0
INSTANCE_005,0.75,delay20,202,NR,320.8457,392.9933333333333,0.0,73,73,0.0,1.0,0,19,3,3,0,0.0,0,1,0
INSTANCE_005,0.75,delay20,202,RG,320.84559999999993,392.9933333333333,0.0,73,73,0.0,0.888888888888889,2,19,3,2,0,123.94142150878906,320,0,0
INSTANCE_005,0.75,delay20,202,SA,320.8457,392.9933333333333,0.0,73,73,0.0,1.0,0,19,3,3,0,114.55035209655762,300,1,0
INSTANCE_005,0.75,delay30,202,FR,320.84559999999993,392.9933333333333,3.009999999999877,72,73,0.0,0.888888888888889,2,19,3,2,0,46.06533050537109,320,0,0
INSTANCE_005,0.75,delay30,202,NR,320.8457,392.9933333333333,3.009999999999877,72,73,0.0,1.0,0,19,3,3,0,0.0,0,1,0
INSTANCE_005,0.75,delay30,202,RG,320.84559999999993,392.9933333333333,3.009999999999877,72,73,0.0,0.888888888888889,2,19,3,2,0,126.41358375549316,320,0,0
INSTANCE_005,0.75,delay30,202,SA,320.8457,392.9933333333333,3.009999999999877,72,73,0.0,1.0,0,19,3,3,0,124.74584579467772,300,1,0
INSTANCE_005,0.75,p85,202,FR,320.84559999999993,405.448704,0.0,73,73,0.0,0.888888888888889,2,19,3,2,0,45.91536521911621,320,0,0
INSTANCE_005,0.75,p85,202,NR,320.8457,405.448704,0.0,73,73,0.0,1.0,0,19,3,3,0,0.0,0,1,0
INSTANCE_005,0.75,p85,202,RG,320.84559999999993,405.448704,0.0,73,73,0.0,0.888888888888889,2,19,3,2,0,137.18032836914062,320,0,0
INSTANCE_005,0.75,p85,202,SA,320.8457,405.448704,0.0,73,73,0.0,1.0,0,19,3,3,0,118.7002658843994,300,1,0
INSTANCE_005,0.75,p95,202,FR,320.84559999999993,416.4420266666667,0.0,73,73,0.0,0.888888888888889,2,19,3,2,0,46.66733741760254,320,0,0
INSTANCE_005,0.75,p95,202,NR,320.8457,416.44202666666666,0.0,73,73,0.0,1.0,0,19,3,3,0,0.0,0,1,0
INSTANCE_005,0.75,p95,202,RG,320.84559999999993,416.4420266666667,0.0,73,73,0.0,0.888888888888889,2,19,3,2,0,122.67422676086426,320,0,0
INSTANCE_005,0.75,p95,202,SA,320.8457,416.44202666666666,0.0,73,73,0.0,1.0,0,19,3,3,0,117.2938346862793,300,1,0
INSTANCE_006,0.25,delay20,202,FR,340.0947,370.6116666666667,0.0,67,67,0.0,0.7998015873015873,14,52,3,1,0,84.34128761291504,560,0,0
INSTANCE_006,0.25,delay20,202,NR,306.0307,340.9866666666667,25.423333333333066,65,67,0.0,1.0,0,52,3,3,0,0.0,0,1,0
INSTANCE_006,0.25,delay20,202,RG,381.0477,415.355,0.0,67,67,0.0,0.6771825396825397,33,52,3,1,0,164.5681858062744,410,0,0
INSTANCE_006,0.25,delay20,202,SA,385.9114,418.70833333333337,0.0,67,67,0.0,0.793452380952381,33,52,3,1,0,122.11942672729492,300,0,0
INSTANCE_006,0.25,delay30,202,FR,340.0947,370.6116666666667,0.4383333333332757,66,67,0.0,0.7998015873015873,14,52,3,1,0,80.9326171875,560,0,0
INSTANCE_006,0.25,delay30,202,NR,306.0307,340.9866666666667,54.04499999999962,64,67,0.0,1.0,0,52,3,3,0,0.0,0,1,0
INSTANCE_006,0.25,delay30,202,RG,381.0477,415.355,0.0,67,67,0.0,0.6771825396825397,33,52,3,1,0,164.1392707824707,410,0,0
INSTANCE_006,0.25,delay30,202,SA,385.9114,418.70833333333337,0.0,67,67,0.0,0.793452380952381,33,52,3,1,0,116.0259246826172,300,0,0
INSTANCE_006,0.25,p85,202,FR,321.0377,398.719449,0.8171153333332768,66,67,0.0,0.8624999999999999,11,52,3,2,0,45.77898979187012,300,0,0
INSTANCE_006,0.25,p85,202,NR,306.0307,382.5233635,3.196712833332981,65,67,0.0,1.0,0,52,3,3,0,0.0,0,1,0
INSTANCE_006,0.25,p85,202,RG,325.0917,405.462199,0.8171153333332768,66,67,0.0,0.9069444444444444,10,52,3,2,0,172.43170738220215,440,0,0
INSTANCE_006,0.25,p85,202,SA,306.0307,382.5233635,3.196712833332981,65,67,0.0,1.0,0,52,3,3,0,127.80427932739258,300,1,0
INSTANCE_006,0.25,p95,202,FR,334.8977,450.6724625,0.2256483333331971,66,67,0.0,0.827579365079365,13,52,3,1,0,47.388315200805664,310,0,0
INSTANCE_006,0.25,p95,202,NR,306.0307,419.1843608333333,18.88380083333334,65,67,0.0,1.0,0,52,3,3,0,0.0,0,1,0
INSTANCE_006,0.25,p95,202,RG,347.8094,477.3552116666667,0.2256483333331971,66,67,0.0,0.8692460317460317,16,52,3,1,0,125.46777725219728,310,0,0
INSTANCE_006,0.25,p95,202,SA,347.8094,477.3552116666667,0.2256483333331971,66,67,0.0,0.8692460317460317,16,52,3,1,0,125.26130676269533,310,0,0
INSTANCE_006,0.5,delay20,202,FR,345.4558,380.3166666666667,0.0,67,67,0.0,0.7413586413586414,18,35,3,1,0,56.673526763916016,410,0,0
INSTANCE_006,0.5,delay20,202,NR,306.0307,340.9866666666667,25.423333333333066,65,67,0.0,1.0,0,35,3,3,0,0.0,0,1,0
INSTANCE_006,0.5,delay20,202,RG,355.2051,388.325,0.0,67,67,0.0,0.7921411921411922,20,35,3,1,0,174.3450164794922,470,0,0
INSTANCE_006,0.5,delay20,202,SA,356.0705,388.67333333333335,0.0,67,67,0.0,0.787012987012987,20,35,3,1,0,152.44650840759277,420,0,0
INSTANCE_006,0.5,delay30,202,FR,378.4303000000001,405.8033333333333,0.0,67,67,0.0,0.7413586413586414,19,35,3,1,0,77.00490951538086,560,0,0
INSTANCE_006,0.5,delay30,202,NR,306.0307,340.9866666666667,54.04499999999962,64,67,0.0,1.0,0,35,3,3,0,0.0,0,1,0
INSTANCE_006,0.5,delay30,202,RG,374.7213,411.6883333333334,0.0,67,67,0.0,0.7096570096570097,22,35,3,1,0,165.37785530090332,430,0,0
INSTANCE_006,0.5,delay30,202,SA,377.3064,406.81,0.0949999999999136,66,67,0.0,0.808991008991009,20,35,3,1,0,145.0512409210205,390,0,0
INSTANCE_006,0.5,p85,202,FR,321.0376,391.43086416666665,0.0,67,67,0.0,0.8681818181818182,8,35,3,2,0,43.58983039855957,300,0,0
INSTANCE_006,0.5,p85,202,NR,306.0307,375.2347786666666,2.343480666666437,66,67,0.0,1.0,0,35,3,3,0,0.0,0,1,0
INSTANCE_006,0.5,p85,202,RG,324.07460000000003,396.5630601666666,0.0,67,67,0.0,0.8348484848484848,9,35,3,2,0,148.5767364501953,360,0,0
INSTANCE_006,0.5,p85,202,SA,306.0307,375.2347786666666,2.343480666666437,66,67,0.0,1.0,0,35,3,3,0,118.90387535095216,300,1,0
INSTANCE_006,0.5,p95,202,FR,321.0376,423.5868375,1.525652500000092,66,67,0.0,0.8681818181818182,8,35,3,2,0,44.27433013916016,300,0,0
INSTANCE_006,0.5,p95,202,NR,306.0307,405.4627466666666,13.885495833333266,65,67,0.0,1.0,0,35,3,3,0,0.0,0,1,0
INSTANCE_006,0.5,p95,202,RG,318.4903,424.9859733333333,1.525652500000092,66,67,0.0,0.8727272727272727,6,35,3,2,0,164.81399536132812,410,0,0
INSTANCE_006,0.5,p95,202,SA,318.4829,424.4103658333333,1.525652500000092,66,67,0.0,0.906060606060606,6,35,3,2,0,151.40318870544434,380,0,0
INSTANCE_006,0.75,delay20,202,FR,363.3396,389.475,2.894999999999868,66,67,0.0,0.7182539682539683,9,18,3,1,0,56.08224868774414,380,0,0
INSTANCE_006,0.75,delay20,202,NR,306.0307,340.9866666666667,10.99499999999989,66,67,0.0,1.0,0,18,3,3,0,0.0,0,1,0
INSTANCE_006,0.75,delay20,202,RG,363.3396,389.475,2.894999999999868,66,67,0.0,0.7182539682539683,9,18,3,1,0,147.86791801452637,370,0,0
INSTANCE_006,0.75,delay20,202,SA,306.0307,340.9866666666667,10.99499999999989,66,67,0.0,1.0,0,18,3,3,0,121.44947052001952,300,1,0
INSTANCE_006,0.75,delay30,202,FR,306.0307,340.85166666666663,29.616666666666447,65,67,0.0,0.8293650793650794,4,18,3,2,0,51.52130126953125,350,0,0
INSTANCE_006,0.75,delay30,202,NR,306.0307,340.9866666666667,29.616666666666447,65,67,0.0,1.0,0,18,3,3,0,0.0,0,1,0
INSTANCE_006,0.75,delay30,202,RG,363.3396,389.475,13.4166666666664,65,67,0.0,0.7182539682539683,9,18,3,1,0,210.30712127685547,510,0,0
INSTANCE_006,0.75,delay30,202,SA,366.1043,392.8933333333333,13.4166666666664,65,67,0.0,0.9111111111111112,6,18,3,2,0,156.04710578918457,390,0,0
INSTANCE_006,0.75,p85,202,FR,306.0307,361.5207753333333,0.0,67,67,0.0,1.0,0,18,3,3,0,38.68985176086426,300,1,0
INSTANCE_006,0.75,p85,202,NR,306.0307,361.5207753333333,0.0,67,67,0.0,1.0,0,18,3,3,0,0.0,0,1,0
INSTANCE_006,0.75,p85,202,RG,306.0307,361.5207753333333,0.0,67,67,0.0,1.0,0,18,3,3,0,105.33285140991212,300,1,0
INSTANCE_006,0.75,p85,202,SA,306.0307,361.5207753333333,0.0,67,67,0.0,1.0,0,18,3,3,0,106.72926902770996,300,1,0
INSTANCE_006,0.75,p95,202,FR,306.0307,379.4699075,0.6873483333331478,66,67,0.0,0.8293650793650794,4,18,3,2,0,45.75085639953613,350,0,0
INSTANCE_006,0.75,p95,202,NR,306.0307,379.64453,0.6873483333331478,66,67,0.0,1.0,0,18,3,3,0,0.0,0,1,0
INSTANCE_006,0.75,p95,202,RG,306.0307,379.4699075,0.6873483333331478,66,67,0.0,0.8293650793650794,4,18,3,2,0,120.37229537963869,350,0,0
INSTANCE_006,0.75,p95,202,SA,306.0307,379.64453,0.6873483333331478,66,67,0.0,1.0,0,18,3,3,0,107.0244312286377,300,1,0
INSTANCE_007,0.25,delay20,202,FR,294.3435,374.5533333333333,0.0,62,62,0.0,0.6518405341934753,35,47,3,1,0,66.75863265991211,450,0,0
INSTANCE_007,0.25,delay20,202,NR,266.618,354.8066666666667,9.661666666666632,60,62,0.0,1.0,0,47,3,3,0,0.0,0,1,0
INSTANCE_007,0.25,delay20,202,RG,286.6885,377.89666666666665,3.056666666666729,61,62,0.0,0.7420281243810655,23,47,3,1,0,182.50727653503407,460,0,0
INSTANCE_007,0.25,delay20,202,SA,267.3557,358.1633333333333,5.516666666666652,61,62,0.0,0.9477124183006536,4,47,3,2,0,180.74846267700195,450,0,0
INSTANCE_007,0.25,delay30,202,FR,296.3601,370.46333333333337,9.71333333333314,61,62,0.0,0.636589989531166,36,47,3,1,0,81.1319351196289,450,0,0
INSTANCE_007,0.25,delay30,202,NR,266.618,354.8066666666667,33.71166666666659,59,62,0.0,1.0,0,47,3,3,0,0.0,0,1,0
INSTANCE_007,0.25,delay30,202,RG,297.9707,386.615,15.535000000000082,60,62,0.0,0.7866904337492574,23,47,3,1,0,257.02619552612305,610,0,0
INSTANCE_007,0.25,delay30,202,SA,314.0003,400.69833333333327,15.535000000000082,60,62,0.0,0.8150128738364032,23,47,3,1,0,148.04387092590332,350,0,0
INSTANCE_007,0.25,p85,202,FR,277.27470000000005,400.2522383333333,0.0,62,62,0.0,0.886002886002886,19,47,3,2,0,50.72808265686035,360,0,0
INSTANCE_007,0.25,p85,202,NR,266.618,401.1133838333333,2.9571996666664973,61,62,0.0,1.0,0,47,3,3,0,0.0,0,1,0
INSTANCE_007,0.25,p85,202,RG,270.8249,403.1130908333332,0.1136856666664698,61,62,0.0,0.914141414141414,8,47,3,2,0,115.44060707092284,310,0,0
INSTANCE_007,0.25,p85,202,SA,266.618,401.1133838333333,2.9571996666664973,61,62,0.0,1.0,0,47,3,3,0,113.61169815063477,300,1,0
INSTANCE_007,0.25,p95,202,FR,278.4799,439.89763583333325,10.843899999999737,61,62,0.0,0.8239538239538239,20,47,3,2,0,45.81165313720703,300,0,0
INSTANCE_007,0.25,p95,202,NR,266.618,441.9844825,24.21688999999901,60,62,0.0,1.0,0,47,3,3,0,0.0,0,1,0
INSTANCE_007,0.25,p95,202,RG,270.8249,444.2222375,19.00192916666572,60,62,0.0,0.914141414141414,8,47,3,2,0,122.72882461547852,310,0,0
INSTANCE_007,0.25,p95,202,SA,270.8249,444.2222375,19.00192916666572,60,62,0.0,0.914141414141414,8,47,3,2,0,122.20191955566406,310,0,0
INSTANCE_007,0.5,delay20,202,FR,270.5313,355.81,2.3299999999999272,61,62,0.0,0.8714285714285714,10,32,3,2,0,46.03767395019531,300,0,0
INSTANCE_007,0.5,delay20,202,NR,266.618,354.8066666666667,5.516666666666652,61,62,0.0,1.0,0,32,3,3,0,0.0,0,1,0
INSTANCE_007,0.5,delay20,202,RG,266.618,354.8066666666667,5.516666666666652,61,62,0.0,1.0,0,32,3,3,0,126.39641761779784,300,1,0
INSTANCE_007,0.5,delay20,202,SA,266.618,354.8066666666667,5.516666666666652,61,62,0.0,1.0,0,32,3,3,0,128.7131309509277,300,1,0
INSTANCE_007,0.5,delay30,202,FR,271.7627,357.19166666666666,13.854999999999563,60,62,0.0,0.8833333333333333,10,32,3,2,0,49.2558479309082,320,0,0
INSTANCE_007,0.5,delay30,202,NR,266.618,354.8066666666667,19.56666666666661,60,62,0.0,1.0,0,32,3,3,0,0.0,0,1,0
INSTANCE_007,0.5,delay30,202,RG,266.618,354.8066666666667,19.56666666666661,60,62,0.0,1.0,0,32,3,3,0,124.07660484313963,300,1,0
INSTANCE_007,0.5,delay30,202,SA,266.618,354.8066666666667,19.56666666666661,60,62,0.0,1.0,0,32,3,3,0,128.06057929992676,300,1,0
INSTANCE_007,0.5,p85,202,FR,266.618,384.1587391666667,0.0,62,62,0.0,1.0,0,32,3,3,0,49.36814308166504,300,1,0
INSTANCE_007,0.5,p85,202,NR,266.618,384.1587391666667,0.0,62,62,0.0,1.0,0,32,3,3,0,0.0,0,1,0
INSTANCE_007,0.5,p85,202,RG,266.618,384.1587391666667,0.0,62,62,0.0,1.0,0,32,3,3,0,130.5692195892334,300,1,0
INSTANCE_007,0.5,p85,202,SA,266.618,384.1587391666667,0.0,62,62,0.0,1.0,0,32,3,3,0,131.93154335021973,300,1,0
INSTANCE_007,0.5,p95,202,FR,270.5313,411.3631908333333,0.0,62,62,0.0,0.8714285714285714,10,32,3,2,0,57.99674987792969,300,0,0
INSTANCE_007,0.5,p95,202,NR,266.618,410.0653791666666,2.734354999999823,61,62,0.0,1.0,0,32,3,3,0,0.0,0,1,0
INSTANCE_007,0.5,p95,202,RG,266.618,410.0653791666666,2.734354999999823,61,62,0.0,1.0,0,32,3,3,0,126.36804580688477,300,1,0
INSTANCE_007,0.5,p95,202,SA,266.618,410.0653791666666,2.734354999999823,61,62,0.0,1.0,0,32,3,3,0,129.6286582946777,300,1,0
INSTANCE_007,0.75,delay20,202,FR,266.618,354.8066666666667,5.516666666666652,61,62,0.0,1.0,0,17,3,3,0,40.5724048614502,300,1,0
INSTANCE_007,0.75,delay20,202,NR,266.618,354.8066666666667,5.516666666666652,61,62,0.0,1.0,0,17,3,3,0,0.0,0,1,0
INSTANCE_007,0.75,delay20,202,RG,266.618,354.8066666666667,5.516666666666652,61,62,0.0,1.0,0,17,3,3,0,110.5215549468994,300,1,0
INSTANCE_007,0.75,delay20,202,SA,266.618,354.8066666666667,5.516666666666652,61,62,0.0,1.0,0,17,3,3,0,110.66126823425292,300,1,0
INSTANCE_007,0.75,delay30,202,FR,266.618,354.8066666666667,19.56666666666661,60,62,0.0,1.0,0,17,3,3,0,39.57033157348633,300,1,0
INSTANCE_007,0.75,delay30,202,NR,266.618,354.8066666666667,19.56666666666661,60,62,0.0,1.0,0,17,3,3,0,0.0,0,1,0
INSTANCE_007,0.75,delay30,202,RG,266.618,354.8066666666667,19.56666666666661,60,62,0.0,1.0,0,17,3,3,0,108.44063758850098,300,1,0
INSTANCE_007,0.75,delay30,202,SA,266.618,354.8066666666667,19.56666666666661,60,62,0.0,1.0,0,17,3,3,0,108.68120193481444,300,1,0
INSTANCE_007,0.75,p85,202,FR,266.618,367.5029028333333,0.0,62,62,0.0,1.0,0,17,3,3,0,44.50869560241699,300,1,0
INSTANCE_007,0.75,p85,202,NR,266.618,367.5029028333333,0.0,62,62,0.0,1.0,0,17,3,3,0,0.0,0,1,0
INSTANCE_007,0.75,p85,202,RG,266.618,367.5029028333333,0.0,62,62,0.0,1.0,0,17,3,3,0,118.22867393493652,300,1,0
INSTANCE_007,0.75,p85,202,SA,266.618,367.5029028333333,0.0,62,62,0.0,1.0,0,17,3,3,0,118.35622787475586,300,1,0
INSTANCE_007,0.75,p95,202,FR,266.618,378.7088175,0.0,62,62,0.0,1.0,0,17,3,3,0,42.4039363861084,300,1,0
INSTANCE_007,0.75,p95,202,NR,266.618,378.7088175,0.0,62,62,0.0,1.0,0,17,3,3,0,0.0,0,1,0
INSTANCE_007,0.75,p95,202,RG,266.618,378.7088175,0.0,62,62,0.0,1.0,0,17,3,3,0,115.39077758789062,300,1,0
INSTANCE_007,0.75,p95,202,SA,266.618,378.7088175,0.0,62,62,0.0,1.0,0,17,3,3,0,114.5803928375244,300,1,0
INSTANCE_009,0.25,delay20,202,FR,420.48980000000006,450.8466666666667,0.0,74,74,0.0,0.8313840155945419,19,57,3,2,0,46.0968017578125,310,0,0
INSTANCE_009,0.25,delay20,202,NR,397.7844,434.84,7.796666666666852,73,74,0.0,1.0,0,57,3,3,0,0.0,0,1,0
INSTANCE_009,0.25,delay20,202,RG,397.7844,434.84,7.796666666666852,73,74,0.0,1.0,0,57,3,3,0,113.10482025146484,300,1,0
INSTANCE_009,0.25,delay20,202,SA,397.7844,434.84,7.796666666666852,73,74,0.0,1.0,0,57,3,3,0,116.1191463470459,300,1,0
INSTANCE_009,0.25,delay30,202,FR,420.48980000000006,450.8466666666667,3.7049999999999272,73,74,0.0,0.8313840155945419,19,57,3,2,0,47.33705520629883,310,0,0
INSTANCE_009,0.25,delay30,202,NR,397.7844,434.84,22.918333333333635,71,74,0.0,1.0,0,57,3,3,0,0.0,0,1,0
INSTANCE_009,0.25,delay30,202,RG,410.1061,449.7116666666666,21.371666666666897,71,74,0.0,0.8412280701754385,17,57,3,2,0,151.24845504760742,380,0,0
INSTANCE_009,0.25,delay30,202,SA,397.7844,434.84,22.918333333333635,71,74,0.0,1.0,0,57,3,3,0,118.55483055114746,300,1,0
INSTANCE_009,0.25,p85,202,FR,397.7844,484.3143453333333,3.48670250000032,73,74,0.0,1.0,0,57,3,3,0,44.21067237854004,300,1,0
INSTANCE_009,0.25,p85,202,NR,397.7844,484.3143453333333,3.48670250000032,73,74,0.0,1.0,0,57,3,3,0,0.0,0,1,0
INSTANCE_009,0.25,p85,202,RG,397.7844,484.3143453333333,3.48670250000032,73,74,0.0,1.0,0,57,3,3,0,113.30795288085938,300,1,0
INSTANCE_009,0.25,p85,202,SA,397.7844,484.3143453333333,3.48670250000032,73,74,0.0,1.0,0,57,3,3,0,114.35389518737792,300,1,0
INSTANCE_009,0.25,p95,202,FR,433.4117,564.77701,4.624309166666649,73,74,0.0,0.6805068226120857,37,57,3,1,0,47.36995697021485,310,0,0
INSTANCE_009,0.25,p95,202,NR,397.7844,527.9812466666667,32.12363666666727,72,74,0.0,1.0,0,57,3,3,0,0.0,0,1,0
INSTANCE_009,0.25,p95,202,RG,409.8819,543.5032466666667,20.90294666666728,72,74,0.0,0.8421052631578947,15,57,3,2,0,193.115234375,480,0,0
INSTANCE_009,0.25,p95,202,SA,397.7844,527.9812466666667,32.12363666666727,72,74,0.0,1.0,0,57,3,3,0,121.9491958618164,300,1,0
INSTANCE_009,0.5,delay20,202,FR,397.1247,434.4866666666667,7.796666666666852,73,74,0.0,0.8989898989898991,7,38,3,2,0,41.52774810791016,300,0,0
INSTANCE_009,0.5,delay20,202,NR,397.7844,434.84,7.796666666666852,73,74,0.0,1.0,0,38,3,3,0,0.0,0,1,0
INSTANCE_009,0.5,delay20,202,RG,397.7844,434.84,7.796666666666852,73,74,0.0,1.0,0,38,3,3,0,111.11211776733398,300,1,0
INSTANCE_009,0.5,delay20,202,SA,397.7844,434.84,7.796666666666852,73,74,0.0,1.0,0,38,3,3,0,120.48029899597168,300,1,0
INSTANCE_009,0.5,delay30,202,FR,397.1247,434.4866666666667,22.918333333333635,71,74,0.0,0.8989898989898991,7,38,3,2,0,44.23856735229492,300,0,0
INSTANCE_009,0.5,delay30,202,NR,397.7844,434.84,22.918333333333635,71,74,0.0,1.0,0,38,3,3,0,0.0,0,1,0
INSTANCE_009,0.5,delay30,202,RG,397.7844,434.84,22.918333333333635,71,74,0.0,1.0,0,38,3,3,0,118.47281455993652,300,1,0
INSTANCE_009,0.5,delay30,202,SA,397.7844,434.84,22.918333333333635,71,74,0.0,1.0,0,38,3,3,0,126.15966796875,300,1,0
INSTANCE_009,0.5,p85,202,FR,397.1247,454.1165553333333,0.0,74,74,0.0,0.8989898989898991,7,38,3,2,0,41.8851375579834,300,0,0
INSTANCE_009,0.5,p85,202,NR,397.7844,454.5249733333333,0.0,74,74,0.0,1.0,0,38,3,3,0,0.0,0,1,0
INSTANCE_009,0.5,p85,202,RG,397.7844,454.5249733333333,0.0,74,74,0.0,1.0,0,38,3,3,0,110.1365089416504,300,1,0
INSTANCE_009,0.5,p85,202,SA,397.7844,454.5249733333333,0.0,74,74,0.0,1.0,0,38,3,3,0,111.91320419311523,300,1,0
INSTANCE_009,0.5,p95,202,FR,397.1247,471.44223,0.0,74,74,0.0,0.8989898989898991,7,38,3,2,0,44.50058937072754,300,0,0
INSTANCE_009,0.5,p95,202,NR,397.7844,471.8992666666667,0.0,74,74,0.0,1.0,0,38,3,3,0,0.0,0,1,0
INSTANCE_009,0.5,p95,202,RG,397.7844,471.8992666666667,0.0,74,74,0.0,1.0,0,38,3,3,0,120.77689170837402,300,1,0
INSTANCE_009,0.5,p95,202,SA,397.7844,471.8992666666667,0.0,74,74,0.0,1.0,0,38,3,3,0,119.02618408203124,300,1,0
INSTANCE_009,0.75,delay20,202,FR,397.7844,434.84,7.796666666666852,73,74,0.0,1.0,0,20,3,3,0,53.98082733154297,300,1,0
INSTANCE_009,0.75,delay20,202,NR,397.7844,434.84,7.796666666666852,73,74,0.0,1.0,0,20,3,3,0,0.0,0,1,0
INSTANCE_009,0.75,delay20,202,RG,397.7844,434.84,7.796666666666852,73,74,0.0,1.0,0,20,3,3,0,126.2810230255127,300,1,0
INSTANCE_009,0.75,delay20,202,SA,397.7844,434.84,7.796666666666852,73,74,0.0,1.0,0,20,3,3,0,124.4359016418457,300,1,0
INSTANCE_009,0.75,delay30,202,FR,397.7844,434.84,22.918333333333635,71,74,0.0,1.0,0,20,3,3,0,47.168731689453125,300,1,0
INSTANCE_009,0.75,delay30,202,NR,397.7844,434.84,22.918333333333635,71,74,0.0,1.0,0,20,3,3,0,0.0,0,1,0
INSTANCE_009,0.75,delay30,202,RG,397.7844,434.84,22.918333333333635,71,74,0.0,1.0,0,20,3,3,0,125.48112869262695,300,1,0
INSTANCE_009,0.75,delay30,202,SA,397.7844,434.84,22.918333333333635,71,74,0.0,1.0,0,20,3,3,0,120.07474899291992,300,1,0
INSTANCE_009,0.75,p85,202,FR,397.7844,450.738682,0.0,74,74,0.0,1.0,0,20,3,3,0,42.49763488769531,300,1,0
INSTANCE_009,0.75,p85,202,NR,397.7844,450.738682,0.0,74,74,0.0,1.0,0,20,3,3,0,0.0,0,1,0
INSTANCE_009,0.75,p85,202,RG,397.7844,450.738682,0.0,74,74,0.0,1.0,0,20,3,3,0,118.1020736694336,300,1,0
INSTANCE_009,0.75,p85,202,SA,397.7844,450.738682,0.0,74,74,0.0,1.0,0,20,3,3,0,113.60526084899902,300,1,0
INSTANCE_009,0.75,p95,202,FR,397.7844,464.77113,0.0,74,74,0.0,1.0,0,20,3,3,0,45.43495178222656,300,1,0
INSTANCE_009,0.75,p95,202,NR,397.7844,464.77113,0.0,74,74,0.0,1.0,0,20,3,3,0,0.0,0,1,0
INSTANCE_009,0.75,p95,202,RG,397.7844,464.77113,0.0,74,74,0.0,1.0,0,20,3,3,0,121.62399291992188,300,1,0
INSTANCE_009,0.75,p95,202,SA,397.7844,464.77113,0.0,74,74,0.0,1.0,0,20,3,3,0,137.16435432434082,300,1,0
INSTANCE_010,0.25,delay20,202,FR,376.943,446.4549999999999,12.70333333333258,85,88,0.0,0.8658008658008658,18,67,3,2,0,49.58057403564453,300,0,0
INSTANCE_010,0.25,delay20,202,NR,370.9014,439.8583333333332,20.09166666666601,84,88,0.0,1.0,0,67,3,3,0,0.0,0,1,0
INSTANCE_010,0.25,delay20,202,RG,388.1776,457.8,9.668333333332953,86,88,0.0,0.875713658322354,19,67,3,1,0,158.28824043273926,370,0,0
INSTANCE_010,0.25,delay20,202,SA,385.6617,455.71333333333325,9.668333333332953,86,88,0.0,0.8986605182257357,19,67,3,1,0,142.16351509094238,340,0,0
INSTANCE_010,0.25,delay30,202,FR,384.9655,459.9933333333333,45.35999999999899,83,88,0.0,0.7896103896103895,31,67,3,1,0,75.28066635131836,490,0,0
INSTANCE_010,0.25,delay30,202,NR,370.9014,439.8583333333332,62.811666666665815,82,88,0.0,1.0,0,67,3,3,0,0.0,0,1,0
INSTANCE_010,0.25,delay30,202,RG,411.6542,481.3949999999999,37.3533333333329,84,88,0.0,0.7885328439676266,38,67,3,0,0,143.64099502563477,350,0,0
INSTANCE_010,0.25,delay30,202,SA,388.1776,457.8,36.43166666666605,82,88,0.0,0.875713658322354,19,67,3,1,0,150.39849281311035,370,0,0
INSTANCE_010,0.25,p85,202,FR,386.6409,506.4636323333333,0.0,88,88,0.0,0.8452694648346822,29,67,3,1,0,47.27911949157715,310,0,0
INSTANCE_010,0.25,p85,202,NR,370.9014,488.6916698333332,4.833061666666822,86,88,0.0,1.0,0,67,3,3,0,0.0,0,1,0
INSTANCE_010,0.25,p85,202,RG,388.1776,509.4304423333333,0.0,88,88,0.0,0.875713658322354,19,67,3,1,0,147.83096313476562,370,0,0
INSTANCE_010,0.25,p85,202,SA,375.9638,496.8715888333333,1.4280820000000176,87,88,0.0,0.9191919191919192,8,67,3,2,0,133.91685485839844,330,0,0
INSTANCE_010,0.25,p95,202,FR,390.6436,556.3110983333333,5.486280833333467,87,88,0.0,0.8066221218395131,24,67,3,1,0,58.70270729064941,370,0,0
INSTANCE_010,0.25,p95,202,NR,370.9014,531.7928058333334,35.20367500000009,86,88,0.0,1.0,0,67,3,3,0,0.0,0,1,0
INSTANCE_010,0.25,p95,202,RG,388.4065000000001,555.5824266666666,4.136729166666669,87,88,0.0,0.860617039964866,13,67,3,1,0,170.58444023132324,410,0,0
INSTANCE_010,0.25,p95,202,SA,389.6644,556.9319783333333,5.486280833333467,87,88,0.0,0.8600131752305665,14,67,3,1,0,166.63455963134766,400,0,0
INSTANCE_010,0.5,delay20,202,FR,386.648,456.005,0.0,88,88,0.0,0.7611111111111111,26,45,3,1,0,51.69415473937988,340,0,0
INSTANCE_010,0.5,delay20,202,NR,370.9014,439.8583333333332,11.594999999999573,85,88,0.0,1.0,0,45,3,3,0,0.0,0,1,0
INSTANCE_010,0.5,delay20,202,RG,391.4984,465.5516666666666,2.2466666666666697,87,88,0.0,0.8704365079365078,21,45,3,1,0,146.8515396118164,370,0,0
INSTANCE_010,0.5,delay20,202,SA,381.4486,456.2283333333333,6.453333333332807,85,88,0.0,0.9634920634920636,9,45,3,2,0,118.9579963684082,310,0,0
INSTANCE_010,0.5,delay30,202,FR,388.1098,457.4500000000001,13.65499999999986,84,88,0.0,0.7041666666666667,27,45,3,1,0,69.01240348815918,470,0,0
INSTANCE_010,0.5,delay30,202,NR,370.9014,439.8583333333332,44.31499999999937,83,88,0.0,1.0,0,45,3,3,0,0.0,0,1,0
INSTANCE_010,0.5,delay30,202,RG,388.27740000000006,458.3433333333333,15.001666666666663,84,88,0.0,0.7589285714285715,17,45,3,1,0,273.99253845214844,660,0,0
INSTANCE_010,0.5,delay30,202,SA,387.5911,457.75666666666666,14.461666666666588,84,88,0.0,0.7964285714285714,14,45,3,1,0,190.2294158935547,460,0,0
INSTANCE_010,0.5,p85,202,FR,370.9014,474.3974586666666,0.0,88,88,0.0,1.0,0,45,3,3,0,46.81706428527832,300,1,0
INSTANCE_010,0.5,p85,202,NR,370.9014,474.3974586666666,0.0,88,88,0.0,1.0,0,45,3,3,0,0.0,0,1,0
INSTANCE_010,0.5,p85,202,RG,370.9014,474.3974586666666,0.0,88,88,0.0,1.0,0,45,3,3,0,123.86345863342284,300,1,0
INSTANCE_010,0.5,p85,202,SA,370.9014,474.3974586666666,0.0,88,88,0.0,1.0,0,45,3,3,0,123.80647659301758,300,1,0
INSTANCE_010,0.5,p95,202,FR,388.2052,528.2062408333334,0.0,88,88,0.0,0.7138888888888889,27,45,3,1,0,60.5931282043457,390,0,0
INSTANCE_010,0.5,p95,202,NR,370.9014,504.8822799999999,10.67588000000012,86,88,0.0,1.0,0,45,3,3,0,0.0,0,1,0
INSTANCE_010,0.5,p95,202,RG,411.3927000000001,561.7553191666666,0.0,88,88,0.0,0.9357142857142858,14,45,3,1,0,128.7226676940918,310,0,0
INSTANCE_010,0.5,p95,202,SA,411.3927000000001,561.7553191666666,0.0,88,88,0.0,0.9357142857142858,14,45,3,1,0,128.63922119140625,310,0,0
INSTANCE_010,0.75,delay20,202,FR,375.0084,445.1833333333333,3.034999999999627,87,88,0.0,0.8690476190476191,7,23,3,2,0,55.930137634277344,320,0,0
INSTANCE_010,0.75,delay20,202,NR,370.9014,439.8583333333332,10.423333333333062,86,88,0.0,1.0,0,23,3,3,0,0.0,0,1,0
INSTANCE_010,0.75,delay20,202,RG,374.9638,445.0116666666666,3.034999999999627,87,88,0.0,0.7619047619047619,6,23,3,2,0,154.98781204223633,320,0,0
INSTANCE_010,0.75,delay20,202,SA,374.9638,445.06,3.034999999999627,87,88,0.0,0.9166666666666666,7,23,3,2,0,149.78861808776855,330,0,0
INSTANCE_010,0.75,delay30,202,FR,375.2624,445.2199999999999,13.68333333333294,86,88,0.0,0.8214285714285715,7,23,3,2,0,48.07090759277344,300,0,0
INSTANCE_010,0.75,delay30,202,NR,370.9014,439.8583333333332,30.423333333333066,86,88,0.0,1.0,0,23,3,3,0,0.0,0,1,0
INSTANCE_010,0.75,delay30,202,RG,405.2614,473.4816666666666,5.2233333333330165,86,88,0.0,0.7083333333333334,11,23,3,1,0,172.5294589996338,390,0,0
INSTANCE_010,0.75,delay30,202,SA,404.9079,472.6583333333333,5.389999999999645,86,88,0.0,0.8452380952380952,12,23,3,1,0,146.78430557250977,330,0,0
INSTANCE_010,0.75,p85,202,FR,370.9015,460.4371289999999,0.0,88,88,0.0,0.7797619047619048,6,23,3,2,0,50.1561164855957,310,0,0
INSTANCE_010,0.75,p85,202,NR,370.9014,460.4929974999999,0.0,88,88,0.0,1.0,0,23,3,3,0,0.0,0,1,0
INSTANCE_010,0.75,p85,202,RG,370.9015,460.4371289999999,0.0,88,88,0.0,0.8214285714285715,4,23,3,2,0,132.8580379486084,310,0,0
INSTANCE_010,0.75,p85,202,SA,370.9014,460.4929974999999,0.0,88,88,0.0,1.0,0,23,3,3,0,126.71899795532228,300,1,0
INSTANCE_010,0.75,p95,202,FR,375.0084,485.59339166666666,0.0,88,88,0.0,0.8690476190476191,7,23,3,2,0,52.02627182006836,320,0,0
INSTANCE_010,0.75,p95,202,NR,370.9014,478.7055041666666,4.485197499999913,87,88,0.0,1.0,0,23,3,3,0,0.0,0,1,0
INSTANCE_010,0.75,p95,202,RG,374.9638,485.3713408333333,0.0,88,88,0.0,0.7619047619047619,6,23,3,2,0,136.99746131896973,320,0,0
INSTANCE_010,0.75,p95,202,SA,374.9638,485.43386,0.0,88,88,0.0,0.9166666666666666,7,23,3,2,0,149.1494178771973,330,0,0
INSTANCE_012,0.25,delay20,202,FR,355.3149,450.975,0.0,84,84,0.0,0.8776803118908383,15,64,3,2,0,60.7752799987793,350,0,0
INSTANCE_012,0.25,delay20,202,NR,332.59270000000004,420.11,10.70166666666637,83,84,0.0,1.0,0,64,3,3,0,0.0,0,1,0
INSTANCE_012,0.25,delay20,202,RG,355.08270000000005,446.035,0.0,84,84,0.0,0.9439571150097468,12,64,3,2,0,160.98976135253906,370,0,0
INSTANCE_012,0.25,delay20,202,SA,361.2979,451.5433333333333,0.0,84,84,0.0,0.95224171539961,13,64,3,2,0,133.0268383026123,310,0,0
INSTANCE_012,0.25,delay30,202,FR,399.5914,489.0466666666666,8.006666666667115,83,84,0.0,0.8069340016708438,36,64,3,1,0,69.89264488220215,400,0,0
INSTANCE_012,0.25,delay30,202,NR,332.59270000000004,420.11,43.845000000000255,80,84,0.0,1.0,0,64,3,3,0,0.0,0,1,0
INSTANCE_012,0.25,delay30,202,RG,439.2984,522.6766666666666,0.0,84,84,0.0,0.8350199169421137,49,64,3,0,0,181.19168281555176,410,0,0
INSTANCE_012,0.25,delay30,202,SA,404.5112,490.2783333333333,7.193333333333499,83,84,0.0,0.909971183998644,30,64,3,1,0,138.6716365814209,310,0,0
INSTANCE_012,0.25,p85,202,FR,332.59270000000004,472.03301466666665,0.3199171666667553,83,84,0.0,1.0,0,64,3,3,0,49.31497573852539,300,1,0
INSTANCE_012,0.25,p85,202,NR,332.59270000000004,472.03301466666665,0.3199171666667553,83,84,0.0,1.0,0,64,3,3,0,0.0,0,1,0
INSTANCE_012,0.25,p85,202,RG,332.59270000000004,472.03301466666665,0.3199171666667553,83,84,0.0,1.0,0,64,3,3,0,125.06628036499023,300,1,0
INSTANCE_012,0.25,p85,202,SA,332.59270000000004,472.03301466666665,0.3199171666667553,83,84,0.0,1.0,0,64,3,3,0,125.17452239990234,300,1,0
INSTANCE_012,0.25,p95,202,FR,353.5303,553.2707158333334,16.086575000000266,82,84,0.0,0.8718323586744638,15,64,3,2,0,58.95566940307617,370,0,0
INSTANCE_012,0.25,p95,202,NR,332.59270000000004,517.8611533333334,24.895724166666582,81,84,0.0,1.0,0,64,3,3,0,0.0,0,1,0
INSTANCE_012,0.25,p95,202,RG,398.2960000000001,601.4988633333334,7.437530000000152,83,84,0.0,0.9016865836087804,29,64,3,1,0,154.01339530944824,370,0,0
INSTANCE_012,0.25,p95,202,SA,404.5112,608.6238925,7.437530000000152,83,84,0.0,0.909971183998644,30,64,3,1,0,130.07855415344238,310,0,0
INSTANCE_012,0.5,delay20,202,FR,352.4295000000001,445.31833333333327,0.0,84,84,0.0,0.7964743589743589,14,43,3,1,0,76.06267929077148,530,0,0
INSTANCE_012,0.5,delay20,202,NR,332.59270000000004,420.11,10.70166666666637,83,84,0.0,1.0,0,43,3,3,0,0.0,0,1,0
INSTANCE_012,0.5,delay20,202,RG,352.2169,444.4916666666666,0.0,84,84,0.0,0.8231837606837606,14,43,3,1,0,189.0392303466797,490,0,0
INSTANCE_012,0.5,delay20,202,SA,362.3886,451.1766666666666,0.0,84,84,0.0,0.9594017094017094,7,43,3,2,0,117.16127395629884,300,0,0
INSTANCE_012,0.5,delay30,202,FR,354.21919999999994,442.92333333333335,8.006666666667115,83,84,0.0,0.8592796092796093,12,43,3,1,0,61.93447113037109,400,0,0
INSTANCE_012,0.5,delay30,202,NR,332.59270000000004,420.11,35.90166666666698,81,84,0.0,1.0,0,43,3,3,0,0.0,0,1,0
INSTANCE_012,0.5,delay30,202,RG,390.6217,481.2016666666667,0.0,84,84,0.0,0.6758547008547008,29,43,3,0,0,267.00448989868164,660,0,0
INSTANCE_012,0.5,delay30,202,SA,424.6769,513.2249999999999,0.0066666666671153,83,84,0.0,0.8670177045177047,21,43,3,0,0,122.82919883728027,300,0,0
INSTANCE_012,0.5,p85,202,FR,332.53650000000005,454.0439371666666,0.0,84,84,0.0,0.9513888888888888,3,43,3,2,0,63.66872787475586,410,0,0
INSTANCE_012,0.5,p85,202,NR,332.59270000000004,454.9744366666666,0.0,84,84,0.0,1.0,0,43,3,3,0,0.0,0,1,0
INSTANCE_012,0.5,p85,202,RG,332.53650000000005,454.0439371666666,0.0,84,84,0.0,0.9513888888888888,3,43,3,2,0,169.97170448303223,410,0,0
INSTANCE_012,0.5,p85,202,SA,332.59270000000004,454.9744366666666,0.0,84,84,0.0,1.0,0,43,3,3,0,123.60072135925292,300,1,0
INSTANCE_012,0.5,p95,202,FR,332.53650000000005,484.7051158333333,1.0084083333330227,83,84,0.0,0.9513888888888888,3,43,3,2,0,63.88211250305176,410,0,0
INSTANCE_012,0.5,p95,202,NR,332.59270000000004,485.74638333333337,1.0084083333330227,83,84,0.0,1.0,0,43,3,3,0,0.0,0,1,0
INSTANCE_012,0.5,p95,202,RG,332.53650000000005,484.7051158333333,1.0084083333330227,83,84,0.0,0.9513888888888888,3,43,3,2,0,169.036865234375,410,0,0
INSTANCE_012,0.5,p95,202,SA,332.59270000000004,485.74638333333337,1.0084083333330227,83,84,0.0,1.0,0,43,3,3,0,121.83523178100586,300,1,0
INSTANCE_012,0.75,delay20,202,FR,332.59270000000004,420.11,10.70166666666637,83,84,0.0,1.0,0,22,3,3,0,44.934988021850586,300,1,0
INSTANCE_012,0.75,delay20,202,NR,332.59270000000004,420.11,10.70166666666637,83,84,0.0,1.0,0,22,3,3,0,0.0,0,1,0
INSTANCE_012,0.75,delay20,202,RG,332.59270000000004,420.11,10.70166666666637,83,84,0.0,1.0,0,22,3,3,0,123.0144500732422,300,1,0
INSTANCE_012,0.75,delay20,202,SA,332.59270000000004,420.11,10.70166666666637,83,84,0.0,1.0,0,22,3,3,0,122.0266819000244,300,1,0
INSTANCE_012,0.75,delay30,202,FR,370.958,456.7466666666666,20.708333333333485,82,84,0.0,0.7996031746031745,9,22,3,1,0,63.06934356689453,420,0,0
INSTANCE_012,0.75,delay30,202,NR,332.59270000000004,420.11,35.90166666666698,81,84,0.0,1.0,0,22,3,3,0,0.0,0,1,0
INSTANCE_012,0.75,delay30,202,RG,371.7347,458.0849999999999,20.708333333333485,82,84,0.0,0.8392857142857143,14,22,3,1,0,145.91431617736816,360,0,0
INSTANCE_012,0.75,delay30,202,SA,332.59270000000004,420.16833333333335,28.708333333333485,82,84,0.0,0.9365079365079364,2,22,3,2,0,124.84169006347656,310,0,0
INSTANCE_012,0.75,p85,202,FR,332.59270000000004,440.7547976666667,0.0,84,84,0.0,1.0,0,22,3,3,0,42.36364364624024,300,1,0
INSTANCE_012,0.75,p85,202,NR,332.59270000000004,440.7547976666667,0.0,84,84,0.0,1.0,0,22,3,3,0,0.0,0,1,0
INSTANCE_012,0.75,p85,202,RG,332.59270000000004,440.7547976666667,0.0,84,84,0.0,1.0,0,22,3,3,0,111.7556095123291,300,1,0
INSTANCE_012,0.75,p85,202,SA,332.59270000000004,440.7547976666667,0.0,84,84,0.0,1.0,0,22,3,3,0,110.74280738830566,300,1,0
INSTANCE_012,0.75,p95,202,FR,332.59270000000004,458.9762483333333,0.0,84,84,0.0,1.0,0,22,3,3,0,43.21146011352539,300,1,0
INSTANCE_012,0.75,p95,202,NR,332.59270000000004,458.9762483333333,0.0,84,84,0.0,1.0,0,22,3,3,0,0.0,0,1,0
INSTANCE_012,0.75,p95,202,RG,332.59270000000004,458.9762483333333,0.0,84,84,0.0,1.0,0,22,3,3,0,120.73469161987305,300,1,0
INSTANCE_012,0.75,p95,202,SA,332.59270000000004,458.9762483333333,0.0,84,84,0.0,1.0,0,22,3,3,0,119.3993091583252,300,1,0
INSTANCE_013,0.25,delay20,202,FR,349.1943,408.9533333333334,9.443333333333612,63,64,0.0,0.9537037037037036,2,50,3,2,0,45.621395111083984,310,0,0
INSTANCE_013,0.25,delay20,202,NR,343.74519999999995,404.545,18.05666666666707,62,64,0.0,1.0,0,50,3,3,0,0.0,0,1,0
INSTANCE_013,0.25,delay20,202,RG,349.1943,408.9533333333334,9.443333333333612,63,64,0.0,0.9537037037037036,2,50,3,2,0,182.7354431152344,480,0,0
INSTANCE_013,0.25,delay20,202,SA,349.1943,408.9533333333334,9.443333333333612,63,64,0.0,0.9537037037037036,2,50,3,2,0,189.4431114196777,500,0,0
INSTANCE_013,0.25,delay30,202,FR,349.1943,408.9533333333334,22.7150000000006,62,64,0.0,0.9537037037037036,2,50,3,2,0,46.28229141235352,310,0,0
INSTANCE_013,0.25,delay30,202,NR,343.74519999999995,404.545,41.32833333333406,61,64,0.0,1.0,0,50,3,3,0,0.0,0,1,0
INSTANCE_013,0.25,delay30,202,RG,396.2797,447.45166666666665,1.048333333333403,63,64,0.0,0.738970588235294,12,50,3,1,0,162.36138343811035,410,0,0
INSTANCE_013,0.25,delay30,202,SA,382.1686,437.09333333333336,1.048333333333403,63,64,0.0,0.8905909586056645,8,50,3,1,0,224.61175918579104,590,0,0
INSTANCE_013,0.25,p85,202,FR,374.6533,486.59789566666666,0.0,64,64,0.0,0.9252450980392156,8,50,3,2,0,60.45913696289063,430,0,0
INSTANCE_013,0.25,p85,202,NR,343.74519999999995,457.4634361666666,13.033601666666868,63,64,0.0,1.0,0,50,3,3,0,0.0,0,1,0
INSTANCE_013,0.25,p85,202,RG,343.74519999999995,457.4634361666666,13.033601666666868,63,64,0.0,1.0,0,50,3,3,0,111.10401153564452,300,1,0
INSTANCE_013,0.25,p85,202,SA,374.6534,486.4765261666666,0.0,64,64,0.0,0.926470588235294,6,50,3,2,0,156.3875675201416,410,0,0
INSTANCE_013,0.25,p95,202,FR,382.1686,546.27142,12.52624250000008,63,64,0.0,0.8801742919389978,8,50,3,1,0,57.2357177734375,400,0,0
INSTANCE_013,0.25,p95,202,NR,343.74519999999995,504.1701508333334,65.21544750000078,60,64,0.0,1.0,0,50,3,3,0,0.0,0,1,0
INSTANCE_013,0.25,p95,202,RG,387.4165,551.3268491666666,12.52624250000008,63,64,0.0,0.7621187363834423,11,50,3,1,0,155.686616897583,410,0,0
INSTANCE_013,0.25,p95,202,SA,382.1686,546.27142,12.52624250000008,63,64,0.0,0.8905909586056645,8,50,3,1,0,222.67508506774905,590,0,0
INSTANCE_013,0.5,delay20,202,FR,372.5623,425.1783333333333,0.0,64,64,0.0,0.7838383838383839,9,33,3,1,0,41.63217544555664,320,0,0
INSTANCE_013,0.5,delay20,202,NR,343.74519999999995,404.545,18.05666666666707,62,64,0.0,1.0,0,33,3,3,0,0.0,0,1,0
INSTANCE_013,0.5,delay20,202,RG,373.4658,426.09333333333336,0.0,64,64,0.0,0.8282828282828283,8,33,3,1,0,140.87605476379397,400,0,0
INSTANCE_013,0.5,delay20,202,SA,386.0506,435.1616666666667,0.0,64,64,0.0,0.8171717171717172,12,33,3,1,0,154.09016609191897,410,0,0
INSTANCE_013,0.5,delay30,202,FR,373.4657,426.015,0.0,64,64,0.0,0.794949494949495,8,33,3,1,0,58.660268783569336,420,0,0
INSTANCE_013,0.5,delay30,202,NR,343.74519999999995,404.545,41.32833333333406,61,64,0.0,1.0,0,33,3,3,0,0.0,0,1,0
INSTANCE_013,0.5,delay30,202,RG,373.4658,426.015,0.0,64,64,0.0,0.8116161616161616,8,33,3,1,0,172.69492149353027,480,0,0
INSTANCE_013,0.5,delay30,202,SA,380.1024,434.0533333333333,0.0,64,64,0.0,0.8282828282828283,8,33,3,1,0,134.3386173248291,360,0,0
INSTANCE_013,0.5,p85,202,FR,367.986,458.0982385,0.0,64,64,0.0,0.8727272727272727,6,33,3,2,0,42.49262809753418,310,0,0
INSTANCE_013,0.5,p85,202,NR,343.74519999999995,438.426747,7.8582413333336945,63,64,0.0,1.0,0,33,3,3,0,0.0,0,1,0
INSTANCE_013,0.5,p85,202,RG,368.0167,458.238873,0.0,64,64,0.0,0.906060606060606,6,33,3,2,0,134.5229148864746,380,0,0
INSTANCE_013,0.5,p85,202,SA,368.0167,458.238873,0.0,64,64,0.0,0.906060606060606,6,33,3,2,0,135.67590713500977,380,0,0
INSTANCE_013,0.5,p95,202,FR,371.1042,494.1151216666667,0.0,64,64,0.0,0.8212121212121213,11,33,3,2,0,52.7188777923584,390,0,0
INSTANCE_013,0.5,p95,202,NR,343.74519999999995,468.331355,29.653055833333724,62,64,0.0,1.0,0,33,3,3,0,0.0,0,1,0
INSTANCE_013,0.5,p95,202,RG,374.6533,500.798205,0.0,64,64,0.0,0.906060606060606,6,33,3,2,0,121.59156799316406,340,0,0
INSTANCE_013,0.5,p95,202,SA,360.1084,494.4557433333334,12.037520833333474,63,64,0.0,0.9575757575757576,4,33,3,2,0,124.39918518066406,350,0,0
INSTANCE_013,0.75,delay20,202,FR,372.5623,425.1783333333333,0.0,64,64,0.0,0.5388888888888889,9,17,3,1,0,50.83680152893066,340,0,0
INSTANCE_013,0.75,delay20,202,NR,343.74519999999995,404.545,18.05666666666707,62,64,0.0,1.0,0,17,3,3,0,0.0,0,1,0
INSTANCE_013,0.75,delay20,202,RG,364.6847,428.3566666666667,0.0,64,64,0.0,0.7055555555555556,7,17,3,1,0,126.75857543945312,310,0,0
INSTANCE_013,0.75,delay20,202,SA,360.1084,424.7416666666667,8.613333333333458,63,64,0.0,0.9,4,17,3,2,0,126.62792205810548,300,0,0
INSTANCE_013,0.75,delay30,202,FR,373.4657,426.015,0.0,64,64,0.0,0.5111111111111111,8,17,3,1,0,59.9217414855957,410,0,0
INSTANCE_013,0.75,delay30,202,NR,343.74519999999995,404.545,41.32833333333406,61,64,0.0,1.0,0,17,3,3,0,0.0,0,1,0
INSTANCE_013,0.75,delay30,202,RG,373.4657,426.015,0.0,64,64,0.0,0.5111111111111111,8,17,3,1,0,128.50713729858398,330,0,0
INSTANCE_013,0.75,delay30,202,SA,373.4658,426.09333333333336,0.0,64,64,0.0,0.611111111111111,8,17,3,1,0,158.8883399963379,400,0,0
INSTANCE_013,0.75,p85,202,FR,367.986,447.2702039999999,0.0,64,64,0.0,0.7333333333333334,6,17,3,2,0,44.8458194732666,320,0,0
INSTANCE_013,0.75,p85,202,NR,343.74519999999995,427.5987124999999,3.5639758333335294,63,64,0.0,1.0,0,17,3,3,0,0.0,0,1,0
INSTANCE_013,0.75,p85,202,RG,360.1084,450.9440394999999,0.0,64,64,0.0,0.9,4,17,3,2,0,119.45366859436037,300,0,0
INSTANCE_013,0.75,p85,202,SA,343.74519999999995,427.5987124999999,3.5639758333335294,63,64,0.0,1.0,0,17,3,3,0,116.73426628112792,300,1,0
INSTANCE_013,0.75,p95,202,FR,367.986,469.9595266666667,0.0,64,64,0.0,0.7333333333333334,6,17,3,2,0,47.76692390441895,320,0,0
INSTANCE_013,0.75,p95,202,NR,343.74519999999995,447.9463125,16.027095833333533,63,64,0.0,1.0,0,17,3,3,0,0.0,0,1,0
INSTANCE_013,0.75,p95,202,RG,368.0166,470.0155783333333,0.0,64,64,0.0,0.7333333333333334,6,17,3,2,0,133.19134712219238,330,0,0
INSTANCE_013,0.75,p95,202,SA,368.0167,470.1169025,0.0,64,64,0.0,0.8333333333333334,6,17,3,2,0,213.71102333068848,400,0,0
INSTANCE_014,0.25,delay20,202,FR,383.6571000000001,419.3983333333333,91.23499999999864,58,65,0.0,0.7148453398453398,22,49,2,0,0,102.28466987609865,580,0,0
INSTANCE_014,0.25,delay20,202,NR,380.3718,414.5116666666666,116.82166666666478,57,65,0.0,1.0,0,49,2,2,0,0.0,0,1,0
INSTANCE_014,0.25,delay20,202,RG,381.92840000000007,418.1783333333333,85.38333333333219,58,65,0.0,0.814010064010064,12,49,2,0,0,126.46365165710448,280,0,0
INSTANCE_014,0.25,delay20,202,SA,381.9284,418.07,85.62166666666565,58,65,0.0,0.8378195878195878,12,49,2,0,0,118.46089363098145,260,0,0
INSTANCE_014,0.25,delay30,202,FR,381.78880000000015,417.6266666666667,186.54666666666537,55,65,0.0,0.758015133015133,19,49,2,0,0,59.755802154541016,350,0,0
INSTANCE_014,0.25,delay30,202,NR,380.3718,414.5116666666666,203.50666666666427,56,65,0.0,1.0,0,49,2,2,0,0.0,0,1,0
INSTANCE_014,0.25,delay30,202,RG,381.92840000000007,418.1783333333333,161.52833333333217,56,65,0.0,0.814010064010064,12,49,2,0,0,128.13115119934082,280,0,0
INSTANCE_014,0.25,delay30,202,SA,381.9284,418.07,161.76666666666563,56,65,0.0,0.8378195878195878,12,49,2,0,0,117.1729564666748,260,0,0
INSTANCE_014,0.25,p85,202,FR,384.3722000000001,467.709898,84.54755350000039,59,65,0.0,0.7501572501572502,17,49,2,0,0,83.11343193054199,480,0,0
INSTANCE_014,0.25,p85,202,NR,380.3718,460.4392870000001,105.7250685000006,58,65,0.0,1.0,0,49,2,2,0,0.0,0,1,0
INSTANCE_014,0.25,p85,202,RG,381.92840000000007,464.6775870000001,81.51524250000045,59,65,0.0,0.814010064010064,12,49,2,0,0,128.4198760986328,280,0,0
INSTANCE_014,0.25,p85,202,SA,381.92840000000007,464.6775870000001,81.51524250000045,59,65,0.0,0.814010064010064,12,49,2,0,0,136.31272315979004,280,0,0
INSTANCE_014,0.25,p95,202,FR,381.7888000000001,505.0050408333333,214.96480666666764,56,65,19.823278333333064,0.8075165575165575,15,49,2,0,0,36.06390953063965,210,0,0
INSTANCE_014,0.25,p95,202,NR,380.3718,500.9757883333333,244.33246083333472,56,65,19.43953999999985,1.0,0,49,2,2,0,0.0,0,1,0
INSTANCE_014,0.25,p95,202,RG,381.92840000000007,505.71862166666665,197.12094416666696,57,65,19.823278333333064,0.814010064010064,12,49,2,0,0,122.06125259399414,280,0,0
INSTANCE_014,0.25,p95,202,SA,381.9284,505.5784925,197.42922833333364,57,65,19.823278333333064,0.8378195878195878,12,49,2,0,0,119.0183162689209,260,0,0
INSTANCE_014,0.5,delay20,202,FR,381.8433,417.775,102.4666666666651,58,65,0.0,0.6271008403361344,24,33,2,0,0,40.9386157989502,260,0,0
INSTANCE_014,0.5,delay20,202,NR,380.3718,414.5116666666666,116.82166666666478,57,65,0.0,1.0,0,33,2,2,0,0.0,0,1,0
INSTANCE_014,0.5,delay20,202,RG,398.60480000000007,435.9199999999999,77.95833333333167,59,65,0.0,0.6416900093370682,18,33,2,0,0,233.1113815307617,580,0,0
INSTANCE_014,0.5,delay20,202,SA,400.11,436.3266666666667,82.24333333333118,59,65,0.0,0.85,13,33,2,1,0,131.29949569702148,320,0,0
INSTANCE_014,0.5,delay30,202,FR,381.8433,417.8516666666667,187.85999999999933,55,65,0.0,0.5862511671335201,24,33,2,0,0,42.85430908203125,270,0,0
INSTANCE_014,0.5,delay30,202,NR,380.3718,414.5116666666666,203.50666666666427,56,65,0.0,1.0,0,33,2,2,0,0.0,0,1,0
INSTANCE_014,0.5,delay30,202,RG,400.1101000000001,436.4883333333333,158.48499999999785,56,65,0.0,0.75359477124183,19,33,2,0,0,164.3519401550293,400,0,0
INSTANCE_014,0.5,delay30,202,SA,400.11,436.4883333333333,158.56833333333134,56,65,0.0,0.7699346405228757,17,33,2,0,0,155.29417991638184,390,0,0
INSTANCE_014,0.5,p85,202,FR,381.6024000000001,453.19761433333326,52.42755033333288,60,65,0.0,0.7857142857142857,11,33,2,1,0,37.255048751831055,230,0,0
INSTANCE_014,0.5,p85,202,NR,380.3718,450.0940228333333,62.46317299999987,59,65,0.0,1.0,0,33,2,2,0,0.0,0,1,0
INSTANCE_014,0.5,p85,202,RG,380.86340000000007,451.55816283333337,58.16542183333297,60,65,0.0,0.8274042950513538,8,33,2,0,0,127.7761459350586,290,0,0
INSTANCE_014,0.5,p85,202,SA,400.11,475.3099813333332,44.93909766666593,61,65,0.0,0.85,13,33,2,1,0,138.94891738891602,320,0,0
INSTANCE_014,0.5,p95,202,FR,381.7861,485.54611666666665,119.17481083333256,58,65,3.94530916666622,0.6385387488328665,26,33,2,0,0,41.60261154174805,260,0,0
INSTANCE_014,0.5,p95,202,NR,380.3718,481.4996175,143.26118250000047,57,65,3.5680383333331065,1.0,0,33,2,2,0,0.0,0,1,0
INSTANCE_014,0.5,p95,202,RG,400.1101000000001,509.92643583333336,107.68812333333244,58,65,3.777154166666264,0.75359477124183,19,33,2,0,0,168.70927810668945,400,0,0
INSTANCE_014,0.5,p95,202,SA,380.8633,483.13805083333335,127.89820499999904,58,65,3.777154166666264,0.8437441643323996,6,33,2,0,0,119.18783187866212,280,0,0
INSTANCE_014,0.75,delay20,202,FR,380.91140000000007,415.8466666666667,92.8133333333318,58,65,0.0,0.6577380952380952,8,17,2,0,0,47.88517951965332,300,0,0
INSTANCE_014,0.75,delay20,202,NR,380.3718,414.5116666666666,116.82166666666478,57,65,0.0,1.0,0,17,2,2,0,0.0,0,1,0
INSTANCE_014,0.75,delay20,202,RG,380.91140000000007,415.8466666666667,92.8133333333318,58,65,0.0,0.6577380952380952,8,17,2,0,0,93.22309494018556,220,0,0
INSTANCE_014,0.75,delay20,202,SA,380.8541,415.55,96.47499999999798,58,65,0.0,0.8660714285714286,4,17,2,1,0,85.10828018188477,200,0,0
INSTANCE_014,0.75,delay30,202,FR,382.9115000000001,417.3983333333333,173.34833333333154,56,65,0.0,0.6041666666666666,10,17,2,0,0,49.04460906982422,310,0,0
INSTANCE_014,0.75,delay30,202,NR,380.3718,414.5116666666666,203.50666666666427,56,65,0.0,1.0,0,17,2,2,0,0.0,0,1,0
INSTANCE_014,0.75,delay30,202,RG,383.1147000000001,417.645,173.34833333333154,56,65,0.0,0.5595238095238095,11,17,2,0,0,155.2753448486328,380,0,0
INSTANCE_014,0.75,delay30,202,SA,380.91140000000007,415.8466666666666,174.32833333333144,56,65,0.0,0.7271825396825398,6,17,2,0,0,92.14401245117188,220,0,0
INSTANCE_014,0.75,p85,202,FR,380.8592000000001,440.697197,36.07626249999828,61,65,0.0,0.5500992063492063,12,17,2,0,0,45.94182968139648,320,0,0
INSTANCE_014,0.75,p85,202,NR,380.3718,439.1714089999999,41.358093999998346,60,65,0.0,1.0,0,17,2,2,0,0.0,0,1,0
INSTANCE_014,0.75,p85,202,RG,380.8542000000001,440.558489,36.07626249999828,61,65,0.0,0.6750992063492064,10,17,2,0,0,102.20956802368164,270,0,0
INSTANCE_014,0.75,p85,202,SA,380.8541,440.3716185,37.24179499999809,61,65,0.0,0.8660714285714286,4,17,2,1,0,78.45258712768555,200,0,0
INSTANCE_014,0.75,p95,202,FR,380.8541000000001,462.4887183333334,76.30706249999753,61,65,0.1543858333326397,0.5947420634920635,12,17,2,0,0,47.18470573425293,300,0,0
INSTANCE_014,0.75,p95,202,NR,380.3718,460.93651833333337,86.884502499998,59,65,0.0,1.0,0,17,2,2,0,0.0,0,1,0
INSTANCE_014,0.75,p95,202,RG,380.8542000000001,462.4887183333334,76.30706249999753,61,65,0.1543858333326397,0.6750992063492064,10,17,2,0,0,107.44476318359376,260,0,0
INSTANCE_014,0.75,p95,202,SA,380.8541,462.2796025000001,80.20746749999762,60,65,0.0,0.8660714285714286,4,17,2,1,0,83.15014839172363,200,0,0
INSTANCE_015,0.25,delay20,202,FR,514.7085,554.8000000000001,5.315000000000055,86,87,0.0,0.7150444664031621,31,66,4,2,0,84.85865592956543,550,0,0
INSTANCE_015,0.25,delay20,202,NR,482.4895,533.3266666666666,34.483333333333235,84,87,0.0,1.0,0,66,4,4,0,0.0,0,1,0
INSTANCE_015,0.25,delay20,202,RG,517.9155,560.8149999999999,5.315000000000055,86,87,0.0,0.7434535573122529,31,66,4,2,0,272.31478691101074,690,0,0
INSTANCE_015,0.25,delay20,202,SA,504.448,547.52,18.268333333333203,85,87,0.0,0.9507575757575756,2,66,4,3,0,167.80877113342285,420,0,0
INSTANCE_015,0.25,delay30,202,FR,532.746,565.2983333333333,18.92666666666651,84,87,0.0,0.673542490118577,37,66,4,1,0,67.65508651733398,470,0,0
INSTANCE_015,0.25,delay30,202,NR,482.4895,533.3266666666666,79.49666666666644,81,87,0.0,1.0,0,66,4,4,0,0.0,0,1,0
INSTANCE_015,0.25,delay30,202,RG,535.2106,573.1716666666666,21.64166666666665,84,87,0.0,0.7701745718050066,32,66,4,2,0,270.54357528686523,690,0,0
INSTANCE_015,0.25,delay30,202,SA,535.2471,573.5883333333334,32.81833333333327,83,87,0.0,0.8500494071146245,24,66,4,2,0,237.91813850402832,590,0,0
INSTANCE_015,0.25,p85,202,FR,482.4895,602.4493488333333,2.7672304999999824,85,87,0.0,1.0,0,66,4,4,0,62.79253959655762,400,1,0
INSTANCE_015,0.25,p85,202,NR,482.4895,602.4493488333333,2.7672304999999824,85,87,0.0,1.0,0,66,4,4,0,0.0,0,1,0
INSTANCE_015,0.25,p85,202,RG,484.4217,604.2698913333332,2.7942014999999856,85,87,0.0,0.9696557971014492,9,66,4,3,1,190.0017261505127,450,0,1
INSTANCE_015,0.25,p85,202,SA,482.4895,602.4493488333333,2.7672304999999824,85,87,0.0,1.0,0,66,4,4,0,165.1599407196045,400,1,0
INSTANCE_015,0.25,p95,202,FR,511.4538,686.6722208333334,13.276161666667008,85,87,0.0,0.7606637022397892,28,66,4,2,0,86.42888069152832,560,0,0
INSTANCE_015,0.25,p95,202,NR,482.4895,663.4582075000001,38.37892000000068,83,87,0.0,1.0,0,66,4,4,0,0.0,0,1,0
INSTANCE_015,0.25,p95,202,RG,498.3158,679.31005,15.662295833333474,85,87,0.0,0.82225790513834,20,66,4,2,0,245.70846557617188,610,0,0
INSTANCE_015,0.25,p95,202,SA,483.7699,663.6802583333334,21.79955250000012,84,87,0.0,0.9624094202898552,12,66,4,3,0,184.3202114105225,450,0,0
INSTANCE_015,0.5,delay20,202,FR,482.4895,533.3266666666666,34.483333333333235,84,87,0.0,1.0,0,44,4,4,0,62.03317642211914,400,1,0
INSTANCE_015,0.5,delay20,202,NR,482.4895,533.3266666666666,34.483333333333235,84,87,0.0,1.0,0,44,4,4,0,0.0,0,1,0
INSTANCE_015,0.5,delay20,202,RG,484.3281,534.7183333333332,33.864999999999895,84,87,0.0,0.916003787878788,8,44,4,2,0,186.59663200378407,450,0,0
INSTANCE_015,0.5,delay20,202,SA,482.4895,533.3266666666666,34.483333333333235,84,87,0.0,1.0,0,44,4,4,0,162.63866424560547,400,1,0
INSTANCE_015,0.5,delay30,202,FR,528.7935,580.1166666666667,67.39666666666653,83,87,0.0,0.8671130952380952,11,44,4,2,0,66.24317169189453,430,0,0
INSTANCE_015,0.5,delay30,202,NR,482.4895,533.3266666666666,79.49666666666644,81,87,0.0,1.0,0,44,4,4,0,0.0,0,1,0
INSTANCE_015,0.5,delay30,202,RG,500.3201,550.2099999999999,67.39666666666653,83,87,0.0,0.8915178571428571,10,44,4,2,0,172.5027561187744,420,0,0
INSTANCE_015,0.5,delay30,202,SA,482.9796,533.3966666666666,70.80999999999983,82,87,0.0,0.940625,6,44,4,3,0,166.88108444213867,410,0,0
INSTANCE_015,0.5,p85,202,FR,482.4895,579.0612308333333,0.0,87,87,0.0,1.0,0,44,4,4,0,63.234806060791016,400,1,0
INSTANCE_015,0.5,p85,202,NR,482.4895,579.0612308333333,0.0,87,87,0.0,1.0,0,44,4,4,0,0.0,0,1,0
INSTANCE_015,0.5,p85,202,RG,482.9796,579.1421438333332,0.0,87,87,0.0,0.940625,6,44,4,3,0,175.0648021697998,410,0,0
INSTANCE_015,0.5,p85,202,SA,482.4895,579.0612308333333,0.0,87,87,0.0,1.0,0,44,4,4,0,167.95587539672852,400,1,0
INSTANCE_015,0.5,p95,202,FR,482.9796,619.5178824999999,1.7627358333331813,86,87,0.0,0.940625,6,44,4,3,0,61.121463775634766,410,0,0
INSTANCE_015,0.5,p95,202,NR,482.4895,619.4273375,11.838738333333254,85,87,0.0,1.0,0,44,4,4,0,0.0,0,1,0
INSTANCE_015,0.5,p95,202,RG,482.9796,619.5178824999999,1.7627358333331813,86,87,0.0,0.940625,6,44,4,3,0,156.63695335388184,410,0,0
INSTANCE_015,0.5,p95,202,SA,482.9796,619.5178824999999,1.7627358333331813,86,87,0.0,0.940625,6,44,4,3,0,153.1836986541748,410,0,0
INSTANCE_015,0.75,delay20,202,FR,482.4895,533.3266666666666,0.0,87,87,0.0,1.0,0,22,4,4,0,62.288522720336914,400,1,0
INSTANCE_015,0.75,delay20,202,NR,482.4895,533.3266666666666,0.0,87,87,0.0,1.0,0,22,4,4,0,0.0,0,1,0
INSTANCE_015,0.75,delay20,202,RG,482.4895,533.3266666666666,0.0,87,87,0.0,1.0,0,22,4,4,0,165.41361808776855,400,1,0
INSTANCE_015,0.75,delay20,202,SA,482.4895,533.3266666666666,0.0,87,87,0.0,1.0,0,22,4,4,0,169.88348960876465,400,1,0
INSTANCE_015,0.75,delay30,202,FR,500.2155,550.0466666666666,0.0,87,87,0.0,0.8065476190476191,8,22,4,2,0,62.70551681518555,420,0,0
INSTANCE_015,0.75,delay30,202,NR,482.4895,533.3266666666666,12.099999999999907,85,87,0.0,1.0,0,22,4,4,0,0.0,0,1,0
INSTANCE_015,0.75,delay30,202,RG,500.2155,550.0466666666666,0.0,87,87,0.0,0.7574404761904762,7,22,4,2,0,197.64280319213867,490,0,0
INSTANCE_015,0.75,delay30,202,SA,482.9796,533.3966666666666,3.4133333333332985,86,87,0.0,0.9419642857142856,6,22,4,3,0,173.78520965576172,420,0,0
INSTANCE_015,0.75,p85,202,FR,482.4895,562.2739188333333,0.0,87,87,0.0,1.0,0,22,4,4,0,58.52556228637695,400,1,0
INSTANCE_015,0.75,p85,202,NR,482.4895,562.2739188333333,0.0,87,87,0.0,1.0,0,22,4,4,0,0.0,0,1,0
INSTANCE_015,0.75,p85,202,RG,482.4895,562.2739188333333,0.0,87,87,0.0,1.0,0,22,4,4,0,157.9267978668213,400,1,0
INSTANCE_015,0.75,p85,202,SA,482.4895,562.2739188333333,0.0,87,87,0.0,1.0,0,22,4,4,0,158.63156318664554,400,1,0
INSTANCE_015,0.75,p95,202,FR,482.4895,587.8232575,0.0,87,87,0.0,1.0,0,22,4,4,0,61.63644790649414,400,1,0
INSTANCE_015,0.75,p95,202,NR,482.4895,587.8232575,0.0,87,87,0.0,1.0,0,22,4,4,0,0.0,0,1,0
INSTANCE_015,0.75,p95,202,RG,482.4895,587.8232575,0.0,87,87,0.0,1.0,0,22,4,4,0,166.85056686401367,400,1,0
INSTANCE_015,0.75,p95,202,SA,482.4895,587.8232575,0.0,87,87,0.0,1.0,0,22,4,4,0,165.25864601135254,400,1,0
INSTANCE_017,0.25,delay20,202,FR,364.3811,425.84,17.27833333333342,71,74,0.0,0.7997027127461909,12,57,3,1,0,101.08232498168944,690,0,0
INSTANCE_017,0.25,delay20,202,NR,343.766,402.275,50.82166666666672,70,74,0.0,1.0,0,57,3,3,0,0.0,0,1,0
INSTANCE_017,0.25,delay20,202,RG,349.9074999999999,412.56666666666666,18.938333333333503,71,74,0.0,0.8049052396878484,14,57,3,1,0,210.1931571960449,540,0,0
INSTANCE_017,0.25,delay20,202,SA,369.5586,424.5516666666666,18.938333333333503,71,74,0.0,0.862597547380156,12,57,3,1,0,160.38179397583008,390,0,0
INSTANCE_017,0.25,delay30,202,FR,399.0394,454.415,52.10166666666703,70,74,0.0,0.7707636566332218,21,57,3,1,0,71.58732414245605,470,0,0
INSTANCE_017,0.25,delay30,202,NR,343.766,402.275,96.18166666666671,68,74,0.0,1.0,0,57,3,3,0,0.0,0,1,0
INSTANCE_017,0.25,delay30,202,RG,391.463,445.89666666666665,42.18666666666672,71,74,0.0,0.7798680787811222,24,57,3,1,0,185.0268840789795,460,0,0
INSTANCE_017,0.25,delay30,202,SA,391.4824,445.8066666666667,42.18666666666672,71,74,0.0,0.7937569676700112,24,57,3,1,0,175.39715766906738,430,0,0
INSTANCE_017,0.25,p85,202,FR,348.06929999999994,458.4443196666666,13.966712000000028,71,74,0.0,0.8531215161649944,10,57,3,1,0,63.21835517883301,440,0,0
INSTANCE_017,0.25,p85,202,NR,343.766,453.3468006666666,38.75465050000025,71,74,0.0,1.0,0,57,3,3,0,0.0,0,1,0
INSTANCE_017,0.25,p85,202,RG,374.1241,490.9077711666666,12.9118123333335,73,74,0.0,0.7369936826458566,24,57,3,1,0,285.31455993652344,720,0,0
INSTANCE_017,0.25,p85,202,SA,391.4824,503.6650541666666,13.871209333333354,73,74,0.0,0.7937569676700112,24,57,3,1,0,172.76430130004883,430,0,0
INSTANCE_017,0.25,p95,202,FR,372.2284,540.1002133333335,44.37554666666733,71,74,0.0,0.6822742474916388,25,57,3,1,0,110.4576587677002,730,0,0
INSTANCE_017,0.25,p95,202,NR,343.766,498.4236433333334,99.96486166666534,69,74,0.0,1.0,0,57,3,3,0,0.0,0,1,0
INSTANCE_017,0.25,p95,202,RG,371.1007,538.5221433333335,44.37554666666733,71,74,0.0,0.7303511705685618,23,57,3,1,0,235.4919910430908,580,0,0
INSTANCE_017,0.25,p95,202,SA,387.9692,551.7244666666668,44.37554666666733,71,74,0.0,0.7720178372352285,23,57,3,1,0,178.07698249816897,430,0,0
INSTANCE_017,0.5,delay20,202,FR,368.5612,424.36,9.1933333333335,72,74,0.0,0.6970441595441595,15,38,3,0,0,78.69625091552734,580,0,0
INSTANCE_017,0.5,delay20,202,NR,343.766,402.275,42.99000000000012,71,74,0.0,1.0,0,38,3,3,0,0.0,0,1,0
INSTANCE_017,0.5,delay20,202,RG,352.4011999999999,414.9283333333333,9.1933333333335,72,74,0.0,0.6507478632478633,16,38,3,0,0,121.10257148742676,340,0,0
INSTANCE_017,0.5,delay20,202,SA,368.5614,424.36,9.1933333333335,72,74,0.0,0.8546296296296297,9,38,3,1,0,108.05034637451172,300,0,0
INSTANCE_017,0.5,delay30,202,FR,387.7878999999999,452.1566666666666,31.61500000000024,70,74,0.0,0.6461182336182336,17,38,3,0,0,81.18891716003418,580,0,0
INSTANCE_017,0.5,delay30,202,NR,343.766,402.275,78.35000000000014,69,74,0.0,1.0,0,38,3,3,0,0.0,0,1,0
INSTANCE_017,0.5,delay30,202,RG,352.4011999999999,414.9283333333333,31.61500000000024,70,74,0.0,0.6507478632478633,16,38,3,0,0,125.138521194458,340,0,0
INSTANCE_017,0.5,delay30,202,SA,352.0319999999999,414.4266666666666,31.61500000000024,70,74,0.0,0.8337962962962964,8,38,3,1,0,119.54069137573242,320,0,0
INSTANCE_017,0.5,p85,202,FR,352.45949999999993,451.9473855,14.922193000000108,73,74,0.0,0.6623219373219373,15,38,3,0,0,78.76777648925781,540,0,0
INSTANCE_017,0.5,p85,202,NR,343.766,437.361854,21.343218833333253,71,74,0.0,1.0,0,38,3,3,0,0.0,0,1,0
INSTANCE_017,0.5,p85,202,RG,352.4011999999999,451.9878419999999,4.903221000000031,73,74,0.0,0.6507478632478633,16,38,3,0,0,132.2805881500244,340,0,0
INSTANCE_017,0.5,p85,202,SA,346.5343999999999,440.8603779999999,8.586411833333273,72,74,0.0,0.975,3,38,3,2,0,116.61505699157716,300,0,0
INSTANCE_017,0.5,p95,202,FR,383.5699,518.3152616666666,31.29613833333235,71,74,0.0,0.7132478632478633,18,38,3,0,0,62.11709976196289,420,0,0
INSTANCE_017,0.5,p95,202,NR,343.766,468.3301100000001,56.17487583333218,70,74,0.0,1.0,0,38,3,3,0,0.0,0,1,0
INSTANCE_017,0.5,p95,202,RG,352.4011999999999,484.6971966666666,31.29613833333235,71,74,0.0,0.6507478632478633,16,38,3,0,0,134.60278511047363,340,0,0
INSTANCE_017,0.5,p95,202,SA,352.0193999999999,484.1560825000001,31.29613833333235,71,74,0.0,0.875462962962963,9,38,3,1,0,149.37210083007812,380,0,0
INSTANCE_017,0.75,delay20,202,FR,346.5343999999999,405.3016666666667,26.990000000000123,71,74,0.0,0.9404761904761904,3,20,3,2,0,42.35506057739258,320,0,0
INSTANCE_017,0.75,delay20,202,NR,343.766,402.275,42.99000000000012,71,74,0.0,1.0,0,20,3,3,0,0.0,0,1,0
INSTANCE_017,0.75,delay20,202,RG,346.5343999999999,405.3016666666667,26.990000000000123,71,74,0.0,0.9404761904761904,3,20,3,2,0,111.96112632751463,300,0,0
INSTANCE_017,0.75,delay20,202,SA,346.5343999999999,405.3016666666667,26.990000000000123,71,74,0.0,0.9404761904761904,3,20,3,2,0,110.34202575683594,300,0,0
INSTANCE_017,0.75,delay30,202,FR,374.1451,430.6183333333333,56.96833333333325,71,74,0.0,0.8630952380952381,7,20,3,2,0,55.12118339538574,390,0,0
INSTANCE_017,0.75,delay30,202,NR,343.766,402.275,78.35000000000014,69,74,0.0,1.0,0,20,3,3,0,0.0,0,1,0
INSTANCE_017,0.75,delay30,202,RG,374.376,430.8716666666666,57.22166666666658,71,74,0.0,0.8392857142857143,7,20,3,2,0,149.367094039917,400,0,0
INSTANCE_017,0.75,delay30,202,SA,346.5343999999999,405.3016666666667,62.350000000000136,69,74,0.0,0.9404761904761904,3,20,3,2,0,111.17863655090332,300,0,0
INSTANCE_017,0.75,p85,202,FR,346.53439999999995,422.0570191666666,0.4906186666665917,73,74,0.0,0.9166666666666666,2,20,3,2,0,44.74854469299317,310,0,0
INSTANCE_017,0.75,p85,202,NR,343.766,418.5584951666666,3.508220666666716,72,74,0.0,1.0,0,20,3,3,0,0.0,0,1,0
INSTANCE_017,0.75,p85,202,RG,346.5343999999999,422.0570191666666,0.4906186666665917,73,74,0.0,0.9404761904761904,3,20,3,2,0,113.47317695617676,300,0,0
INSTANCE_017,0.75,p85,202,SA,346.5343999999999,422.0570191666666,0.4906186666665917,73,74,0.0,0.9404761904761904,3,20,3,2,0,113.00015449523926,300,0,0
INSTANCE_017,0.75,p95,202,FR,346.5343999999999,436.8455791666667,3.4972766666666075,72,74,0.0,0.9404761904761904,3,20,3,2,0,42.32144355773926,320,0,0
INSTANCE_017,0.75,p95,202,NR,343.766,432.9305858333333,11.9623633333332,71,74,0.0,1.0,0,20,3,3,0,0.0,0,1,0
INSTANCE_017,0.75,p95,202,RG,346.5343999999999,436.8455791666667,3.4972766666666075,72,74,0.0,0.9404761904761904,3,20,3,2,0,108.18600654602052,300,0,0
INSTANCE_017,0.75,p95,202,SA,346.5343999999999,436.8455791666667,3.4972766666666075,72,74,0.0,0.9404761904761904,3,20,3,2,0,112.05220222473145,300,0,0
INSTANCE_018,0.25,delay20,202,FR,292.2631,371.78,62.569999999999816,59,65,0.0,0.8306159420289855,14,49,2,1,0,33.66422653198242,200,0,0
INSTANCE_018,0.25,delay20,202,NR,284.4485,364.9916666666667,75.98666666666657,58,65,0.0,1.0,0,49,2,2,0,0.0,0,1,0
INSTANCE_018,0.25,delay20,202,RG,287.69050000000004,367.165,75.03666666666639,58,65,0.0,0.9692028985507246,11,49,2,1,0,90.6081199645996,210,0,0
INSTANCE_018,0.25,delay20,202,SA,284.4485,364.9916666666667,75.98666666666657,58,65,0.0,1.0,0,49,2,2,0,85.98113059997559,200,1,0
INSTANCE_018,0.25,delay30,202,FR,292.2631,371.78,122.56999999999982,59,65,0.0,0.8306159420289855,14,49,2,1,0,31.67724609375,200,0,0
INSTANCE_018,0.25,delay30,202,NR,284.4485,364.9916666666667,145.98666666666657,58,65,0.0,1.0,0,49,2,2,0,0.0,0,1,0
INSTANCE_018,0.25,delay30,202,RG,287.69050000000004,367.165,145.0366666666664,58,65,0.0,0.9692028985507246,11,49,2,1,0,87.25500106811523,210,0,0
INSTANCE_018,0.25,delay30,202,SA,284.4485,364.9916666666667,145.98666666666657,58,65,0.0,1.0,0,49,2,2,0,80.79671859741211,200,1,0
INSTANCE_018,0.25,p85,202,FR,292.2631,418.2956231666666,42.20530999999971,62,65,0.0,0.8306159420289855,14,49,2,1,0,32.948970794677734,200,0,0
INSTANCE_018,0.25,p85,202,NR,284.4485,410.44898866666665,61.3737743333337,61,65,0.0,1.0,0,49,2,2,0,0.0,0,1,0
INSTANCE_018,0.25,p85,202,RG,287.69050000000004,412.96114466666666,60.02622933333328,61,65,0.0,0.9692028985507246,11,49,2,1,0,90.0275707244873,210,0,0
INSTANCE_018,0.25,p85,202,SA,287.69050000000004,412.96114466666666,60.02622933333328,61,65,0.0,0.9692028985507246,11,49,2,1,0,94.0561294555664,210,0,0
INSTANCE_018,0.25,p95,202,FR,290.39340000000004,455.5245016666668,117.5102358333328,58,65,0.0,0.842391304347826,13,49,2,1,0,55.2668571472168,340,0,0
INSTANCE_018,0.25,p95,202,NR,284.4485,450.57039666666674,164.1872108333323,56,65,0.0,1.0,0,49,2,2,0,0.0,0,1,0
INSTANCE_018,0.25,p95,202,RG,287.69050000000004,453.3816033333334,160.76347333333172,56,65,0.0,0.9692028985507246,11,49,2,1,0,91.00103378295898,210,0,0
INSTANCE_018,0.25,p95,202,SA,287.69050000000004,453.3816033333334,160.76347333333172,56,65,0.0,0.9692028985507246,11,49,2,1,0,93.05191040039062,210,0,0
INSTANCE_018,0.5,delay20,202,FR,290.3489,368.75166666666667,56.5133333333332,59,65,0.0,0.7916666666666666,11,33,2,1,0,29.410600662231445,200,0,0
INSTANCE_018,0.5,delay20,202,NR,284.4485,364.9916666666667,75.98666666666657,58,65,0.0,1.0,0,33,2,2,0,0.0,0,1,0
INSTANCE_018,0.5,delay20,202,RG,293.5268,371.4316666666667,67.29666666666662,59,65,0.0,0.8229166666666666,13,33,2,1,0,94.15221214294434,250,0,0
INSTANCE_018,0.5,delay20,202,SA,284.4485,364.9916666666667,75.98666666666657,58,65,0.0,1.0,0,33,2,2,0,73.70138168334961,200,1,0
INSTANCE_018,0.5,delay30,202,FR,290.3489,368.75166666666667,116.5133333333332,59,65,0.0,0.7916666666666666,11,33,2,1,0,28.13196182250977,200,0,0
INSTANCE_018,0.5,delay30,202,NR,284.4485,364.9916666666667,145.98666666666657,58,65,0.0,1.0,0,33,2,2,0,0.0,0,1,0
INSTANCE_018,0.5,delay30,202,RG,298.53880000000004,377.7583333333333,130.32666666666637,58,65,0.0,0.7749999999999999,10,33,2,1,0,117.97332763671876,320,0,0
INSTANCE_018,0.5,delay30,202,SA,292.61260000000004,369.47833333333335,117.23999999999978,59,65,0.0,0.8416666666666667,11,33,2,1,0,124.19795989990234,330,0,0
INSTANCE_018,0.5,p85,202,FR,290.3489,403.738225,25.31695766666633,63,65,0.0,0.7916666666666666,11,33,2,1,0,31.023740768432617,200,0,0
INSTANCE_018,0.5,p85,202,NR,284.4485,399.392041,40.76175133333288,62,65,0.0,1.0,0,33,2,2,0,0.0,0,1,0
INSTANCE_018,0.5,p85,202,RG,293.5268,406.836037,32.148872333332974,62,65,0.0,0.8229166666666666,13,33,2,1,0,102.66757011413574,250,0,0
INSTANCE_018,0.5,p85,202,SA,290.3489,403.738225,25.31695766666633,63,65,0.0,0.7916666666666666,11,33,2,1,0,129.15563583374023,310,0,0
INSTANCE_018,0.5,p95,202,FR,290.3489,434.6179583333334,57.45546166666645,61,65,0.0,0.7916666666666666,11,33,2,1,0,31.13865852355957,200,0,0
INSTANCE_018,0.5,p95,202,NR,284.4485,429.75439833333337,92.8874366666663,60,65,0.0,1.0,0,33,2,2,0,0.0,0,1,0
INSTANCE_018,0.5,p95,202,RG,292.82000000000005,437.12734833333343,59.96485166666639,61,65,0.0,0.7916666666666666,11,33,2,1,0,191.5931701660156,500,0,0
INSTANCE_018,0.5,p95,202,SA,292.61260000000004,435.5579016666667,58.39540499999976,61,65,0.0,0.8416666666666667,11,33,2,1,0,124.64547157287598,330,0,0
INSTANCE_018,0.75,delay20,202,FR,282.0205,362.3616666666667,58.29166666666674,61,65,0.0,0.8214285714285714,4,17,2,1,0,27.09436416625977,200,0,0
INSTANCE_018,0.75,delay20,202,NR,284.4485,364.9916666666667,63.135000000000105,60,65,0.0,1.0,0,17,2,2,0,0.0,0,1,0
INSTANCE_018,0.75,delay20,202,RG,284.4485,364.9916666666667,63.135000000000105,60,65,0.0,1.0,0,17,2,2,0,73.78125190734863,200,1,0
INSTANCE_018,0.75,delay20,202,SA,284.4485,364.9916666666667,63.135000000000105,60,65,0.0,1.0,0,17,2,2,0,74.37682151794434,200,1,0
INSTANCE_018,0.75,delay30,202,FR,282.0205,362.3616666666667,107.87499999999989,60,65,0.0,0.8214285714285714,4,17,2,1,0,29.71744537353516,200,0,0
INSTANCE_018,0.75,delay30,202,NR,284.4485,364.9916666666667,113.1350000000001,60,65,0.0,1.0,0,17,2,2,0,0.0,0,1,0
INSTANCE_018,0.75,delay30,202,RG,284.4485,364.9916666666667,113.1350000000001,60,65,0.0,1.0,0,17,2,2,0,73.39930534362793,200,1,0
INSTANCE_018,0.75,delay30,202,SA,284.4485,364.9916666666667,113.1350000000001,60,65,0.0,1.0,0,17,2,2,0,72.52001762390137,200,1,0
INSTANCE_018,0.75,p85,202,FR,282.0205,381.42563833333327,18.26343283333324,63,65,0.0,0.8214285714285714,4,17,2,1,0,31.24332427978516,200,0,0
INSTANCE_018,0.75,p85,202,NR,284.4485,384.4656553333333,21.303449833333275,63,65,0.0,1.0,0,17,2,2,0,0.0,0,1,0
INSTANCE_018,0.75,p85,202,RG,284.4485,384.4656553333333,21.303449833333275,63,65,0.0,1.0,0,17,2,2,0,77.77118682861328,200,1,0
INSTANCE_018,0.75,p85,202,SA,284.4485,384.4656553333333,21.303449833333275,63,65,0.0,1.0,0,17,2,2,0,78.7355899810791,200,1,0
INSTANCE_018,0.75,p95,202,FR,282.0205,398.251825,31.308600833333458,63,65,0.0,0.8214285714285714,4,17,2,1,0,27.96053886413574,200,0,0
INSTANCE_018,0.75,p95,202,NR,284.4485,401.65373,34.97946999999988,62,65,0.0,1.0,0,17,2,2,0,0.0,0,1,0
INSTANCE_018,0.75,p95,202,RG,284.4485,401.65373,34.97946999999988,62,65,0.0,1.0,0,17,2,2,0,76.79867744445801,200,1,0
INSTANCE_018,0.75,p95,202,SA,284.4485,401.65373,34.97946999999988,62,65,0.0,1.0,0,17,2,2,0,76.11966133117676,200,1,0
INSTANCE_021,0.25,delay20,202,FR,487.8885,523.8966666666666,44.13500000000022,48,53,0.0,0.6380012531328321,30,41,2,0,0,78.42040061950684,530,0,0
INSTANCE_021,0.25,delay20,202,NR,430.105,464.76666666666665,123.73333333333346,44,53,0.0,1.0,0,41,2,2,0,0.0,0,1,0
INSTANCE_021,0.25,delay20,202,RG,440.1851,477.5133333333333,104.4400000000004,46,53,0.0,0.8636591478696741,9,41,2,0,0,115.40579795837402,300,0,0
INSTANCE_021,0.25,delay20,202,SA,432.3988,467.045,85.43833333333362,46,53,0.0,0.8886591478696741,8,41,2,0,0,123.92854690551758,330,0,0
INSTANCE_021,0.25,delay30,202,FR,442.7191,480.39666666666665,106.2700000000001,47,53,0.0,0.6969924812030075,36,41,2,0,0,69.13614273071289,380,0,0
INSTANCE_021,0.25,delay30,202,NR,430.105,464.76666666666665,220.13833333333355,42,53,0.0,1.0,0,41,2,2,0,0.0,0,1,0
INSTANCE_021,0.25,delay30,202,RG,432.3988,467.045,176.11166666666736,42,53,0.0,0.8886591478696741,8,41,2,0,0,132.46440887451172,330,0,0
INSTANCE_021,0.25,delay30,202,SA,440.1361,474.0533333333333,172.2233333333337,43,53,0.0,0.8505639097744361,18,41,2,0,0,146.59857749938965,370,0,0
INSTANCE_021,0.25,p85,202,FR,437.1132,543.7328756666666,44.50575900000081,49,53,0.0,0.7361528822055138,23,41,2,0,0,56.51187896728516,330,0,0
INSTANCE_021,0.25,p85,202,NR,430.105,526.9723256666666,123.16060599999992,47,53,0.0,1.0,0,41,2,2,0,0.0,0,1,0
INSTANCE_021,0.25,p85,202,RG,431.5469,528.9624001666666,83.70475799999986,47,53,0.0,0.9702380952380952,4,41,2,1,0,124.8159408569336,290,0,0
INSTANCE_021,0.25,p85,202,SA,432.5086,530.4092016666666,83.70475799999986,47,53,0.0,0.9577380952380952,4,41,2,1,0,110.9917163848877,250,0,0
INSTANCE_021,0.25,p95,202,FR,429.1004,587.1708283333335,138.91700750000098,45,53,0.0,0.8074874686716791,17,41,2,0,0,46.10443115234375,290,0,0
INSTANCE_021,0.25,p95,202,NR,430.105,581.8761016666667,253.8908700000008,45,53,0.0,1.0,0,41,2,2,0,0.0,0,1,0
INSTANCE_021,0.25,p95,202,RG,431.3307,584.09661,240.64372500000115,44,53,0.0,0.9601190476190476,2,41,2,1,0,122.43199348449708,280,0,0
INSTANCE_021,0.25,p95,202,SA,432.0942,585.0171508333333,238.85869500000115,44,53,0.0,0.9726190476190476,3,41,2,1,0,115.59057235717772,280,0,0
INSTANCE_021,0.5,delay20,202,FR,477.1567,518.9883333333332,32.60500000000002,48,53,0.0,0.6948260073260073,23,27,2,0,0,89.44344520568848,550,0,0
INSTANCE_021,0.5,delay20,202,NR,430.105,464.76666666666665,113.6400000000002,46,53,0.0,1.0,0,27,2,2,0,0.0,0,1,0
INSTANCE_021,0.5,delay20,202,RG,457.9855,491.7216666666667,65.29999999999995,47,53,0.0,0.7994505494505495,14,27,2,1,0,203.9189338684082,500,0,0
INSTANCE_021,0.5,delay20,202,SA,456.6185,497.98,66.80999999999983,47,53,0.0,0.7637362637362637,14,27,2,1,0,213.6936187744141,500,0,0
INSTANCE_021,0.5,delay30,202,FR,477.207,513.4833333333333,104.82833333333384,45,53,0.0,0.6783424908424909,18,27,2,0,0,54.1222095489502,380,0,0
INSTANCE_021,0.5,delay30,202,NR,430.105,464.76666666666665,190.0450000000003,44,53,0.0,1.0,0,27,2,2,0,0.0,0,1,0
INSTANCE_021,0.5,delay30,202,RG,439.2842,473.4966666666666,147.4366666666666,45,53,0.0,0.9010989010989012,14,27,2,1,0,152.4357795715332,390,0,0
INSTANCE_021,0.5,delay30,202,SA,439.2842,473.4966666666666,147.4366666666666,45,53,0.0,0.9010989010989012,14,27,2,1,0,158.83207321166992,410,0,0
INSTANCE_021,0.5,p85,202,FR,451.045,541.8781148333333,13.052814666666675,49,53,0.0,0.7980769230769231,17,27,2,0,0,70.3577995300293,500,0,0
INSTANCE_021,0.5,p85,202,NR,430.105,513.4352688333333,82.54943550000007,47,53,0.0,1.0,0,27,2,2,0,0.0,0,1,0
INSTANCE_021,0.5,p85,202,RG,431.5469,515.4253433333333,48.27610233333314,48,53,0.0,0.9505494505494506,4,27,2,1,0,131.9420337677002,340,0,0
INSTANCE_021,0.5,p85,202,SA,431.5469,515.4253433333333,48.27610233333314,48,53,0.0,0.9505494505494506,4,27,2,1,0,114.86196517944336,290,0,0
INSTANCE_021,0.5,p95,202,FR,449.9355000000001,585.3955891666667,72.32695166666747,47,53,0.0,0.7983058608058609,15,27,2,0,0,59.09466743469238,390,0,0
INSTANCE_021,0.5,p95,202,NR,430.105,556.3910075000001,165.63850750000063,47,53,0.0,1.0,0,27,2,2,0,0.0,0,1,0
INSTANCE_021,0.5,p95,202,RG,431.5469,558.6179833333333,125.53318750000074,47,53,0.0,0.9505494505494506,4,27,2,1,0,131.5937042236328,320,0,0
INSTANCE_021,0.5,p95,202,SA,431.5469,558.6179833333333,125.53318750000074,47,53,0.0,0.9505494505494506,4,27,2,1,0,163.27929496765137,390,0,0
INSTANCE_021,0.75,delay20,202,FR,431.5469,466.4883333333333,42.74166666666656,50,53,0.0,0.8690476190476191,4,14,2,1,0,34.75379943847656,260,0,0
INSTANCE_021,0.75,delay20,202,NR,430.105,464.76666666666665,75.92666666666685,49,53,0.0,1.0,0,14,2,2,0,0.0,0,1,0
INSTANCE_021,0.75,delay20,202,RG,431.5469,466.4883333333333,42.74166666666656,50,53,0.0,0.8690476190476191,4,14,2,1,0,72.17764854431152,200,0,0
INSTANCE_021,0.75,delay20,202,SA,431.5469,466.4883333333333,42.74166666666656,50,53,0.0,0.8690476190476191,4,14,2,1,0,72.87979125976562,200,0,0
INSTANCE_021,0.75,delay30,202,FR,431.5469,466.4883333333333,77.20666666666682,49,53,0.0,0.8690476190476191,4,14,2,1,0,38.75970840454102,280,0,0
INSTANCE_021,0.75,delay30,202,NR,430.105,464.76666666666665,115.92666666666685,49,53,0.0,1.0,0,14,2,2,0,0.0,0,1,0
INSTANCE_021,0.75,delay30,202,RG,431.5469,466.4883333333333,77.20666666666682,49,53,0.0,0.8690476190476191,4,14,2,1,0,75.15287399291992,200,0,0
INSTANCE_021,0.75,delay30,202,SA,431.5469,466.4883333333333,77.20666666666682,49,53,0.0,0.8690476190476191,4,14,2,1,0,72.42035865783691,200,0,0
INSTANCE_021,0.75,p85,202,FR,431.5469,494.427692,23.032620999999835,51,53,0.0,0.8690476190476191,4,14,2,1,0,31.88419342041016,240,0,0
INSTANCE_021,0.75,p85,202,NR,430.105,492.4376175,38.60844900000018,49,53,0.0,1.0,0,14,2,2,0,0.0,0,1,0
INSTANCE_021,0.75,p85,202,RG,431.5469,494.427692,23.032620999999835,51,53,0.0,0.8690476190476191,4,14,2,1,0,70.78289985656738,200,0,0
INSTANCE_021,0.75,p85,202,SA,431.5469,494.427692,23.032620999999835,51,53,0.0,0.8690476190476191,4,14,2,1,0,69.37503814697266,200,0,0
INSTANCE_021,0.75,p95,202,FR,431.5469,519.0874466666668,47.75534083333321,50,53,0.0,0.8690476190476191,4,14,2,1,0,35.6597900390625,260,0,0
INSTANCE_021,0.75,p95,202,NR,430.105,516.8604708333335,76.28011833333369,49,53,0.0,1.0,0,14,2,2,0,0.0,0,1,0
INSTANCE_021,0.75,p95,202,RG,431.5469,519.0874466666668,47.75534083333321,50,53,0.0,0.8690476190476191,4,14,2,1,0,73.47869873046875,200,0,0
INSTANCE_021,0.75,p95,202,SA,431.5469,519.0874466666668,47.75534083333321,50,53,0.0,0.8690476190476191,4,14,2,1,0,75.12688636779785,200,0,0
INSTANCE_022,0.25,delay20,202,FR,395.1695,462.0,38.9400000000004,62,66,0.0,0.7873015873015873,16,50,3,1,0,75.90532302856445,510,0,0
INSTANCE_022,0.25,delay20,202,NR,347.9764,409.4933333333333,68.21333333333382,60,66,0.0,1.0,0,50,3,3,0,0.0,0,1,0
INSTANCE_022,0.25,delay20,202,RG,474.8274,518.3816666666667,22.003333333333785,63,66,0.0,0.7000622471210707,30,50,3,1,0,188.53330612182617,470,0,0
INSTANCE_022,0.25,delay20,202,SA,428.5473,484.6333333333333,15.813333333333505,64,66,0.0,0.7873793962029256,30,50,3,1,0,185.7049465179444,460,0,0
INSTANCE_022,0.25,delay30,202,FR,410.4728,466.4716666666666,44.66833333333386,62,66,0.0,0.7096483037659508,30,50,3,1,0,113.82389068603516,730,0,0
INSTANCE_022,0.25,delay30,202,NR,347.9764,409.4933333333333,130.9933333333339,59,66,0.0,1.0,0,50,3,3,0,0.0,0,1,0
INSTANCE_022,0.25,delay30,202,RG,487.9361,521.99,38.59333333333359,63,66,0.0,0.724727668845316,30,50,3,1,0,262.7677917480469,630,0,0
INSTANCE_022,0.25,delay30,202,SA,443.2917000000001,493.18500000000006,42.98333333333392,61,66,0.0,0.768860877684407,29,50,3,1,0,262.2110843658447,630,0,0
INSTANCE_022,0.25,p85,202,FR,381.36050000000006,489.3100816666666,25.094250833333604,64,66,0.0,0.9071428571428573,6,50,3,1,0,46.655893325805664,320,0,0
INSTANCE_022,0.25,p85,202,NR,347.9764,460.4549646666667,37.35378666666736,62,66,0.0,1.0,0,50,3,3,0,0.0,0,1,0
INSTANCE_022,0.25,p85,202,RG,411.0355,517.1133296666667,0.7055181666667067,65,66,0.0,0.8635698723934017,18,50,3,1,0,144.03820037841797,390,0,0
INSTANCE_022,0.25,p85,202,SA,411.0355,517.1133296666667,0.7055181666667067,65,66,0.0,0.8635698723934017,18,50,3,1,0,144.53816413879397,390,0,0
INSTANCE_022,0.25,p95,202,FR,397.48280000000005,554.9325033333333,31.11155916666678,64,66,0.0,0.8428727046374105,18,50,3,1,0,54.755449295043945,350,0,0
INSTANCE_022,0.25,p95,202,NR,347.9764,505.43457,88.28413333333367,62,66,0.0,1.0,0,50,3,3,0,0.0,0,1,0
INSTANCE_022,0.25,p95,202,RG,459.2755000000001,632.6330483333334,28.00927833333344,65,66,0.0,0.7301742919389979,29,50,3,1,0,152.15539932250977,370,0,0
INSTANCE_022,0.25,p95,202,SA,450.0528000000001,626.7260650000001,28.00927833333344,65,66,0.0,0.756364768129474,30,50,3,1,0,164.12925720214844,400,0,0
INSTANCE_022,0.5,delay20,202,FR,411.8797,462.1916666666666,2.116666666666788,64,66,0.0,0.773063973063973,18,33,3,1,0,70.89900970458984,460,0,0
INSTANCE_022,0.5,delay20,202,NR,347.9764,409.4933333333333,43.32666666666705,62,66,0.0,1.0,0,33,3,3,0,0.0,0,1,0
INSTANCE_022,0.5,delay20,202,RG,416.8203,464.9466666666666,1.6666666666667425,65,66,0.0,0.8212121212121213,19,33,3,1,0,139.09673690795898,340,0,0
INSTANCE_022,0.5,delay20,202,SA,416.8203,464.9466666666666,1.6666666666667425,65,66,0.0,0.8212121212121213,19,33,3,1,0,143.51844787597656,340,0,0
INSTANCE_022,0.5,delay30,202,FR,418.2204,467.3666666666667,20.310000000000286,64,66,0.0,0.7471380471380472,19,33,3,1,0,70.29032707214355,470,0,0
INSTANCE_022,0.5,delay30,202,NR,347.9764,409.4933333333333,83.32666666666705,62,66,0.0,1.0,0,33,3,3,0,0.0,0,1,0
INSTANCE_022,0.5,delay30,202,RG,421.7359,468.7233333333333,29.078333333333944,62,66,0.0,0.8186868686868687,19,33,3,1,0,143.66507530212402,350,0,0
INSTANCE_022,0.5,delay30,202,SA,416.8203,464.9466666666666,20.310000000000286,64,66,0.0,0.8212121212121213,19,33,3,1,0,139.64915275573733,340,0,0
INSTANCE_022,0.5,p85,202,FR,365.92680000000007,464.566409,4.22721550000017,65,66,0.0,0.8925925925925927,14,33,3,1,0,62.096357345581055,420,0,0
INSTANCE_022,0.5,p85,202,NR,347.9764,447.432118,19.05001666666704,63,66,0.0,1.0,0,33,3,3,0,0.0,0,1,0
INSTANCE_022,0.5,p85,202,RG,407.551,503.273647,0.0,66,66,0.0,0.8471380471380471,19,33,3,1,0,168.1222915649414,420,0,0
INSTANCE_022,0.5,p85,202,SA,398.3429,494.4156,1.6038556666667318,65,66,0.0,0.8989898989898991,9,33,3,2,0,136.34800910949707,340,0,0
INSTANCE_022,0.5,p95,202,FR,370.2555,505.7678275,25.374826666666536,64,66,0.0,0.8185185185185185,13,33,3,1,0,59.08417701721192,400,0,0
INSTANCE_022,0.5,p95,202,NR,347.9764,480.91753666666665,52.05108333333351,63,66,0.0,1.0,0,33,3,3,0,0.0,0,1,0
INSTANCE_022,0.5,p95,202,RG,413.676,543.9303891666666,21.662170833333448,65,66,0.0,0.7858585858585858,19,33,3,1,0,128.25727462768555,320,0,0
INSTANCE_022,0.5,p95,202,SA,416.8203,552.6464233333334,13.42378916666678,64,66,0.0,0.8212121212121213,19,33,3,1,0,135.3590488433838,340,0,0
INSTANCE_022,0.75,delay20,202,FR,356.7187,416.65333333333336,9.993333333333569,64,66,0.0,0.8555555555555555,4,17,3,2,0,51.12314224243164,320,0,0
INSTANCE_022,0.75,delay20,202,NR,347.9764,409.4933333333333,25.62333333333356,64,66,0.0,1.0,0,17,3,3,0,0.0,0,1,0
INSTANCE_022,0.75,delay20,202,RG,356.7187,416.65333333333336,9.993333333333569,64,66,0.0,0.8555555555555555,4,17,3,2,0,145.1270580291748,350,0,0
INSTANCE_022,0.75,delay20,202,SA,356.7187,416.65333333333336,9.993333333333569,64,66,0.0,0.8555555555555555,4,17,3,2,0,164.2770767211914,400,0,0
INSTANCE_022,0.75,delay30,202,FR,356.7187,416.65333333333336,29.993333333333567,64,66,0.0,0.8555555555555555,4,17,3,2,0,46.90837860107422,320,0,0
INSTANCE_022,0.75,delay30,202,NR,347.9764,409.4933333333333,45.62333333333356,64,66,0.0,1.0,0,17,3,3,0,0.0,0,1,0
INSTANCE_022,0.75,delay30,202,RG,356.7187,416.65333333333336,29.993333333333567,64,66,0.0,0.8555555555555555,4,17,3,2,0,137.33291625976562,350,0,0
INSTANCE_022,0.75,delay30,202,SA,356.7187,416.65333333333336,29.993333333333567,64,66,0.0,0.8555555555555555,4,17,3,2,0,143.0673599243164,350,0,0
INSTANCE_022,0.75,p85,202,FR,356.7187,438.7537173333333,0.0,66,66,0.0,0.8555555555555555,4,17,3,2,0,53.98201942443848,350,0,0
INSTANCE_022,0.75,p85,202,NR,347.9764,430.4774733333333,9.41206000000011,65,66,0.0,1.0,0,17,3,3,0,0.0,0,1,0
INSTANCE_022,0.75,p85,202,RG,356.7187,438.7537173333333,0.0,66,66,0.0,0.8555555555555555,4,17,3,2,0,152.32014656066897,360,0,0
INSTANCE_022,0.75,p85,202,SA,359.807,439.92695583333335,0.0,66,66,0.0,0.888888888888889,4,17,3,2,0,156.90231323242188,380,0,0
INSTANCE_022,0.75,p95,202,FR,356.7187,458.25989333333337,6.245953333333318,65,66,0.0,0.8555555555555555,4,17,3,2,0,49.49045181274414,320,0,0
INSTANCE_022,0.75,p95,202,NR,347.9764,448.99843333333337,23.506356666666875,64,66,0.0,1.0,0,17,3,3,0,0.0,0,1,0
INSTANCE_022,0.75,p95,202,RG,356.7187,458.25989333333337,6.245953333333318,65,66,0.0,0.8555555555555555,4,17,3,2,0,148.58198165893555,360,0,0
INSTANCE_022,0.75,p95,202,SA,356.7187,458.25989333333337,6.245953333333318,65,66,0.0,0.8555555555555555,4,17,3,2,0,159.2729091644287,400,0,0
INSTANCE_025,0.25,delay20,202,FR,349.2246,383.27,85.00000000000011,56,61,0.0,0.7650338791643139,19,46,2,0,0,32.469987869262695,210,0,0
INSTANCE_025,0.25,delay20,202,NR,342.96770000000004,376.8733333333333,97.53666666666686,53,61,0.0,1.0,0,46,2,2,0,0.0,0,1,0
INSTANCE_025,0.25,delay20,202,RG,343.5156,378.18000000000006,94.54166666666696,54,61,0.0,0.8755411255411255,8,46,2,1,0,83.13655853271484,210,0,0
INSTANCE_025,0.25,delay20,202,SA,348.4095,380.8466666666667,88.45500000000027,55,61,0.0,0.841120835686053,23,46,2,0,0,129.1801929473877,310,0,0
INSTANCE_025,0.25,delay30,202,FR,349.2246,383.27,162.4933333333339,51,61,0.0,0.7650338791643139,19,46,2,0,0,34.38162803649902,210,0,0
INSTANCE_025,0.25,delay30,202,NR,342.96770000000004,376.8733333333333,202.21500000000023,49,61,0.0,1.0,0,46,2,2,0,0.0,0,1,0
INSTANCE_025,0.25,delay30,202,RG,369.357,400.4016666666667,160.5416666666673,52,61,0.0,0.742388951628082,32,46,2,0,0,180.3860664367676,410,0,0
INSTANCE_025,0.25,delay30,202,SA,369.838,400.9016666666666,162.04166666666697,52,61,0.0,0.742388951628082,32,46,2,0,0,187.91484832763672,410,0,0
INSTANCE_025,0.25,p85,202,FR,349.2246,432.28470016666665,63.473973500000056,56,61,0.0,0.7650338791643139,19,46,2,0,0,32.64904022216797,210,0,0
INSTANCE_025,0.25,p85,202,NR,342.96770000000004,424.8907931666666,73.72280533333412,53,61,0.0,1.0,0,46,2,2,0,0.0,0,1,0
INSTANCE_025,0.25,p85,202,RG,343.5156,426.40116916666665,67.99639350000007,55,61,0.0,0.8755411255411255,8,46,2,1,0,82.8251838684082,210,0,0
INSTANCE_025,0.25,p85,202,SA,343.5156,426.40116916666665,67.99639350000007,55,61,0.0,0.8755411255411255,8,46,2,1,0,87.73970603942871,210,0,0
INSTANCE_025,0.25,p95,202,FR,354.82720000000006,483.3802091666668,163.97464333333437,53,61,0.0,0.7639516280820629,20,46,2,0,0,33.26821327209473,220,0,0
INSTANCE_025,0.25,p95,202,NR,342.96770000000004,467.2718225000001,232.43438000000103,49,61,0.0,1.0,0,46,2,2,0,0.0,0,1,0
INSTANCE_025,0.25,p95,202,RG,349.1182,476.7962941666667,190.41460750000147,51,61,0.0,0.8744588744588744,9,46,2,1,0,86.11869812011719,220,0,0
INSTANCE_025,0.25,p95,202,SA,349.1182,476.7962941666667,190.41460750000147,51,61,0.0,0.8744588744588744,9,46,2,1,0,83.0068588256836,220,0,0
INSTANCE_025,0.5,delay20,202,FR,348.6578,381.9033333333333,60.59666666666669,57,61,0.0,0.6455357142857143,17,31,2,0,0,56.95772171020508,280,0,0
INSTANCE_025,0.5,delay20,202,NR,342.96770000000004,376.8733333333333,73.79833333333374,55,61,0.0,1.0,0,31,2,2,0,0.0,0,1,0
INSTANCE_025,0.5,delay20,202,RG,377.4867,405.4616666666667,50.364999999999895,57,61,0.0,0.7160714285714285,19,31,2,0,0,137.49957084655762,320,0,0
INSTANCE_025,0.5,delay20,202,SA,376.496,405.6933333333334,54.270000000000095,56,61,0.0,0.94375,12,31,2,1,0,86.42435073852539,200,0,0
INSTANCE_025,0.5,delay30,202,FR,348.6767,381.9633333333333,130.70166666666728,53,61,0.0,0.8208333333333333,11,31,2,1,0,32.091379165649414,200,0,0
INSTANCE_025,0.5,delay30,202,NR,342.96770000000004,376.8733333333333,151.74666666666724,52,61,0.0,1.0,0,31,2,2,0,0.0,0,1,0
INSTANCE_025,0.5,delay30,202,RG,385.6603,417.0,104.26333333333343,55,61,0.0,0.5166666666666666,21,31,2,0,0,131.53791427612305,310,0,0
INSTANCE_025,0.5,delay30,202,SA,380.28640000000007,409.865,107.3016666666672,54,61,0.0,0.7520833333333333,19,31,2,0,0,118.04437637329102,280,0,0
INSTANCE_025,0.5,p85,202,FR,342.9488,406.335947,20.062568500000225,59,61,0.0,0.7726190476190475,8,31,2,1,0,43.24030876159668,250,0,0
INSTANCE_025,0.5,p85,202,NR,342.96770000000004,406.278152,21.92527900000061,58,61,0.0,1.0,0,31,2,2,0,0.0,0,1,0
INSTANCE_025,0.5,p85,202,RG,376.47710000000006,439.648985,11.642796500000143,60,61,0.0,0.7723214285714286,18,31,2,0,0,117.40732192993164,270,0,0
INSTANCE_025,0.5,p85,202,SA,376.496,439.59119,13.505507000000648,59,61,0.0,0.94375,12,31,2,1,0,85.74390411376953,200,0,0
INSTANCE_025,0.5,p95,202,FR,380.6598,474.8521716666668,50.04937500000028,57,61,0.0,0.6160714285714286,20,31,2,0,0,63.350677490234375,400,0,0
INSTANCE_025,0.5,p95,202,NR,342.96770000000004,432.2313466666668,72.21248666666713,55,61,0.0,1.0,0,31,2,2,0,0.0,0,1,0
INSTANCE_025,0.5,p95,202,RG,377.4867,469.2103558333333,48.70197916666689,57,61,0.0,0.7160714285714285,19,31,2,0,0,134.59444046020508,320,0,0
INSTANCE_025,0.5,p95,202,SA,376.47710000000006,469.5746916666667,49.06631500000026,57,61,0.0,0.7723214285714286,18,31,2,0,0,117.9654598236084,270,0,0
INSTANCE_025,0.75,delay20,202,FR,342.9488,376.92333333333335,53.35000000000037,56,61,0.0,0.6428571428571428,6,16,2,1,0,29.978513717651367,210,0,0
INSTANCE_025,0.75,delay20,202,NR,342.96770000000004,376.8733333333333,56.900000000000425,56,61,0.0,1.0,0,16,2,2,0,0.0,0,1,0
INSTANCE_025,0.75,delay20,202,RG,342.9488,376.92333333333335,53.35000000000037,56,61,0.0,0.6428571428571428,6,16,2,1,0,81.99405670166016,210,0,0
INSTANCE_025,0.75,delay20,202,SA,342.96770000000004,376.8733333333333,56.900000000000425,56,61,0.0,1.0,0,16,2,2,0,76.98178291320801,200,1,0
INSTANCE_025,0.75,delay30,202,FR,342.9488,376.92333333333335,120.07166666666716,53,61,0.0,0.6428571428571428,6,16,2,1,0,44.44003105163574,210,0,0
INSTANCE_025,0.75,delay30,202,NR,342.96770000000004,376.8733333333333,124.84833333333393,53,61,0.0,1.0,0,16,2,2,0,0.0,0,1,0
INSTANCE_025,0.75,delay30,202,RG,342.9488,376.92333333333335,120.07166666666716,53,61,0.0,0.6428571428571428,6,16,2,1,0,117.9044246673584,210,0,0
INSTANCE_025,0.75,delay30,202,SA,342.96770000000004,376.8733333333333,124.84833333333393,53,61,0.0,1.0,0,16,2,2,0,112.65373229980467,200,1,0
INSTANCE_025,0.75,p85,202,FR,342.96770000000004,392.233121,5.701591500000063,59,61,0.0,1.0,0,16,2,2,0,31.379222869873047,200,1,0
INSTANCE_025,0.75,p85,202,NR,342.96770000000004,392.233121,5.701591500000063,59,61,0.0,1.0,0,16,2,2,0,0.0,0,1,0
INSTANCE_025,0.75,p85,202,RG,346.1913,395.6025694999999,4.416615999999976,59,61,0.0,0.6696428571428572,6,16,2,1,0,129.4703483581543,310,0,0
INSTANCE_025,0.75,p85,202,SA,342.96770000000004,392.233121,5.701591500000063,59,61,0.0,1.0,0,16,2,2,0,84.84172821044922,200,1,0
INSTANCE_025,0.75,p95,202,FR,342.9488,405.85460666666665,13.763270833333424,59,61,0.0,0.6428571428571428,6,16,2,1,0,32.439470291137695,210,0,0
INSTANCE_025,0.75,p95,202,NR,342.96770000000004,405.7899316666667,14.04088333333334,58,61,0.0,1.0,0,16,2,2,0,0.0,0,1,0
INSTANCE_025,0.75,p95,202,RG,342.9488,405.85460666666665,13.763270833333424,59,61,0.0,0.6428571428571428,6,16,2,1,0,87.28384971618652,210,0,0
INSTANCE_025,0.75,p95,202,SA,342.96770000000004,405.7899316666667,14.04088333333334,58,61,0.0,1.0,0,16,2,2,0,84.47790145874023,200,1,0
INSTANCE_026,0.25,delay20,202,FR,396.1248000000001,425.375,2.461666666666815,48,49,0.0,0.8442839635854342,16,38,2,0,0,47.87278175354004,310,0,0
INSTANCE_026,0.25,delay20,202,NR,375.3776,408.5516666666666,43.11833333333357,46,49,0.0,1.0,0,38,2,2,0,0.0,0,1,0
INSTANCE_026,0.25,delay20,202,RG,380.12340000000006,407.9316666666666,26.71000000000015,47,49,0.0,0.8740808823529411,6,38,2,1,0,88.93084526062012,220,0,0
INSTANCE_026,0.25,delay20,202,SA,388.5469000000001,411.9116666666666,26.71000000000015,47,49,0.0,0.9476102941176472,4,38,2,1,0,81.47478103637695,200,0,0
INSTANCE_026,0.25,delay30,202,FR,380.1445000000001,408.9866666666666,46.71000000000015,47,49,0.0,0.9145220588235294,4,38,2,1,0,33.883094787597656,230,0,0
INSTANCE_026,0.25,delay30,202,NR,375.3776,408.5516666666666,73.11833333333357,46,49,0.0,1.0,0,38,2,2,0,0.0,0,1,0
INSTANCE_026,0.25,delay30,202,RG,380.12340000000006,407.9316666666666,46.71000000000015,47,49,0.0,0.8740808823529411,6,38,2,1,0,84.26523208618164,220,0,0
INSTANCE_026,0.25,delay30,202,SA,388.5469000000001,411.9116666666666,46.71000000000015,47,49,0.0,0.9476102941176472,4,38,2,1,0,75.88744163513184,200,0,0
INSTANCE_026,0.25,p85,202,FR,380.1445000000001,461.62006566666656,0.0,49,49,0.0,0.9145220588235294,4,38,2,1,0,35.1870059967041,230,0,0
INSTANCE_026,0.25,p85,202,NR,375.3776,461.11724916666657,8.699489333333531,48,49,0.0,1.0,0,38,2,2,0,0.0,0,1,0
INSTANCE_026,0.25,p85,202,RG,380.12340000000006,460.4005911666666,0.0,49,49,0.0,0.8740808823529411,6,38,2,1,0,86.19427680969238,220,0,0
INSTANCE_026,0.25,p85,202,SA,388.5469000000001,465.0010731666666,0.0,49,49,0.0,0.9476102941176472,4,38,2,1,0,79.90288734436035,200,0,0
INSTANCE_026,0.25,p95,202,FR,380.1445000000001,508.07520166666666,9.061627499999872,47,49,0.0,0.9145220588235294,4,38,2,1,0,35.013437271118164,230,0,0
INSTANCE_026,0.25,p95,202,NR,375.3776,507.5125291666667,28.609500833333414,46,49,0.0,1.0,0,38,2,2,0,0.0,0,1,0
INSTANCE_026,0.25,p95,202,RG,380.12340000000006,506.7105591666667,9.061627499999872,47,49,0.0,0.8740808823529411,6,38,2,1,0,87.33391761779785,220,0,0
INSTANCE_026,0.25,p95,202,SA,388.5469000000001,511.8586891666666,9.061627499999872,47,49,0.0,0.9476102941176472,4,38,2,1,0,86.13204956054688,200,0,0
INSTANCE_026,0.5,delay20,202,FR,375.5280000000001,408.4216666666666,8.796666666666852,48,49,0.0,0.6215284715284716,19,25,2,0,0,70.3887939453125,450,0,0
INSTANCE_026,0.5,delay20,202,NR,375.3776,408.5516666666666,25.38333333333356,47,49,0.0,1.0,0,25,2,2,0,0.0,0,1,0
INSTANCE_026,0.5,delay20,202,RG,390.739,421.24,0.0,49,49,0.0,0.7077172827172827,15,25,2,0,0,165.52066802978516,390,0,0
INSTANCE_026,0.5,delay20,202,SA,394.5379,426.2116666666666,0.0,49,49,0.0,0.8768731268731269,11,25,2,0,0,134.26637649536133,320,0,0
INSTANCE_026,0.5,delay30,202,FR,380.9518000000001,409.725,18.79666666666685,48,49,0.0,0.5692557442557443,18,25,2,0,0,58.990478515625,380,0,0
INSTANCE_026,0.5,delay30,202,NR,375.3776,408.5516666666666,45.38333333333355,47,49,0.0,1.0,0,25,2,2,0,0.0,0,1,0
INSTANCE_026,0.5,delay30,202,RG,380.2147000000001,407.62,18.79666666666685,48,49,0.0,0.6857392607392607,12,25,2,0,0,136.6124153137207,330,0,0
INSTANCE_026,0.5,delay30,202,SA,380.1182,407.70833333333337,18.975000000000136,48,49,0.0,0.9090909090909092,6,25,2,1,0,102.77867317199708,260,0,0
INSTANCE_026,0.5,p85,202,FR,375.40260000000006,450.9491051666665,0.0,49,49,0.0,0.7863636363636364,10,25,2,1,0,43.11490058898926,300,0,0
INSTANCE_026,0.5,p85,202,NR,375.3776,451.0203856666666,2.039441333333457,48,49,0.0,1.0,0,25,2,2,0,0.0,0,1,0
INSTANCE_026,0.5,p85,202,RG,375.5884,451.07047466666654,0.0,49,49,0.0,0.8340909090909091,8,25,2,1,0,128.7708282470703,320,0,0
INSTANCE_026,0.5,p85,202,SA,375.3776,451.0203856666666,2.039441333333457,48,49,0.0,1.0,0,25,2,2,0,79.53953742980957,200,1,0
INSTANCE_026,0.5,p95,202,FR,375.40260000000006,488.4242358333333,0.0,49,49,0.0,0.7863636363636364,10,25,2,1,0,45.13740539550781,300,0,0
INSTANCE_026,0.5,p95,202,NR,375.3776,488.5040016666667,7.009553333333543,48,49,0.0,1.0,0,25,2,2,0,0.0,0,1,0
INSTANCE_026,0.5,p95,202,RG,375.5884,488.5600533333333,0.0,49,49,0.0,0.8340909090909091,8,25,2,1,0,127.37774848937988,320,0,0
INSTANCE_026,0.5,p95,202,SA,383.8618,493.8224425,0.0,49,49,0.0,0.931818181818182,4,25,2,1,0,106.02807998657228,260,0,0
INSTANCE_026,0.75,delay20,202,FR,375.3776,408.5516666666666,0.0,49,49,0.0,1.0,0,13,2,2,0,28.36918830871582,200,1,0
INSTANCE_026,0.75,delay20,202,NR,375.3776,408.5516666666666,0.0,49,49,0.0,1.0,0,13,2,2,0,0.0,0,1,0
INSTANCE_026,0.75,delay20,202,RG,375.3776,408.5516666666666,0.0,49,49,0.0,1.0,0,13,2,2,0,79.81491088867188,200,1,0
INSTANCE_026,0.75,delay20,202,SA,375.3776,408.5516666666666,0.0,49,49,0.0,1.0,0,13,2,2,0,79.3159008026123,200,1,0
INSTANCE_026,0.75,delay30,202,FR,375.3776,408.5516666666666,0.0,49,49,0.0,1.0,0,13,2,2,0,29.36410903930664,200,1,0
INSTANCE_026,0.75,delay30,202,NR,375.3776,408.5516666666666,0.0,49,49,0.0,1.0,0,13,2,2,0,0.0,0,1,0
INSTANCE_026,0.75,delay30,202,RG,375.3776,408.5516666666666,0.0,49,49,0.0,1.0,0,13,2,2,0,79.67352867126465,200,1,0
INSTANCE_026,0.75,delay30,202,SA,375.3776,408.5516666666666,0.0,49,49,0.0,1.0,0,13,2,2,0,77.15487480163574,200,1,0
INSTANCE_026,0.75,p85,202,FR,375.3776,433.4774783333333,0.0,49,49,0.0,1.0,0,13,2,2,0,29.25252914428711,200,1,0
INSTANCE_026,0.75,p85,202,NR,375.3776,433.4774783333333,0.0,49,49,0.0,1.0,0,13,2,2,0,0.0,0,1,0
INSTANCE_026,0.75,p85,202,RG,375.3776,433.4774783333333,0.0,49,49,0.0,1.0,0,13,2,2,0,79.8037052154541,200,1,0
INSTANCE_026,0.75,p85,202,SA,375.3776,433.4774783333333,0.0,49,49,0.0,1.0,0,13,2,2,0,78.27568054199219,200,1,0
INSTANCE_026,0.75,p95,202,FR,375.3776,455.477425,0.0,49,49,0.0,1.0,0,13,2,2,0,26.2300968170166,200,1,0
INSTANCE_026,0.75,p95,202,NR,375.3776,455.477425,0.0,49,49,0.0,1.0,0,13,2,2,0,0.0,0,1,0
INSTANCE_026,0.75,p95,202,RG,375.3776,455.477425,0.0,49,49,0.0,1.0,0,13,2,2,0,73.0893611907959,200,1,0
INSTANCE_026,0.75,p95,202,SA,375.3776,455.477425,0.0,49,49,0.0,1.0,0,13,2,2,0,71.90155982971191,200,1,0
INSTANCE_027,0.25,delay20,202,FR,309.7848,329.83833333333337,26.168333333333408,60,64,0.0,0.8484848484848485,10,49,2,1,0,35.44187545776367,220,0,0
INSTANCE_027,0.25,delay20,202,NR,295.5573999999999,314.0783333333334,32.678333333333285,59,64,0.0,1.0,0,49,2,2,0,0.0,0,1,0
INSTANCE_027,0.25,delay20,202,RG,295.5573999999999,314.0783333333334,32.678333333333285,59,64,0.0,1.0,0,49,2,2,0,86.08675003051758,200,1,0
INSTANCE_027,0.25,delay20,202,SA,295.5573999999999,314.0783333333334,32.678333333333285,59,64,0.0,1.0,0,49,2,2,0,85.65378189086914,200,1,0
INSTANCE_027,0.25,delay30,202,FR,306.26199999999994,327.35166666666674,69.47500000000014,59,64,0.0,0.8365800865800865,10,49,2,1,0,36.39507293701172,220,0,0
INSTANCE_027,0.25,delay30,202,NR,295.5573999999999,314.0783333333334,86.72166666666658,57,64,0.0,1.0,0,49,2,2,0,0.0,0,1,0
INSTANCE_027,0.25,delay30,202,RG,295.5573999999999,314.0783333333334,86.72166666666658,57,64,0.0,1.0,0,49,2,2,0,84.44905281066895,200,1,0
INSTANCE_027,0.25,delay30,202,SA,295.5573999999999,314.0783333333334,86.72166666666658,57,64,0.0,1.0,0,49,2,2,0,86.41910552978516,200,1,0
INSTANCE_027,0.25,p85,202,FR,309.7848,369.0263966666666,6.362020333333362,63,64,0.0,0.8484848484848485,10,49,2,1,0,35.08567810058594,220,0,0
INSTANCE_027,0.25,p85,202,NR,295.5573999999999,350.8094126666666,14.701398166666422,62,64,0.0,1.0,0,49,2,2,0,0.0,0,1,0
INSTANCE_027,0.25,p85,202,RG,295.5573999999999,350.8094126666666,14.701398166666422,62,64,0.0,1.0,0,49,2,2,0,79.66113090515137,200,1,0
INSTANCE_027,0.25,p85,202,SA,295.5573999999999,350.8094126666666,14.701398166666422,62,64,0.0,1.0,0,49,2,2,0,76.81536674499512,200,1,0
INSTANCE_027,0.25,p95,202,FR,295.5573999999999,383.2288899999999,58.689403333333765,59,64,0.0,1.0,0,49,2,2,0,33.008575439453125,200,1,0
INSTANCE_027,0.25,p95,202,NR,295.5573999999999,383.2288899999999,58.689403333333765,59,64,0.0,1.0,0,49,2,2,0,0.0,0,1,0
INSTANCE_027,0.25,p95,202,RG,295.5573999999999,383.2288899999999,58.689403333333765,59,64,0.0,1.0,0,49,2,2,0,83.0845832824707,200,1,0
INSTANCE_027,0.25,p95,202,SA,295.5573999999999,383.2288899999999,58.689403333333765,59,64,0.0,1.0,0,49,2,2,0,82.09419250488281,200,1,0
INSTANCE_027,0.5,delay20,202,FR,280.7475999999999,301.9833333333334,25.995000000000232,61,64,0.0,0.6666666666666666,15,33,2,1,0,58.80093574523926,390,0,0
INSTANCE_027,0.5,delay20,202,NR,295.5573999999999,314.0783333333334,32.50500000000011,60,64,0.0,1.0,0,33,2,2,0,0.0,0,1,0
INSTANCE_027,0.5,delay20,202,RG,319.5667,337.95500000000004,25.995000000000232,61,64,0.0,0.6166666666666667,14,33,2,1,0,91.55607223510742,220,0,0
INSTANCE_027,0.5,delay20,202,SA,326.88899999999995,345.4000000000001,25.995000000000232,61,64,0.0,0.9404761904761904,11,33,2,1,0,82.52239227294922,200,0,0
INSTANCE_027,0.5,delay30,202,FR,280.7475999999999,301.9833333333334,59.30166666666696,60,64,0.0,0.6666666666666666,15,33,2,1,0,60.446977615356445,390,0,0
INSTANCE_027,0.5,delay30,202,NR,295.5573999999999,314.0783333333334,76.5483333333334,58,64,0.0,1.0,0,33,2,2,0,0.0,0,1,0
INSTANCE_027,0.5,delay30,202,RG,329.7304,348.0766666666667,61.69666666666694,59,64,0.0,0.913095238095238,6,33,2,1,0,93.2769775390625,220,0,0
INSTANCE_027,0.5,delay30,202,SA,329.7304,348.0766666666667,61.69666666666694,59,64,0.0,0.913095238095238,6,33,2,1,0,93.7209129333496,220,0,0
INSTANCE_027,0.5,p85,202,FR,280.7475999999999,326.68906616666663,1.618762833333335,63,64,0.0,0.6666666666666666,15,33,2,1,0,59.708595275878906,390,0,0
INSTANCE_027,0.5,p85,202,NR,295.5573999999999,340.66967666666665,4.561662166666224,62,64,0.0,1.0,0,33,2,2,0,0.0,0,1,0
INSTANCE_027,0.5,p85,202,RG,298.3988999999999,343.7636356666667,1.618762833333335,63,64,0.0,0.9488095238095238,15,33,2,1,0,93.01424026489258,220,0,0
INSTANCE_027,0.5,p85,202,SA,298.3988999999999,343.7636356666667,1.618762833333335,63,64,0.0,0.9488095238095238,15,33,2,1,0,96.22788429260254,220,0,0
INSTANCE_027,0.5,p95,202,FR,280.7475999999999,348.4947675,3.477050833333351,63,64,0.0,0.6666666666666666,15,33,2,1,0,58.969974517822266,390,0,0
INSTANCE_027,0.5,p95,202,NR,295.5573999999999,364.13965,20.923907499999927,62,64,0.0,1.0,0,33,2,2,0,0.0,0,1,0
INSTANCE_027,0.5,p95,202,RG,329.7304,408.11649416666666,5.131554999999935,62,64,0.0,0.913095238095238,6,33,2,1,0,89.46895599365234,220,0,0
INSTANCE_027,0.5,p95,202,SA,329.7304,408.11649416666666,5.131554999999935,62,64,0.0,0.913095238095238,6,33,2,1,0,91.1097526550293,220,0,0
INSTANCE_027,0.75,delay20,202,FR,295.5574,314.0783333333333,3.4933333333333394,63,64,0.0,0.7857142857142857,6,17,2,1,0,28.242111206054688,200,0,0
INSTANCE_027,0.75,delay20,202,NR,295.5573999999999,314.0783333333334,10.003333333333217,62,64,0.0,1.0,0,17,2,2,0,0.0,0,1,0
INSTANCE_027,0.75,delay20,202,RG,300.3578999999999,318.51500000000004,7.371666666666669,62,64,0.0,0.875,2,17,2,1,0,76.82538032531738,210,0,0
INSTANCE_027,0.75,delay20,202,SA,295.55749999999995,314.0783333333334,3.4933333333333394,63,64,0.0,0.9017857142857144,4,17,2,1,0,140.08259773254397,360,0,0
INSTANCE_027,0.75,delay30,202,FR,295.5574,314.0783333333333,22.561666666666497,61,64,0.0,0.7857142857142857,6,17,2,1,0,30.323028564453125,200,0,0
INSTANCE_027,0.75,delay30,202,NR,295.5573999999999,314.0783333333334,30.73999999999978,61,64,0.0,1.0,0,17,2,2,0,0.0,0,1,0
INSTANCE_027,0.75,delay30,202,RG,295.5574,314.0783333333333,22.561666666666497,61,64,0.0,0.7857142857142857,6,17,2,1,0,135.54644584655762,330,0,0
INSTANCE_027,0.75,delay30,202,SA,295.5573999999999,314.0783333333334,30.73999999999978,61,64,0.0,1.0,0,17,2,2,0,83.96363258361816,200,1,0
INSTANCE_027,0.75,p85,202,FR,295.5573999999999,328.68408466666665,0.0,64,64,0.0,1.0,0,17,2,2,0,30.63654899597168,200,1,0
INSTANCE_027,0.75,p85,202,NR,295.5573999999999,328.68408466666665,0.0,64,64,0.0,1.0,0,17,2,2,0,0.0,0,1,0
INSTANCE_027,0.75,p85,202,RG,295.55749999999995,328.68408466666665,0.0,64,64,0.0,0.8214285714285714,4,17,2,1,0,100.2495288848877,240,0,0
INSTANCE_027,0.75,p85,202,SA,295.5573999999999,328.68408466666665,0.0,64,64,0.0,1.0,0,17,2,2,0,94.10643577575684,200,1,0
INSTANCE_027,0.75,p95,202,FR,295.5574,341.57537,0.0,64,64,0.0,0.7857142857142857,6,17,2,1,0,31.322717666625977,200,0,0
INSTANCE_027,0.75,p95,202,NR,295.5573999999999,341.57537,1.706451666666453,63,64,0.0,1.0,0,17,2,2,0,0.0,0,1,0
INSTANCE_027,0.75,p95,202,RG,300.3578999999999,347.3141983333333,0.0,64,64,0.0,0.875,2,17,2,1,0,86.66539192199707,210,0,0
INSTANCE_027,0.75,p95,202,SA,295.5573999999999,341.57537,1.706451666666453,63,64,0.0,1.0,0,17,2,2,0,82.48686790466309,200,1,0
INSTANCE_028,0.25,delay20,202,FR,306.9923,363.4966666666666,125.21833333333312,56,64,0.0,1.0,0,49,2,2,0,29.48451042175293,200,1,0
INSTANCE_028,0.25,delay20,202,NR,306.9923,363.4966666666666,125.21833333333312,56,64,0.0,1.0,0,49,2,2,0,0.0,0,1,0
INSTANCE_028,0.25,delay20,202,RG,311.35040000000004,363.2616666666668,121.1616666666664,56,64,0.0,0.9264069264069263,4,49,2,1,0,93.56379508972168,230,0,0
INSTANCE_028,0.25,delay20,202,SA,311.35040000000004,363.2616666666668,121.1616666666664,56,64,0.0,0.9264069264069263,4,49,2,1,0,93.53852272033691,230,0,0
INSTANCE_028,0.25,delay30,202,FR,319.3736,372.1950000000001,202.01166666666583,54,64,0.0,0.8625541125541125,10,49,2,1,0,64.65530395507812,400,0,0
INSTANCE_028,0.25,delay30,202,NR,306.9923,363.4966666666666,218.3299999999996,52,64,0.0,1.0,0,49,2,2,0,0.0,0,1,0
INSTANCE_028,0.25,delay30,202,RG,311.35040000000004,363.2616666666668,213.0066666666662,53,64,0.0,0.9264069264069263,4,49,2,1,0,96.13394737243652,230,0,0
INSTANCE_028,0.25,delay30,202,SA,311.79310000000004,365.6216666666667,183.99333333333263,54,64,0.0,0.8982683982683983,9,49,2,1,0,209.66291427612305,500,0,0
INSTANCE_028,0.25,p85,202,FR,306.9923,408.1838426666666,95.90484000000085,57,64,0.0,1.0,0,49,2,2,0,34.68775749206543,200,1,0
INSTANCE_028,0.25,p85,202,NR,306.9923,408.1838426666666,95.90484000000085,57,64,0.0,1.0,0,49,2,2,0,0.0,0,1,0
INSTANCE_028,0.25,p85,202,RG,311.35040000000004,407.9122061666666,91.30927900000108,57,64,0.0,0.9264069264069263,4,49,2,1,0,99.76720809936523,230,0,0
INSTANCE_028,0.25,p85,202,SA,311.35040000000004,407.9122061666666,91.30927900000108,57,64,0.0,0.9264069264069263,4,49,2,1,0,94.07186508178712,230,0,0
INSTANCE_028,0.25,p95,202,FR,286.6075,423.4047191666667,200.45727500000123,57,64,0.0,0.8961038961038961,11,49,2,1,0,46.9973087310791,320,0,0
INSTANCE_028,0.25,p95,202,NR,306.9923,447.6255066666668,212.6479441666686,55,64,0.0,1.0,0,49,2,2,0,0.0,0,1,0
INSTANCE_028,0.25,p95,202,RG,286.6075,423.4047191666667,200.45727500000123,57,64,0.0,0.8961038961038961,11,49,2,1,0,133.6822509765625,320,0,0
INSTANCE_028,0.25,p95,202,SA,286.6075,423.4047191666667,200.45727500000123,57,64,0.0,0.920995670995671,9,49,2,1,0,107.65647888183594,260,0,0
INSTANCE_028,0.5,delay20,202,FR,311.6822000000001,369.8616666666666,94.51000000000032,57,64,0.0,0.8607142857142858,9,33,2,1,0,53.80702018737794,340,0,0
INSTANCE_028,0.5,delay20,202,NR,306.9923,363.4966666666666,107.0949999999998,57,64,0.0,1.0,0,33,2,2,0,0.0,0,1,0
INSTANCE_028,0.5,delay20,202,RG,307.43500000000006,365.8566666666666,86.39999999999964,58,64,0.0,0.9547619047619048,5,33,2,1,0,85.99472045898438,200,0,0
INSTANCE_028,0.5,delay20,202,SA,307.43500000000006,365.8566666666666,86.39999999999964,58,64,0.0,0.9547619047619048,5,33,2,1,0,85.79707145690918,200,0,0
INSTANCE_028,0.5,delay30,202,FR,307.43500000000006,365.8566666666666,159.92666666666605,55,64,0.0,0.9547619047619048,5,33,2,1,0,53.45559120178223,330,0,0
INSTANCE_028,0.5,delay30,202,NR,306.9923,363.4966666666666,189.1749999999996,54,64,0.0,1.0,0,33,2,2,0,0.0,0,1,0
INSTANCE_028,0.5,delay30,202,RG,307.43500000000006,365.8566666666666,159.92666666666605,55,64,0.0,0.9547619047619048,5,33,2,1,0,88.50908279418945,200,0,0
INSTANCE_028,0.5,delay30,202,SA,307.43500000000006,365.8566666666666,159.92666666666605,55,64,0.0,0.9547619047619048,5,33,2,1,0,87.59689331054688,200,0,0
INSTANCE_028,0.5,p85,202,FR,307.43500000000006,395.8850853333332,35.09670733333314,60,64,0.0,0.8988095238095238,7,33,2,1,0,47.47557640075684,310,0,0
INSTANCE_028,0.5,p85,202,NR,306.9923,393.1571613333333,48.7934631666667,59,64,0.0,1.0,0,33,2,2,0,0.0,0,1,0
INSTANCE_028,0.5,p85,202,RG,307.43500000000006,395.8850853333332,35.09670733333314,60,64,0.0,0.9547619047619048,5,33,2,1,0,81.21323585510254,200,0,0
INSTANCE_028,0.5,p85,202,SA,307.43500000000006,395.8850853333332,35.09670733333314,60,64,0.0,0.9547619047619048,5,33,2,1,0,78.89580726623535,200,0,0
INSTANCE_028,0.5,p95,202,FR,306.9923,419.33602,96.0423400000002,58,64,0.0,0.944047619047619,2,33,2,1,0,29.44207191467285,200,0,0
INSTANCE_028,0.5,p95,202,NR,306.9923,419.33602,96.04234000000076,58,64,0.0,1.0,0,33,2,2,0,0.0,0,1,0
INSTANCE_028,0.5,p95,202,RG,307.43500000000006,422.38868,77.24670583333375,59,64,0.0,0.9547619047619048,5,33,2,1,0,78.19485664367676,200,0,0
INSTANCE_028,0.5,p95,202,SA,307.43500000000006,422.38868,77.24670583333375,59,64,0.0,0.9547619047619048,5,33,2,1,0,79.88905906677246,200,0,0
INSTANCE_028,0.75,delay20,202,FR,307.43500000000006,365.8566666666666,63.66333333333319,60,64,0.0,0.8928571428571429,5,17,2,1,0,33.97250175476074,240,0,0
INSTANCE_028,0.75,delay20,202,NR,306.9923,363.4966666666666,84.35833333333335,59,64,0.0,1.0,0,17,2,2,0,0.0,0,1,0
INSTANCE_028,0.75,delay20,202,RG,307.43500000000006,365.8566666666666,63.66333333333319,60,64,0.0,0.8928571428571429,5,17,2,1,0,75.00195503234863,200,0,0
INSTANCE_028,0.75,delay20,202,SA,307.43500000000006,365.8566666666666,63.66333333333319,60,64,0.0,0.8928571428571429,5,17,2,1,0,76.22933387756348,200,0,0
INSTANCE_028,0.75,delay30,202,FR,307.43500000000006,365.8566666666666,112.29833333333306,58,64,0.0,0.8928571428571429,5,17,2,1,0,36.1170768737793,240,0,0
INSTANCE_028,0.75,delay30,202,NR,306.9923,363.4966666666666,141.54666666666662,57,64,0.0,1.0,0,17,2,2,0,0.0,0,1,0
INSTANCE_028,0.75,delay30,202,RG,307.43500000000006,365.8566666666666,112.29833333333306,58,64,0.0,0.8928571428571429,5,17,2,1,0,78.18961143493652,200,0,0
INSTANCE_028,0.75,delay30,202,SA,307.43500000000006,365.8566666666666,112.29833333333306,58,64,0.0,0.8928571428571429,5,17,2,1,0,79.52427864074707,200,0,0
INSTANCE_028,0.75,p85,202,FR,307.43500000000006,380.4948971666666,16.957107666666616,62,64,0.0,0.8928571428571429,5,17,2,1,0,33.14089775085449,220,0,0
INSTANCE_028,0.75,p85,202,NR,306.9923,377.7669731666666,25.15710766666666,62,64,0.0,1.0,0,17,2,2,0,0.0,0,1,0
INSTANCE_028,0.75,p85,202,RG,307.43500000000006,380.4948971666666,16.957107666666616,62,64,0.0,0.8928571428571429,5,17,2,1,0,81.07256889343262,200,0,0
INSTANCE_028,0.75,p85,202,SA,307.43500000000006,380.4948971666666,16.957107666666616,62,64,0.0,0.8928571428571429,5,17,2,1,0,79.46634292602539,200,0,0
INSTANCE_028,0.75,p95,202,FR,308.1806,394.54235,26.797899166666863,62,64,0.0,0.8125,7,17,2,1,0,56.43105506896973,350,0,0
INSTANCE_028,0.75,p95,202,NR,306.9923,390.36218916666667,34.5531991666669,61,64,0.0,1.0,0,17,2,2,0,0.0,0,1,0
INSTANCE_028,0.75,p95,202,RG,307.43500000000006,393.4148491666666,25.670398333333424,62,64,0.0,0.8928571428571429,5,17,2,1,0,85.47019958496094,200,0,0
INSTANCE_028,0.75,p95,202,SA,307.43500000000006,393.4148491666666,25.670398333333424,62,64,0.0,0.8928571428571429,5,17,2,1,0,82.88836479187012,200,0,0
INSTANCE_029,0.25,delay20,202,FR,306.6027,356.7083333333333,8.221666666666692,44,45,0.0,0.5805335968379447,21,35,2,0,0,54.96692657470704,350,0,0
INSTANCE_029,0.25,delay20,202,NR,269.3807,324.435,37.76333333333355,41,45,0.0,1.0,0,35,2,2,0,0.0,0,1,0
INSTANCE_029,0.25,delay20,202,RG,298.0523,349.12333333333333,18.13166666666677,43,45,0.0,0.5889328063241108,14,35,2,0,0,180.70411682128903,520,0,0
INSTANCE_029,0.25,delay20,202,SA,329.2293,383.69833333333327,18.35500000000013,43,45,0.0,0.7868906455862978,13,35,2,0,0,113.42716217041016,310,0,0
INSTANCE_029,0.25,delay30,202,FR,310.5652,357.935,29.24333333333334,43,45,0.0,0.5805335968379447,21,35,2,0,0,64.82625007629395,380,0,0
INSTANCE_029,0.25,delay30,202,NR,269.3807,324.435,77.76333333333355,41,45,0.0,1.0,0,35,2,2,0,0.0,0,1,0
INSTANCE_029,0.25,delay30,202,RG,305.87710000000004,353.82500000000005,47.92666666666685,42,45,0.0,0.6343873517786562,15,35,2,0,0,185.8279705047608,510,0,0
INSTANCE_029,0.25,delay30,202,SA,329.2293,383.69833333333327,48.150000000000205,42,45,0.0,0.7868906455862978,13,35,2,0,0,120.99623680114746,310,0,0
INSTANCE_029,0.25,p85,202,FR,298.8834,396.6665191666667,3.2830278333329943,43,45,0.0,0.6590909090909091,10,35,2,1,0,30.154943466186523,210,0,0
INSTANCE_029,0.25,p85,202,NR,269.3807,366.48019066666666,12.915812833333009,42,45,0.0,1.0,0,35,2,2,0,0.0,0,1,0
INSTANCE_029,0.25,p85,202,RG,325.0561,417.6981196666666,3.2830278333329943,43,45,0.0,0.6742424242424243,11,35,2,1,0,87.70537376403809,240,0,0
INSTANCE_029,0.25,p85,202,SA,307.2456,400.45979766666665,3.2830278333329943,43,45,0.0,0.9166666666666669,11,35,2,1,0,96.50421142578124,250,0,0
INSTANCE_029,0.25,p95,202,FR,298.8834,437.36974583333335,28.07694250000065,43,45,0.0,0.6590909090909091,10,35,2,1,0,28.491973876953125,210,0,0
INSTANCE_029,0.25,p95,202,NR,269.3807,403.5899933333333,51.39863416666742,42,45,0.0,1.0,0,35,2,2,0,0.0,0,1,0
INSTANCE_029,0.25,p95,202,RG,325.0561,460.9049783333333,28.07694250000065,43,45,0.0,0.6742424242424243,11,35,2,1,0,84.39302444458008,240,0,0
INSTANCE_029,0.25,p95,202,SA,329.3045,478.2012291666666,28.07694250000065,43,45,0.0,0.8106060606060606,11,35,2,1,0,98.31738471984865,270,0,0
INSTANCE_029,0.5,delay20,202,FR,291.2547,350.2683333333333,15.19166666666672,43,45,0.0,0.8125,8,23,2,1,0,51.19204521179199,350,0,0
INSTANCE_029,0.5,delay20,202,NR,269.3807,324.435,29.31500000000017,42,45,0.0,1.0,0,23,2,2,0,0.0,0,1,0
INSTANCE_029,0.5,delay20,202,RG,309.6359,351.98833333333334,15.19166666666672,43,45,0.0,0.7142857142857143,6,23,2,1,0,126.73163414001463,320,0,0
INSTANCE_029,0.5,delay20,202,SA,313.3691,364.895,15.19166666666672,43,45,0.0,0.8571428571428571,8,23,2,1,0,97.53131866455078,230,0,0
INSTANCE_029,0.5,delay30,202,FR,307.51649999999995,359.9766666666667,35.19166666666672,43,45,0.0,0.6785714285714286,7,23,2,1,0,33.49113464355469,220,0,0
INSTANCE_029,0.5,delay30,202,NR,269.3807,324.435,59.31500000000017,42,45,0.0,1.0,0,23,2,2,0,0.0,0,1,0
INSTANCE_029,0.5,delay30,202,RG,309.6359,351.98833333333334,35.19166666666672,43,45,0.0,0.7142857142857143,6,23,2,1,0,132.60602951049805,320,0,0
INSTANCE_029,0.5,delay30,202,SA,313.3691,364.895,36.68166666666684,42,45,0.0,0.8571428571428571,8,23,2,1,0,87.80741691589355,230,0,0
INSTANCE_029,0.5,p85,202,FR,300.9314,394.9104595,0.0,45,45,0.0,0.6428571428571428,6,23,2,1,0,31.818628311157227,210,0,0
INSTANCE_029,0.5,p85,202,NR,269.3807,358.235679,7.226468500000124,44,45,0.0,1.0,0,23,2,2,0,0.0,0,1,0
INSTANCE_029,0.5,p85,202,RG,287.77199999999993,369.3380985,0.0,45,45,0.0,0.6428571428571428,7,23,2,1,0,87.89205551147461,220,0,0
INSTANCE_029,0.5,p85,202,SA,276.9911,369.671383,0.0,45,45,0.0,0.9017857142857144,4,23,2,1,0,140.20490646362305,360,0,0
INSTANCE_029,0.5,p95,202,FR,300.9314,429.1093341666667,7.777846666667074,44,45,0.0,0.6428571428571428,6,23,2,1,0,32.715797424316406,210,0,0
INSTANCE_029,0.5,p95,202,NR,269.3807,388.06873500000006,26.569365833333904,43,45,0.0,1.0,0,23,2,2,0,0.0,0,1,0
INSTANCE_029,0.5,p95,202,RG,309.6359,423.7089716666667,7.777846666667074,44,45,0.0,0.7142857142857143,6,23,2,1,0,135.6508731842041,320,0,0
INSTANCE_029,0.5,p95,202,SA,313.3691,440.403745,7.777846666667074,44,45,0.0,0.8571428571428571,8,23,2,1,0,95.83401679992676,230,0,0
INSTANCE_029,0.75,delay20,202,FR,276.9911,334.3283333333334,3.1033333333334667,43,45,0.0,0.7916666666666666,4,12,2,1,0,36.58580780029297,240,0,0
INSTANCE_029,0.75,delay20,202,NR,269.3807,324.435,16.186666666666838,43,45,0.0,1.0,0,12,2,2,0,0.0,0,1,0
INSTANCE_029,0.75,delay20,202,RG,276.9911,334.3283333333334,3.1033333333334667,43,45,0.0,0.7916666666666666,4,12,2,1,0,100.8892059326172,240,0,0
INSTANCE_029,0.75,delay20,202,SA,276.9911,334.3283333333334,3.1033333333334667,43,45,0.0,0.7916666666666666,4,12,2,1,0,98.30284118652344,240,0,0
INSTANCE_029,0.75,delay30,202,FR,276.9911,334.3283333333334,23.103333333333467,43,45,0.0,0.7916666666666666,4,12,2,1,0,34.92283821105957,240,0,0
INSTANCE_029,0.75,delay30,202,NR,269.3807,324.435,36.18666666666684,43,45,0.0,1.0,0,12,2,2,0,0.0,0,1,0
INSTANCE_029,0.75,delay30,202,RG,276.9911,334.3283333333334,23.103333333333467,43,45,0.0,0.7916666666666666,4,12,2,1,0,93.07551383972168,240,0,0
INSTANCE_029,0.75,delay30,202,SA,276.9911,334.3283333333334,23.103333333333467,43,45,0.0,0.7916666666666666,4,12,2,1,0,95.3829288482666,240,0,0
INSTANCE_029,0.75,p85,202,FR,269.3467999999999,343.51646816666664,1.1965163333334203,44,45,0.0,0.6428571428571428,6,12,2,1,0,30.79986572265625,210,0,0
INSTANCE_029,0.75,p85,202,NR,269.3807,343.3103326666667,1.1965163333334203,44,45,0.0,1.0,0,12,2,2,0,0.0,0,1,0
INSTANCE_029,0.75,p85,202,RG,269.3807,343.3103326666667,1.1965163333334203,44,45,0.0,1.0,0,12,2,2,0,79.62512969970703,200,1,0
INSTANCE_029,0.75,p85,202,SA,269.3807,343.3103326666667,1.1965163333334203,44,45,0.0,1.0,0,12,2,2,0,79.36763763427734,200,1,0
INSTANCE_029,0.75,p95,202,FR,276.9911,372.76705,0.0,45,45,0.0,0.7916666666666666,4,12,2,1,0,37.23621368408203,240,0,0
INSTANCE_029,0.75,p95,202,NR,269.3807,359.9700233333334,7.439428333333467,44,45,0.0,1.0,0,12,2,2,0,0.0,0,1,0
INSTANCE_029,0.75,p95,202,RG,276.9911,372.76705,0.0,45,45,0.0,0.7916666666666666,4,12,2,1,0,102.48613357543944,250,0,0
INSTANCE_029,0.75,p95,202,SA,269.3807,359.9700233333334,7.439428333333467,44,45,0.0,1.0,0,12,2,2,0,82.32235908508301,200,1,0
INSTANCE_031,0.25,delay20,202,FR,213.9631,225.905,96.93500000000074,23,29,0.0,0.5692640692640693,14,22,1,0,0,31.03184700012207,200,0,0
INSTANCE_031,0.25,delay20,202,NR,198.47240000000005,209.33833333333337,118.02333333333549,22,29,0.0,1.0,0,22,1,1,0,0.0,0,1,0
INSTANCE_031,0.25,delay20,202,RG,198.3571,208.7966666666667,116.98333333333494,22,29,0.0,0.9112554112554112,9,22,1,0,0,48.87938499450684,120,0,0
INSTANCE_031,0.25,delay20,202,SA,198.47240000000005,209.33833333333337,118.02333333333549,22,29,0.0,1.0,0,22,1,1,0,40.860891342163086,100,1,0
INSTANCE_031,0.25,delay30,202,FR,198.47240000000005,209.33833333333337,199.7900000000028,20,29,0.0,1.0,0,22,1,1,0,16.183137893676758,100,1,0
INSTANCE_031,0.25,delay30,202,NR,198.47240000000005,209.33833333333337,199.7900000000028,20,29,0.0,1.0,0,22,1,1,0,0.0,0,1,0
INSTANCE_031,0.25,delay30,202,RG,198.3571,208.7966666666667,197.70833333333545,20,29,0.0,0.9112554112554112,9,22,1,0,0,50.21977424621582,120,0,0
INSTANCE_031,0.25,delay30,202,SA,198.3571,208.7966666666667,197.70833333333545,20,29,0.0,0.9112554112554112,9,22,1,0,0,52.47592926025391,120,0,0
INSTANCE_031,0.25,p85,202,FR,176.0721,212.06884916666664,57.374717166668574,25,29,0.0,0.696969696969697,16,22,1,0,0,34.809112548828125,220,0,0
INSTANCE_031,0.25,p85,202,NR,198.47240000000005,231.95032916666668,75.9831715000023,23,29,0.0,1.0,0,22,1,1,0,0.0,0,1,0
INSTANCE_031,0.25,p85,202,RG,198.3571,231.3242166666667,74.78103550000242,23,29,0.0,0.9112554112554112,9,22,1,0,0,50.7354736328125,120,0,0
INSTANCE_031,0.25,p85,202,SA,198.3571,231.3242166666667,74.78103550000242,23,29,0.0,0.9112554112554112,9,22,1,0,0,50.5523681640625,120,0,0
INSTANCE_031,0.25,p95,202,FR,198.3571,251.2074166666667,156.37644916666932,22,29,1.3074166666669953,0.9112554112554112,9,22,1,0,0,20.175457000732425,120,0,0
INSTANCE_031,0.25,p95,202,NR,198.47240000000005,251.90806250000003,158.37706250000315,22,29,2.0080625000005057,1.0,0,22,1,1,0,0.0,0,1,0
INSTANCE_031,0.25,p95,202,RG,198.3571,251.2074166666667,156.37644916666932,22,29,1.3074166666669953,0.9112554112554112,9,22,1,0,0,53.42459678649902,120,0,0
INSTANCE_031,0.25,p95,202,SA,198.3571,251.2074166666667,156.37644916666932,22,29,1.3074166666669953,0.9112554112554112,9,22,1,0,0,53.003787994384766,120,0,0
INSTANCE_031,0.5,delay20,202,FR,198.47240000000005,209.33833333333337,93.90666666666824,24,29,0.0,1.0,0,15,1,1,0,14.113187789916992,100,1,0
INSTANCE_031,0.5,delay20,202,NR,198.47240000000005,209.33833333333337,93.90666666666824,24,29,0.0,1.0,0,15,1,1,0,0.0,0,1,0
INSTANCE_031,0.5,delay20,202,RG,198.47240000000005,209.33833333333337,93.90666666666824,24,29,0.0,1.0,0,15,1,1,0,38.91134262084961,100,1,0
INSTANCE_031,0.5,delay20,202,SA,198.47240000000005,209.33833333333337,93.90666666666824,24,29,0.0,1.0,0,15,1,1,0,39.43061828613281,100,1,0
INSTANCE_031,0.5,delay30,202,FR,198.47240000000005,209.33833333333337,155.67333333333556,22,29,0.0,1.0,0,15,1,1,0,13.482332229614258,100,1,0
INSTANCE_031,0.5,delay30,202,NR,198.47240000000005,209.33833333333337,155.67333333333556,22,29,0.0,1.0,0,15,1,1,0,0.0,0,1,0
INSTANCE_031,0.5,delay30,202,RG,198.47240000000005,209.33833333333337,155.67333333333556,22,29,0.0,1.0,0,15,1,1,0,35.42828559875488,100,1,0
INSTANCE_031,0.5,delay30,202,SA,198.47240000000005,209.33833333333337,155.67333333333556,22,29,0.0,1.0,0,15,1,1,0,37.20569610595703,100,1,0
INSTANCE_031,0.5,p85,202,FR,198.47240000000005,225.0387625,42.0080335000016,25,29,0.0,1.0,0,15,1,1,0,14.079093933105469,100,1,0
INSTANCE_031,0.5,p85,202,NR,198.47240000000005,225.0387625,42.0080335000016,25,29,0.0,1.0,0,15,1,1,0,0.0,0,1,0
INSTANCE_031,0.5,p85,202,RG,198.47240000000005,225.0387625,42.0080335000016,25,29,0.0,1.0,0,15,1,1,0,36.673784255981445,100,1,0
INSTANCE_031,0.5,p85,202,SA,198.47240000000005,225.0387625,42.0080335000016,25,29,0.0,1.0,0,15,1,1,0,39.37697410583496,100,1,0
INSTANCE_031,0.5,p95,202,FR,198.47240000000005,238.89622916666667,76.1619983333361,24,29,0.0,1.0,0,15,1,1,0,15.458822250366213,100,1,0
INSTANCE_031,0.5,p95,202,NR,198.47240000000005,238.89622916666667,76.1619983333361,24,29,0.0,1.0,0,15,1,1,0,0.0,0,1,0
INSTANCE_031,0.5,p95,202,RG,198.47240000000005,238.89622916666667,76.1619983333361,24,29,0.0,1.0,0,15,1,1,0,40.92216491699219,100,1,0
INSTANCE_031,0.5,p95,202,SA,198.47240000000005,238.89622916666667,76.1619983333361,24,29,0.0,1.0,0,15,1,1,0,38.97428512573242,100,1,0
INSTANCE_031,0.75,delay20,202,FR,198.47240000000005,209.33833333333337,93.90666666666824,24,29,0.0,1.0,0,8,1,1,0,15.001058578491213,100,1,0
INSTANCE_031,0.75,delay20,202,NR,198.47240000000005,209.33833333333337,93.90666666666824,24,29,0.0,1.0,0,8,1,1,0,0.0,0,1,0
INSTANCE_031,0.75,delay20,202,RG,198.47240000000005,209.33833333333337,93.90666666666824,24,29,0.0,1.0,0,8,1,1,0,40.50302505493164,100,1,0
INSTANCE_031,0.75,delay20,202,SA,198.47240000000005,209.33833333333337,93.90666666666824,24,29,0.0,1.0,0,8,1,1,0,40.958404541015625,100,1,0
INSTANCE_031,0.75,delay30,202,FR,198.47240000000005,209.33833333333337,155.67333333333556,22,29,0.0,1.0,0,8,1,1,0,14.590978622436523,100,1,0
INSTANCE_031,0.75,delay30,202,NR,198.47240000000005,209.33833333333337,155.67333333333556,22,29,0.0,1.0,0,8,1,1,0,0.0,0,1,0
INSTANCE_031,0.75,delay30,202,RG,198.47240000000005,209.33833333333337,155.67333333333556,22,29,0.0,1.0,0,8,1,1,0,39.75033760070801,100,1,0
INSTANCE_031,0.75,delay30,202,SA,198.47240000000005,209.33833333333337,155.67333333333556,22,29,0.0,1.0,0,8,1,1,0,41.00131988525391,100,1,0
INSTANCE_031,0.75,p85,202,FR,198.47240000000005,217.4360391666667,18.12774883333418,27,29,0.0,1.0,0,8,1,1,0,14.28508758544922,100,1,0
INSTANCE_031,0.75,p85,202,NR,198.47240000000005,217.4360391666667,18.12774883333418,27,29,0.0,1.0,0,8,1,1,0,0.0,0,1,0
INSTANCE_031,0.75,p85,202,RG,198.47240000000005,217.4360391666667,18.12774883333418,27,29,0.0,1.0,0,8,1,1,0,36.61656379699707,100,1,0
INSTANCE_031,0.75,p85,202,SA,198.47240000000005,217.4360391666667,18.12774883333418,27,29,0.0,1.0,0,8,1,1,0,37.94455528259277,100,1,0
INSTANCE_031,0.75,p95,202,FR,198.47240000000005,224.58321250000003,20.06647250000105,26,29,0.0,1.0,0,8,1,1,0,14.360189437866213,100,1,0
INSTANCE_031,0.75,p95,202,NR,198.47240000000005,224.58321250000003,20.06647250000105,26,29,0.0,1.0,0,8,1,1,0,0.0,0,1,0
INSTANCE_031,0.75,p95,202,RG,198.47240000000005,224.58321250000003,20.06647250000105,26,29,0.0,1.0,0,8,1,1,0,38.50698471069336,100,1,0
INSTANCE_031,0.75,p95,202,SA,198.47240000000005,224.58321250000003,20.06647250000105,26,29,0.0,1.0,0,8,1,1,0,40.54737091064453,100,1,0
INSTANCE_032,0.25,delay20,202,FR,194.3976,213.3433333333333,0.0,21,21,0.0,1.0,0,16,1,1,0,14.483213424682615,100,1,0
INSTANCE_032,0.25,delay20,202,NR,194.3976,213.3433333333333,0.0,21,21,0.0,1.0,0,16,1,1,0,0.0,0,1,0
INSTANCE_032,0.25,delay20,202,RG,194.3976,213.3433333333333,0.0,21,21,0.0,1.0,0,16,1,1,0,37.830352783203125,100,1,0
INSTANCE_032,0.25,delay20,202,SA,194.3976,213.3433333333333,0.0,21,21,0.0,1.0,0,16,1,1,0,38.80977630615234,100,1,0
INSTANCE_032,0.25,delay30,202,FR,194.3976,213.3433333333333,0.0,21,21,0.0,1.0,0,16,1,1,0,14.48345184326172,100,1,0
INSTANCE_032,0.25,delay30,202,NR,194.3976,213.3433333333333,0.0,21,21,0.0,1.0,0,16,1,1,0,0.0,0,1,0
INSTANCE_032,0.25,delay30,202,RG,194.3976,213.3433333333333,0.0,21,21,0.0,1.0,0,16,1,1,0,39.23797607421875,100,1,0
INSTANCE_032,0.25,delay30,202,SA,194.3976,213.3433333333333,0.0,21,21,0.0,1.0,0,16,1,1,0,38.73777389526367,100,1,0
INSTANCE_032,0.25,p85,202,FR,194.3976,240.51696316666667,0.0,21,21,0.0,1.0,0,16,1,1,0,15.50602912902832,100,1,0
INSTANCE_032,0.25,p85,202,NR,194.3976,240.51696316666667,0.0,21,21,0.0,1.0,0,16,1,1,0,0.0,0,1,0
INSTANCE_032,0.25,p85,202,RG,194.3976,240.51696316666667,0.0,21,21,0.0,1.0,0,16,1,1,0,38.46263885498047,100,1,0
INSTANCE_032,0.25,p85,202,SA,194.3976,240.51696316666667,0.0,21,21,0.0,1.0,0,16,1,1,0,38.450002670288086,100,1,0
INSTANCE_032,0.25,p95,202,FR,194.3976,264.5008725,0.7102574999998978,20,21,0.0,1.0,0,16,1,1,0,14.534950256347656,100,1,0
INSTANCE_032,0.25,p95,202,NR,194.3976,264.5008725,0.7102574999998978,20,21,0.0,1.0,0,16,1,1,0,0.0,0,1,0
INSTANCE_032,0.25,p95,202,RG,194.3976,264.5008725,0.7102574999998978,20,21,0.0,1.0,0,16,1,1,0,39.5498275756836,100,1,0
INSTANCE_032,0.25,p95,202,SA,194.3976,264.5008725,0.7102574999998978,20,21,0.0,1.0,0,16,1,1,0,40.0998592376709,100,1,0
INSTANCE_032,0.5,delay20,202,FR,194.3976,213.3433333333333,0.0,21,21,0.0,1.0,0,11,1,1,0,14.80388641357422,100,1,0
INSTANCE_032,0.5,delay20,202,NR,194.3976,213.3433333333333,0.0,21,21,0.0,1.0,0,11,1,1,0,0.0,0,1,0
INSTANCE_032,0.5,delay20,202,RG,194.3976,213.3433333333333,0.0,21,21,0.0,1.0,0,11,1,1,0,38.61403465270996,100,1,0
INSTANCE_032,0.5,delay20,202,SA,194.3976,213.3433333333333,0.0,21,21,0.0,1.0,0,11,1,1,0,38.326263427734375,100,1,0
INSTANCE_032,0.5,delay30,202,FR,194.3976,213.3433333333333,0.0,21,21,0.0,1.0,0,11,1,1,0,14.986515045166016,100,1,0
INSTANCE_032,0.5,delay30,202,NR,194.3976,213.3433333333333,0.0,21,21,0.0,1.0,0,11,1,1,0,0.0,0,1,0
INSTANCE_032,0.5,delay30,202,RG,194.3976,213.3433333333333,0.0,21,21,0.0,1.0,0,11,1,1,0,39.93082046508789,100,1,0
INSTANCE_032,0.5,delay30,202,SA,194.3976,213.3433333333333,0.0,21,21,0.0,1.0,0,11,1,1,0,43.19500923156738,100,1,0
INSTANCE_032,0.5,p85,202,FR,194.3976,232.87058783333333,0.0,21,21,0.0,1.0,0,11,1,1,0,15.21921157836914,100,1,0
INSTANCE_032,0.5,p85,202,NR,194.3976,232.87058783333333,0.0,21,21,0.0,1.0,0,11,1,1,0,0.0,0,1,0
INSTANCE_032,0.5,p85,202,RG,194.3976,232.87058783333333,0.0,21,21,0.0,1.0,0,11,1,1,0,39.67809677124024,100,1,0
INSTANCE_032,0.5,p85,202,SA,194.3976,232.87058783333333,0.0,21,21,0.0,1.0,0,11,1,1,0,39.44635391235352,100,1,0
INSTANCE_032,0.5,p95,202,FR,194.3976,250.1056758333333,0.0,21,21,0.0,1.0,0,11,1,1,0,15.276193618774414,100,1,0
INSTANCE_032,0.5,p95,202,NR,194.3976,250.1056758333333,0.0,21,21,0.0,1.0,0,11,1,1,0,0.0,0,1,0
INSTANCE_032,0.5,p95,202,RG,194.3976,250.1056758333333,0.0,21,21,0.0,1.0,0,11,1,1,0,40.8930778503418,100,1,0
INSTANCE_032,0.5,p95,202,SA,194.3976,250.1056758333333,0.0,21,21,0.0,1.0,0,11,1,1,0,41.44549369812012,100,1,0
INSTANCE_032,0.75,delay20,202,FR,194.3976,213.3433333333333,0.0,21,21,0.0,1.0,0,6,1,1,0,13.022899627685549,100,1,0
INSTANCE_032,0.75,delay20,202,NR,194.3976,213.3433333333333,0.0,21,21,0.0,1.0,0,6,1,1,0,0.0,0,1,0
INSTANCE_032,0.75,delay20,202,RG,194.3976,213.3433333333333,0.0,21,21,0.0,1.0,0,6,1,1,0,34.63482856750488,100,1,0
INSTANCE_032,0.75,delay20,202,SA,194.3976,213.3433333333333,0.0,21,21,0.0,1.0,0,6,1,1,0,36.35263442993164,100,1,0
INSTANCE_032,0.75,delay30,202,FR,194.3976,213.3433333333333,0.0,21,21,0.0,1.0,0,6,1,1,0,19.33836936950684,100,1,0
INSTANCE_032,0.75,delay30,202,NR,194.3976,213.3433333333333,0.0,21,21,0.0,1.0,0,6,1,1,0,0.0,0,1,0
INSTANCE_032,0.75,delay30,202,RG,194.3976,213.3433333333333,0.0,21,21,0.0,1.0,0,6,1,1,0,54.53062057495117,100,1,0
INSTANCE_032,0.75,delay30,202,SA,194.3976,213.3433333333333,0.0,21,21,0.0,1.0,0,6,1,1,0,42.128562927246094,100,1,0
INSTANCE_032,0.75,p85,202,FR,194.3976,219.4951473333333,0.0,21,21,0.0,1.0,0,6,1,1,0,13.97085189819336,100,1,0
INSTANCE_032,0.75,p85,202,NR,194.3976,219.4951473333333,0.0,21,21,0.0,1.0,0,6,1,1,0,0.0,0,1,0
INSTANCE_032,0.75,p85,202,RG,194.3976,219.4951473333333,0.0,21,21,0.0,1.0,0,6,1,1,0,39.27040100097656,100,1,0
INSTANCE_032,0.75,p85,202,SA,194.3976,219.4951473333333,0.0,21,21,0.0,1.0,0,6,1,1,0,39.11805152893066,100,1,0
INSTANCE_032,0.75,p95,202,FR,194.3976,224.9248433333333,0.0,21,21,0.0,1.0,0,6,1,1,0,14.404773712158203,100,1,0
INSTANCE_032,0.75,p95,202,NR,194.3976,224.9248433333333,0.0,21,21,0.0,1.0,0,6,1,1,0,0.0,0,1,0
INSTANCE_032,0.75,p95,202,RG,194.3976,224.9248433333333,0.0,21,21,0.0,1.0,0,6,1,1,0,38.95926475524902,100,1,0
INSTANCE_032,0.75,p95,202,SA,194.3976,224.9248433333333,0.0,21,21,0.0,1.0,0,6,1,1,0,37.911415100097656,100,1,0
INSTANCE_033,0.25,delay20,202,FR,124.08550000000002,138.79833333333335,0.0,22,22,0.0,1.0,0,17,1,1,0,14.33396339416504,100,1,0
INSTANCE_033,0.25,delay20,202,NR,124.08550000000002,138.79833333333335,0.0,22,22,0.0,1.0,0,17,1,1,0,0.0,0,1,0
INSTANCE_033,0.25,delay20,202,RG,124.08550000000002,138.79833333333335,0.0,22,22,0.0,1.0,0,17,1,1,0,37.44101524353027,100,1,0
INSTANCE_033,0.25,delay20,202,SA,124.08550000000002,138.79833333333335,0.0,22,22,0.0,1.0,0,17,1,1,0,37.92357444763184,100,1,0
INSTANCE_033,0.25,delay30,202,FR,124.08550000000002,138.79833333333335,0.0,22,22,0.0,1.0,0,17,1,1,0,14.97340202331543,100,1,0
INSTANCE_033,0.25,delay30,202,NR,124.08550000000002,138.79833333333335,0.0,22,22,0.0,1.0,0,17,1,1,0,0.0,0,1,0
INSTANCE_033,0.25,delay30,202,RG,124.08550000000002,138.79833333333335,0.0,22,22,0.0,1.0,0,17,1,1,0,39.56723213195801,100,1,0
INSTANCE_033,0.25,delay30,202,SA,124.08550000000002,138.79833333333335,0.0,22,22,0.0,1.0,0,17,1,1,0,38.71440887451172,100,1,0
INSTANCE_033,0.25,p85,202,FR,124.08550000000002,155.21954016666666,0.0,22,22,0.0,1.0,0,17,1,1,0,14.935016632080078,100,1,0
INSTANCE_033,0.25,p85,202,NR,124.08550000000002,155.21954016666666,0.0,22,22,0.0,1.0,0,17,1,1,0,0.0,0,1,0
INSTANCE_033,0.25,p85,202,RG,124.08550000000002,155.21954016666666,0.0,22,22,0.0,1.0,0,17,1,1,0,38.56658935546875,100,1,0
INSTANCE_033,0.25,p85,202,SA,124.08550000000002,155.21954016666666,0.0,22,22,0.0,1.0,0,17,1,1,0,38.3908748626709,100,1,0
INSTANCE_033,0.25,p95,202,FR,124.08550000000002,169.71317749999997,0.0,22,22,0.0,1.0,0,17,1,1,0,14.440059661865234,100,1,0
INSTANCE_033,0.25,p95,202,NR,124.08550000000002,169.71317749999997,0.0,22,22,0.0,1.0,0,17,1,1,0,0.0,0,1,0
INSTANCE_033,0.25,p95,202,RG,124.08550000000002,169.71317749999997,0.0,22,22,0.0,1.0,0,17,1,1,0,37.58788108825684,100,1,0
INSTANCE_033,0.25,p95,202,SA,124.08550000000002,169.71317749999997,0.0,22,22,0.0,1.0,0,17,1,1,0,37.7659797668457,100,1,0
INSTANCE_033,0.5,delay20,202,FR,124.08550000000002,138.79833333333335,0.0,22,22,0.0,1.0,0,11,1,1,0,14.249324798583984,100,1,0
INSTANCE_033,0.5,delay20,202,NR,124.08550000000002,138.79833333333335,0.0,22,22,0.0,1.0,0,11,1,1,0,0.0,0,1,0
INSTANCE_033,0.5,delay20,202,RG,124.08550000000002,138.79833333333335,0.0,22,22,0.0,1.0,0,11,1,1,0,37.71710395812988,100,1,0
INSTANCE_033,0.5,delay20,202,SA,124.08550000000002,138.79833333333335,0.0,22,22,0.0,1.0,0,11,1,1,0,37.31870651245117,100,1,0
INSTANCE_033,0.5,delay30,202,FR,124.08550000000002,138.79833333333335,0.0,22,22,0.0,1.0,0,11,1,1,0,14.75238800048828,100,1,0
INSTANCE_033,0.5,delay30,202,NR,124.08550000000002,138.79833333333335,0.0,22,22,0.0,1.0,0,11,1,1,0,0.0,0,1,0
INSTANCE_033,0.5,delay30,202,RG,124.08550000000002,138.79833333333335,0.0,22,22,0.0,1.0,0,11,1,1,0,40.82536697387695,100,1,0
INSTANCE_033,0.5,delay30,202,SA,124.08550000000002,138.79833333333335,0.0,22,22,0.0,1.0,0,11,1,1,0,40.003061294555664,100,1,0
INSTANCE_033,0.5,p85,202,FR,124.08550000000002,148.73981649999996,0.0,22,22,0.0,1.0,0,11,1,1,0,14.980554580688477,100,1,0
INSTANCE_033,0.5,p85,202,NR,124.08550000000002,148.73981649999996,0.0,22,22,0.0,1.0,0,11,1,1,0,0.0,0,1,0
INSTANCE_033,0.5,p85,202,RG,124.08550000000002,148.73981649999996,0.0,22,22,0.0,1.0,0,11,1,1,0,38.845062255859375,100,1,0
INSTANCE_033,0.5,p85,202,SA,124.08550000000002,148.73981649999996,0.0,22,22,0.0,1.0,0,11,1,1,0,39.54100608825684,100,1,0
INSTANCE_033,0.5,p95,202,FR,124.08550000000002,157.51433916666664,0.0,22,22,0.0,1.0,0,11,1,1,0,13.987541198730469,100,1,0
INSTANCE_033,0.5,p95,202,NR,124.08550000000002,157.51433916666664,0.0,22,22,0.0,1.0,0,11,1,1,0,0.0,0,1,0
INSTANCE_033,0.5,p95,202,RG,124.08550000000002,157.51433916666664,0.0,22,22,0.0,1.0,0,11,1,1,0,37.28318214416504,100,1,0
INSTANCE_033,0.5,p95,202,SA,124.08550000000002,157.51433916666664,0.0,22,22,0.0,1.0,0,11,1,1,0,38.6350154876709,100,1,0
INSTANCE_033,0.75,delay20,202,FR,124.08550000000002,138.79833333333335,0.0,22,22,0.0,1.0,0,6,1,1,0,13.883113861083984,100,1,0
INSTANCE_033,0.75,delay20,202,NR,124.08550000000002,138.79833333333335,0.0,22,22,0.0,1.0,0,6,1,1,0,0.0,0,1,0
INSTANCE_033,0.75,delay20,202,RG,124.08550000000002,138.79833333333335,0.0,22,22,0.0,1.0,0,6,1,1,0,37.19353675842285,100,1,0
INSTANCE_033,0.75,delay20,202,SA,124.08550000000002,138.79833333333335,0.0,22,22,0.0,1.0,0,6,1,1,0,38.09976577758789,100,1,0
INSTANCE_033,0.75,delay30,202,FR,124.08550000000002,138.79833333333335,0.0,22,22,0.0,1.0,0,6,1,1,0,13.601303100585938,100,1,0
INSTANCE_033,0.75,delay30,202,NR,124.08550000000002,138.79833333333335,0.0,22,22,0.0,1.0,0,6,1,1,0,0.0,0,1,0
INSTANCE_033,0.75,delay30,202,RG,124.08550000000002,138.79833333333335,0.0,22,22,0.0,1.0,0,6,1,1,0,37.37044334411621,100,1,0
INSTANCE_033,0.75,delay30,202,SA,124.08550000000002,138.79833333333335,0.0,22,22,0.0,1.0,0,6,1,1,0,36.80729866027832,100,1,0
INSTANCE_033,0.75,p85,202,FR,124.08550000000002,143.0583008333333,0.0,22,22,0.0,1.0,0,6,1,1,0,14.811038970947266,100,1,0
INSTANCE_033,0.75,p85,202,NR,124.08550000000002,143.0583008333333,0.0,22,22,0.0,1.0,0,6,1,1,0,0.0,0,1,0
INSTANCE_033,0.75,p85,202,RG,124.08550000000002,143.0583008333333,0.0,22,22,0.0,1.0,0,6,1,1,0,39.99805450439453,100,1,0
INSTANCE_033,0.75,p85,202,SA,124.08550000000002,143.0583008333333,0.0,22,22,0.0,1.0,0,6,1,1,0,39.27803039550781,100,1,0
INSTANCE_033,0.75,p95,202,FR,124.08550000000002,146.81822083333333,0.0,22,22,0.0,1.0,0,6,1,1,0,13.9617919921875,100,1,0
INSTANCE_033,0.75,p95,202,NR,124.08550000000002,146.81822083333333,0.0,22,22,0.0,1.0,0,6,1,1,0,0.0,0,1,0
INSTANCE_033,0.75,p95,202,RG,124.08550000000002,146.81822083333333,0.0,22,22,0.0,1.0,0,6,1,1,0,39.09707069396973,100,1,0
INSTANCE_033,0.75,p95,202,SA,124.08550000000002,146.81822083333333,0.0,22,22,0.0,1.0,0,6,1,1,0,38.570404052734375,100,1,0
INSTANCE_034,0.25,delay20,202,FR,106.2145,109.94,0.0,14,14,0.0,1.0,0,11,1,1,0,14.326333999633787,100,1,0
INSTANCE_034,0.25,delay20,202,NR,106.2145,109.94,0.0,14,14,0.0,1.0,0,11,1,1,0,0.0,0,1,0
INSTANCE_034,0.25,delay20,202,RG,106.2145,109.94,0.0,14,14,0.0,1.0,0,11,1,1,0,37.79864311218262,100,1,0
INSTANCE_034,0.25,delay20,202,SA,106.2145,109.94,0.0,14,14,0.0,1.0,0,11,1,1,0,38.02061080932617,100,1,0
INSTANCE_034,0.25,delay30,202,FR,106.2145,109.94,0.0,14,14,0.0,1.0,0,11,1,1,0,14.339447021484377,100,1,0
INSTANCE_034,0.25,delay30,202,NR,106.2145,109.94,0.0,14,14,0.0,1.0,0,11,1,1,0,0.0,0,1,0
INSTANCE_034,0.25,delay30,202,RG,106.2145,109.94,0.0,14,14,0.0,1.0,0,11,1,1,0,37.51039505004883,100,1,0
INSTANCE_034,0.25,delay30,202,SA,106.2145,109.94,0.0,14,14,0.0,1.0,0,11,1,1,0,37.16921806335449,100,1,0
INSTANCE_034,0.25,p85,202,FR,106.2145,125.75085833333333,0.0,14,14,0.0,1.0,0,11,1,1,0,14.389753341674805,100,1,0
INSTANCE_034,0.25,p85,202,NR,106.2145,125.75085833333333,0.0,14,14,0.0,1.0,0,11,1,1,0,0.0,0,1,0
INSTANCE_034,0.25,p85,202,RG,106.2145,125.75085833333333,0.0,14,14,0.0,1.0,0,11,1,1,0,37.99009323120117,100,1,0
INSTANCE_034,0.25,p85,202,SA,106.2145,125.75085833333333,0.0,14,14,0.0,1.0,0,11,1,1,0,36.43798828125,100,1,0
INSTANCE_034,0.25,p95,202,FR,106.2145,139.70579166666667,0.0,14,14,0.0,1.0,0,11,1,1,0,14.345884323120115,100,1,0
INSTANCE_034,0.25,p95,202,NR,106.2145,139.70579166666667,0.0,14,14,0.0,1.0,0,11,1,1,0,0.0,0,1,0
INSTANCE_034,0.25,p95,202,RG,106.2145,139.70579166666667,0.0,14,14,0.0,1.0,0,11,1,1,0,37.258148193359375,100,1,0
INSTANCE_034,0.25,p95,202,SA,106.2145,139.70579166666667,0.0,14,14,0.0,1.0,0,11,1,1,0,38.06829452514648,100,1,0
INSTANCE_034,0.5,delay20,202,FR,106.2145,109.94,0.0,14,14,0.0,1.0,0,7,1,1,0,12.449026107788086,100,1,0
INSTANCE_034,0.5,delay20,202,NR,106.2145,109.94,0.0,14,14,0.0,1.0,0,7,1,1,0,0.0,0,1,0
INSTANCE_034,0.5,delay20,202,RG,106.2145,109.94,0.0,14,14,0.0,1.0,0,7,1,1,0,31.93044662475586,100,1,0
INSTANCE_034,0.5,delay20,202,SA,106.2145,109.94,0.0,14,14,0.0,1.0,0,7,1,1,0,33.42890739440918,100,1,0
INSTANCE_034,0.5,delay30,202,FR,106.2145,109.94,0.0,14,14,0.0,1.0,0,7,1,1,0,12.943744659423828,100,1,0
INSTANCE_034,0.5,delay30,202,NR,106.2145,109.94,0.0,14,14,0.0,1.0,0,7,1,1,0,0.0,0,1,0
INSTANCE_034,0.5,delay30,202,RG,106.2145,109.94,0.0,14,14,0.0,1.0,0,7,1,1,0,33.86473655700684,100,1,0
INSTANCE_034,0.5,delay30,202,SA,106.2145,109.94,0.0,14,14,0.0,1.0,0,7,1,1,0,34.0428352355957,100,1,0
INSTANCE_034,0.5,p85,202,FR,106.2145,123.1704535,0.0,14,14,0.0,1.0,0,7,1,1,0,13.930797576904297,100,1,0
INSTANCE_034,0.5,p85,202,NR,106.2145,123.1704535,0.0,14,14,0.0,1.0,0,7,1,1,0,0.0,0,1,0
INSTANCE_034,0.5,p85,202,RG,106.2145,123.1704535,0.0,14,14,0.0,1.0,0,7,1,1,0,36.83900833129883,100,1,0
INSTANCE_034,0.5,p85,202,SA,106.2145,123.1704535,0.0,14,14,0.0,1.0,0,7,1,1,0,35.69984436035156,100,1,0
INSTANCE_034,0.5,p95,202,FR,106.2145,134.8478775,0.0,14,14,0.0,1.0,0,7,1,1,0,13.154268264770508,100,1,0
INSTANCE_034,0.5,p95,202,NR,106.2145,134.8478775,0.0,14,14,0.0,1.0,0,7,1,1,0,0.0,0,1,0
INSTANCE_034,0.5,p95,202,RG,106.2145,134.8478775,0.0,14,14,0.0,1.0,0,7,1,1,0,33.13326835632324,100,1,0
INSTANCE_034,0.5,p95,202,SA,106.2145,134.8478775,0.0,14,14,0.0,1.0,0,7,1,1,0,31.94832801818848,100,1,0
INSTANCE_034,0.75,delay20,202,FR,106.2145,109.94,0.0,14,14,0.0,1.0,0,4,1,1,0,13.464927673339844,100,1,0
INSTANCE_034,0.75,delay20,202,NR,106.2145,109.94,0.0,14,14,0.0,1.0,0,4,1,1,0,0.0,0,1,0
INSTANCE_034,0.75,delay20,202,RG,106.2145,109.94,0.0,14,14,0.0,1.0,0,4,1,1,0,37.22405433654785,100,1,0
INSTANCE_034,0.75,delay20,202,SA,106.2145,109.94,0.0,14,14,0.0,1.0,0,4,1,1,0,37.40334510803223,100,1,0
INSTANCE_034,0.75,delay30,202,FR,106.2145,109.94,0.0,14,14,0.0,1.0,0,4,1,1,0,13.582706451416016,100,1,0
INSTANCE_034,0.75,delay30,202,NR,106.2145,109.94,0.0,14,14,0.0,1.0,0,4,1,1,0,0.0,0,1,0
INSTANCE_034,0.75,delay30,202,RG,106.2145,109.94,0.0,14,14,0.0,1.0,0,4,1,1,0,36.86809539794922,100,1,0
INSTANCE_034,0.75,delay30,202,SA,106.2145,109.94,0.0,14,14,0.0,1.0,0,4,1,1,0,36.866188049316406,100,1,0
INSTANCE_034,0.75,p85,202,FR,106.2145,121.65926283333332,0.0,14,14,0.0,1.0,0,4,1,1,0,12.94875144958496,100,1,0
INSTANCE_034,0.75,p85,202,NR,106.2145,121.65926283333332,0.0,14,14,0.0,1.0,0,4,1,1,0,0.0,0,1,0
INSTANCE_034,0.75,p85,202,RG,106.2145,121.65926283333332,0.0,14,14,0.0,1.0,0,4,1,1,0,32.993316650390625,100,1,0
INSTANCE_034,0.75,p85,202,SA,106.2145,121.65926283333332,0.0,14,14,0.0,1.0,0,4,1,1,0,32.92274475097656,100,1,0
INSTANCE_034,0.75,p95,202,FR,106.2145,132.00288416666666,0.0,14,14,0.0,1.0,0,4,1,1,0,12.279987335205078,100,1,0
INSTANCE_034,0.75,p95,202,NR,106.2145,132.00288416666666,0.0,14,14,0.0,1.0,0,4,1,1,0,0.0,0,1,0
INSTANCE_034,0.75,p95,202,RG,106.2145,132.00288416666666,0.0,14,14,0.0,1.0,0,4,1,1,0,34.13128852844238,100,1,0
INSTANCE_034,0.75,p95,202,SA,106.2145,132.00288416666666,0.0,14,14,0.0,1.0,0,4,1,1,0,35.54177284240723,100,1,0
INSTANCE_035,0.25,delay20,202,FR,271.6363,320.17833333333334,0.0,48,48,0.0,0.6729166666666666,22,37,2,0,0,46.1430549621582,270,0,0
INSTANCE_035,0.25,delay20,202,NR,281.4062,335.50333333333333,19.82333333333316,46,48,0.0,1.0,0,37,2,2,0,0.0,0,1,0
INSTANCE_035,0.25,delay20,202,RG,283.3407,335.49,0.0,48,48,0.0,0.8285714285714285,10,37,2,1,0,94.48933601379396,220,0,0
INSTANCE_035,0.25,delay20,202,SA,283.6193,338.5633333333334,0.0,48,48,0.0,0.893452380952381,8,37,2,1,0,93.61529350280762,220,0,0
INSTANCE_035,0.25,delay30,202,FR,271.9932,318.9666666666667,8.483333333334258,46,48,0.0,0.6556547619047619,25,37,2,0,0,59.81040000915527,350,0,0
INSTANCE_035,0.25,delay30,202,NR,281.4062,335.50333333333333,45.16833333333307,45,48,0.0,1.0,0,37,2,2,0,0.0,0,1,0
INSTANCE_035,0.25,delay30,202,RG,283.6481,335.285,6.494999999999777,47,48,0.0,0.7898809523809524,12,37,2,1,0,100.95572471618652,240,0,0
INSTANCE_035,0.25,delay30,202,SA,283.53180000000003,335.505,6.7149999999998045,47,48,0.0,0.8410714285714286,10,37,2,1,0,92.05436706542967,230,0,0
INSTANCE_035,0.25,p85,202,FR,271.6363,356.6646496666667,0.684112666666806,47,48,0.0,0.6729166666666666,22,37,2,0,0,38.22779655456543,270,0,0
INSTANCE_035,0.25,p85,202,NR,281.4062,374.3788171666666,26.46549533333325,46,48,0.0,1.0,0,37,2,2,0,0.0,0,1,0
INSTANCE_035,0.25,p85,202,RG,283.3407,374.36340516666667,0.0,48,48,0.0,0.8285714285714285,10,37,2,1,0,83.17279815673828,220,0,0
INSTANCE_035,0.25,p85,202,SA,283.6193,377.91587116666665,0.0,48,48,0.0,0.893452380952381,8,37,2,1,0,86.75050735473633,220,0,0
INSTANCE_035,0.25,p95,202,FR,271.9596,386.9472475,26.74923083333488,45,48,0.0,0.6717261904761904,22,37,2,0,0,45.88222503662109,290,0,0
INSTANCE_035,0.25,p95,202,NR,281.4062,408.6909825,91.436269166668,44,48,0.0,1.0,0,37,2,2,0,0.0,0,1,0
INSTANCE_035,0.25,p95,202,RG,283.6481,408.4085683333334,21.307285000000206,46,48,0.0,0.7898809523809524,12,37,2,1,0,101.4389991760254,240,0,0
INSTANCE_035,0.25,p95,202,SA,283.3407,408.6737358333334,21.83762000000036,46,48,0.0,0.8285714285714285,10,37,2,1,0,92.44799613952635,220,0,0
INSTANCE_035,0.5,delay20,202,FR,270.4594,318.50333333333333,0.0,48,48,0.0,0.7164085914085914,14,25,2,0,0,30.380725860595703,220,0,0
INSTANCE_035,0.5,delay20,202,NR,281.4062,335.50333333333333,19.82333333333316,46,48,0.0,1.0,0,25,2,2,0,0.0,0,1,0
INSTANCE_035,0.5,delay20,202,RG,283.3407,335.49,0.0,48,48,0.0,0.7582417582417582,10,25,2,1,0,121.8862533569336,320,0,0
INSTANCE_035,0.5,delay20,202,SA,281.7296,334.12666666666667,17.069999999999595,46,48,0.0,0.9368131868131868,2,25,2,1,0,92.926025390625,240,0,0
INSTANCE_035,0.5,delay30,202,FR,269.6181,315.62,4.924999999999841,47,48,0.0,0.6257492507492507,16,25,2,0,0,49.680471420288086,340,0,0
INSTANCE_035,0.5,delay30,202,NR,281.4062,335.50333333333333,45.16833333333307,45,48,0.0,1.0,0,25,2,2,0,0.0,0,1,0
INSTANCE_035,0.5,delay30,202,RG,283.3994,335.40166666666664,5.719999999999914,47,48,0.0,0.8159340659340659,11,25,2,1,0,175.75359344482422,460,0,0
INSTANCE_035,0.5,delay30,202,SA,282.77650000000006,334.5833333333333,4.78999999999985,47,48,0.0,0.7664835164835164,12,25,2,1,0,218.510627746582,500,0,0
INSTANCE_035,0.5,p85,202,FR,270.4594,343.934261,0.0,48,48,0.0,0.7164085914085914,14,25,2,0,0,31.450271606445312,220,0,0
INSTANCE_035,0.5,p85,202,NR,281.4062,363.584561,10.774656166666546,47,48,0.0,1.0,0,25,2,2,0,0.0,0,1,0
INSTANCE_035,0.5,p85,202,RG,283.3407,363.569149,0.0,48,48,0.0,0.7582417582417582,10,25,2,1,0,122.52187728881836,320,0,0
INSTANCE_035,0.5,p85,202,SA,283.3994,363.4670445,0.0,48,48,0.0,0.8351648351648352,11,25,2,1,0,114.31455612182616,310,0,0
INSTANCE_035,0.5,p95,202,FR,270.78279999999995,364.5993133333333,0.0,48,48,0.0,0.6532217782217782,16,25,2,0,0,30.29394149780273,230,0,0
INSTANCE_035,0.5,p95,202,NR,281.4062,388.3695316666666,33.105301666666605,45,48,0.0,1.0,0,25,2,2,0,0.0,0,1,0
INSTANCE_035,0.5,p95,202,RG,283.01730000000003,390.059705,0.0,48,48,0.0,0.8598901098901099,8,25,2,1,0,160.21490097045898,450,0,0
INSTANCE_035,0.5,p95,202,SA,284.1303,389.024905,0.0,48,48,0.0,0.8076923076923077,12,25,2,1,0,181.26368522644043,470,0,0
INSTANCE_035,0.75,delay20,202,FR,274.77860000000004,318.83333333333337,19.06499999999994,46,48,0.0,0.5976190476190476,8,13,2,0,0,34.35158729553223,220,0,0
INSTANCE_035,0.75,delay20,202,NR,281.4062,335.50333333333333,19.82333333333316,46,48,0.0,1.0,0,13,2,2,0,0.0,0,1,0
INSTANCE_035,0.75,delay20,202,RG,283.11070000000007,336.64166666666665,19.06499999999994,46,48,0.0,0.7976190476190477,3,13,2,1,0,92.79894828796388,220,0,0
INSTANCE_035,0.75,delay20,202,SA,281.4062,335.50333333333333,19.82333333333316,46,48,0.0,1.0,0,13,2,2,0,85.36934852600098,200,1,0
INSTANCE_035,0.75,delay30,202,FR,274.77860000000004,318.83333333333337,42.601666666666574,45,48,0.0,0.5976190476190476,8,13,2,0,0,34.050703048706055,220,0,0
INSTANCE_035,0.75,delay30,202,NR,281.4062,335.50333333333333,45.16833333333307,45,48,0.0,1.0,0,13,2,2,0,0.0,0,1,0
INSTANCE_035,0.75,delay30,202,RG,283.11070000000007,336.64166666666665,42.601666666666574,45,48,0.0,0.7976190476190477,3,13,2,1,0,91.30048751831056,220,0,0
INSTANCE_035,0.75,delay30,202,SA,281.4062,335.50333333333333,45.16833333333307,45,48,0.0,1.0,0,13,2,2,0,83.2817554473877,200,1,0
INSTANCE_035,0.75,p85,202,FR,274.7785,330.76877750000006,0.0,48,48,0.0,0.680952380952381,9,13,2,0,0,39.45207595825195,280,0,0
INSTANCE_035,0.75,p85,202,NR,281.4062,350.03763050000003,1.4074046666665936,47,48,0.0,1.0,0,13,2,2,0,0.0,0,1,0
INSTANCE_035,0.75,p85,202,RG,283.11070000000007,351.35343000000006,0.0,48,48,0.0,0.7976190476190477,3,13,2,1,0,83.26530456542969,220,0,0
INSTANCE_035,0.75,p85,202,SA,281.4062,350.03763050000003,1.4074046666665936,47,48,0.0,1.0,0,13,2,2,0,76.92837715148926,200,1,0
INSTANCE_035,0.75,p95,202,FR,274.77860000000004,341.30320416666666,2.0368425000000343,47,48,0.0,0.5976190476190476,8,13,2,0,0,45.22299766540527,300,0,0
INSTANCE_035,0.75,p95,202,NR,281.4062,362.8658491666666,5.7858366666666825,47,48,0.0,1.0,0,13,2,2,0,0.0,0,1,0
INSTANCE_035,0.75,p95,202,RG,283.11070000000007,364.3382833333333,2.0368425000000343,47,48,0.0,0.7976190476190477,3,13,2,1,0,89.66565132141113,220,0,0
INSTANCE_035,0.75,p95,202,SA,283.11060000000003,364.3382833333333,2.0778033333333497,47,48,0.0,0.8809523809523809,4,13,2,1,0,85.97946166992188,210,0,0
INSTANCE_036,0.25,delay20,202,FR,254.5752,245.47666666666663,13.821666666666715,26,27,0.0,0.7988095238095239,6,21,1,0,0,24.030685424804688,150,0,0
INSTANCE_036,0.25,delay20,202,NR,244.2179,238.11666666666667,26.79499999999961,25,27,0.0,1.0,0,21,1,1,0,0.0,0,1,0
INSTANCE_036,0.25,delay20,202,RG,244.218,238.31166666666664,24.74999999999943,25,27,0.0,0.8083333333333333,4,21,1,0,0,65.91129302978516,150,0,0
INSTANCE_036,0.25,delay20,202,SA,248.2337,241.11833333333328,9.46333333333314,26,27,0.0,0.8214285714285714,7,21,1,0,0,101.55916213989258,240,0,0
INSTANCE_036,0.25,delay30,202,FR,247.4489,240.675,22.61666666666622,25,27,0.0,0.7964285714285715,7,21,1,0,0,52.55317687988281,330,0,0
INSTANCE_036,0.25,delay30,202,NR,244.2179,238.11666666666667,52.97999999999945,24,27,0.0,1.0,0,21,1,1,0,0.0,0,1,0
INSTANCE_036,0.25,delay30,202,RG,247.4365,240.58499999999995,50.1983333333327,24,27,0.0,0.805952380952381,5,21,1,0,0,74.88775253295898,180,0,0
INSTANCE_036,0.25,delay30,202,SA,262.7741,251.29999999999995,37.401666666666415,25,27,0.0,0.8333333333333333,7,21,1,0,0,70.41811943054199,170,0,0
INSTANCE_036,0.25,p85,202,FR,244.218,270.223544,11.88744950000023,26,27,0.0,0.7988095238095239,7,21,1,0,0,64.31865692138672,400,0,0
INSTANCE_036,0.25,p85,202,NR,244.2179,269.90181850000005,42.59423250000066,24,27,0.0,1.0,0,21,1,1,0,0.0,0,1,0
INSTANCE_036,0.25,p85,202,RG,255.0239,278.8215135,23.48860500000024,25,27,0.0,0.8261904761904761,7,21,1,0,0,113.64459991455078,270,0,0
INSTANCE_036,0.25,p85,202,SA,262.7741,285.1404335,29.55515350000053,25,27,0.0,0.8333333333333333,7,21,1,0,0,71.92182540893555,170,0,0
INSTANCE_036,0.25,p95,202,FR,259.5432,312.18659166666674,75.69223416666637,24,27,0.0,0.805952380952381,6,21,1,0,0,35.47787666320801,220,0,0
INSTANCE_036,0.25,p95,202,NR,244.2179,297.9559358333334,136.73747833333334,22,27,0.0,1.0,0,21,1,1,0,0.0,0,1,0
INSTANCE_036,0.25,p95,202,RG,247.4366,301.1314783333334,63.99917916666698,23,27,0.0,0.8511904761904762,7,21,1,0,0,134.41729545593262,320,0,0
INSTANCE_036,0.25,p95,202,SA,247.4366,301.1314783333334,63.99917916666698,23,27,0.0,0.8511904761904762,7,21,1,0,0,132.10725784301758,320,0,0
INSTANCE_036,0.5,delay20,202,FR,244.218,238.39499999999995,6.739999999999782,26,27,0.0,0.6703296703296704,7,14,1,0,0,14.617443084716797,100,0,0
INSTANCE_036,0.5,delay20,202,NR,244.2179,238.11666666666667,26.79499999999961,25,27,0.0,1.0,0,14,1,1,0,0.0,0,1,0
INSTANCE_036,0.5,delay20,202,RG,256.32460000000003,246.845,15.189999999999827,26,27,0.0,0.6648351648351649,7,14,1,0,0,117.9356575012207,310,0,0
INSTANCE_036,0.5,delay20,202,SA,251.4522,243.295,11.639999999999986,26,27,0.0,0.7802197802197802,7,14,1,0,0,73.91047477722168,200,0,0
INSTANCE_036,0.5,delay30,202,FR,244.218,238.39499999999995,18.05666666666628,25,27,0.0,0.6703296703296704,7,14,1,0,0,14.417648315429688,100,0,0
INSTANCE_036,0.5,delay30,202,NR,244.2179,238.11666666666667,52.97999999999945,24,27,0.0,1.0,0,14,1,1,0,0.0,0,1,0
INSTANCE_036,0.5,delay30,202,RG,253.0936,244.565,30.396666666666192,25,27,0.0,0.7197802197802198,6,14,1,0,0,65.05417823791504,160,0,0
INSTANCE_036,0.5,delay30,202,SA,254.38209999999995,245.375,32.01666666666631,25,27,0.0,0.6813186813186813,6,14,1,0,0,126.0077953338623,330,0,0
INSTANCE_036,0.5,p85,202,FR,244.218,258.80646733333333,0.4703728333334993,26,27,0.0,0.6703296703296704,7,14,1,0,0,15.494823455810549,100,0,0
INSTANCE_036,0.5,p85,202,NR,244.2179,258.4847418333334,17.578754166666954,25,27,0.0,1.0,0,14,1,1,0,0.0,0,1,0
INSTANCE_036,0.5,p85,202,RG,244.218,258.59840533333335,14.991464666667184,25,27,0.0,0.8186813186813187,2,14,1,0,0,45.16124725341797,110,0,0
INSTANCE_036,0.5,p85,202,SA,259.5432,271.08983133333334,12.753736833333503,26,27,0.0,0.7747252747252747,4,14,1,0,0,82.49402046203613,200,0,0
INSTANCE_036,0.5,p95,202,FR,244.218,276.82197666666667,12.589034166666693,26,27,0.0,0.6703296703296704,7,14,1,0,0,15.02227783203125,100,0,0
INSTANCE_036,0.5,p95,202,NR,244.2179,276.4619525,48.38116250000019,24,27,0.0,1.0,0,14,1,1,0,0.0,0,1,0
INSTANCE_036,0.5,p95,202,RG,259.5432,290.56757000000005,26.704695833333403,25,27,0.0,0.7747252747252747,4,14,1,0,0,79.95104789733887,200,0,0
INSTANCE_036,0.5,p95,202,SA,251.4522,283.1601266666667,18.92718416666662,26,27,0.0,0.7802197802197802,7,14,1,0,0,75.9124755859375,190,0,0
INSTANCE_036,0.75,delay20,202,FR,244.218,238.39499999999995,6.739999999999782,26,27,0.0,0.238095238095238,7,7,1,0,0,14.77360725402832,100,0,0
INSTANCE_036,0.75,delay20,202,NR,244.2179,238.11666666666667,26.79499999999961,25,27,0.0,1.0,0,7,1,1,0,0.0,0,1,0
INSTANCE_036,0.75,delay20,202,RG,244.218,238.39499999999995,6.739999999999782,26,27,0.0,0.238095238095238,7,7,1,0,0,55.77588081359863,140,0,0
INSTANCE_036,0.75,delay20,202,SA,246.2911,239.74666666666664,8.09166666666647,26,27,0.0,0.4285714285714286,5,7,1,0,0,54.54683303833008,140,0,0
INSTANCE_036,0.75,delay30,202,FR,244.218,238.39499999999995,18.05666666666628,25,27,0.0,0.238095238095238,7,7,1,0,0,14.113664627075195,100,0,0
INSTANCE_036,0.75,delay30,202,NR,244.2179,238.11666666666667,52.97999999999945,24,27,0.0,1.0,0,7,1,1,0,0.0,0,1,0
INSTANCE_036,0.75,delay30,202,RG,247.4489,240.675,22.61666666666622,25,27,0.0,0.2142857142857143,7,7,1,0,0,47.81460762023926,130,0,0
INSTANCE_036,0.75,delay30,202,SA,245.0027,238.83833333333328,18.943333333333044,25,27,0.0,0.3214285714285714,7,7,1,0,0,61.50555610656738,170,0,0
INSTANCE_036,0.75,p85,202,FR,244.218,251.0995508333333,0.0,27,27,0.0,0.238095238095238,7,7,1,0,0,14.196157455444336,100,0,0
INSTANCE_036,0.75,p85,202,NR,244.2179,250.7778253333333,6.040894333333199,26,27,0.0,1.0,0,7,1,1,0,0.0,0,1,0
INSTANCE_036,0.75,p85,202,RG,244.218,251.0995508333333,0.0,27,27,0.0,0.238095238095238,7,7,1,0,0,55.06563186645508,140,0,0
INSTANCE_036,0.75,p85,202,SA,244.2179,250.7778253333333,6.040894333333199,26,27,0.0,1.0,0,7,1,1,0,40.65275192260742,100,1,0
INSTANCE_036,0.75,p95,202,FR,244.218,262.31280416666664,0.0,27,27,0.0,0.238095238095238,7,7,1,0,0,13.973712921142578,100,0,0
INSTANCE_036,0.75,p95,202,NR,244.2179,261.95278,15.730675833333294,25,27,0.0,1.0,0,7,1,1,0,0.0,0,1,0
INSTANCE_036,0.75,p95,202,RG,244.218,262.31280416666664,0.0,27,27,0.0,0.238095238095238,7,7,1,0,0,52.910566329956055,140,0,0
INSTANCE_036,0.75,p95,202,SA,246.2911,264.061185,0.0,27,27,0.0,0.4285714285714286,5,7,1,0,0,59.32259559631348,150,0,0
INSTANCE_039,0.25,delay20,202,FR,420.7819999999999,546.25,0.9283333333332848,64,65,0.0,0.7185729847494553,33,50,3,0,0,79.16450500488281,510,0,0
INSTANCE_039,0.25,delay20,202,NR,345.4281,466.8366666666667,44.6483333333332,62,65,0.0,1.0,0,50,3,3,0,0.0,0,1,0
INSTANCE_039,0.25,delay20,202,RG,429.1913,548.3333333333333,1.2483333333334483,64,65,0.0,0.6316176470588236,40,50,3,0,0,311.6161823272705,780,0,0
INSTANCE_039,0.25,delay20,202,SA,410.10829999999993,534.2333333333333,3.9866666666664514,64,65,0.0,0.8144063180827886,26,50,3,0,0,177.12664604187012,440,0,0
INSTANCE_039,0.25,delay30,202,FR,423.5382,551.335,10.928333333333285,64,65,0.0,0.5666122004357298,37,50,3,0,0,75.3016471862793,510,0,0
INSTANCE_039,0.25,delay30,202,NR,345.4281,466.8366666666667,86.5416666666664,60,65,0.0,1.0,0,50,3,3,0,0.0,0,1,0
INSTANCE_039,0.25,delay30,202,RG,504.5761,623.6616666666666,2.8116666666667243,64,65,0.0,0.526062091503268,45,50,3,0,0,209.5556259155273,550,0,0
INSTANCE_039,0.25,delay30,202,SA,493.6071,604.3399999999999,2.8116666666667243,64,65,0.0,0.6644063180827886,38,50,3,0,0,227.30517387390137,590,0,0
INSTANCE_039,0.25,p85,202,FR,351.7987,539.1206728333333,0.0,65,65,0.0,0.8879357298474946,15,50,3,1,0,54.472923278808594,400,0,0
INSTANCE_039,0.25,p85,202,NR,345.4281,525.5600393333333,20.94629216666669,63,65,0.0,1.0,0,50,3,3,0,0.0,0,1,0
INSTANCE_039,0.25,p85,202,RG,362.2001,550.0805313333333,0.0,65,65,0.0,0.814950980392157,18,50,3,1,0,190.07396697998047,490,0,0
INSTANCE_039,0.25,p85,202,SA,378.3321,569.1374693333332,0.0,65,65,0.0,0.897739651416122,13,50,3,1,0,116.99748039245604,310,0,0
INSTANCE_039,0.25,p95,202,FR,396.3358,642.9772075000001,0.0,65,65,0.0,0.7511710239651416,26,50,3,1,0,70.17016410827637,460,0,0
INSTANCE_039,0.25,p95,202,NR,345.4281,577.39029,43.596857500000056,63,65,0.0,1.0,0,50,3,3,0,0.0,0,1,0
INSTANCE_039,0.25,p95,202,RG,436.4008,699.9278566666667,0.0,65,65,0.0,0.6455065359477125,32,50,3,1,0,215.81053733825684,530,0,0
INSTANCE_039,0.25,p95,202,SA,393.1254999999999,645.2990400000001,3.2740191666665623,64,65,0.0,0.8907952069716775,18,50,3,1,0,125.30994415283205,310,0,0
INSTANCE_039,0.5,delay20,202,FR,390.8013,512.28,0.0,65,65,0.0,0.7479797979797981,13,34,3,1,0,53.13825607299805,370,0,0
INSTANCE_039,0.5,delay20,202,NR,345.4281,466.8366666666667,35.28333333333319,63,65,0.0,1.0,0,34,3,3,0,0.0,0,1,0
INSTANCE_039,0.5,delay20,202,RG,392.1362,515.565,0.0,65,65,0.0,0.8075757575757576,11,34,3,1,0,182.1119785308838,480,0,0
INSTANCE_039,0.5,delay20,202,SA,399.0718,520.7366666666667,0.0,65,65,0.0,0.8575757575757575,12,34,3,1,0,171.40817642211914,450,0,0
INSTANCE_039,0.5,delay30,202,FR,407.6146,525.5899999999999,0.4016666666667561,64,65,0.0,0.7626262626262627,14,34,3,1,0,65.71722030639648,450,0,0
INSTANCE_039,0.5,delay30,202,NR,345.4281,466.8366666666667,67.17666666666639,61,65,0.0,1.0,0,34,3,3,0,0.0,0,1,0
INSTANCE_039,0.5,delay30,202,RG,423.4255,541.8,0.0,65,65,0.0,0.7954545454545455,15,34,3,1,0,131.70528411865234,330,0,0
INSTANCE_039,0.5,delay30,202,SA,426.8615,544.2533333333333,0.0,65,65,0.0,0.8257575757575758,16,34,3,1,0,119.64797973632812,300,0,0
INSTANCE_039,0.5,p85,202,FR,353.32449999999994,518.060709,0.0,65,65,0.0,0.7666666666666666,15,34,3,1,0,77.72302627563477,560,0,0
INSTANCE_039,0.5,p85,202,NR,345.4281,510.2410454999999,8.137288333333117,63,65,0.0,1.0,0,34,3,3,0,0.0,0,1,0
INSTANCE_039,0.5,p85,202,RG,366.9366,538.177222,0.0,65,65,0.0,0.834848484848485,8,34,3,1,0,131.5314769744873,350,0,0
INSTANCE_039,0.5,p85,202,SA,369.7599,540.4235209999999,0.2611739999997553,64,65,0.0,0.9545454545454546,5,34,3,2,0,113.88015747070312,300,0,0
INSTANCE_039,0.5,p95,202,FR,368.02539999999993,580.7112125,0.0,65,65,0.0,0.7136363636363637,14,34,3,1,0,51.58376693725586,380,0,0
INSTANCE_039,0.5,p95,202,NR,345.4281,548.5504908333332,19.482408333333183,63,65,0.0,1.0,0,34,3,3,0,0.0,0,1,0
INSTANCE_039,0.5,p95,202,RG,366.9366,579.81223,0.0,65,65,0.0,0.834848484848485,8,34,3,1,0,130.6440830230713,350,0,0
INSTANCE_039,0.5,p95,202,SA,369.7599,582.3259316666666,2.9939099999998007,64,65,0.0,0.9545454545454546,5,34,3,2,0,110.44001579284668,300,0,0
INSTANCE_039,0.75,delay20,202,FR,345.9856,467.5,7.374999999999886,64,65,0.0,0.9222222222222222,2,18,3,2,0,49.1032600402832,320,0,0
INSTANCE_039,0.75,delay20,202,NR,345.4281,466.8366666666667,17.16499999999985,64,65,0.0,1.0,0,18,3,3,0,0.0,0,1,0
INSTANCE_039,0.75,delay20,202,RG,345.9856,467.5,7.374999999999886,64,65,0.0,0.9222222222222222,2,18,3,2,0,125.68140029907228,310,0,0
INSTANCE_039,0.75,delay20,202,SA,345.9856,467.5,7.374999999999886,64,65,0.0,0.9222222222222222,2,18,3,2,0,125.8230209350586,310,0,0
INSTANCE_039,0.75,delay30,202,FR,345.9856,467.5,24.958333333333144,63,65,0.0,0.9222222222222222,2,18,3,2,0,53.943634033203125,320,0,0
INSTANCE_039,0.75,delay30,202,NR,345.4281,466.8366666666667,34.92666666666639,63,65,0.0,1.0,0,18,3,3,0,0.0,0,1,0
INSTANCE_039,0.75,delay30,202,RG,345.9856,467.5,24.958333333333144,63,65,0.0,0.9222222222222222,2,18,3,2,0,121.6585636138916,310,0,0
INSTANCE_039,0.75,delay30,202,SA,345.9856,467.5,24.958333333333144,63,65,0.0,0.9222222222222222,2,18,3,2,0,120.03087997436523,310,0,0
INSTANCE_039,0.75,p85,202,FR,345.4281,480.9032638333333,0.0,65,65,0.0,1.0,0,18,3,3,0,46.709299087524414,300,1,0
INSTANCE_039,0.75,p85,202,NR,345.4281,480.9032638333333,0.0,65,65,0.0,1.0,0,18,3,3,0,0.0,0,1,0
INSTANCE_039,0.75,p85,202,RG,345.4281,480.9032638333333,0.0,65,65,0.0,1.0,0,18,3,3,0,124.44782257080078,300,1,0
INSTANCE_039,0.75,p85,202,SA,345.4281,480.9032638333333,0.0,65,65,0.0,1.0,0,18,3,3,0,123.27289581298828,300,1,0
INSTANCE_039,0.75,p95,202,FR,345.4281,493.3186825,0.0,65,65,0.0,1.0,0,18,3,3,0,46.03171348571777,300,1,0
INSTANCE_039,0.75,p95,202,NR,345.4281,493.3186825,0.0,65,65,0.0,1.0,0,18,3,3,0,0.0,0,1,0
INSTANCE_039,0.75,p95,202,RG,345.4281,493.3186825,0.0,65,65,0.0,1.0,0,18,3,3,0,122.82967567443848,300,1,0
INSTANCE_039,0.75,p95,202,SA,345.4281,493.3186825,0.0,65,65,0.0,1.0,0,18,3,3,0,123.30150604248048,300,1,0
INSTANCE_040,0.25,delay20,202,FR,402.4677000000001,470.1233333333333,48.35000000000082,50,55,0.0,0.919934640522876,4,42,2,1,0,35.33625602722168,210,0,0
INSTANCE_040,0.25,delay20,202,NR,391.1116,461.155,55.60000000000082,49,55,0.0,1.0,0,42,2,2,0,0.0,0,1,0
INSTANCE_040,0.25,delay20,202,RG,402.4677000000001,470.1233333333333,48.35000000000082,50,55,0.0,0.919934640522876,4,42,2,1,0,112.08820343017578,210,0,0
INSTANCE_040,0.25,delay20,202,SA,402.467,470.1233333333333,48.35000000000082,50,55,0.0,0.9362745098039216,2,42,2,1,0,120.21851539611816,250,0,0
INSTANCE_040,0.25,delay30,202,FR,403.5350000000001,469.5,104.58166666666762,49,55,8.896666666666988,0.8837027564649048,9,42,2,0,0,37.33205795288086,240,0,0
INSTANCE_040,0.25,delay30,202,NR,391.1116,461.155,129.87000000000126,47,55,9.520000000000437,1.0,0,42,2,2,0,0.0,0,1,0
INSTANCE_040,0.25,delay30,202,RG,402.4677000000001,470.1233333333333,112.62000000000126,48,55,9.520000000000437,0.919934640522876,4,42,2,1,0,85.77609062194824,210,0,0
INSTANCE_040,0.25,delay30,202,SA,402.4677000000001,470.1233333333333,112.62000000000126,48,55,9.520000000000437,0.919934640522876,4,42,2,1,0,83.86468887329102,210,0,0
INSTANCE_040,0.25,p85,202,FR,406.1857000000001,533.4640313333333,33.55061733333321,52,55,14.818185500000029,0.8483766695083831,22,42,2,0,0,57.54637718200684,340,0,0
INSTANCE_040,0.25,p85,202,NR,391.1116,521.2827718333333,60.14056916666664,51,55,13.00342250000017,1.0,0,42,2,2,0,0.0,0,1,0
INSTANCE_040,0.25,p85,202,RG,402.4677000000001,531.6492683333333,47.1636913333333,52,55,13.00342250000017,0.919934640522876,4,42,2,1,0,91.35937690734865,210,0,0
INSTANCE_040,0.25,p85,202,SA,402.4677000000001,531.6492683333333,47.1636913333333,52,55,13.00342250000017,0.919934640522876,4,42,2,1,0,93.2619571685791,210,0,0
INSTANCE_040,0.25,p95,202,FR,402.4677000000001,585.9531083333335,141.7357016666664,48,55,42.55646249999995,0.919934640522876,4,42,2,1,0,35.02678871154785,210,0,0
INSTANCE_040,0.25,p95,202,NR,391.1116,574.3525691666669,162.37859999999966,49,55,42.55646249999995,1.0,0,42,2,2,0,0.0,0,1,0
INSTANCE_040,0.25,p95,202,RG,402.4677000000001,585.9531083333335,141.7357016666664,48,55,42.55646249999995,0.919934640522876,4,42,2,1,0,92.10515022277832,210,0,0
INSTANCE_040,0.25,p95,202,SA,402.4677000000001,585.9531083333335,141.7357016666664,48,55,42.55646249999995,0.919934640522876,4,42,2,1,0,91.40801429748537,210,0,0
INSTANCE_040,0.5,delay20,202,FR,402.4677000000001,470.1233333333333,35.76000000000079,51,55,0.0,0.8712121212121212,4,28,2,1,0,31.27026557922364,230,0,0
INSTANCE_040,0.5,delay20,202,NR,391.1116,461.155,43.01000000000079,50,55,0.0,1.0,0,28,2,2,0,0.0,0,1,0
INSTANCE_040,0.5,delay20,202,RG,394.3355,465.985,29.631666666667343,51,55,0.0,0.9242424242424244,3,28,2,1,0,73.4710693359375,200,0,0
INSTANCE_040,0.5,delay20,202,SA,394.3355,465.985,29.631666666667343,51,55,0.0,0.9242424242424244,3,28,2,1,0,74.71418380737305,200,0,0
INSTANCE_040,0.5,delay30,202,FR,399.0819,470.37666666666667,80.96500000000094,50,55,8.896666666666988,0.828030303030303,9,28,2,0,0,53.556203842163086,400,0,0
INSTANCE_040,0.5,delay30,202,NR,391.1116,461.155,99.80166666666776,49,55,9.520000000000437,1.0,0,28,2,2,0,0.0,0,1,0
INSTANCE_040,0.5,delay30,202,RG,394.3355,465.985,83.80166666666776,49,55,9.520000000000437,0.9242424242424244,3,28,2,1,0,73.20451736450195,200,0,0
INSTANCE_040,0.5,delay30,202,SA,394.3355,465.985,83.80166666666776,49,55,9.520000000000437,0.9242424242424244,3,28,2,1,0,73.32754135131836,200,0,0
INSTANCE_040,0.5,p85,202,FR,402.4677000000001,516.5028038333332,25.796037333333857,52,55,6.78223300000036,0.8712121212121212,4,28,2,1,0,32.843828201293945,230,0,0
INSTANCE_040,0.5,p85,202,NR,391.1116,506.13630733333326,29.84764016666736,51,55,6.78223300000036,1.0,0,28,2,2,0,0.0,0,1,0
INSTANCE_040,0.5,p85,202,RG,394.3355,511.7193043333333,19.9594968333339,52,55,6.78223300000036,0.9242424242424244,3,28,2,1,0,76.38239860534668,200,0,0
INSTANCE_040,0.5,p85,202,SA,394.3355,511.7193043333333,19.9594968333339,52,55,6.78223300000036,0.9242424242424244,3,28,2,1,0,79.18429374694824,200,0,0
INSTANCE_040,0.5,p95,202,FR,398.0146,558.5720841666666,75.18536666666682,51,55,30.844345000000203,0.8863636363636364,4,28,2,1,0,34.91616249084473,240,0,0
INSTANCE_040,0.5,p95,202,NR,391.1116,545.8375766666667,89.15301083333361,51,55,30.844345000000203,1.0,0,28,2,2,0,0.0,0,1,0
INSTANCE_040,0.5,p95,202,RG,394.3355,552.0851816666666,73.15301083333361,51,55,30.844345000000203,0.9242424242424244,3,28,2,1,0,76.66683197021484,200,0,0
INSTANCE_040,0.5,p95,202,SA,394.3355,552.0851816666666,73.15301083333361,51,55,30.844345000000203,0.9242424242424244,3,28,2,1,0,76.6899585723877,200,0,0
INSTANCE_040,0.75,delay20,202,FR,399.8207,469.81166666666667,25.03500000000065,52,55,0.0,0.5547619047619048,8,14,2,0,0,55.64022064208984,420,0,0
INSTANCE_040,0.75,delay20,202,NR,391.1116,461.155,42.65500000000077,51,55,0.0,1.0,0,14,2,2,0,0.0,0,1,0
INSTANCE_040,0.75,delay20,202,RG,399.8207,469.81166666666667,25.03500000000065,52,55,0.0,0.5547619047619048,8,14,2,0,0,123.63791465759276,320,0,0
INSTANCE_040,0.75,delay20,202,SA,394.3354,465.985,29.276666666667325,52,55,0.0,0.85,4,14,2,1,0,103.38902473449708,280,0,0
INSTANCE_040,0.75,delay30,202,FR,405.6911,474.95333333333326,64.19666666666774,51,55,9.520000000000437,0.6666666666666666,5,14,2,1,0,42.96159744262695,280,0,0
INSTANCE_040,0.75,delay30,202,NR,391.1116,461.155,89.44666666666774,50,55,9.520000000000437,1.0,0,14,2,2,0,0.0,0,1,0
INSTANCE_040,0.75,delay30,202,RG,398.012,470.9966666666666,64.19666666666774,51,55,9.520000000000437,0.7333333333333334,4,14,2,1,0,87.26358413696289,210,0,0
INSTANCE_040,0.75,delay30,202,SA,398.012,470.9966666666666,64.19666666666774,51,55,9.520000000000437,0.7333333333333334,4,14,2,1,0,89.71691131591797,210,0,0
INSTANCE_040,0.75,p85,202,FR,394.3354,493.9913956666667,5.571162666666851,54,55,0.8795991666669352,0.85,4,14,2,1,0,46.44012451171875,330,0,0
INSTANCE_040,0.75,p85,202,NR,391.1116,488.4083986666667,6.421676666667054,53,55,0.8795991666669352,1.0,0,14,2,2,0,0.0,0,1,0
INSTANCE_040,0.75,p85,202,RG,394.3354,493.9913956666667,5.571162666666851,54,55,0.8795991666669352,0.85,4,14,2,1,0,94.53511238098145,250,0,0
INSTANCE_040,0.75,p85,202,SA,391.1116,488.4083986666667,6.421676666667054,53,55,0.8795991666669352,1.0,0,14,2,2,0,74.29265975952148,200,1,0
INSTANCE_040,0.75,p95,202,FR,394.3354,518.7103183333334,22.888755000000515,53,55,19.73194583333361,0.85,4,14,2,1,0,39.8104190826416,300,0,0
INSTANCE_040,0.75,p95,202,NR,391.1116,512.4627133333333,28.20576500000061,52,55,19.73194583333361,1.0,0,14,2,2,0,0.0,0,1,0
INSTANCE_040,0.75,p95,202,RG,394.3354,518.7103183333334,22.888755000000515,53,55,19.73194583333361,0.85,4,14,2,1,0,102.82588005065918,280,0,0
INSTANCE_040,0.75,p95,202,SA,391.1116,512.4627133333333,28.20576500000061,52,55,19.73194583333361,1.0,0,14,2,2,0,71.8238353729248,200,1,0
INSTANCE_041,0.25,delay20,202,FR,489.2045999999999,571.5683333333334,12.654999999999973,79,82,0.0,0.8225361383256121,26,62,3,1,0,102.19764709472656,660,0,0
INSTANCE_041,0.25,delay20,202,NR,439.005,539.7016666666666,60.39166666666654,77,82,0.0,1.0,0,62,3,3,0,0.0,0,1,0
INSTANCE_041,0.25,delay20,202,RG,459.2428,560.08,20.898333333333312,79,82,0.0,0.7207602339181287,30,62,3,1,0,228.96862030029297,560,0,0
INSTANCE_041,0.25,delay20,202,SA,458.0858999999999,556.4616666666666,43.4616666666667,79,82,0.0,0.8847497531708058,16,62,3,1,0,158.9193344116211,390,0,0
INSTANCE_041,0.25,delay30,202,FR,478.7701,569.9,52.48166666666668,77,82,0.0,0.7891825523404471,21,62,3,1,0,115.6160831451416,760,0,0
INSTANCE_041,0.25,delay30,202,NR,439.005,539.7016666666666,119.63999999999976,75,82,0.0,1.0,0,62,3,3,0,0.0,0,1,0
INSTANCE_041,0.25,delay30,202,RG,461.8526999999999,551.8533333333334,66.37999999999977,77,82,0.0,0.7443862180704285,30,62,3,1,0,290.49181938171387,730,0,0
INSTANCE_041,0.25,delay30,202,SA,475.1933,563.11,68.03499999999963,76,82,0.0,0.8450292397660819,18,62,3,2,0,245.741605758667,600,0,0
INSTANCE_041,0.25,p85,202,FR,439.005,596.4536838333333,14.843576500000154,79,82,0.0,1.0,0,62,3,3,0,53.3750057220459,300,1,0
INSTANCE_041,0.25,p85,202,NR,439.005,596.4536838333333,14.843576500000154,79,82,0.0,1.0,0,62,3,3,0,0.0,0,1,0
INSTANCE_041,0.25,p85,202,RG,455.3315,618.9841013333332,0.0,82,82,0.0,0.8160742766005923,23,62,3,1,0,206.4926624298096,460,0,0
INSTANCE_041,0.25,p85,202,SA,465.8332,621.7621143333332,0.0,82,82,0.0,0.8745158350421508,19,62,3,1,0,199.9027729034424,450,0,0
INSTANCE_041,0.25,p95,202,FR,459.182,668.1281858333333,19.76932499999998,79,82,0.0,0.8384407989671147,24,62,3,1,0,103.77764701843262,620,0,0
INSTANCE_041,0.25,p95,202,NR,439.005,646.5439825,58.04623416666664,78,82,0.0,1.0,0,62,3,3,0,0.0,0,1,0
INSTANCE_041,0.25,p95,202,RG,459.182,668.1281858333333,19.76932499999998,79,82,0.0,0.8384407989671147,24,62,3,1,0,269.56653594970703,620,0,0
INSTANCE_041,0.25,p95,202,SA,439.005,646.5439825,58.04623416666664,78,82,0.0,1.0,0,62,3,3,0,133.30578804016113,300,1,0
INSTANCE_041,0.5,delay20,202,FR,466.6586,553.845,2.8999999999999773,81,82,0.0,0.7130647130647131,22,42,3,1,0,67.06094741821289,420,0,0
INSTANCE_041,0.5,delay20,202,NR,439.005,539.7016666666666,31.68499999999972,79,82,0.0,1.0,0,42,3,3,0,0.0,0,1,0
INSTANCE_041,0.5,delay20,202,RG,464.8522999999999,558.325,2.8999999999999773,81,82,0.0,0.8072954822954822,23,42,3,1,0,178.26366424560547,430,0,0
INSTANCE_041,0.5,delay20,202,SA,467.40629999999993,566.015,6.595000000000027,81,82,0.0,0.8521672771672772,17,42,3,1,0,131.47377967834473,310,0,0
INSTANCE_041,0.5,delay30,202,FR,458.7856,554.31,22.28666666666664,79,82,0.0,0.7793040293040293,15,42,3,1,0,54.094314575195305,340,0,0
INSTANCE_041,0.5,delay30,202,NR,439.005,539.7016666666666,70.93333333333294,77,82,0.0,1.0,0,42,3,3,0,0.0,0,1,0
INSTANCE_041,0.5,delay30,202,RG,466.5073,562.3616666666667,16.948333333333153,80,82,0.0,0.7367826617826618,23,42,3,1,0,142.76766777038574,340,0,0
INSTANCE_041,0.5,delay30,202,SA,467.40629999999993,566.015,20.90499999999986,79,82,0.0,0.8521672771672772,17,42,3,1,0,130.8760643005371,310,0,0
INSTANCE_041,0.5,p85,202,FR,449.8771,590.7127611666666,0.0,82,82,0.0,0.7814407814407814,15,42,3,1,0,49.90792274475098,320,0,0
INSTANCE_041,0.5,p85,202,NR,439.005,584.5229166666667,6.836052333333555,80,82,0.0,1.0,0,42,3,3,0,0.0,0,1,0
INSTANCE_041,0.5,p85,202,RG,463.4401,607.3403826666665,0.0,82,82,0.0,0.7207570207570209,25,42,3,1,0,133.18490982055664,320,0,0
INSTANCE_041,0.5,p85,202,SA,439.005,584.5229166666667,6.836052333333555,80,82,0.0,1.0,0,42,3,3,0,129.5785903930664,300,1,0
INSTANCE_041,0.5,p95,202,FR,449.8771,631.0096091666667,4.426271666666821,81,82,0.0,0.7814407814407814,15,42,3,1,0,54.08835411071777,320,0,0
INSTANCE_041,0.5,p95,202,NR,439.005,624.0829166666666,28.82553666666695,79,82,0.0,1.0,0,42,3,3,0,0.0,0,1,0
INSTANCE_041,0.5,p95,202,RG,461.565,649.9270466666667,4.426271666666821,81,82,0.0,0.8703296703296703,15,42,3,1,0,140.46382904052734,320,0,0
INSTANCE_041,0.5,p95,202,SA,462.5597999999999,652.4342808333333,0.6453158333335978,80,82,0.0,0.8842185592185592,16,42,3,1,0,151.1547565460205,360,0,0
INSTANCE_041,0.75,delay20,202,FR,442.9711,544.2216666666666,2.926666666666506,81,82,0.0,0.9345238095238096,4,22,3,2,0,52.754878997802734,350,0,0
INSTANCE_041,0.75,delay20,202,NR,439.005,539.7016666666666,14.421666666666397,80,82,0.0,1.0,0,22,3,3,0,0.0,0,1,0
INSTANCE_041,0.75,delay20,202,RG,442.9711,544.2216666666666,2.926666666666506,81,82,0.0,0.9345238095238096,4,22,3,2,0,115.4336929321289,300,0,0
INSTANCE_041,0.75,delay20,202,SA,442.9711,544.2216666666666,2.926666666666506,81,82,0.0,0.9345238095238096,4,22,3,2,0,113.62171173095705,300,0,0
INSTANCE_041,0.75,delay30,202,FR,442.9711,544.2216666666666,17.21833333333302,80,82,0.0,0.9345238095238096,4,22,3,2,0,49.335479736328125,340,0,0
INSTANCE_041,0.75,delay30,202,NR,439.005,539.7016666666666,37.50999999999965,79,82,0.0,1.0,0,22,3,3,0,0.0,0,1,0
INSTANCE_041,0.75,delay30,202,RG,442.9711,544.2216666666666,17.21833333333302,80,82,0.0,0.9345238095238096,4,22,3,2,0,123.13151359558104,300,0,0
INSTANCE_041,0.75,delay30,202,SA,442.9711,544.2216666666666,17.21833333333302,80,82,0.0,0.9345238095238096,4,22,3,2,0,123.91209602355956,300,0,0
INSTANCE_041,0.75,p85,202,FR,439.005,562.0156336666666,0.0,82,82,0.0,1.0,0,22,3,3,0,46.070098876953125,300,1,0
INSTANCE_041,0.75,p85,202,NR,439.005,562.0156336666666,0.0,82,82,0.0,1.0,0,22,3,3,0,0.0,0,1,0
INSTANCE_041,0.75,p85,202,RG,439.005,562.0156336666666,0.0,82,82,0.0,1.0,0,22,3,3,0,123.95524978637695,300,1,0
INSTANCE_041,0.75,p85,202,SA,439.005,562.0156336666666,0.0,82,82,0.0,1.0,0,22,3,3,0,124.7553825378418,300,1,0
INSTANCE_041,0.75,p95,202,FR,439.005,581.7103216666667,0.0,82,82,0.0,1.0,0,22,3,3,0,45.04656791687012,300,1,0
INSTANCE_041,0.75,p95,202,NR,439.005,581.7103216666667,0.0,82,82,0.0,1.0,0,22,3,3,0,0.0,0,1,0
INSTANCE_041,0.75,p95,202,RG,439.005,581.7103216666667,0.0,82,82,0.0,1.0,0,22,3,3,0,119.19403076171876,300,1,0
INSTANCE_041,0.75,p95,202,SA,439.005,581.7103216666667,0.0,82,82,0.0,1.0,0,22,3,3,0,116.23215675354004,300,1,0
INSTANCE_042,0.25,delay20,202,FR,509.7567,581.5699999999999,20.43333333333385,84,88,0.0,0.8227124183006536,18,67,4,2,0,84.06662940979004,550,0,0
INSTANCE_042,0.25,delay20,202,NR,504.0373,576.8333333333334,33.34666666666669,83,88,0.0,1.0,0,67,4,4,0,0.0,0,1,0
INSTANCE_042,0.25,delay20,202,RG,507.9332,579.7016666666667,19.748333333333903,84,88,0.0,0.8390522875816994,22,67,4,2,0,211.7223739624024,520,0,0
INSTANCE_042,0.25,delay20,202,SA,504.1631,576.9616666666667,23.71666666666647,84,88,0.0,0.9281045751633988,6,67,4,3,0,166.05830192565918,420,0,0
INSTANCE_042,0.25,delay30,202,FR,520.0514,596.7466666666667,63.7733333333332,83,88,0.0,0.9485294117647058,9,67,4,3,0,70.14584541320801,450,0,0
INSTANCE_042,0.25,delay30,202,NR,504.0373,576.8333333333334,93.85000000000014,81,88,0.0,1.0,0,67,4,4,0,0.0,0,1,0
INSTANCE_042,0.25,delay30,202,RG,531.5159,607.1433333333334,59.80500000000063,83,88,0.0,0.8112745098039216,28,67,4,2,0,239.01987075805664,590,0,0
INSTANCE_042,0.25,delay30,202,SA,525.673,601.8950000000001,58.35666666666725,83,88,0.0,0.8537581699346405,26,67,4,2,0,240.4370307922364,580,0,0
INSTANCE_042,0.25,p85,202,FR,504.1631,650.8780139999999,6.219551666666575,86,88,0.0,0.9281045751633988,6,67,4,3,0,66.9107437133789,420,0,0
INSTANCE_042,0.25,p85,202,NR,504.0373,650.7296734999999,9.676414666666574,85,88,0.0,1.0,0,67,4,4,0,0.0,0,1,0
INSTANCE_042,0.25,p85,202,RG,504.1631,650.8780139999999,6.219551666666575,86,88,0.0,0.9281045751633988,6,67,4,3,0,172.93620109558103,420,0,0
INSTANCE_042,0.25,p85,202,SA,504.1631,650.8780139999999,6.219551666666575,86,88,0.0,0.9281045751633988,6,67,4,3,0,169.96526718139648,420,0,0
INSTANCE_042,0.25,p95,202,FR,504.1631,716.1178433333334,44.21539833333384,83,88,0.0,0.9281045751633988,6,67,4,3,0,63.74001502990722,420,0,0
INSTANCE_042,0.25,p95,202,NR,504.0373,715.9518441666667,62.96353333333378,82,88,0.0,1.0,0,67,4,4,0,0.0,0,1,0
INSTANCE_042,0.25,p95,202,RG,504.1631,716.1178433333334,44.21539833333384,83,88,0.0,0.9281045751633988,6,67,4,3,0,167.76108741760254,420,0,0
INSTANCE_042,0.25,p95,202,SA,504.1631,716.1178433333334,44.21539833333384,83,88,0.0,0.9281045751633988,6,67,4,3,0,167.2983169555664,420,0,0
INSTANCE_042,0.5,delay20,202,FR,509.1523,580.3333333333334,21.078333333333376,86,88,0.0,0.8806818181818181,14,45,4,2,0,81.39681816101074,550,0,0
INSTANCE_042,0.5,delay20,202,NR,504.0373,576.8333333333334,33.34666666666669,83,88,0.0,1.0,0,45,4,4,0,0.0,0,1,0
INSTANCE_042,0.5,delay20,202,RG,509.4361,587.8433333333334,23.196666666666488,85,88,0.0,0.8265467171717171,13,45,4,2,0,213.6046886444092,550,0,0
INSTANCE_042,0.5,delay20,202,SA,522.3579,596.9883333333333,23.269999999999754,85,88,0.0,0.9375,9,45,4,3,0,161.40055656433103,400,0,0
INSTANCE_042,0.5,delay30,202,FR,502.4928,578.2183333333334,60.31833333333316,84,88,0.0,0.8901515151515151,11,45,4,3,0,84.11121368408203,540,0,0
INSTANCE_042,0.5,delay30,202,NR,504.0373,576.8333333333334,90.3950000000001,82,88,0.0,1.0,0,45,4,4,0,0.0,0,1,0
INSTANCE_042,0.5,delay30,202,RG,501.1877999999999,576.1316666666668,60.171666666666624,84,88,0.0,0.8530618686868687,12,45,4,2,0,290.0400161743164,700,0,0
INSTANCE_042,0.5,delay30,202,SA,522.3579,596.9883333333333,60.31833333333316,84,88,0.0,0.9375,9,45,4,3,0,165.08245468139648,400,0,0
INSTANCE_042,0.5,p85,202,FR,504.0373,632.5836929999999,0.226178666666442,87,88,0.0,1.0,0,45,4,4,0,58.21418762207031,400,1,0
INSTANCE_042,0.5,p85,202,NR,504.0373,632.5836929999999,0.226178666666442,87,88,0.0,1.0,0,45,4,4,0,0.0,0,1,0
INSTANCE_042,0.5,p85,202,RG,498.4528,627.7423984999999,0.226178666666442,87,88,0.0,0.9412878787878788,6,45,4,3,0,173.447847366333,440,0,0
INSTANCE_042,0.5,p85,202,SA,504.0373,632.5836929999999,0.226178666666442,87,88,0.0,1.0,0,45,4,4,0,157.4382781982422,400,1,0
INSTANCE_042,0.5,p95,202,FR,498.4528,676.3723025,19.6396491666668,86,88,0.0,0.9412878787878788,6,45,4,3,0,67.29459762573242,440,0,0
INSTANCE_042,0.5,p95,202,NR,504.0373,681.7899116666667,19.925838333333445,85,88,0.0,1.0,0,45,4,4,0,0.0,0,1,0
INSTANCE_042,0.5,p95,202,RG,498.4528,676.3723025,19.6396491666668,86,88,0.0,0.9412878787878788,6,45,4,3,0,177.79278755187988,440,0,0
INSTANCE_042,0.5,p95,202,SA,504.0373,681.7899116666667,19.925838333333445,85,88,0.0,1.0,0,45,4,4,0,164.38603401184082,400,1,0
INSTANCE_042,0.75,delay20,202,FR,504.0373,576.8333333333334,14.236666666666563,86,88,0.0,1.0,0,23,4,4,0,57.11579322814941,400,1,0
INSTANCE_042,0.75,delay20,202,NR,504.0373,576.8333333333334,14.236666666666563,86,88,0.0,1.0,0,23,4,4,0,0.0,0,1,0
INSTANCE_042,0.75,delay20,202,RG,504.0373,576.8333333333334,14.236666666666563,86,88,0.0,1.0,0,23,4,4,0,152.03619003295898,400,1,0
INSTANCE_042,0.75,delay20,202,SA,504.0373,576.8333333333334,14.236666666666563,86,88,0.0,1.0,0,23,4,4,0,148.97441864013672,400,1,0
INSTANCE_042,0.75,delay30,202,FR,504.0373,576.8333333333334,41.28499999999997,85,88,0.0,1.0,0,23,4,4,0,54.41021919250488,400,1,0
INSTANCE_042,0.75,delay30,202,NR,504.0373,576.8333333333334,41.28499999999997,85,88,0.0,1.0,0,23,4,4,0,0.0,0,1,0
INSTANCE_042,0.75,delay30,202,RG,504.0373,576.8333333333334,41.28499999999997,85,88,0.0,1.0,0,23,4,4,0,147.5968360900879,400,1,0
INSTANCE_042,0.75,delay30,202,SA,504.0373,576.8333333333334,41.28499999999997,85,88,0.0,1.0,0,23,4,4,0,151.52335166931152,400,1,0
INSTANCE_042,0.75,p85,202,FR,504.0373,613.4152683333334,0.0,88,88,0.0,1.0,0,23,4,4,0,60.95457077026367,400,1,0
INSTANCE_042,0.75,p85,202,NR,504.0373,613.4152683333334,0.0,88,88,0.0,1.0,0,23,4,4,0,0.0,0,1,0
INSTANCE_042,0.75,p85,202,RG,504.0373,613.4152683333334,0.0,88,88,0.0,1.0,0,23,4,4,0,166.1996841430664,400,1,0
INSTANCE_042,0.75,p85,202,SA,504.0373,613.4152683333334,0.0,88,88,0.0,1.0,0,23,4,4,0,166.00370407104492,400,1,0
INSTANCE_042,0.75,p95,202,FR,504.0373,645.7031083333334,2.050415000000044,87,88,0.0,1.0,0,23,4,4,0,57.558536529541016,400,1,0
INSTANCE_042,0.75,p95,202,NR,504.0373,645.7031083333334,2.050415000000044,87,88,0.0,1.0,0,23,4,4,0,0.0,0,1,0
INSTANCE_042,0.75,p95,202,RG,504.0373,645.7031083333334,2.050415000000044,87,88,0.0,1.0,0,23,4,4,0,161.4546775817871,400,1,0
INSTANCE_042,0.75,p95,202,SA,504.0373,645.7031083333334,2.050415000000044,87,88,0.0,1.0,0,23,4,4,0,156.79097175598145,400,1,0
INSTANCE_043,0.25,delay20,202,FR,517.0136,591.515,2.231666666666797,92,93,0.0,0.8602715130848124,16,71,4,1,0,78.57918739318848,510,0,0
INSTANCE_043,0.25,delay20,202,NR,495.9046,578.6133333333332,28.31166666666684,90,93,0.0,1.0,0,71,4,4,0,0.0,0,1,0
INSTANCE_043,0.25,delay20,202,RG,563.7534,625.645,9.426666666666732,92,93,0.0,0.8265471208246145,32,71,4,1,0,300.74262619018555,730,0,0
INSTANCE_043,0.25,delay20,202,SA,543.9334,613.8766666666666,11.071666666666829,91,93,0.0,0.9368412384716732,17,71,4,2,0,187.4725818634033,450,0,0
INSTANCE_043,0.25,delay30,202,FR,507.8318,584.8833333333333,12.231666666666795,92,93,0.0,0.8635394869410216,18,71,4,1,0,81.16650581359863,530,0,0
INSTANCE_043,0.25,delay30,202,NR,495.9046,578.6133333333332,58.31166666666684,90,93,0.0,1.0,0,71,4,4,0,0.0,0,1,0
INSTANCE_043,0.25,delay30,202,RG,533.9063,619.87,12.231666666666795,92,93,0.0,0.884781317006381,17,71,4,1,0,204.61440086364743,520,0,0
INSTANCE_043,0.25,delay30,202,SA,536.1386,617.875,12.231666666666795,92,93,0.0,0.890500271254747,18,71,4,1,0,189.2993450164795,460,0,0
INSTANCE_043,0.25,p85,202,FR,498.2589,656.8684816666666,0.0,93,93,0.0,0.9297159575292568,6,71,4,2,0,76.3998031616211,490,0,0
INSTANCE_043,0.25,p85,202,NR,495.9046,652.5242241666666,6.151767666666842,92,93,0.0,1.0,0,71,4,4,0,0.0,0,1,0
INSTANCE_043,0.25,p85,202,RG,500.61300000000006,657.1844276666666,0.0,93,93,0.0,0.9762845849802372,2,71,4,3,0,166.84889793395996,410,0,0
INSTANCE_043,0.25,p85,202,SA,500.61300000000006,657.1844276666666,0.0,93,93,0.0,0.9762845849802372,2,71,4,3,0,167.4516201019287,410,0,0
INSTANCE_043,0.25,p95,202,FR,500.61300000000006,722.9741983333334,2.9472225000000662,92,93,0.0,0.9762845849802372,2,71,4,3,0,65.29378890991211,410,0,0
INSTANCE_043,0.25,p95,202,NR,495.9046,717.7592375000002,15.161187500000096,91,93,0.0,1.0,0,71,4,4,0,0.0,0,1,0
INSTANCE_043,0.25,p95,202,RG,500.61300000000006,722.9741983333334,2.9364433333335,92,93,0.0,0.9607617091632435,4,71,4,2,0,204.4677734375,490,0,0
INSTANCE_043,0.25,p95,202,SA,500.61300000000006,722.9741983333334,2.9472225000000662,92,93,0.0,0.9762845849802372,2,71,4,3,0,170.46833038330078,410,0,0
INSTANCE_043,0.5,delay20,202,FR,506.0621,587.0533333333333,3.876666666666893,91,93,0.0,0.9462121212121212,5,47,4,2,0,66.4067268371582,460,0,0
INSTANCE_043,0.5,delay20,202,NR,495.9046,578.6133333333332,28.31166666666684,90,93,0.0,1.0,0,47,4,4,0,0.0,0,1,0
INSTANCE_043,0.5,delay20,202,RG,506.0621,587.0533333333333,3.876666666666893,91,93,0.0,0.9462121212121212,5,47,4,2,0,180.7460784912109,460,0,0
INSTANCE_043,0.5,delay20,202,SA,506.0621,587.0533333333333,3.876666666666893,91,93,0.0,0.9462121212121212,5,47,4,2,0,174.58486557006836,460,0,0
INSTANCE_043,0.5,delay30,202,FR,506.0621,587.0533333333333,23.876666666666893,91,93,0.0,0.9462121212121212,5,47,4,2,0,64.1019344329834,460,0,0
INSTANCE_043,0.5,delay30,202,NR,495.9046,578.6133333333332,58.31166666666684,90,93,0.0,1.0,0,47,4,4,0,0.0,0,1,0
INSTANCE_043,0.5,delay30,202,RG,506.0621,587.0533333333333,23.876666666666893,91,93,0.0,0.9462121212121212,5,47,4,2,0,174.44181442260742,460,0,0
INSTANCE_043,0.5,delay30,202,SA,506.0621,587.0533333333333,23.876666666666893,91,93,0.0,0.9462121212121212,5,47,4,2,0,179.0637969970703,460,0,0
INSTANCE_043,0.5,p85,202,FR,499.535,639.1999248333332,0.0,93,93,0.0,0.9708333333333332,3,47,4,3,0,62.84952163696289,420,0,0
INSTANCE_043,0.5,p85,202,NR,495.9046,633.3240998333332,3.666721666666831,92,93,0.0,1.0,0,47,4,4,0,0.0,0,1,0
INSTANCE_043,0.5,p85,202,RG,499.535,639.1999248333332,0.0,93,93,0.0,0.9708333333333332,3,47,4,3,0,166.3827896118164,420,0,0
INSTANCE_043,0.5,p85,202,SA,499.535,639.1999248333332,0.0,93,93,0.0,0.9708333333333332,3,47,4,3,0,164.5646095275879,420,0,0
INSTANCE_043,0.5,p95,202,FR,499.535,688.1880475,0.0,93,93,0.0,0.9708333333333332,3,47,4,3,0,57.775259017944336,420,0,0
INSTANCE_043,0.5,p95,202,NR,495.9046,681.6127558333334,7.535575000000108,92,93,0.0,1.0,0,47,4,4,0,0.0,0,1,0
INSTANCE_043,0.5,p95,202,RG,499.535,688.1880475,0.0,93,93,0.0,0.9708333333333332,3,47,4,3,0,155.2889347076416,420,0,0
INSTANCE_043,0.5,p95,202,SA,499.535,688.1880475,0.0,93,93,0.0,0.9708333333333332,3,47,4,3,0,148.7722396850586,420,0,0
INSTANCE_043,0.75,delay20,202,FR,495.9046,578.6133333333332,0.0,93,93,0.0,1.0,0,24,4,4,0,62.61324882507324,400,1,0
INSTANCE_043,0.75,delay20,202,NR,495.9046,578.6133333333332,0.0,93,93,0.0,1.0,0,24,4,4,0,0.0,0,1,0
INSTANCE_043,0.75,delay20,202,RG,495.9046,578.6133333333332,0.0,93,93,0.0,1.0,0,24,4,4,0,171.10276222229004,400,1,0
INSTANCE_043,0.75,delay20,202,SA,495.9046,578.6133333333332,0.0,93,93,0.0,1.0,0,24,4,4,0,167.51337051391602,400,1,0
INSTANCE_043,0.75,delay30,202,FR,495.9046,578.6133333333332,0.0,93,93,0.0,1.0,0,24,4,4,0,62.8199577331543,400,1,0
INSTANCE_043,0.75,delay30,202,NR,495.9046,578.6133333333332,0.0,93,93,0.0,1.0,0,24,4,4,0,0.0,0,1,0
INSTANCE_043,0.75,delay30,202,RG,495.9046,578.6133333333332,0.0,93,93,0.0,1.0,0,24,4,4,0,164.96634483337402,400,1,0
INSTANCE_043,0.75,delay30,202,SA,495.9046,578.6133333333332,0.0,93,93,0.0,1.0,0,24,4,4,0,170.09902000427246,400,1,0
INSTANCE_043,0.75,p85,202,FR,495.9046,609.5532473333333,0.0,93,93,0.0,1.0,0,24,4,4,0,64.27693367004395,400,1,0
INSTANCE_043,0.75,p85,202,NR,495.9046,609.5532473333333,0.0,93,93,0.0,1.0,0,24,4,4,0,0.0,0,1,0
INSTANCE_043,0.75,p85,202,RG,495.9046,609.5532473333333,0.0,93,93,0.0,1.0,0,24,4,4,0,167.4797534942627,400,1,0
INSTANCE_043,0.75,p85,202,SA,495.9046,609.5532473333333,0.0,93,93,0.0,1.0,0,24,4,4,0,162.57596015930176,400,1,0
INSTANCE_043,0.75,p95,202,FR,495.9046,636.8613433333334,0.0,93,93,0.0,1.0,0,24,4,4,0,59.86118316650391,400,1,0
INSTANCE_043,0.75,p95,202,NR,495.9046,636.8613433333334,0.0,93,93,0.0,1.0,0,24,4,4,0,0.0,0,1,0
INSTANCE_043,0.75,p95,202,RG,495.9046,636.8613433333334,0.0,93,93,0.0,1.0,0,24,4,4,0,162.97578811645508,400,1,0
INSTANCE_043,0.75,p95,202,SA,495.9046,636.8613433333334,0.0,93,93,0.0,1.0,0,24,4,4,0,160.59470176696777,400,1,0
INSTANCE_044,0.25,delay20,202,FR,510.3919000000001,584.1266666666666,4.286666666666974,78,80,0.0,0.7432261208576998,27,61,3,1,0,58.58063697814941,370,0,0
INSTANCE_044,0.25,delay20,202,NR,448.68750000000006,536.1966666666667,28.974999999999795,77,80,0.0,1.0,0,61,3,3,0,0.0,0,1,0
INSTANCE_044,0.25,delay20,202,RG,529.4159000000001,602.6400000000001,0.0,80,80,0.0,0.7883040935672515,29,61,3,1,0,142.7311897277832,350,0,0
INSTANCE_044,0.25,delay20,202,SA,476.0517,564.1500000000001,0.0,80,80,0.0,0.8390977443609023,22,61,3,1,0,242.89774894714355,600,0,0
INSTANCE_044,0.25,delay30,202,FR,494.3503000000001,563.9266666666667,7.576666666666711,78,80,0.0,0.6728696741854637,28,61,3,1,0,102.68664360046388,710,0,0
INSTANCE_044,0.25,delay30,202,NR,448.68750000000006,536.1966666666667,66.80666666666627,76,80,0.0,1.0,0,61,3,3,0,0.0,0,1,0
INSTANCE_044,0.25,delay30,202,RG,512.0653000000001,584.5266666666666,6.223333333333244,79,80,0.0,0.747827903091061,28,61,3,1,0,181.35476112365723,480,0,0
INSTANCE_044,0.25,delay30,202,SA,513.2393000000001,585.9466666666667,6.223333333333244,79,80,0.0,0.7680659983291562,27,61,3,1,0,168.65825653076172,420,0,0
INSTANCE_044,0.25,p85,202,FR,477.6389000000001,631.0108263333333,1.7098204999998643,79,80,0.0,0.7659774436090224,20,61,3,1,0,55.86814880371094,330,0,0
INSTANCE_044,0.25,p85,202,NR,448.68750000000006,606.6406013333333,25.54096883333318,77,80,0.0,1.0,0,61,3,3,0,0.0,0,1,0
INSTANCE_044,0.25,p85,202,RG,468.4091000000001,627.7165113333333,2.403360500000076,79,80,0.0,0.8712406015037594,12,61,3,1,0,156.10003471374512,360,0,0
INSTANCE_044,0.25,p85,202,SA,466.2048000000001,627.5527588333333,2.403360500000076,79,80,0.0,0.8744152046783625,29,61,3,1,0,156.29982948303223,360,0,0
INSTANCE_044,0.25,p95,202,FR,469.5791000000001,682.3564091666667,11.244941666666705,78,80,0.0,0.7996031746031745,15,61,3,1,0,70.46055793762207,440,0,0
INSTANCE_044,0.25,p95,202,NR,448.68750000000006,668.81562,87.34953249999944,75,80,0.0,1.0,0,61,3,3,0,0.0,0,1,0
INSTANCE_044,0.25,p95,202,RG,468.4091000000001,692.4004366666667,30.928320833333487,77,80,0.0,0.8712406015037594,12,61,3,1,0,153.3188819885254,360,0,0
INSTANCE_044,0.25,p95,202,SA,468.2107,692.3767224999999,30.928320833333487,77,80,0.0,0.8763993316624896,14,61,3,1,0,179.28624153137207,420,0,0
INSTANCE_044,0.5,delay20,202,FR,461.0588000000001,544.885,0.0,80,80,0.0,0.8086080586080587,15,41,3,1,0,49.394845962524414,340,0,0
INSTANCE_044,0.5,delay20,202,NR,448.68750000000006,536.1966666666667,19.86499999999978,78,80,0.0,1.0,0,41,3,3,0,0.0,0,1,0
INSTANCE_044,0.5,delay20,202,RG,487.6485,567.5566666666666,0.0,80,80,0.0,0.7968559218559218,17,41,3,1,0,148.19908142089844,390,0,0
INSTANCE_044,0.5,delay20,202,SA,487.7435,567.89,0.0,80,80,0.0,0.8481379731379732,18,41,3,1,0,163.68675231933594,420,0,0
INSTANCE_044,0.5,delay30,202,FR,461.0588000000001,544.885,4.916666666666629,79,80,0.0,0.8086080586080587,15,41,3,1,0,49.4835376739502,340,0,0
INSTANCE_044,0.5,delay30,202,NR,448.68750000000006,536.1966666666667,47.69666666666626,77,80,0.0,1.0,0,41,3,3,0,0.0,0,1,0
INSTANCE_044,0.5,delay30,202,RG,480.5137000000001,558.66,4.916666666666629,79,80,0.0,0.753052503052503,23,41,3,1,0,197.35980033874512,530,0,0
INSTANCE_044,0.5,delay30,202,SA,481.07380000000006,559.3883333333333,4.916666666666629,79,80,0.0,0.8305860805860806,22,41,3,1,0,196.9485282897949,500,0,0
INSTANCE_044,0.5,p85,202,FR,448.7087000000001,577.4483571666666,0.0,80,80,0.0,0.8195970695970697,12,41,3,1,0,44.51227188110352,320,0,0
INSTANCE_044,0.5,p85,202,NR,448.68750000000006,582.0180151666666,4.8414064999998345,79,80,0.0,1.0,0,41,3,3,0,0.0,0,1,0
INSTANCE_044,0.5,p85,202,RG,457.7608,590.4098491666666,0.0,80,80,0.0,0.8334859584859585,8,41,3,1,0,129.46677207946777,340,0,0
INSTANCE_044,0.5,p85,202,SA,448.68750000000006,582.0180151666666,4.8414064999998345,79,80,0.0,1.0,0,41,3,3,0,117.44832992553712,300,1,0
INSTANCE_044,0.5,p95,202,FR,449.0547000000001,618.5327908333334,0.0,80,80,0.0,0.8177655677655679,13,41,3,1,0,59.20600891113281,410,0,0
INSTANCE_044,0.5,p95,202,NR,448.68750000000006,622.4607191666666,34.899395833333074,77,80,0.0,1.0,0,41,3,3,0,0.0,0,1,0
INSTANCE_044,0.5,p95,202,RG,450.9720000000001,621.5293991666666,0.0,80,80,0.0,0.7878510378510378,15,41,3,1,0,226.37033462524417,570,0,0
INSTANCE_044,0.5,p95,202,SA,450.6846000000001,620.45795,0.3277650000001131,79,80,0.0,0.8611111111111112,10,41,3,2,0,186.66577339172363,470,0,0
INSTANCE_044,0.75,delay20,202,FR,442.4140000000001,524.18,0.0,80,80,0.0,0.8373015873015873,5,21,3,2,0,48.38871955871582,330,0,0
INSTANCE_044,0.75,delay20,202,NR,448.68750000000006,536.1966666666667,6.049999999999841,79,80,0.0,1.0,0,21,3,3,0,0.0,0,1,0
INSTANCE_044,0.75,delay20,202,RG,442.4140000000001,524.18,0.0,80,80,0.0,0.8373015873015873,5,21,3,2,0,168.0624485015869,460,0,0
INSTANCE_044,0.75,delay20,202,SA,448.68750000000006,536.1966666666667,6.049999999999841,79,80,0.0,1.0,0,21,3,3,0,117.93375015258788,300,1,0
INSTANCE_044,0.75,delay30,202,FR,451.00380000000007,533.92,18.94333333333327,78,80,0.0,0.8134920634920636,7,21,3,2,0,44.95906829833984,310,0,0
INSTANCE_044,0.75,delay30,202,NR,448.68750000000006,536.1966666666667,23.88166666666632,78,80,0.0,1.0,0,21,3,3,0,0.0,0,1,0
INSTANCE_044,0.75,delay30,202,RG,442.4140000000001,524.18,3.814999999999941,79,80,0.0,0.8373015873015873,5,21,3,2,0,173.32077026367188,440,0,0
INSTANCE_044,0.75,delay30,202,SA,448.6608000000001,533.7083333333333,18.90499999999986,78,80,0.0,0.9087301587301588,2,21,3,2,0,130.5563449859619,330,0,0
INSTANCE_044,0.75,p85,202,FR,442.3839000000001,549.366993,0.0,80,80,0.0,0.9007936507936508,3,21,3,2,0,44.84653472900391,310,0,0
INSTANCE_044,0.75,p85,202,NR,448.68750000000006,563.2050425,0.0,80,80,0.0,1.0,0,21,3,3,0,0.0,0,1,0
INSTANCE_044,0.75,p85,202,RG,442.4140000000001,549.3149774999999,0.0,80,80,0.0,0.8373015873015873,5,21,3,2,0,169.95477676391602,450,0,0
INSTANCE_044,0.75,p85,202,SA,448.68750000000006,563.2050425,0.0,80,80,0.0,1.0,0,21,3,3,0,109.65347290039062,300,1,0
INSTANCE_044,0.75,p95,202,FR,442.4140000000001,571.4995375,0.0,80,80,0.0,0.8373015873015873,5,21,3,2,0,48.56252670288086,330,0,0
INSTANCE_044,0.75,p95,202,NR,448.68750000000006,587.0430958333334,5.566771666666455,79,80,0.0,1.0,0,21,3,3,0,0.0,0,1,0
INSTANCE_044,0.75,p95,202,RG,442.4140000000001,571.4995375,0.0,80,80,0.0,0.8373015873015873,5,21,3,2,0,182.0194721221924,460,0,0
INSTANCE_044,0.75,p95,202,SA,448.68750000000006,587.0430958333334,5.566771666666455,79,80,0.0,1.0,0,21,3,3,0,115.1142120361328,300,1,0
INSTANCE_046,0.25,delay20,202,FR,317.9248,365.80000000000007,0.0,53,53,0.0,1.0,0,40,2,2,0,32.791852951049805,200,1,0
INSTANCE_046,0.25,delay20,202,NR,317.9248,365.80000000000007,0.0,53,53,0.0,1.0,0,40,2,2,0,0.0,0,1,0
INSTANCE_046,0.25,delay20,202,RG,317.9248,365.80000000000007,0.0,53,53,0.0,1.0,0,40,2,2,0,86.81392669677734,200,1,0
INSTANCE_046,0.25,delay20,202,SA,317.9248,365.80000000000007,0.0,53,53,0.0,1.0,0,40,2,2,0,84.19919013977051,200,1,0
INSTANCE_046,0.25,delay30,202,FR,317.9248,365.80000000000007,0.0,53,53,0.0,1.0,0,40,2,2,0,33.4169864654541,200,1,0
INSTANCE_046,0.25,delay30,202,NR,317.9248,365.80000000000007,0.0,53,53,0.0,1.0,0,40,2,2,0,0.0,0,1,0
INSTANCE_046,0.25,delay30,202,RG,317.9248,365.80000000000007,0.0,53,53,0.0,1.0,0,40,2,2,0,87.860107421875,200,1,0
INSTANCE_046,0.25,delay30,202,SA,317.9248,365.80000000000007,0.0,53,53,0.0,1.0,0,40,2,2,0,86.22312545776367,200,1,0
INSTANCE_046,0.25,p85,202,FR,317.9248,407.4182844999999,0.0,53,53,0.0,1.0,0,40,2,2,0,30.42078018188477,200,1,0
INSTANCE_046,0.25,p85,202,NR,317.9248,407.4182844999999,0.0,53,53,0.0,1.0,0,40,2,2,0,0.0,0,1,0
INSTANCE_046,0.25,p85,202,RG,317.9248,407.4182844999999,0.0,53,53,0.0,1.0,0,40,2,2,0,76.26914978027344,200,1,0
INSTANCE_046,0.25,p85,202,SA,317.9248,407.4182844999999,0.0,53,53,0.0,1.0,0,40,2,2,0,82.01336860656738,200,1,0
INSTANCE_046,0.25,p95,202,FR,317.9248,444.15129250000007,3.548816666666994,52,53,0.0,1.0,0,40,2,2,0,33.23101997375488,200,1,0
INSTANCE_046,0.25,p95,202,NR,317.9248,444.15129250000007,3.548816666666994,52,53,0.0,1.0,0,40,2,2,0,0.0,0,1,0
INSTANCE_046,0.25,p95,202,RG,317.9248,444.15129250000007,3.548816666666994,52,53,0.0,1.0,0,40,2,2,0,85.06059646606445,200,1,0
INSTANCE_046,0.25,p95,202,SA,317.9248,444.15129250000007,3.548816666666994,52,53,0.0,1.0,0,40,2,2,0,83.86397361755371,200,1,0
INSTANCE_046,0.5,delay20,202,FR,317.9248,365.80000000000007,0.0,53,53,0.0,1.0,0,27,2,2,0,31.24833106994629,200,1,0
INSTANCE_046,0.5,delay20,202,NR,317.9248,365.80000000000007,0.0,53,53,0.0,1.0,0,27,2,2,0,0.0,0,1,0
INSTANCE_046,0.5,delay20,202,RG,317.9248,365.80000000000007,0.0,53,53,0.0,1.0,0,27,2,2,0,81.08663558959961,200,1,0
INSTANCE_046,0.5,delay20,202,SA,317.9248,365.80000000000007,0.0,53,53,0.0,1.0,0,27,2,2,0,81.17270469665527,200,1,0
INSTANCE_046,0.5,delay30,202,FR,317.9248,365.80000000000007,0.0,53,53,0.0,1.0,0,27,2,2,0,32.97996520996094,200,1,0
INSTANCE_046,0.5,delay30,202,NR,317.9248,365.80000000000007,0.0,53,53,0.0,1.0,0,27,2,2,0,0.0,0,1,0
INSTANCE_046,0.5,delay30,202,RG,317.9248,365.80000000000007,0.0,53,53,0.0,1.0,0,27,2,2,0,83.44101905822754,200,1,0
INSTANCE_046,0.5,delay30,202,SA,317.9248,365.80000000000007,0.0,53,53,0.0,1.0,0,27,2,2,0,85.45589447021484,200,1,0
INSTANCE_046,0.5,p85,202,FR,317.9248,387.2068888333333,0.0,53,53,0.0,1.0,0,27,2,2,0,30.99822998046875,200,1,0
INSTANCE_046,0.5,p85,202,NR,317.9248,387.2068888333333,0.0,53,53,0.0,1.0,0,27,2,2,0,0.0,0,1,0
INSTANCE_046,0.5,p85,202,RG,317.9248,387.2068888333333,0.0,53,53,0.0,1.0,0,27,2,2,0,84.13982391357422,200,1,0
INSTANCE_046,0.5,p85,202,SA,317.9248,387.2068888333333,0.0,53,53,0.0,1.0,0,27,2,2,0,86.26627922058105,200,1,0
INSTANCE_046,0.5,p95,202,FR,317.9248,406.1009741666668,0.0,53,53,0.0,1.0,0,27,2,2,0,30.628442764282227,200,1,0
INSTANCE_046,0.5,p95,202,NR,317.9248,406.1009741666668,0.0,53,53,0.0,1.0,0,27,2,2,0,0.0,0,1,0
INSTANCE_046,0.5,p95,202,RG,317.9248,406.1009741666668,0.0,53,53,0.0,1.0,0,27,2,2,0,81.6957950592041,200,1,0
INSTANCE_046,0.5,p95,202,SA,317.9248,406.1009741666668,0.0,53,53,0.0,1.0,0,27,2,2,0,81.26139640808105,200,1,0
INSTANCE_046,0.75,delay20,202,FR,317.9248,365.80000000000007,0.0,53,53,0.0,1.0,0,14,2,2,0,30.57074546813965,200,1,0
INSTANCE_046,0.75,delay20,202,NR,317.9248,365.80000000000007,0.0,53,53,0.0,1.0,0,14,2,2,0,0.0,0,1,0
INSTANCE_046,0.75,delay20,202,RG,317.9248,365.80000000000007,0.0,53,53,0.0,1.0,0,14,2,2,0,80.86276054382324,200,1,0
INSTANCE_046,0.75,delay20,202,SA,317.9248,365.80000000000007,0.0,53,53,0.0,1.0,0,14,2,2,0,79.66732978820801,200,1,0
INSTANCE_046,0.75,delay30,202,FR,317.9248,365.80000000000007,0.0,53,53,0.0,1.0,0,14,2,2,0,33.566951751708984,200,1,0
INSTANCE_046,0.75,delay30,202,NR,317.9248,365.80000000000007,0.0,53,53,0.0,1.0,0,14,2,2,0,0.0,0,1,0
INSTANCE_046,0.75,delay30,202,RG,317.9248,365.80000000000007,0.0,53,53,0.0,1.0,0,14,2,2,0,88.9594554901123,200,1,0
INSTANCE_046,0.75,delay30,202,SA,317.9248,365.80000000000007,0.0,53,53,0.0,1.0,0,14,2,2,0,86.6079330444336,200,1,0
INSTANCE_046,0.75,p85,202,FR,317.9248,374.25965366666674,0.0,53,53,0.0,1.0,0,14,2,2,0,28.97953987121582,200,1,0
INSTANCE_046,0.75,p85,202,NR,317.9248,374.25965366666674,0.0,53,53,0.0,1.0,0,14,2,2,0,0.0,0,1,0
INSTANCE_046,0.75,p85,202,RG,317.9248,374.25965366666674,0.0,53,53,0.0,1.0,0,14,2,2,0,78.41873168945312,200,1,0
INSTANCE_046,0.75,p85,202,SA,317.9248,374.25965366666674,0.0,53,53,0.0,1.0,0,14,2,2,0,78.63163948059082,200,1,0
INSTANCE_046,0.75,p95,202,FR,317.9248,381.7262883333335,0.0,53,53,0.0,1.0,0,14,2,2,0,32.11402893066406,200,1,0
INSTANCE_046,0.75,p95,202,NR,317.9248,381.7262883333335,0.0,53,53,0.0,1.0,0,14,2,2,0,0.0,0,1,0
INSTANCE_046,0.75,p95,202,RG,317.9248,381.7262883333335,0.0,53,53,0.0,1.0,0,14,2,2,0,90.19017219543456,200,1,0
INSTANCE_046,0.75,p95,202,SA,317.9248,381.7262883333335,0.0,53,53,0.0,1.0,0,14,2,2,0,89.41149711608887,200,1,0
INSTANCE_049,0.25,delay20,202,FR,296.828,340.0083333333333,105.79000000000168,60,68,0.0,0.8137464387464388,20,51,2,1,0,48.63238334655762,310,0,0
INSTANCE_049,0.25,delay20,202,NR,274.1715,322.13666666666654,118.56333333333488,60,68,0.0,1.0,0,51,2,2,0,0.0,0,1,0
INSTANCE_049,0.25,delay20,202,RG,293.01880000000006,332.3683333333332,107.25333333333492,60,68,0.0,0.8012820512820513,22,51,2,1,0,181.84590339660645,460,0,0
INSTANCE_049,0.25,delay20,202,SA,274.1715,322.13666666666654,118.56333333333488,60,68,0.0,1.0,0,51,2,2,0,79.70333099365234,200,1,0
INSTANCE_049,0.25,delay30,202,FR,300.4037,342.81999999999994,142.26166666666745,59,68,0.0,0.6023318468970642,39,51,2,0,0,32.624006271362305,210,0,0
INSTANCE_049,0.25,delay30,202,NR,274.1715,322.13666666666654,220.8733333333355,57,68,0.0,1.0,0,51,2,2,0,0.0,0,1,0
INSTANCE_049,0.25,delay30,202,RG,283.1479,325.7399999999999,203.7650000000017,58,68,0.0,0.8098290598290598,13,51,2,1,0,152.80961990356445,390,0,0
INSTANCE_049,0.25,delay30,202,SA,282.532,324.92333333333323,200.8083333333352,58,68,0.0,0.8497150997150997,11,51,2,1,0,163.2559299468994,420,0,0
INSTANCE_049,0.25,p85,202,FR,292.2958,371.3085746666667,68.90945516666943,61,68,0.0,0.8034188034188035,20,51,2,1,0,32.175302505493164,200,0,0
INSTANCE_049,0.25,p85,202,NR,274.1715,359.1831836666668,79.79032716666904,61,68,0.0,1.0,0,51,2,2,0,0.0,0,1,0
INSTANCE_049,0.25,p85,202,RG,277.9045,358.1081966666667,76.56536616666881,61,68,0.0,0.8746438746438746,8,51,2,1,0,110.16845703125,270,0,0
INSTANCE_049,0.25,p85,202,SA,274.1715,359.1831836666668,79.79032716666904,61,68,0.0,1.0,0,51,2,2,0,78.79137992858887,200,1,0
INSTANCE_049,0.25,p95,202,FR,303.1755,423.9124433333334,106.42281916666832,62,68,0.0,0.5905797101449275,40,51,2,0,0,59.60416793823242,380,0,0
INSTANCE_049,0.25,p95,202,NR,274.1715,391.88107166666674,194.66157000000203,58,68,0.0,1.0,0,51,2,2,0,0.0,0,1,0
INSTANCE_049,0.25,p95,202,RG,292.6462,405.9565075,171.93693083333687,58,68,0.0,0.7827635327635327,21,51,2,1,0,191.2219524383545,480,0,0
INSTANCE_049,0.25,p95,202,SA,292.0235,404.83331833333335,167.7270400000018,59,68,0.0,0.8027065527065527,22,51,2,1,0,202.3189067840576,470,0,0
INSTANCE_049,0.5,delay20,202,FR,297.58770000000004,338.59000000000003,62.09833333333461,63,68,0.0,0.4947712418300653,32,34,2,0,0,37.48488426208496,220,0,0
INSTANCE_049,0.5,delay20,202,NR,274.1715,322.13666666666654,103.7783333333348,61,68,0.0,1.0,0,34,2,2,0,0.0,0,1,0
INSTANCE_049,0.5,delay20,202,RG,316.5996,358.9316666666666,65.03000000000122,63,68,0.0,0.6647875816993464,26,34,2,0,0,207.613468170166,480,0,0
INSTANCE_049,0.5,delay20,202,SA,307.9933,359.6199999999999,81.95166666666796,62,68,0.0,0.9458333333333332,11,34,2,1,0,86.92026138305664,200,0,0
INSTANCE_049,0.5,delay30,202,FR,297.9223,341.38166666666666,101.4966666666678,61,68,0.0,0.5297385620915032,32,34,2,0,0,84.36846733093262,540,0,0
INSTANCE_049,0.5,delay30,202,NR,274.1715,322.13666666666654,196.0883333333354,58,68,0.0,1.0,0,34,2,2,0,0.0,0,1,0
INSTANCE_049,0.5,delay30,202,RG,317.3953,360.50666666666666,139.65333333333513,60,68,0.0,0.6647875816993464,26,34,2,0,0,160.9635353088379,390,0,0
INSTANCE_049,0.5,delay30,202,SA,317.3722,363.1683333333333,146.43166666666855,60,68,0.0,0.7415849673202615,19,34,2,0,0,116.5471076965332,270,0,0
INSTANCE_049,0.5,p85,202,FR,297.58770000000004,364.7960105,20.115144500001065,66,68,0.0,0.4947712418300653,32,34,2,0,0,36.05127334594727,220,0,0
INSTANCE_049,0.5,p85,202,NR,274.1715,345.77760249999994,45.94401950000122,64,68,0.0,1.0,0,34,2,2,0,0.0,0,1,0
INSTANCE_049,0.5,p85,202,RG,327.5797,402.314598,25.34226100000103,65,68,0.0,0.7383169934640522,27,34,2,0,0,103.99818420410156,240,0,0
INSTANCE_049,0.5,p85,202,SA,307.9933,389.1045875,34.916966000001025,65,68,0.0,0.9458333333333332,11,34,2,1,0,87.17584609985352,200,0,0
INSTANCE_049,0.5,p95,202,FR,297.58770000000004,387.92588250000006,48.44626083333435,64,68,0.0,0.4947712418300653,32,34,2,0,0,34.639596939086914,220,0,0
INSTANCE_049,0.5,p95,202,NR,274.1715,366.6434958333334,91.1311458333339,62,68,0.0,1.0,0,34,2,2,0,0.0,0,1,0
INSTANCE_049,0.5,p95,202,RG,316.5996,414.2378283333334,51.86415916666783,64,68,0.0,0.6647875816993464,26,34,2,0,0,202.7161121368408,480,0,0
INSTANCE_049,0.5,p95,202,SA,311.6206,413.6708441666667,67.66242000000102,63,68,0.0,0.8069444444444445,20,34,2,0,0,126.42335891723631,290,0,0
INSTANCE_049,0.75,delay20,202,FR,274.06179999999995,321.86166666666657,94.80166666666798,62,68,0.0,0.8923611111111112,2,17,2,1,0,31.500577926635746,200,0,0
INSTANCE_049,0.75,delay20,202,NR,274.1715,322.13666666666654,95.62666666666792,62,68,0.0,1.0,0,17,2,2,0,0.0,0,1,0
INSTANCE_049,0.75,delay20,202,RG,274.06179999999995,321.86166666666657,94.80166666666798,62,68,0.0,0.8923611111111112,2,17,2,1,0,112.26797103881836,270,0,0
INSTANCE_049,0.75,delay20,202,SA,274.1715,322.13666666666654,95.62666666666792,62,68,0.0,1.0,0,17,2,2,0,79.3447494506836,200,1,0
INSTANCE_049,0.75,delay30,202,FR,274.06179999999995,321.86166666666657,169.32333333333509,60,68,0.0,0.8923611111111112,2,17,2,1,0,31.665563583374023,200,0,0
INSTANCE_049,0.75,delay30,202,NR,274.1715,322.13666666666654,170.423333333335,60,68,0.0,1.0,0,17,2,2,0,0.0,0,1,0
INSTANCE_049,0.75,delay30,202,RG,274.06179999999995,321.86166666666657,169.32333333333509,60,68,0.0,0.8923611111111112,2,17,2,1,0,114.00151252746582,270,0,0
INSTANCE_049,0.75,delay30,202,SA,274.1715,322.13666666666654,170.423333333335,60,68,0.0,1.0,0,17,2,2,0,81.85076713562012,200,1,0
INSTANCE_049,0.75,p85,202,FR,274.06179999999995,333.80958283333325,25.63789283333369,66,68,0.0,0.8923611111111112,2,17,2,1,0,30.1663875579834,200,0,0
INSTANCE_049,0.75,p85,202,NR,274.1715,334.1274553333333,25.95576533333372,66,68,0.0,1.0,0,17,2,2,0,0.0,0,1,0
INSTANCE_049,0.75,p85,202,RG,274.0619,333.80958283333325,25.63789283333369,66,68,0.0,0.7847222222222222,5,17,2,1,0,93.54734420776369,230,0,0
INSTANCE_049,0.75,p85,202,SA,274.1715,334.1274553333333,25.95576533333372,66,68,0.0,1.0,0,17,2,2,0,79.52404022216795,200,1,0
INSTANCE_049,0.75,p95,202,FR,274.06179999999995,344.35501750000003,38.09777750000045,64,68,0.0,0.8923611111111112,2,17,2,1,0,27.98056602478028,200,0,0
INSTANCE_049,0.75,p95,202,NR,274.1715,344.71073,38.80920250000042,64,68,0.0,1.0,0,17,2,2,0,0.0,0,1,0
INSTANCE_049,0.75,p95,202,RG,274.1715,344.71073,38.80920250000042,64,68,0.0,1.0,0,17,2,2,0,81.47525787353516,200,1,0
INSTANCE_049,0.75,p95,202,SA,274.1715,344.71073,38.80920250000042,64,68,0.0,1.0,0,17,2,2,0,80.26123046875,200,1,0
INSTANCE_050,0.25,delay20,202,FR,234.2136,287.765,0.2666666666667652,50,51,0.0,0.6272759103641457,20,39,2,0,0,42.12236404418945,280,0,0
INSTANCE_050,0.25,delay20,202,NR,224.0649,275.24499999999995,19.953333333333603,49,51,0.0,1.0,0,39,2,2,0,0.0,0,1,0
INSTANCE_050,0.25,delay20,202,RG,252.5948,310.9366666666667,0.2666666666667652,50,51,0.0,0.7154061624649861,37,39,2,0,0,123.17061424255373,310,0,0
INSTANCE_050,0.25,delay20,202,SA,258.4378,315.5733333333333,0.2666666666667652,50,51,0.0,0.7938375350140057,36,39,2,0,0,90.79146385192873,220,0,0
INSTANCE_050,0.25,delay30,202,FR,237.8304,288.7399999999999,10.266666666666763,50,51,0.0,0.6933473389355742,17,39,2,0,0,39.83640670776367,240,0,0
INSTANCE_050,0.25,delay30,202,NR,224.0649,275.24499999999995,39.9533333333336,49,51,0.0,1.0,0,39,2,2,0,0.0,0,1,0
INSTANCE_050,0.25,delay30,202,RG,309.972,367.61,10.266666666666763,50,51,0.0,0.5939775910364147,38,39,2,0,0,135.0088119506836,310,0,0
INSTANCE_050,0.25,delay30,202,SA,273.43859999999995,323.11833333333334,10.266666666666763,50,51,0.0,0.7730042016806723,20,39,2,0,0,97.7342128753662,220,0,0
INSTANCE_050,0.25,p85,202,FR,224.0649,309.97380366666664,0.0,51,51,0.0,1.0,0,39,2,2,0,31.66747093200684,200,1,0
INSTANCE_050,0.25,p85,202,NR,224.0649,309.97380366666664,0.0,51,51,0.0,1.0,0,39,2,2,0,0.0,0,1,0
INSTANCE_050,0.25,p85,202,RG,224.0649,309.97380366666664,0.0,51,51,0.0,1.0,0,39,2,2,0,84.65886116027832,200,1,0
INSTANCE_050,0.25,p85,202,SA,224.0649,309.97380366666664,0.0,51,51,0.0,1.0,0,39,2,2,0,82.33189582824707,200,1,0
INSTANCE_050,0.25,p95,202,FR,230.3531,346.9598766666667,0.0,51,51,0.0,0.8416666666666667,12,39,2,1,0,34.1792106628418,200,0,0
INSTANCE_050,0.25,p95,202,NR,224.0649,340.6260383333333,4.611954999999966,50,51,0.0,1.0,0,39,2,2,0,0.0,0,1,0
INSTANCE_050,0.25,p95,202,RG,227.3037,343.7153475,0.0,51,51,0.0,0.9261904761904762,20,39,2,1,0,94.15173530578612,220,0,0
INSTANCE_050,0.25,p95,202,SA,227.3037,343.7153475,0.0,51,51,0.0,0.9261904761904762,20,39,2,1,0,90.99316596984865,220,0,0
INSTANCE_050,0.5,delay20,202,FR,224.7338,276.9399999999999,0.0,51,51,0.0,0.7884615384615385,6,26,2,1,0,45.51053047180176,290,0,0
INSTANCE_050,0.5,delay20,202,NR,224.0649,275.24499999999995,3.598333333333472,50,51,0.0,1.0,0,26,2,2,0,0.0,0,1,0
INSTANCE_050,0.5,delay20,202,RG,227.3095,279.1116666666666,0.0,51,51,0.0,0.7774725274725275,10,26,2,1,0,116.5785789489746,270,0,0
INSTANCE_050,0.5,delay20,202,SA,224.0649,275.24499999999995,0.0,51,51,0.0,0.9395604395604396,2,26,2,1,0,90.84630012512208,210,0,0
INSTANCE_050,0.5,delay30,202,FR,224.01540000000003,275.5499999999999,1.4483333333336077,50,51,0.0,0.804945054945055,7,26,2,1,0,47.672271728515625,290,0,0
INSTANCE_050,0.5,delay30,202,NR,224.0649,275.24499999999995,13.598333333333471,50,51,0.0,1.0,0,26,2,2,0,0.0,0,1,0
INSTANCE_050,0.5,delay30,202,RG,229.9742,282.4049999999999,0.0,51,51,0.0,0.8076923076923077,6,26,2,1,0,124.28712844848631,290,0,0
INSTANCE_050,0.5,delay30,202,SA,232.4481,284.82333333333327,0.0,51,51,0.0,0.8186813186813187,9,26,2,1,0,136.9471549987793,320,0,0
INSTANCE_050,0.5,p85,202,FR,223.6752,298.3276011666666,0.0,51,51,0.0,0.8241758241758241,8,26,2,1,0,40.741920471191406,260,0,0
INSTANCE_050,0.5,p85,202,NR,224.0649,298.7591371666666,0.0,51,51,0.0,1.0,0,26,2,2,0,0.0,0,1,0
INSTANCE_050,0.5,p85,202,RG,223.6752,298.3276011666666,0.0,51,51,0.0,0.8241758241758241,8,26,2,1,0,110.4269027709961,260,0,0
INSTANCE_050,0.5,p85,202,SA,224.0649,298.7591371666666,0.0,51,51,0.0,1.0,0,26,2,2,0,85.72721481323242,200,1,0
INSTANCE_050,0.5,p95,202,FR,223.6752,319.0302091666666,0.0,51,51,0.0,0.8241758241758241,8,26,2,1,0,42.36412048339844,260,0,0
INSTANCE_050,0.5,p95,202,NR,224.0649,319.5131158333333,0.0,51,51,0.0,1.0,0,26,2,2,0,0.0,0,1,0
INSTANCE_050,0.5,p95,202,RG,223.6752,319.0302091666666,0.0,51,51,0.0,0.8241758241758241,8,26,2,1,0,109.55500602722168,260,0,0
INSTANCE_050,0.5,p95,202,SA,224.0649,319.5131158333333,0.0,51,51,0.0,1.0,0,26,2,2,0,85.72196960449219,200,1,0
INSTANCE_050,0.75,delay20,202,FR,224.0649,275.24499999999995,0.0,51,51,0.0,1.0,0,13,2,2,0,29.38103675842285,200,1,0
INSTANCE_050,0.75,delay20,202,NR,224.0649,275.24499999999995,0.0,51,51,0.0,1.0,0,13,2,2,0,0.0,0,1,0
INSTANCE_050,0.75,delay20,202,RG,224.0649,275.24499999999995,0.0,51,51,0.0,1.0,0,13,2,2,0,78.95779609680176,200,1,0
INSTANCE_050,0.75,delay20,202,SA,224.0649,275.24499999999995,0.0,51,51,0.0,1.0,0,13,2,2,0,77.33821868896484,200,1,0
INSTANCE_050,0.75,delay30,202,FR,224.0649,275.24499999999995,0.0,51,51,0.0,1.0,0,13,2,2,0,29.65021133422852,200,1,0
INSTANCE_050,0.75,delay30,202,NR,224.0649,275.24499999999995,0.0,51,51,0.0,1.0,0,13,2,2,0,0.0,0,1,0
INSTANCE_050,0.75,delay30,202,RG,224.0649,275.24499999999995,0.0,51,51,0.0,1.0,0,13,2,2,0,78.4754753112793,200,1,0
INSTANCE_050,0.75,delay30,202,SA,224.0649,275.24499999999995,0.0,51,51,0.0,1.0,0,13,2,2,0,78.99093627929688,200,1,0
INSTANCE_050,0.75,p85,202,FR,224.0649,283.84964066666663,0.0,51,51,0.0,1.0,0,13,2,2,0,31.626224517822266,200,1,0
INSTANCE_050,0.75,p85,202,NR,224.0649,283.84964066666663,0.0,51,51,0.0,1.0,0,13,2,2,0,0.0,0,1,0
INSTANCE_050,0.75,p85,202,RG,224.0649,283.84964066666663,0.0,51,51,0.0,1.0,0,13,2,2,0,84.34867858886719,200,1,0
INSTANCE_050,0.75,p85,202,SA,224.0649,283.84964066666663,0.0,51,51,0.0,1.0,0,13,2,2,0,84.25498008728027,200,1,0
INSTANCE_050,0.75,p95,202,FR,224.0649,291.4442433333333,0.0,51,51,0.0,1.0,0,13,2,2,0,30.091047286987305,200,1,0
INSTANCE_050,0.75,p95,202,NR,224.0649,291.4442433333333,0.0,51,51,0.0,1.0,0,13,2,2,0,0.0,0,1,0
INSTANCE_050,0.75,p95,202,RG,224.0649,291.4442433333333,0.0,51,51,0.0,1.0,0,13,2,2,0,82.47900009155273,200,1,0
INSTANCE_050,0.75,p95,202,SA,224.0649,291.4442433333333,0.0,51,51,0.0,1.0,0,13,2,2,0,83.21976661682129,200,1,0
INSTANCE_052,0.25,delay20,202,FR,399.4284,434.64666666666665,11.396666666667556,47,49,0.0,0.6290419676642587,19,37,2,0,0,66.61343574523926,450,0,0
INSTANCE_052,0.25,delay20,202,NR,343.73890000000006,380.4799999999999,43.38166666666734,46,49,0.0,1.0,0,37,2,2,0,0.0,0,1,0
INSTANCE_052,0.25,delay20,202,RG,343.73890000000006,380.4799999999999,43.38166666666734,46,49,0.0,1.0,0,37,2,2,0,86.43960952758789,200,1,0
INSTANCE_052,0.25,delay20,202,SA,343.73890000000006,380.4799999999999,43.38166666666734,46,49,0.0,1.0,0,37,2,2,0,78.47881317138672,200,1,0
INSTANCE_052,0.25,delay30,202,FR,343.73890000000006,380.4799999999999,74.60833333333414,45,49,0.0,1.0,0,37,2,2,0,32.13620185852051,200,1,0
INSTANCE_052,0.25,delay30,202,NR,343.73890000000006,380.4799999999999,74.60833333333414,45,49,0.0,1.0,0,37,2,2,0,0.0,0,1,0
INSTANCE_052,0.25,delay30,202,RG,343.73890000000006,380.4799999999999,74.60833333333414,45,49,0.0,1.0,0,37,2,2,0,82.80563354492188,200,1,0
INSTANCE_052,0.25,delay30,202,SA,343.73890000000006,380.4799999999999,74.60833333333414,45,49,0.0,1.0,0,37,2,2,0,83.29439163208008,200,1,0
INSTANCE_052,0.25,p85,202,FR,355.40930000000003,439.1488526666667,46.02497416666711,45,49,0.0,0.8252923976608186,11,37,2,1,0,30.093669891357425,200,0,0
INSTANCE_052,0.25,p85,202,NR,343.73890000000006,429.0963756666667,48.60944716666734,46,49,0.0,1.0,0,37,2,2,0,0.0,0,1,0
INSTANCE_052,0.25,p85,202,RG,343.73890000000006,429.0963756666667,48.60944716666734,46,49,0.0,1.0,0,37,2,2,0,75.95658302307129,200,1,0
INSTANCE_052,0.25,p85,202,SA,343.73890000000006,429.0963756666667,48.60944716666734,46,49,0.0,1.0,0,37,2,2,0,74.59712028503418,200,1,0
INSTANCE_052,0.25,p95,202,FR,343.73890000000006,472.00601833333343,110.23923000000104,44,49,0.0,1.0,0,37,2,2,0,30.588626861572266,200,1,0
INSTANCE_052,0.25,p95,202,NR,343.73890000000006,472.00601833333343,110.23923000000104,44,49,0.0,1.0,0,37,2,2,0,0.0,0,1,0
INSTANCE_052,0.25,p95,202,RG,343.73890000000006,472.00601833333343,110.23923000000104,44,49,0.0,1.0,0,37,2,2,0,76.70903205871582,200,1,0
INSTANCE_052,0.25,p95,202,SA,343.73890000000006,472.00601833333343,110.23923000000104,44,49,0.0,1.0,0,37,2,2,0,75.87003707885744,200,1,0
INSTANCE_052,0.5,delay20,202,FR,366.649,402.725,15.25666666666757,46,49,0.0,0.5113636363636364,18,25,2,0,0,51.60212516784668,320,0,0
INSTANCE_052,0.5,delay20,202,NR,343.73890000000006,380.4799999999999,43.38166666666734,46,49,0.0,1.0,0,25,2,2,0,0.0,0,1,0
INSTANCE_052,0.5,delay20,202,RG,394.5216,423.3149999999999,0.0,49,49,0.0,0.4220571095571095,20,25,2,0,0,173.8283634185791,420,0,0
INSTANCE_052,0.5,delay20,202,SA,395.0737,421.6066666666667,0.0,49,49,0.0,0.6354895104895104,22,25,2,0,0,130.86771965026855,320,0,0
INSTANCE_052,0.5,delay30,202,FR,393.7786,422.4949999999999,26.31833333333429,46,49,0.0,0.4938811188811188,18,25,2,0,0,73.81296157836914,490,0,0
INSTANCE_052,0.5,delay30,202,NR,343.73890000000006,380.4799999999999,73.38166666666734,46,49,0.0,1.0,0,25,2,2,0,0.0,0,1,0
INSTANCE_052,0.5,delay30,202,RG,413.3993,440.1366666666666,6.638333333333776,47,49,0.0,0.4220571095571095,22,25,2,0,0,96.99153900146484,250,0,0
INSTANCE_052,0.5,delay30,202,SA,395.0737,421.6066666666667,7.963333333333708,47,49,0.0,0.6354895104895104,22,25,2,0,0,124.0215301513672,320,0,0
INSTANCE_052,0.5,p85,202,FR,361.6316,433.9387043333333,6.214336666666782,48,49,0.0,0.5151515151515151,16,25,2,0,0,38.09380531311035,240,0,0
INSTANCE_052,0.5,p85,202,NR,343.73890000000006,412.8762798333333,22.52529850000053,46,49,0.0,1.0,0,25,2,2,0,0.0,0,1,0
INSTANCE_052,0.5,p85,202,RG,371.9337,443.8274288333332,0.0,49,49,0.0,0.4599358974358974,21,25,2,0,0,121.12092971801758,280,0,0
INSTANCE_052,0.5,p85,202,SA,374.7623,446.4108653333333,0.8517151666668497,48,49,0.0,0.8543123543123543,13,25,2,0,0,103.6367416381836,240,0,0
INSTANCE_052,0.5,p95,202,FR,373.7067,478.43586333333326,25.567893333333814,47,49,0.0,0.4711538461538461,21,25,2,0,0,46.46587371826172,300,0,0
INSTANCE_052,0.5,p95,202,NR,343.73890000000006,441.4697891666667,57.0741358333338,46,49,0.0,1.0,0,25,2,2,0,0.0,0,1,0
INSTANCE_052,0.5,p95,202,RG,404.76970000000006,504.1894483333333,1.678022500000225,48,49,0.0,0.4750874125874126,22,25,2,0,0,106.82916641235352,250,0,0
INSTANCE_052,0.5,p95,202,SA,370.9734,472.76171,8.869147500000395,47,49,0.0,0.7453379953379953,13,25,2,0,0,135.36381721496582,290,0,0
INSTANCE_052,0.75,delay20,202,FR,346.67740000000003,381.85666666666657,6.981666666667138,48,49,0.0,0.6071428571428572,6,13,2,1,0,29.50286865234375,210,0,0
INSTANCE_052,0.75,delay20,202,NR,343.73890000000006,380.4799999999999,24.7866666666672,47,49,0.0,1.0,0,13,2,2,0,0.0,0,1,0
INSTANCE_052,0.75,delay20,202,RG,346.67730000000006,381.9566666666666,9.55333333333374,48,49,0.0,0.6071428571428572,6,13,2,1,0,103.24716567993164,270,0,0
INSTANCE_052,0.75,delay20,202,SA,346.67740000000003,381.85666666666657,7.898333333333653,48,49,0.0,0.6904761904761905,6,13,2,1,0,91.95637702941896,250,0,0
INSTANCE_052,0.75,delay30,202,FR,346.67740000000003,381.85666666666657,25.380000000000905,47,49,0.0,0.6071428571428572,6,13,2,1,0,28.037309646606445,210,0,0
INSTANCE_052,0.75,delay30,202,NR,343.73890000000006,380.4799999999999,44.7866666666672,47,49,0.0,1.0,0,13,2,2,0,0.0,0,1,0
INSTANCE_052,0.75,delay30,202,RG,346.67740000000003,381.85666666666657,25.380000000000905,47,49,0.0,0.6071428571428572,6,13,2,1,0,97.57995605468751,270,0,0
INSTANCE_052,0.75,delay30,202,SA,346.67740000000003,381.85666666666657,25.863333333334023,47,49,0.0,0.6904761904761905,6,13,2,1,0,110.66818237304688,300,0,0
INSTANCE_052,0.75,p85,202,FR,346.67740000000003,396.9179058333333,0.0,49,49,0.0,0.6904761904761905,6,13,2,1,0,38.98787498474121,200,0,0
INSTANCE_052,0.75,p85,202,NR,343.73890000000006,395.3266168333333,8.499518666666972,48,49,0.0,1.0,0,13,2,2,0,0.0,0,1,0
INSTANCE_052,0.75,p85,202,RG,346.67740000000003,396.9179058333333,0.0,49,49,0.0,0.6071428571428572,6,13,2,1,0,101.97162628173828,250,0,0
INSTANCE_052,0.75,p85,202,SA,346.6773,396.8986408333333,1.90125616666694,48,49,0.0,0.7976190476190477,7,13,2,1,0,131.14261627197266,320,0,0
INSTANCE_052,0.75,p95,202,FR,346.67740000000003,410.2112125,0.0,49,49,0.0,0.6071428571428572,6,13,2,1,0,31.559228897094727,210,0,0
INSTANCE_052,0.75,p95,202,NR,343.73890000000006,408.4304941666667,16.0601800000004,48,49,0.0,1.0,0,13,2,2,0,0.0,0,1,0
INSTANCE_052,0.75,p95,202,RG,346.67740000000003,410.2112125,0.0,49,49,0.0,0.6071428571428572,6,13,2,1,0,99.80964660644533,250,0,0
INSTANCE_052,0.75,p95,202,SA,346.67740000000003,410.2112125,0.5222575000003644,48,49,0.0,0.6904761904761905,6,13,2,1,0,103.15632820129396,250,0,0
INSTANCE_054,0.25,delay20,202,FR,419.0078,499.22,5.138333333333776,78,79,0.0,0.8877995642701525,13,61,3,2,0,63.44747543334961,410,0,0
INSTANCE_054,0.25,delay20,202,NR,393.8544,472.9983333333333,17.778333333333762,78,79,0.0,1.0,0,61,3,3,0,0.0,0,1,0
INSTANCE_054,0.25,delay20,202,RG,452.7877,528.3116666666666,0.0,79,79,0.0,0.9074074074074074,14,61,3,2,0,128.00025939941406,310,0,0
INSTANCE_054,0.25,delay20,202,SA,415.68,495.495,0.0,79,79,0.0,0.8997821350762528,12,61,3,2,0,190.11688232421875,460,0,0
INSTANCE_054,0.25,delay30,202,FR,419.8866,501.62500000000006,4.7349999999999,78,79,0.0,0.8877995642701526,16,61,3,2,0,91.91608428955078,600,0,0
INSTANCE_054,0.25,delay30,202,NR,393.8544,472.9983333333333,32.51333333333366,77,79,0.0,1.0,0,61,3,3,0,0.0,0,1,0
INSTANCE_054,0.25,delay30,202,RG,452.7877,528.3116666666666,4.7349999999999,78,79,0.0,0.9074074074074074,14,61,3,2,0,130.9208869934082,310,0,0
INSTANCE_054,0.25,delay30,202,SA,422.3879,501.6433333333333,4.7349999999999,78,79,0.0,0.8714596949891068,16,61,3,2,0,186.8422031402588,440,0,0
INSTANCE_054,0.25,p85,202,FR,415.3007,548.7193331666665,0.0,79,79,0.0,0.9095860566448802,10,61,3,2,0,64.56851959228516,440,0,0
INSTANCE_054,0.25,p85,202,NR,393.8544,522.8117611666667,6.60435200000029,78,79,0.0,1.0,0,61,3,3,0,0.0,0,1,0
INSTANCE_054,0.25,p85,202,RG,417.5956,553.4257726666666,0.0,79,79,0.0,0.8779956427015251,13,61,3,2,0,165.28916358947754,420,0,0
INSTANCE_054,0.25,p85,202,SA,393.8544,522.8117611666667,6.60435200000029,78,79,0.0,1.0,0,61,3,3,0,123.54207038879396,300,1,0
INSTANCE_054,0.25,p95,202,FR,415.2238,595.1810466666667,7.49204583333335,78,79,0.0,0.8747276688453159,12,61,3,2,0,77.84843444824219,510,0,0
INSTANCE_054,0.25,p95,202,NR,393.8544,566.7779425,21.886392500000284,77,79,0.0,1.0,0,61,3,3,0,0.0,0,1,0
INSTANCE_054,0.25,p95,202,RG,452.7877,638.3257391666667,7.49204583333335,78,79,0.0,0.9074074074074074,14,61,3,2,0,125.78010559082033,310,0,0
INSTANCE_054,0.25,p95,202,SA,415.68,595.8773808333333,7.49204583333335,78,79,0.0,0.8997821350762528,12,61,3,2,0,181.7522048950196,460,0,0
INSTANCE_054,0.5,delay20,202,FR,407.5142,489.0133333333333,9.530000000000427,78,79,0.0,0.8737373737373737,11,41,3,2,0,73.87971878051758,530,0,0
INSTANCE_054,0.5,delay20,202,NR,393.8544,472.9983333333333,17.778333333333762,78,79,0.0,1.0,0,41,3,3,0,0.0,0,1,0
INSTANCE_054,0.5,delay20,202,RG,414.6001,493.87,9.530000000000427,78,79,0.0,0.9166666666666666,11,41,3,2,0,139.64581489562988,360,0,0
INSTANCE_054,0.5,delay20,202,SA,431.3337,506.9033333333333,9.530000000000427,78,79,0.0,0.9444444444444444,11,41,3,2,0,122.63751029968262,300,0,0
INSTANCE_054,0.5,delay30,202,FR,411.4116,491.07,22.05333333333374,77,79,0.0,0.7721500721500721,17,41,3,1,0,80.66987991333008,560,0,0
INSTANCE_054,0.5,delay30,202,NR,393.8544,472.9983333333333,32.51333333333366,77,79,0.0,1.0,0,41,3,3,0,0.0,0,1,0
INSTANCE_054,0.5,delay30,202,RG,414.6001,493.89833333333337,19.530000000000427,78,79,0.0,0.8849206349206349,17,41,3,1,0,140.35391807556152,360,0,0
INSTANCE_054,0.5,delay30,202,SA,431.3337,506.93166666666673,19.530000000000427,78,79,0.0,0.9126984126984128,17,41,3,1,0,127.6865005493164,300,0,0
INSTANCE_054,0.5,p85,202,FR,393.8544,509.38383433333325,2.492489500000488,78,79,0.0,1.0,0,41,3,3,0,47.33967781066895,300,1,0
INSTANCE_054,0.5,p85,202,NR,393.8544,509.38383433333325,2.492489500000488,78,79,0.0,1.0,0,41,3,3,0,0.0,0,1,0
INSTANCE_054,0.5,p85,202,RG,393.8544,509.38383433333325,2.492489500000488,78,79,0.0,1.0,0,41,3,3,0,125.37312507629396,300,1,0
INSTANCE_054,0.5,p85,202,SA,393.8544,509.38383433333325,2.492489500000488,78,79,0.0,1.0,0,41,3,3,0,124.7689723968506,300,1,0
INSTANCE_054,0.5,p95,202,FR,393.8544,541.4982983333333,6.653284166667163,78,79,0.0,1.0,0,41,3,3,0,44.50678825378418,300,1,0
INSTANCE_054,0.5,p95,202,NR,393.8544,541.4982983333333,6.653284166667163,78,79,0.0,1.0,0,41,3,3,0,0.0,0,1,0
INSTANCE_054,0.5,p95,202,RG,414.6001,568.4957991666668,0.0,79,79,0.0,0.9166666666666666,11,41,3,2,0,138.75699043273926,360,0,0
INSTANCE_054,0.5,p95,202,SA,393.8544,541.4982983333333,6.653284166667163,78,79,0.0,1.0,0,41,3,3,0,115.1597499847412,300,1,0
INSTANCE_054,0.75,delay20,202,FR,393.8544,472.9983333333333,0.0,79,79,0.0,1.0,0,21,3,3,0,47.1343994140625,300,1,0
INSTANCE_054,0.75,delay20,202,NR,393.8544,472.9983333333333,0.0,79,79,0.0,1.0,0,21,3,3,0,0.0,0,1,0
INSTANCE_054,0.75,delay20,202,RG,393.8544,472.9983333333333,0.0,79,79,0.0,1.0,0,21,3,3,0,127.31623649597168,300,1,0
INSTANCE_054,0.75,delay20,202,SA,393.8544,472.9983333333333,0.0,79,79,0.0,1.0,0,21,3,3,0,130.21373748779297,300,1,0
INSTANCE_054,0.75,delay30,202,FR,395.368,475.3283333333333,0.0,79,79,0.0,0.8809523809523809,6,21,3,2,0,51.07879638671875,320,0,0
INSTANCE_054,0.75,delay30,202,NR,393.8544,472.9983333333333,4.7349999999999,78,79,0.0,1.0,0,21,3,3,0,0.0,0,1,0
INSTANCE_054,0.75,delay30,202,RG,393.8544,473.0266666666667,0.0,79,79,0.0,0.9226190476190476,6,21,3,2,0,130.1283836364746,300,0,0
INSTANCE_054,0.75,delay30,202,SA,393.8544,473.0266666666667,0.0,79,79,0.0,0.9226190476190476,6,21,3,2,0,136.6100311279297,300,0,0
INSTANCE_054,0.75,p85,202,FR,393.8544,496.8525923333333,0.0,79,79,0.0,1.0,0,21,3,3,0,42.197465896606445,300,1,0
INSTANCE_054,0.75,p85,202,NR,393.8544,496.8525923333333,0.0,79,79,0.0,1.0,0,21,3,3,0,0.0,0,1,0
INSTANCE_054,0.75,p85,202,RG,393.8544,496.8525923333333,0.0,79,79,0.0,1.0,0,21,3,3,0,115.24152755737305,300,1,0
INSTANCE_054,0.75,p85,202,SA,393.8544,496.8525923333333,0.0,79,79,0.0,1.0,0,21,3,3,0,123.13389778137208,300,1,0
INSTANCE_054,0.75,p95,202,FR,393.8544,517.9067683333333,0.0,79,79,0.0,1.0,0,21,3,3,0,44.70014572143555,300,1,0
INSTANCE_054,0.75,p95,202,NR,393.8544,517.9067683333333,0.0,79,79,0.0,1.0,0,21,3,3,0,0.0,0,1,0
INSTANCE_054,0.75,p95,202,RG,393.8544,517.9067683333333,0.0,79,79,0.0,1.0,0,21,3,3,0,118.93606185913086,300,1,0
INSTANCE_054,0.75,p95,202,SA,393.8544,517.9067683333333,0.0,79,79,0.0,1.0,0,21,3,3,0,126.30033493041992,300,1,0
INSTANCE_056,0.25,delay20,202,FR,391.3315,455.255,51.00666666666666,51,56,0.0,0.7620670995670996,18,43,2,0,0,57.53302574157715,340,0,0
INSTANCE_056,0.25,delay20,202,NR,363.8707,430.2816666666666,88.27666666666698,48,56,0.0,1.0,0,43,2,2,0,0.0,0,1,0
INSTANCE_056,0.25,delay20,202,RG,391.3316000000001,455.34833333333336,51.28666666666675,51,56,0.0,0.8005411255411256,15,43,2,0,0,150.60973167419434,310,0,0
INSTANCE_056,0.25,delay20,202,SA,391.3316000000001,455.34833333333336,51.28666666666675,51,56,0.0,0.8005411255411256,15,43,2,0,0,161.76557540893555,310,0,0
INSTANCE_056,0.25,delay30,202,FR,390.4702,453.1716666666667,111.9016666666663,48,56,0.0,0.7847943722943723,19,43,2,0,0,91.22705459594728,440,0,0
INSTANCE_056,0.25,delay30,202,NR,363.8707,430.2816666666666,182.4116666666672,45,56,0.0,1.0,0,43,2,2,0,0.0,0,1,0
INSTANCE_056,0.25,delay30,202,RG,391.33150000000006,455.255,120.60000000000014,47,56,0.0,0.7745670995670996,18,43,2,0,0,138.2460594177246,340,0,0
INSTANCE_056,0.25,delay30,202,SA,391.3316000000001,455.34833333333336,121.06666666666696,47,56,0.0,0.8005411255411256,15,43,2,0,0,136.67845726013184,330,0,0
INSTANCE_056,0.25,p85,202,FR,391.6115,506.4072343333333,41.43233266666676,52,56,0.0,0.7631493506493506,19,43,2,0,0,84.42902565002441,460,0,0
INSTANCE_056,0.25,p85,202,NR,363.8707,477.1706703333333,72.66334700000027,50,56,0.0,1.0,0,43,2,2,0,0.0,0,1,0
INSTANCE_056,0.25,p85,202,RG,391.3316000000001,506.1452303333333,40.7715431666669,52,56,0.0,0.8005411255411256,15,43,2,0,0,132.92622566223145,310,0,0
INSTANCE_056,0.25,p85,202,SA,391.6804000000001,506.73859233333326,41.36490516666697,52,56,0.0,0.734469696969697,17,43,2,0,0,134.61828231811523,310,0,0
INSTANCE_056,0.25,p95,202,FR,391.33150000000006,550.8587116666669,141.23879249999914,48,56,0.0,0.7745670995670996,18,43,2,0,0,54.3820858001709,340,0,0
INSTANCE_056,0.25,p95,202,NR,363.8707,518.5557050000001,210.7036491666662,46,56,0.0,1.0,0,43,2,2,0,0.0,0,1,0
INSTANCE_056,0.25,p95,202,RG,391.33150000000006,550.8587116666669,141.23879249999914,48,56,0.0,0.7745670995670996,18,43,2,0,0,143.99099349975586,340,0,0
INSTANCE_056,0.25,p95,202,SA,390.4702,548.3730358333335,133.49935083333298,48,56,0.0,0.7615800865800866,19,43,2,0,0,196.3119506835937,440,0,0
INSTANCE_056,0.5,delay20,202,FR,357.79880000000014,424.6566666666667,42.04999999999996,52,56,0.0,0.495970695970696,23,29,2,0,0,43.20216178894043,290,0,0
INSTANCE_056,0.5,delay20,202,NR,363.8707,430.2816666666666,74.8716666666669,50,56,0.0,1.0,0,29,2,2,0,0.0,0,1,0
INSTANCE_056,0.5,delay20,202,RG,372.52780000000007,441.23333333333335,48.02499999999998,52,56,0.0,0.6141025641025641,21,29,2,0,0,86.71307563781738,220,0,0
INSTANCE_056,0.5,delay20,202,SA,380.3318,450.7083333333333,55.49500000000012,51,56,0.0,0.945054945054945,7,29,2,1,0,78.21011543273926,200,0,0
INSTANCE_056,0.5,delay30,202,FR,365.37230000000005,433.845,99.97333333333393,49,56,0.0,0.8461538461538461,9,29,2,1,0,52.87909507751465,360,0,0
INSTANCE_056,0.5,delay30,202,NR,363.8707,430.2816666666666,140.10000000000036,48,56,0.0,1.0,0,29,2,2,0,0.0,0,1,0
INSTANCE_056,0.5,delay30,202,RG,373.2463000000001,441.99,90.1966666666666,51,56,0.0,0.5261904761904761,21,29,2,0,0,115.93961715698242,280,0,0
INSTANCE_056,0.5,delay30,202,SA,381.0503,451.465,102.91166666666686,50,56,0.0,0.8571428571428571,7,29,2,1,0,106.37521743774414,260,0,0
INSTANCE_056,0.5,p85,202,FR,373.9118000000001,464.2751896666667,7.585509833333276,55,56,0.0,0.6294871794871795,19,29,2,0,0,45.26185989379883,290,0,0
INSTANCE_056,0.5,p85,202,NR,363.8707,457.6538091666666,31.257480000000328,53,56,0.0,1.0,0,29,2,2,0,0.0,0,1,0
INSTANCE_056,0.5,p85,202,RG,372.52780000000007,470.31284066666666,19.6174736666668,54,56,0.0,0.6141025641025641,21,29,2,0,0,91.0806655883789,220,0,0
INSTANCE_056,0.5,p85,202,SA,380.3318,481.2649931666666,22.83365000000037,53,56,0.0,0.945054945054945,7,29,2,1,0,82.93485641479492,200,0,0
INSTANCE_056,0.5,p95,202,FR,357.56830000000014,474.1661883333333,35.46147666666673,53,56,0.0,0.5152014652014651,23,29,2,0,0,49.9112606048584,320,0,0
INSTANCE_056,0.5,p95,202,NR,363.8707,481.8129291666667,68.4865500000002,51,56,0.0,1.0,0,29,2,2,0,0.0,0,1,0
INSTANCE_056,0.5,p95,202,RG,362.92730000000006,480.9894008333333,45.69908000000021,52,56,0.0,0.53992673992674,21,29,2,0,0,116.20450019836426,280,0,0
INSTANCE_056,0.5,p95,202,SA,380.3318,508.23482250000006,55.84794333333343,52,56,0.0,0.945054945054945,7,29,2,1,0,83.53018760681152,200,0,0
INSTANCE_056,0.75,delay20,202,FR,387.8923,455.0233333333333,37.34666666666647,53,56,0.0,0.5059523809523809,13,15,2,0,0,59.42487716674805,440,0,0
INSTANCE_056,0.75,delay20,202,NR,363.8707,430.2816666666666,74.8716666666669,50,56,0.0,1.0,0,15,2,2,0,0.0,0,1,0
INSTANCE_056,0.75,delay20,202,RG,387.8923000000001,455.185,38.5383333333333,53,56,0.0,0.3154761904761904,13,15,2,0,0,106.57191276550292,290,0,0
INSTANCE_056,0.75,delay20,202,SA,391.9686,457.7166666666666,41.04666666666674,53,56,0.0,0.7619047619047619,14,15,2,0,0,84.61689949035645,230,0,0
INSTANCE_056,0.75,delay30,202,FR,387.89240000000007,455.0233333333333,77.34166666666647,51,56,0.0,0.4642857142857143,13,15,2,0,0,58.87985229492188,430,0,0
INSTANCE_056,0.75,delay30,202,NR,363.8707,430.2816666666666,140.10000000000036,48,56,0.0,1.0,0,15,2,2,0,0.0,0,1,0
INSTANCE_056,0.75,delay30,202,RG,387.89240000000007,455.0233333333333,77.34166666666647,51,56,0.0,0.4642857142857143,13,15,2,0,0,181.41436576843265,460,0,0
INSTANCE_056,0.75,delay30,202,SA,392.4567,458.1866666666666,80.24333333333345,51,56,0.0,0.6309523809523809,14,15,2,0,0,123.18086624145508,310,0,0
INSTANCE_056,0.75,p85,202,FR,377.8038,461.3629083333333,3.43239333333338,54,56,0.0,0.3214285714285714,13,15,2,0,0,40.3437614440918,280,0,0
INSTANCE_056,0.75,p85,202,NR,363.8707,446.62518333333327,17.565583333333507,54,56,0.0,1.0,0,15,2,2,0,0.0,0,1,0
INSTANCE_056,0.75,p85,202,RG,376.5157,461.0007263333333,3.0702113333333045,54,56,0.0,0.3214285714285714,12,15,2,0,0,124.3572235107422,320,0,0
INSTANCE_056,0.75,p85,202,SA,380.3318,470.2363673333333,9.141753333333554,54,56,0.0,0.8869047619047619,7,15,2,1,0,75.90961456298828,200,0,0
INSTANCE_056,0.75,p95,202,FR,376.5156,477.25996083333325,11.873819166666635,54,56,0.0,0.25,12,15,2,0,0,62.99209594726563,460,0,0
INSTANCE_056,0.75,p95,202,NR,363.8707,461.05025,26.01129750000007,53,56,0.0,1.0,0,15,2,2,0,0.0,0,1,0
INSTANCE_056,0.75,p95,202,RG,376.5156,477.25996083333325,11.873819166666635,54,56,0.0,0.25,12,15,2,0,0,87.91542053222656,220,0,0
INSTANCE_056,0.75,p95,202,SA,380.3318,487.47214333333335,17.537014166666722,53,56,0.0,0.8869047619047619,7,15,2,1,0,79.742431640625,200,0,0
INSTANCE_058,0.25,delay20,202,FR,426.9932,463.955,49.693333333332816,77,81,0.0,0.9595959595959596,5,61,3,2,0,49.97110366821289,330,0,0
INSTANCE_058,0.25,delay20,202,NR,383.1529000000001,408.7316666666667,57.44666666666603,76,81,0.0,1.0,0,61,3,3,0,0.0,0,1,0
INSTANCE_058,0.25,delay20,202,RG,426.9932,463.955,49.693333333332816,77,81,0.0,0.9595959595959596,5,61,3,2,0,134.23395156860352,330,0,0
INSTANCE_058,0.25,delay20,202,SA,383.1529000000001,408.7316666666667,57.44666666666603,76,81,0.0,1.0,0,61,3,3,0,121.10328674316406,300,1,0
INSTANCE_058,0.25,delay30,202,FR,435.8925,469.28,69.61166666666622,76,81,0.0,0.8282828282828283,16,61,3,1,0,67.596435546875,430,0,0
INSTANCE_058,0.25,delay30,202,NR,383.1529000000001,408.7316666666667,117.94999999999912,74,81,0.0,1.0,0,61,3,3,0,0.0,0,1,0
INSTANCE_058,0.25,delay30,202,RG,431.5682000000001,463.9283333333333,93.73499999999932,76,81,0.0,0.8560606060606061,10,61,3,2,0,175.02927780151367,440,0,0
INSTANCE_058,0.25,delay30,202,SA,428.8560000000001,460.6216666666666,93.73499999999932,76,81,0.0,0.9065656565656566,9,61,3,2,0,166.3718223571777,420,0,0
INSTANCE_058,0.25,p85,202,FR,385.3947,457.5769283333334,23.17427333333319,79,81,0.0,0.9852801519468186,5,61,3,2,0,48.3708381652832,310,0,0
INSTANCE_058,0.25,p85,202,NR,383.1529000000001,454.3461878333334,23.900207833333297,79,81,0.0,1.0,0,61,3,3,0,0.0,0,1,0
INSTANCE_058,0.25,p85,202,RG,383.1529000000001,454.3461878333334,23.900207833333297,79,81,0.0,1.0,0,61,3,3,0,122.71404266357422,300,1,0
INSTANCE_058,0.25,p85,202,SA,383.1529000000001,454.3461878333334,23.900207833333297,79,81,0.0,1.0,0,61,3,3,0,123.98648262023926,300,1,0
INSTANCE_058,0.25,p95,202,FR,383.1529000000001,494.6063425,83.25131333333366,75,81,0.0,1.0,0,61,3,3,0,48.23803901672363,300,1,0
INSTANCE_058,0.25,p95,202,NR,383.1529000000001,494.6063425,83.25131333333366,75,81,0.0,1.0,0,61,3,3,0,0.0,0,1,0
INSTANCE_058,0.25,p95,202,RG,383.1529000000001,494.6063425,83.25131333333366,75,81,0.0,1.0,0,61,3,3,0,117.5088882446289,300,1,0
INSTANCE_058,0.25,p95,202,SA,385.8793,502.3371608333334,80.94703416666698,75,81,0.0,0.975071225071225,7,61,3,2,0,145.61057090759277,370,0,0
INSTANCE_058,0.5,delay20,202,FR,427.9057,465.23,26.49499999999989,79,81,0.0,0.8414254590725179,15,41,3,1,0,48.14362525939941,320,0,0
INSTANCE_058,0.5,delay20,202,NR,383.1529000000001,408.7316666666667,39.541666666666174,77,81,0.0,1.0,0,41,3,3,0,0.0,0,1,0
INSTANCE_058,0.5,delay20,202,RG,445.907,479.51166666666666,9.2049999999997,80,81,0.0,0.7216386554621849,20,41,3,1,0,187.1480941772461,460,0,0
INSTANCE_058,0.5,delay20,202,SA,402.8078,426.195,21.29499999999961,78,81,0.0,0.9684095860566448,12,41,3,2,0,123.10361862182616,300,0,0
INSTANCE_058,0.5,delay30,202,FR,429.0508,461.34,53.36999999999978,78,81,0.0,0.7223778400248988,16,41,3,1,0,59.90242958068848,430,0,0
INSTANCE_058,0.5,delay30,202,NR,383.1529000000001,408.7316666666667,90.04499999999928,75,81,0.0,1.0,0,41,3,3,0,0.0,0,1,0
INSTANCE_058,0.5,delay30,202,RG,449.067,477.94666666666666,28.50666666666609,79,81,0.0,0.7633053221288515,21,41,3,1,0,193.6173439025879,490,0,0
INSTANCE_058,0.5,delay30,202,SA,447.7932,477.5516666666666,37.78833333333296,78,81,0.0,0.8493619670090258,19,41,3,1,0,148.07796478271484,390,0,0
INSTANCE_058,0.5,p85,202,FR,385.0087,441.8949478333333,5.493709666666518,80,81,0.0,0.8703703703703703,11,41,3,2,0,57.68632888793945,380,0,0
INSTANCE_058,0.5,p85,202,NR,383.1529000000001,440.6215313333333,6.5704451666667865,80,81,0.0,1.0,0,41,3,3,0,0.0,0,1,0
INSTANCE_058,0.5,p85,202,RG,402.8019000000001,460.3951273333333,0.0,81,81,0.0,0.9389978213507624,11,41,3,2,0,124.52077865600586,310,0,0
INSTANCE_058,0.5,p85,202,SA,402.8078,460.8073983333333,0.0,81,81,0.0,0.9684095860566448,12,41,3,2,0,119.4777488708496,300,0,0
INSTANCE_058,0.5,p95,202,FR,384.0654,470.41728250000006,14.266079999999649,78,81,0.0,0.9128540305010894,10,41,3,2,0,42.34528541564941,300,0,0
INSTANCE_058,0.5,p95,202,NR,383.1529000000001,468.7680700000001,18.08954333333316,78,81,0.0,1.0,0,41,3,3,0,0.0,0,1,0
INSTANCE_058,0.5,p95,202,RG,402.8019000000001,490.8955433333333,5.119149999999991,79,81,0.0,0.9389978213507624,11,41,3,2,0,121.5951442718506,310,0,0
INSTANCE_058,0.5,p95,202,SA,402.8078,491.3568916666667,5.580498333333253,79,81,0.0,0.9684095860566448,12,41,3,2,0,117.38252639770508,300,0,0
INSTANCE_058,0.75,delay20,202,FR,411.9433,438.23,24.71833333333302,79,81,0.0,0.7037037037037037,12,21,3,1,0,55.40394783020019,370,0,0
INSTANCE_058,0.75,delay20,202,NR,383.1529000000001,408.7316666666667,39.541666666666174,77,81,0.0,1.0,0,21,3,3,0,0.0,0,1,0
INSTANCE_058,0.75,delay20,202,RG,412.0807,438.13,24.518333333332976,79,81,0.0,0.6620370370370371,12,21,3,1,0,230.22055625915527,600,0,0
INSTANCE_058,0.75,delay20,202,SA,383.1529000000001,408.7316666666667,39.541666666666174,77,81,0.0,1.0,0,21,3,3,0,114.76516723632812,300,1,0
INSTANCE_058,0.75,delay30,202,FR,412.1994,438.23333333333335,58.40666666666607,77,81,0.0,0.7060185185185185,13,21,3,1,0,55.91773986816406,410,0,0
INSTANCE_058,0.75,delay30,202,NR,383.1529000000001,408.7316666666667,90.04499999999928,75,81,0.0,1.0,0,21,3,3,0,0.0,0,1,0
INSTANCE_058,0.75,delay30,202,RG,412.1041,438.22333333333336,58.37666666666644,77,81,0.0,0.6828703703703703,12,21,3,1,0,180.33123016357425,480,0,0
INSTANCE_058,0.75,delay30,202,SA,412.4005,438.9933333333333,61.48666666666577,77,81,0.0,0.7824074074074074,10,21,3,1,0,143.2955265045166,380,0,0
INSTANCE_058,0.75,p85,202,FR,383.8247,426.1656423333333,1.496667333333221,80,81,0.0,0.8032407407407408,9,21,3,2,0,53.87711524963379,390,0,0
INSTANCE_058,0.75,p85,202,NR,383.1529000000001,425.6878703333333,3.272900333333382,80,81,0.0,1.0,0,21,3,3,0,0.0,0,1,0
INSTANCE_058,0.75,p85,202,RG,383.592,426.2427023333333,1.4775803333333215,80,81,0.0,0.8425925925925926,8,21,3,2,0,141.26014709472656,380,0,0
INSTANCE_058,0.75,p85,202,SA,383.1529000000001,425.6878703333333,3.272900333333382,80,81,0.0,1.0,0,21,3,3,0,107.4826717376709,300,1,0
INSTANCE_058,0.75,p95,202,FR,383.8247,441.1883516666667,5.0183099999999286,80,81,0.0,0.8032407407407408,9,21,3,2,0,54.61883544921875,390,0,0
INSTANCE_058,0.75,p95,202,NR,383.1529000000001,440.653705,7.005988333333107,80,81,0.0,1.0,0,21,3,3,0,0.0,0,1,0
INSTANCE_058,0.75,p95,202,RG,383.592,441.274585,5.008854999999926,80,81,0.0,0.8425925925925926,8,21,3,2,0,147.57943153381348,380,0,0
INSTANCE_058,0.75,p95,202,SA,383.1529000000001,440.653705,7.005988333333107,80,81,0.0,1.0,0,21,3,3,0,115.82446098327635,300,1,0
INSTANCE_059,0.25,delay20,202,FR,437.15620000000007,499.3466666666666,52.48666666666748,81,86,0.0,0.9149122807017545,9,66,3,2,0,71.14124298095703,440,0,0
INSTANCE_059,0.25,delay20,202,NR,433.3547000000001,488.8649999999999,76.80333333333431,80,86,0.0,1.0,0,66,3,3,0,0.0,0,1,0
INSTANCE_059,0.25,delay20,202,RG,455.6123000000001,515.1183333333333,52.48666666666748,81,86,0.0,0.88859649122807,16,66,3,2,0,150.76708793640137,370,0,0
INSTANCE_059,0.25,delay20,202,SA,460.9366000000001,525.7549999999999,52.48666666666748,81,86,0.0,0.9350877192982456,16,66,3,2,0,134.91392135620117,310,0,0
INSTANCE_059,0.25,delay30,202,FR,437.15620000000007,499.3466666666666,102.48666666666747,81,86,0.0,0.9149122807017545,9,66,3,2,0,71.48575782775879,440,0,0
INSTANCE_059,0.25,delay30,202,NR,433.3547000000001,488.8649999999999,136.8033333333343,80,86,0.0,1.0,0,66,3,3,0,0.0,0,1,0
INSTANCE_059,0.25,delay30,202,RG,455.8329000000001,516.7516666666666,102.48666666666747,81,86,0.0,0.8973684210526316,16,66,3,2,0,144.43659782409668,340,0,0
INSTANCE_059,0.25,delay30,202,SA,460.9366000000001,525.7549999999999,102.48666666666747,81,86,0.0,0.9350877192982456,16,66,3,2,0,129.7616958618164,310,0,0
INSTANCE_059,0.25,p85,202,FR,442.8104000000001,554.9641251666668,35.86277750000022,83,86,0.0,0.9149122807017545,6,66,3,2,0,51.04923248291016,320,0,0
INSTANCE_059,0.25,p85,202,NR,433.3547000000001,542.8599256666668,39.23871433333375,82,86,0.0,1.0,0,66,3,3,0,0.0,0,1,0
INSTANCE_059,0.25,p85,202,RG,440.99860000000007,554.2262756666667,35.86277750000022,83,86,0.0,0.8929824561403509,12,66,3,2,0,164.79039192199707,400,0,0
INSTANCE_059,0.25,p85,202,SA,433.3547000000001,542.8599256666668,39.23871433333375,82,86,0.0,1.0,0,66,3,3,0,123.34656715393066,300,1,0
INSTANCE_059,0.25,p95,202,FR,437.92410000000007,598.7326491666668,94.37106000000142,82,86,0.0,0.8447368421052631,14,66,3,2,0,88.9580249786377,540,0,0
INSTANCE_059,0.25,p95,202,NR,433.3547000000001,590.5167683333333,106.74661333333496,80,86,0.0,1.0,0,66,3,3,0,0.0,0,1,0
INSTANCE_059,0.25,p95,202,RG,455.6123000000001,624.475455,94.37106000000142,82,86,0.0,0.88859649122807,16,66,3,2,0,157.1331024169922,370,0,0
INSTANCE_059,0.25,p95,202,SA,460.9366000000001,638.2339833333333,94.37106000000142,82,86,0.0,0.9350877192982456,16,66,3,2,0,136.491060256958,310,0,0
INSTANCE_059,0.5,delay20,202,FR,433.3506,489.6516666666666,30.24166666666747,83,86,0.0,0.8482905982905983,9,44,3,1,0,58.26473236083984,370,0,0
INSTANCE_059,0.5,delay20,202,NR,433.3547000000001,488.8649999999999,44.938333333334185,82,86,0.0,1.0,0,44,3,3,0,0.0,0,1,0
INSTANCE_059,0.5,delay20,202,RG,456.2070000000001,524.0683333333333,2.245000000000232,85,86,0.0,0.8034188034188033,18,44,3,1,0,251.54805183410645,600,0,0
INSTANCE_059,0.5,delay20,202,SA,472.0315000000001,540.2216666666667,2.245000000000232,85,86,0.0,0.8910256410256411,22,44,3,1,0,130.28907775878906,300,0,0
INSTANCE_059,0.5,delay30,202,FR,433.89850000000007,490.50166666666667,60.24166666666747,83,86,0.0,0.827991452991453,13,44,3,1,0,64.51892852783203,400,0,0
INSTANCE_059,0.5,delay30,202,NR,433.3547000000001,488.8649999999999,84.93833333333419,82,86,0.0,1.0,0,44,3,3,0,0.0,0,1,0
INSTANCE_059,0.5,delay30,202,RG,458.7521,527.0849999999999,16.180000000000405,84,86,0.0,0.7735042735042734,20,44,3,1,0,198.57120513916016,460,0,0
INSTANCE_059,0.5,delay30,202,SA,472.0315000000001,540.2216666666667,16.180000000000405,84,86,0.0,0.8910256410256411,22,44,3,1,0,131.31380081176758,300,0,0
INSTANCE_059,0.5,p85,202,FR,432.37860000000006,524.1525693333333,12.522539000000393,84,86,0.0,0.8344017094017094,9,44,3,1,0,68.98045539855957,420,0,0
INSTANCE_059,0.5,p85,202,NR,433.3547000000001,526.0193478333333,12.645835000000147,84,86,0.0,1.0,0,44,3,3,0,0.0,0,1,0
INSTANCE_059,0.5,p85,202,RG,451.0681000000001,557.8393483333333,0.0,86,86,0.0,0.8461538461538461,15,44,3,1,0,164.42608833312988,370,0,0
INSTANCE_059,0.5,p85,202,SA,451.3523,556.8683923333333,0.0,86,86,0.0,0.9583333333333334,9,44,3,2,0,124.32599067687988,300,0,0
INSTANCE_059,0.5,p95,202,FR,433.3506,559.8299625000001,38.684888333334015,83,86,0.0,0.8482905982905983,9,44,3,1,0,67.23570823669434,370,0,0
INSTANCE_059,0.5,p95,202,NR,433.3547000000001,558.8124091666666,43.11450416666787,82,86,0.0,1.0,0,44,3,3,0,0.0,0,1,0
INSTANCE_059,0.5,p95,202,RG,459.56610000000006,610.7011616666667,5.117455000000177,85,86,0.0,0.8055555555555557,18,44,3,1,0,221.9548225402832,500,0,0
INSTANCE_059,0.5,p95,202,SA,451.6158,595.5197833333333,5.117455000000177,85,86,0.0,0.9134615384615384,15,44,3,1,0,243.0284023284912,490,0,0
INSTANCE_059,0.75,delay20,202,FR,433.35480000000007,488.76499999999993,30.401666666667325,83,86,0.0,0.8571428571428571,4,23,3,2,0,45.78542709350586,320,0,0
INSTANCE_059,0.75,delay20,202,NR,433.3547000000001,488.8649999999999,30.401666666667325,83,86,0.0,1.0,0,23,3,3,0,0.0,0,1,0
INSTANCE_059,0.75,delay20,202,RG,450.47170000000006,514.05,12.180000000000176,84,86,0.0,0.7916666666666666,12,23,3,1,0,120.29600143432616,320,0,0
INSTANCE_059,0.75,delay20,202,SA,450.4716000000001,514.15,12.180000000000176,84,86,0.0,0.9345238095238096,8,23,3,2,0,111.14931106567384,300,0,0
INSTANCE_059,0.75,delay30,202,FR,433.35480000000007,488.76499999999993,60.401666666667325,83,86,0.0,0.8571428571428571,4,23,3,2,0,48.03013801574707,320,0,0
INSTANCE_059,0.75,delay30,202,NR,433.3547000000001,488.8649999999999,60.401666666667325,83,86,0.0,1.0,0,23,3,3,0,0.0,0,1,0
INSTANCE_059,0.75,delay30,202,RG,450.47170000000006,514.05,36.10166666666692,83,86,0.0,0.7916666666666666,12,23,3,1,0,129.5475959777832,320,0,0
INSTANCE_059,0.75,delay30,202,SA,450.4716000000001,514.15,36.10166666666692,83,86,0.0,0.9345238095238096,8,23,3,2,0,122.66850471496582,300,0,0
INSTANCE_059,0.75,p85,202,FR,450.47170000000006,537.0340771666667,0.0,86,86,0.0,0.7916666666666666,12,23,3,1,0,82.65519142150879,470,0,0
INSTANCE_059,0.75,p85,202,NR,433.3547000000001,507.92273566666665,3.3072970000000623,85,86,0.0,1.0,0,23,3,3,0,0.0,0,1,0
INSTANCE_059,0.75,p85,202,RG,450.47170000000006,537.0340771666667,0.0,86,86,0.0,0.7916666666666666,12,23,3,1,0,136.5656852722168,320,0,0
INSTANCE_059,0.75,p85,202,SA,433.3547000000001,507.92273566666665,3.3072970000000623,85,86,0.0,1.0,0,23,3,3,0,127.20465660095216,300,1,0
INSTANCE_059,0.75,p95,202,FR,450.47170000000006,557.3202158333334,0.0,86,86,0.0,0.7440476190476191,11,23,3,1,0,70.53542137145996,470,0,0
INSTANCE_059,0.75,p95,202,NR,433.3547000000001,524.7434183333334,7.6871050000002015,85,86,0.0,1.0,0,23,3,3,0,0.0,0,1,0
INSTANCE_059,0.75,p95,202,RG,450.47170000000006,557.3202158333334,0.0,86,86,0.0,0.7916666666666666,12,23,3,1,0,135.6983184814453,320,0,0
INSTANCE_059,0.75,p95,202,SA,450.4716000000001,557.4495658333333,0.0,86,86,0.0,0.9345238095238096,8,23,3,2,0,117.54369735717772,300,0,0
INSTANCE_061,0.25,delay20,202,FR,418.9631,479.9666666666666,33.965000000000146,70,72,0.0,0.9466089466089466,7,55,3,2,0,56.24055862426758,380,0,0
INSTANCE_061,0.25,delay20,202,NR,417.8815,478.745,45.72500000000037,69,72,0.0,1.0,0,55,3,3,0,0.0,0,1,0
INSTANCE_061,0.25,delay20,202,RG,420.3563,481.14166666666665,22.25666666666677,71,72,0.0,0.9227994227994228,8,55,3,2,0,169.01516914367676,440,0,0
INSTANCE_061,0.25,delay20,202,SA,420.3563,481.14166666666665,22.25666666666677,71,72,0.0,0.9227994227994228,8,55,3,2,0,169.9371337890625,440,0,0
INSTANCE_061,0.25,delay30,202,FR,440.2325000000001,503.6616666666666,37.3316666666675,68,72,0.0,0.8701298701298702,17,55,3,2,0,87.06235885620117,600,0,0
INSTANCE_061,0.25,delay30,202,NR,417.8815,478.745,85.58000000000061,67,72,0.0,1.0,0,55,3,3,0,0.0,0,1,0
INSTANCE_061,0.25,delay30,202,RG,443.0534,507.3016666666666,32.80499999999995,69,72,0.0,0.8787878787878788,19,55,3,2,0,173.62046241760254,440,0,0
INSTANCE_061,0.25,delay30,202,SA,443.0534,507.3016666666666,32.80499999999995,69,72,0.0,0.8787878787878788,19,55,3,2,0,163.21921348571777,440,0,0
INSTANCE_061,0.25,p85,202,FR,417.8815,534.5704515,23.775060000000508,71,72,0.0,1.0,0,55,3,3,0,47.03855514526367,300,1,0
INSTANCE_061,0.25,p85,202,NR,417.8815,534.5704515,23.775060000000508,71,72,0.0,1.0,0,55,3,3,0,0.0,0,1,0
INSTANCE_061,0.25,p85,202,RG,417.8815,534.5704515,23.775060000000508,71,72,0.0,1.0,0,55,3,3,0,123.32892417907716,300,1,0
INSTANCE_061,0.25,p85,202,SA,417.8815,534.5704515,23.775060000000508,71,72,0.0,1.0,0,55,3,3,0,123.64840507507324,300,1,0
INSTANCE_061,0.25,p95,202,FR,417.4188,584.5522166666667,72.22528250000084,69,72,0.0,0.9574314574314574,4,55,3,2,0,49.03674125671387,320,0,0
INSTANCE_061,0.25,p95,202,NR,417.8815,583.8429475,76.22918083333388,68,72,0.0,1.0,0,55,3,3,0,0.0,0,1,0
INSTANCE_061,0.25,p95,202,RG,417.4188,584.5522166666667,72.22528250000084,69,72,0.0,0.9574314574314574,4,55,3,2,0,127.88033485412598,320,0,0
INSTANCE_061,0.25,p95,202,SA,441.6382,618.6143833333334,52.95691916666726,69,72,0.0,0.9126984126984128,18,55,3,2,0,164.3846035003662,400,0,0
INSTANCE_061,0.5,delay20,202,FR,438.951,501.4266666666666,10.085000000000264,71,72,0.0,0.8507936507936508,11,37,3,2,0,62.67118453979492,430,0,0
INSTANCE_061,0.5,delay20,202,NR,417.8815,478.745,31.521666666666988,70,72,0.0,1.0,0,37,3,3,0,0.0,0,1,0
INSTANCE_061,0.5,delay20,202,RG,439.115,501.14,9.798333333333517,71,72,0.0,0.8507936507936508,10,37,3,2,0,203.73964309692383,540,0,0
INSTANCE_061,0.5,delay20,202,SA,418.878,479.57333333333327,20.68833333333373,71,72,0.0,0.919047619047619,7,37,3,2,0,142.441987991333,370,0,0
INSTANCE_061,0.5,delay30,202,FR,439.1412,500.94,27.33000000000004,69,72,0.0,0.8746031746031746,12,37,3,2,0,80.64413070678711,560,0,0
INSTANCE_061,0.5,delay30,202,NR,417.8815,478.745,61.376666666667234,68,72,0.0,1.0,0,37,3,3,0,0.0,0,1,0
INSTANCE_061,0.5,delay30,202,RG,418.6217,479.0616666666666,41.415000000000646,69,72,0.0,0.957936507936508,4,37,3,2,0,136.1410617828369,370,0,0
INSTANCE_061,0.5,delay30,202,SA,438.4362,500.4733333333333,26.39666666666733,69,72,0.0,0.8626984126984127,10,37,3,2,0,179.58498001098633,460,0,0
INSTANCE_061,0.5,p85,202,FR,416.74,524.6919986666667,21.80177650000008,71,72,0.0,0.946031746031746,4,37,3,2,0,61.60593032836914,400,0,0
INSTANCE_061,0.5,p85,202,NR,417.8815,524.8287801666667,21.938558000000285,71,72,0.0,1.0,0,37,3,3,0,0.0,0,1,0
INSTANCE_061,0.5,p85,202,RG,417.8815,524.8287801666667,21.938558000000285,71,72,0.0,1.0,0,37,3,3,0,144.089937210083,300,1,0
INSTANCE_061,0.5,p85,202,SA,417.8815,524.8287801666667,21.938558000000285,71,72,0.0,1.0,0,37,3,3,0,137.3312473297119,300,1,0
INSTANCE_061,0.5,p95,202,FR,436.5807,592.7873375,34.93285166666715,70,72,0.0,0.8746031746031746,12,37,3,2,0,93.4302806854248,600,0,0
INSTANCE_061,0.5,p95,202,NR,417.8815,565.5031108333334,62.399460833333706,68,72,0.0,1.0,0,37,3,3,0,0.0,0,1,0
INSTANCE_061,0.5,p95,202,RG,436.5807,592.7873375,34.93285166666715,70,72,0.0,0.8746031746031746,12,37,3,2,0,252.5770664215088,600,0,0
INSTANCE_061,0.5,p95,202,SA,417.8815,565.5031108333334,62.399460833333706,68,72,0.0,1.0,0,37,3,3,0,133.28862190246582,300,1,0
INSTANCE_061,0.75,delay20,202,FR,439.4525,501.6866666666666,10.345000000000256,71,72,0.0,0.7976190476190476,8,19,3,2,0,44.393062591552734,300,0,0
INSTANCE_061,0.75,delay20,202,NR,417.8815,478.745,19.86000000000024,71,72,0.0,1.0,0,19,3,3,0,0.0,0,1,0
INSTANCE_061,0.75,delay20,202,RG,437.696,500.1566666666666,8.815000000000282,71,72,0.0,0.7916666666666666,6,19,3,2,0,168.00284385681152,430,0,0
INSTANCE_061,0.75,delay20,202,SA,417.8815,478.745,19.86000000000024,71,72,0.0,1.0,0,19,3,3,0,122.36309051513672,300,1,0
INSTANCE_061,0.75,delay30,202,FR,437.9785,500.4683333333333,21.983333333333466,70,72,0.0,0.8154761904761904,8,19,3,2,0,67.23976135253906,470,0,0
INSTANCE_061,0.75,delay30,202,NR,417.8815,478.745,36.378333333333785,70,72,0.0,1.0,0,19,3,3,0,0.0,0,1,0
INSTANCE_061,0.75,delay30,202,RG,437.7222,499.9566666666666,20.96000000000015,70,72,0.0,0.8392857142857143,8,19,3,2,0,178.025484085083,460,0,0
INSTANCE_061,0.75,delay30,202,SA,417.8815,478.745,36.378333333333785,70,72,0.0,1.0,0,19,3,3,0,118.8790798187256,300,1,0
INSTANCE_061,0.75,p85,202,FR,439.4525,535.0570616666666,0.9960880000003272,71,72,0.0,0.7976190476190476,8,19,3,2,0,44.56496238708496,300,0,0
INSTANCE_061,0.75,p85,202,NR,417.8815,508.5387891666667,11.963296500000183,71,72,0.0,1.0,0,19,3,3,0,0.0,0,1,0
INSTANCE_061,0.75,p85,202,RG,437.696,533.2885346666667,0.0,72,72,0.0,0.7916666666666666,6,19,3,2,0,162.8553867340088,430,0,0
INSTANCE_061,0.75,p85,202,SA,417.8815,508.5387891666667,11.963296500000183,71,72,0.0,1.0,0,19,3,3,0,113.1448745727539,300,1,0
INSTANCE_061,0.75,p95,202,FR,439.4525,564.5103416666667,10.396920000000136,71,72,0.0,0.7976190476190476,8,19,3,2,0,46.988725662231445,300,0,0
INSTANCE_061,0.75,p95,202,NR,417.8815,534.8352958333334,22.645872500000223,71,72,0.0,1.0,0,19,3,3,0,0.0,0,1,0
INSTANCE_061,0.75,p95,202,RG,437.696,562.5312866666667,8.41786500000012,71,72,0.0,0.7916666666666666,6,19,3,2,0,181.81252479553223,430,0,0
INSTANCE_061,0.75,p95,202,SA,417.8815,534.8352958333334,22.645872500000223,71,72,0.0,1.0,0,19,3,3,0,125.97918510437012,300,1,0
INSTANCE_062,0.25,delay20,202,FR,353.79910000000007,393.58166666666665,1.8949999999999816,46,47,0.0,0.8020833333333334,15,36,2,1,0,59.62800979614258,390,0,0
INSTANCE_062,0.25,delay20,202,NR,303.8738000000001,350.87333333333333,15.700000000000156,45,47,0.0,1.0,0,36,2,2,0,0.0,0,1,0
INSTANCE_062,0.25,delay20,202,RG,367.8498000000001,407.125,1.8949999999999816,46,47,0.0,0.8666666666666667,14,36,2,1,0,98.32286834716795,250,0,0
INSTANCE_062,0.25,delay20,202,SA,367.8498000000001,407.125,1.8949999999999816,46,47,0.0,0.8666666666666667,14,36,2,1,0,99.95102882385254,250,0,0
INSTANCE_062,0.25,delay30,202,FR,362.25500000000005,399.3066666666666,19.25166666666655,45,47,0.0,0.7729166666666667,14,36,2,1,0,48.0351448059082,330,0,0
INSTANCE_062,0.25,delay30,202,NR,303.8738000000001,350.87333333333333,49.03666666666686,43,47,0.0,1.0,0,36,2,2,0,0.0,0,1,0
INSTANCE_062,0.25,delay30,202,RG,367.8498000000001,407.125,19.25166666666655,45,47,0.0,0.8666666666666667,14,36,2,1,0,97.68366813659668,250,0,0
INSTANCE_062,0.25,delay30,202,SA,367.8498000000001,407.125,19.25166666666655,45,47,0.0,0.8666666666666667,14,36,2,1,0,95.43228149414062,250,0,0
INSTANCE_062,0.25,p85,202,FR,303.8738000000001,395.952338,13.066111999999862,45,47,0.0,1.0,0,36,2,2,0,31.159639358520508,200,1,0
INSTANCE_062,0.25,p85,202,NR,303.8738000000001,395.952338,13.066111999999862,45,47,0.0,1.0,0,36,2,2,0,0.0,0,1,0
INSTANCE_062,0.25,p85,202,RG,367.8498000000001,460.9736395,4.594819499999858,46,47,0.0,0.8666666666666667,14,36,2,1,0,101.87959671020508,250,0,0
INSTANCE_062,0.25,p85,202,SA,303.8738000000001,395.952338,13.066111999999862,45,47,0.0,1.0,0,36,2,2,0,78.00960540771484,200,1,0
INSTANCE_062,0.25,p95,202,FR,303.8738000000001,435.7398366666667,50.855756666666366,43,47,0.0,1.0,0,36,2,2,0,34.56735610961914,200,1,0
INSTANCE_062,0.25,p95,202,NR,303.8738000000001,435.7398366666667,50.855756666666366,43,47,0.0,1.0,0,36,2,2,0,0.0,0,1,0
INSTANCE_062,0.25,p95,202,RG,372.9292,517.7240225,28.11601916666621,45,47,0.0,0.8833333333333333,15,36,2,1,0,90.47460556030272,200,0,0
INSTANCE_062,0.25,p95,202,SA,372.9292,517.7240225,28.11601916666621,45,47,0.0,0.8833333333333333,15,36,2,1,0,83.85539054870605,200,0,0
INSTANCE_062,0.5,delay20,202,FR,338.0273000000001,375.535,5.846666666666692,45,47,0.0,0.7954545454545454,9,24,2,1,0,41.01848602294922,260,0,0
INSTANCE_062,0.5,delay20,202,NR,303.8738000000001,350.87333333333333,15.700000000000156,45,47,0.0,1.0,0,24,2,2,0,0.0,0,1,0
INSTANCE_062,0.5,delay20,202,RG,303.75840000000005,350.9383333333334,5.846666666666692,45,47,0.0,0.9409090909090908,3,24,2,1,0,84.21087265014648,200,0,0
INSTANCE_062,0.5,delay20,202,SA,303.75840000000005,350.9383333333334,5.846666666666692,45,47,0.0,0.9409090909090908,3,24,2,1,0,86.61150932312012,200,0,0
INSTANCE_062,0.5,delay30,202,FR,323.64610000000005,364.86,33.20333333333326,44,47,0.0,0.9272727272727272,6,24,2,1,0,34.64674949645996,230,0,0
INSTANCE_062,0.5,delay30,202,NR,303.8738000000001,350.87333333333333,49.03666666666686,43,47,0.0,1.0,0,24,2,2,0,0.0,0,1,0
INSTANCE_062,0.5,delay30,202,RG,303.75840000000005,350.9383333333334,33.20333333333326,44,47,0.0,0.9409090909090908,3,24,2,1,0,80.65414428710938,200,0,0
INSTANCE_062,0.5,delay30,202,SA,303.75840000000005,350.9383333333334,33.20333333333326,44,47,0.0,0.9409090909090908,3,24,2,1,0,84.82551574707031,200,0,0
INSTANCE_062,0.5,p85,202,FR,303.8738000000001,381.2514876666666,0.0,47,47,0.0,1.0,0,24,2,2,0,29.036998748779297,200,1,0
INSTANCE_062,0.5,p85,202,NR,303.8738000000001,381.2514876666666,0.0,47,47,0.0,1.0,0,24,2,2,0,0.0,0,1,0
INSTANCE_062,0.5,p85,202,RG,303.75840000000005,381.3266211666666,0.0,47,47,0.0,0.9409090909090908,3,24,2,1,0,77.19683647155762,200,0,0
INSTANCE_062,0.5,p85,202,SA,303.8738000000001,381.2514876666666,0.0,47,47,0.0,1.0,0,24,2,2,0,77.06189155578613,200,1,0
INSTANCE_062,0.5,p95,202,FR,303.8738000000001,408.063765,18.37000833333309,45,47,0.0,1.0,0,24,2,2,0,30.67207336425781,200,1,0
INSTANCE_062,0.5,p95,202,NR,303.8738000000001,408.063765,18.37000833333309,45,47,0.0,1.0,0,24,2,2,0,0.0,0,1,0
INSTANCE_062,0.5,p95,202,RG,303.75840000000005,408.1478425,15.871049166666351,46,47,0.0,0.9409090909090908,3,24,2,1,0,93.56570243835448,200,0,0
INSTANCE_062,0.5,p95,202,SA,303.75840000000005,408.1478425,15.871049166666351,46,47,0.0,0.9409090909090908,3,24,2,1,0,83.33182334899902,200,0,0
INSTANCE_062,0.75,delay20,202,FR,303.8738000000001,350.87333333333333,1.8949999999999816,46,47,0.0,1.0,0,13,2,2,0,26.45659446716309,200,1,0
INSTANCE_062,0.75,delay20,202,NR,303.8738000000001,350.87333333333333,1.8949999999999816,46,47,0.0,1.0,0,13,2,2,0,0.0,0,1,0
INSTANCE_062,0.75,delay20,202,RG,303.8738000000001,350.87333333333333,1.8949999999999816,46,47,0.0,1.0,0,13,2,2,0,73.28939437866211,200,1,0
INSTANCE_062,0.75,delay20,202,SA,303.8738000000001,350.87333333333333,1.8949999999999816,46,47,0.0,1.0,0,13,2,2,0,74.13005828857422,200,1,0
INSTANCE_062,0.75,delay30,202,FR,303.8738000000001,350.87333333333333,11.894999999999982,46,47,0.0,1.0,0,13,2,2,0,29.494285583496094,200,1,0
INSTANCE_062,0.75,delay30,202,NR,303.8738000000001,350.87333333333333,11.894999999999982,46,47,0.0,1.0,0,13,2,2,0,0.0,0,1,0
INSTANCE_062,0.75,delay30,202,RG,339.7606,389.09833333333336,3.894999999999982,46,47,0.0,0.8690476190476191,5,13,2,1,0,79.4227123260498,200,0,0
INSTANCE_062,0.75,delay30,202,SA,303.8738000000001,350.87333333333333,11.894999999999982,46,47,0.0,1.0,0,13,2,2,0,79.8788070678711,200,1,0
INSTANCE_062,0.75,p85,202,FR,303.8738000000001,362.57596683333327,0.0,47,47,0.0,1.0,0,13,2,2,0,30.67803382873535,200,1,0
INSTANCE_062,0.75,p85,202,NR,303.8738000000001,362.57596683333327,0.0,47,47,0.0,1.0,0,13,2,2,0,0.0,0,1,0
INSTANCE_062,0.75,p85,202,RG,303.8738000000001,362.57596683333327,0.0,47,47,0.0,1.0,0,13,2,2,0,80.25693893432617,200,1,0
INSTANCE_062,0.75,p85,202,SA,303.8738000000001,362.57596683333327,0.0,47,47,0.0,1.0,0,13,2,2,0,80.47151565551758,200,1,0
INSTANCE_062,0.75,p95,202,FR,303.8738000000001,372.90491083333336,0.0,47,47,0.0,1.0,0,13,2,2,0,29.0982723236084,200,1,0
INSTANCE_062,0.75,p95,202,NR,303.8738000000001,372.90491083333336,0.0,47,47,0.0,1.0,0,13,2,2,0,0.0,0,1,0
INSTANCE_062,0.75,p95,202,RG,303.8738000000001,372.90491083333336,0.0,47,47,0.0,1.0,0,13,2,2,0,73.41241836547852,200,1,0
INSTANCE_062,0.75,p95,202,SA,303.8738000000001,372.90491083333336,0.0,47,47,0.0,1.0,0,13,2,2,0,73.5020637512207,200,1,0
INSTANCE_063,0.25,delay20,202,FR,407.2805,456.1433333333333,244.2766666666679,57,70,13.786666666666406,0.9792307692307692,2,53,2,1,0,38.85507583618164,210,0,0
INSTANCE_063,0.25,delay20,202,NR,406.6219,457.5666666666667,254.2400000000025,57,70,13.786666666666406,1.0,0,53,2,2,0,0.0,0,1,0
INSTANCE_063,0.25,delay20,202,RG,407.2805,456.1433333333333,244.2766666666679,57,70,13.786666666666406,0.9792307692307692,2,53,2,1,0,101.8390655517578,210,0,0
INSTANCE_063,0.25,delay20,202,SA,407.2805,456.1433333333333,244.2766666666679,57,70,13.786666666666406,0.9792307692307692,2,53,2,1,0,105.7271957397461,210,0,0
INSTANCE_063,0.25,delay30,202,FR,407.2805,456.1433333333333,380.85000000000105,56,70,23.78666666666641,0.9792307692307692,2,53,2,1,0,38.18750381469727,210,0,0
INSTANCE_063,0.25,delay30,202,NR,406.6219,457.5666666666667,390.81333333333566,56,70,24.26666666666688,1.0,0,53,2,2,0,0.0,0,1,0
INSTANCE_063,0.25,delay30,202,RG,407.2805,456.1433333333333,380.85000000000105,56,70,23.78666666666641,0.9792307692307692,2,53,2,1,0,106.37712478637695,210,0,0
INSTANCE_063,0.25,delay30,202,SA,407.2805,456.1433333333333,380.85000000000105,56,70,23.78666666666641,0.9792307692307692,2,53,2,1,0,102.13732719421388,210,0,0
INSTANCE_063,0.25,p85,202,FR,407.2805,516.913673,265.0218129999995,56,70,26.83201016666657,0.9792307692307692,2,53,2,1,0,37.223100662231445,210,0,0
INSTANCE_063,0.25,p85,202,NR,406.6219,518.558904,276.53842999999927,56,70,26.83201016666657,1.0,0,53,2,2,0,0.0,0,1,0
INSTANCE_063,0.25,p85,202,RG,407.2805,516.913673,265.0218129999995,56,70,26.83201016666657,0.9792307692307692,2,53,2,1,0,95.46470642089844,210,0,0
INSTANCE_063,0.25,p85,202,SA,407.2805,516.913673,265.0218129999995,56,70,26.83201016666657,0.9792307692307692,2,53,2,1,0,95.94845771789552,210,0,0
INSTANCE_063,0.25,p95,202,FR,407.2805,570.5506116666668,550.7198216666693,54,70,77.25061166666683,0.9792307692307692,2,53,2,1,0,35.22634506225586,210,0,0
INSTANCE_063,0.25,p95,202,NR,406.6219,572.3916933333335,563.6073933333362,54,70,79.09169333333352,1.0,0,53,2,2,0,0.0,0,1,0
INSTANCE_063,0.25,p95,202,RG,407.2805,570.5506116666668,550.7198216666693,54,70,77.25061166666683,0.9792307692307692,2,53,2,1,0,92.17023849487305,210,0,0
INSTANCE_063,0.25,p95,202,SA,407.2805,570.5506116666668,550.7198216666693,54,70,77.25061166666683,0.9792307692307692,2,53,2,1,0,98.78277778625488,210,0,0
INSTANCE_063,0.5,delay20,202,FR,409.0751,460.91,236.47666666666805,59,70,13.786666666666406,0.9457720588235294,5,35,2,1,0,41.85366630554199,250,0,0
INSTANCE_063,0.5,delay20,202,NR,406.6219,457.5666666666667,240.10000000000213,58,70,13.786666666666406,1.0,0,35,2,2,0,0.0,0,1,0
INSTANCE_063,0.5,delay20,202,RG,412.5700000000001,460.5383333333333,235.25000000000148,60,70,13.414999999999736,0.8624387254901962,13,35,2,0,0,149.1556167602539,330,0,0
INSTANCE_063,0.5,delay20,202,SA,409.0751,460.91,236.47666666666805,59,70,13.786666666666406,0.9457720588235294,5,35,2,1,0,110.52608489990234,250,0,0
INSTANCE_063,0.5,delay30,202,FR,409.0751,460.91,361.6066666666683,57,70,27.61000000000013,0.9457720588235294,5,35,2,1,0,39.73865509033203,250,0,0
INSTANCE_063,0.5,delay30,202,NR,406.6219,457.5666666666667,366.67333333333534,57,70,24.26666666666688,1.0,0,35,2,2,0,0.0,0,1,0
INSTANCE_063,0.5,delay30,202,RG,412.5700000000001,460.5383333333333,359.75166666666826,57,70,27.238333333333458,0.8624387254901962,13,35,2,0,0,141.3877010345459,330,0,0
INSTANCE_063,0.5,delay30,202,SA,406.6219,457.5666666666667,366.67333333333534,57,70,24.26666666666688,1.0,0,35,2,2,0,86.03715896606445,200,1,0
INSTANCE_063,0.5,p85,202,FR,409.0751,498.5762195,149.69011000000057,61,70,14.975295499999902,0.9457720588235294,5,35,2,1,0,45.88508605957031,250,0,0
INSTANCE_063,0.5,p85,202,NR,406.6219,494.7116605,151.85579900000016,62,70,14.975295499999902,1.0,0,35,2,2,0,0.0,0,1,0
INSTANCE_063,0.5,p85,202,RG,412.5700000000001,498.14661,148.64594700000077,61,70,14.545685999999932,0.8624387254901962,13,35,2,0,0,162.6148223876953,330,0,0
INSTANCE_063,0.5,p85,202,SA,409.0751,498.5762195,149.69011000000057,61,70,14.975295499999902,0.9457720588235294,5,35,2,1,0,117.89727210998537,250,0,0
INSTANCE_063,0.5,p95,202,FR,410.1168,527.0157150000001,245.138049166668,60,70,33.71571500000016,0.9166666666666669,8,35,2,1,0,49.346923828125,280,0,0
INSTANCE_063,0.5,p95,202,NR,406.6219,527.4964658333334,246.5759900000014,60,70,34.19646583333349,1.0,0,35,2,2,0,0.0,0,1,0
INSTANCE_063,0.5,p95,202,RG,410.1168,527.0157150000001,245.138049166668,60,70,33.71571500000016,0.9166666666666669,8,35,2,1,0,131.99758529663086,280,0,0
INSTANCE_063,0.5,p95,202,SA,406.6219,527.4964658333334,246.5759900000014,60,70,34.19646583333349,1.0,0,35,2,2,0,93.25838088989258,200,1,0
INSTANCE_063,0.75,delay20,202,FR,408.8468,460.245,235.8116666666681,59,70,13.121666666666442,0.7777777777777778,7,18,2,0,0,36.35215759277344,230,0,0
INSTANCE_063,0.75,delay20,202,NR,406.6219,457.5666666666667,240.10000000000213,58,70,13.786666666666406,1.0,0,18,2,2,0,0.0,0,1,0
INSTANCE_063,0.75,delay20,202,RG,409.0751,460.91,236.47666666666805,59,70,13.786666666666406,0.8784722222222222,5,18,2,1,0,91.6280746459961,220,0,0
INSTANCE_063,0.75,delay20,202,SA,406.6219,457.5666666666667,240.10000000000213,58,70,13.786666666666406,1.0,0,18,2,2,0,83.51254463195801,200,1,0
INSTANCE_063,0.75,delay30,202,FR,408.8468,460.245,361.533333333335,57,70,26.94500000000016,0.7777777777777778,7,18,2,0,0,36.251068115234375,230,0,0
INSTANCE_063,0.75,delay30,202,NR,406.6219,457.5666666666667,366.67333333333534,57,70,24.26666666666688,1.0,0,18,2,2,0,0.0,0,1,0
INSTANCE_063,0.75,delay30,202,RG,408.8468,460.245,361.533333333335,57,70,26.94500000000016,0.7777777777777778,7,18,2,0,0,127.28428840637208,300,0,0
INSTANCE_063,0.75,delay30,202,SA,406.6219,457.5666666666667,366.67333333333534,57,70,24.26666666666688,1.0,0,18,2,2,0,82.50260353088379,200,1,0
INSTANCE_063,0.75,p85,202,FR,408.8468,483.9467368333334,94.96158600000037,64,70,5.304472166666528,0.7777777777777778,7,18,2,0,0,36.519527435302734,230,0,0
INSTANCE_063,0.75,p85,202,NR,406.6219,480.85085133333337,102.55316800000026,64,70,6.073145666666505,1.0,0,18,2,2,0,0.0,0,1,0
INSTANCE_063,0.75,p85,202,RG,409.0751,484.71541033333335,95.73025950000044,64,70,6.073145666666505,0.8784722222222222,5,18,2,1,0,93.5344696044922,220,0,0
INSTANCE_063,0.75,p85,202,SA,409.0751,484.71541033333335,95.73025950000044,64,70,6.073145666666505,0.8784722222222222,5,18,2,1,0,92.07558631896973,220,0,0
INSTANCE_063,0.75,p95,202,FR,409.0751,505.7264716666666,126.2741766666677,61,70,16.917401666666365,0.8784722222222222,5,18,2,1,0,37.447452545166016,220,0,0
INSTANCE_063,0.75,p95,202,NR,406.6219,501.40187,128.29754750000006,63,70,16.917401666666365,1.0,0,18,2,2,0,0.0,0,1,0
INSTANCE_063,0.75,p95,202,RG,409.0751,505.7264716666666,126.2741766666677,61,70,16.917401666666365,0.8784722222222222,5,18,2,1,0,92.69189834594728,220,0,0
INSTANCE_063,0.75,p95,202,SA,406.6219,501.40187,128.29754750000006,63,70,16.917401666666365,1.0,0,18,2,2,0,81.83884620666504,200,1,0
INSTANCE_001,0.25,delay20,303,FR,210.4586,279.3933333333333,0.0,40,40,0.0,0.8666666666666667,15,30,2,1,0,30.98917007446289,200,0,0
INSTANCE_001,0.25,delay20,303,NR,191.8982,259.76,11.81499999999994,39,40,0.0,1.0,0,30,2,2,0,0.0,0,1,0
INSTANCE_001,0.25,delay20,303,RG,213.258,287.1733333333333,0.0,40,40,0.0,0.8928571428571428,11,30,2,1,0,83.23431015014648,200,0,0
INSTANCE_001,0.25,delay20,303,SA,213.258,287.1733333333333,0.0,40,40,0.0,0.8928571428571428,11,30,2,1,0,83.88161659240723,200,0,0
INSTANCE_001,0.25,delay30,303,FR,210.4586,279.3933333333333,0.0,40,40,0.0,0.8666666666666667,15,30,2,1,0,29.82640266418457,200,0,0
INSTANCE_001,0.25,delay30,303,NR,191.8982,259.76,24.96999999999992,38,40,0.0,1.0,0,30,2,2,0,0.0,0,1,0
INSTANCE_001,0.25,delay30,303,RG,213.258,287.1733333333333,0.0,40,40,0.0,0.8928571428571428,11,30,2,1,0,79.84328269958496,200,0,0
INSTANCE_001,0.25,delay30,303,SA,213.258,287.1733333333333,0.0,40,40,0.0,0.8928571428571428,11,30,2,1,0,83.21142196655273,200,0,0
INSTANCE_001,0.25,p85,303,FR,191.8982,291.6735095,0.4248373333333575,39,40,0.0,1.0,0,30,2,2,0,29.68764305114746,200,1,0
INSTANCE_001,0.25,p85,303,NR,191.8982,291.6735095,0.4248373333333575,39,40,0.0,1.0,0,30,2,2,0,0.0,0,1,0
INSTANCE_001,0.25,p85,303,RG,194.9267,295.28955,0.0,40,40,0.0,0.944047619047619,2,30,2,1,0,80.26123046875,210,0,0
INSTANCE_001,0.25,p85,303,SA,191.8982,291.6735095,0.4248373333333575,39,40,0.0,1.0,0,30,2,2,0,77.47244834899902,200,1,0
INSTANCE_001,0.25,p95,303,FR,210.4586,345.23663416666665,0.0,40,40,0.0,0.8666666666666667,15,30,2,1,0,29.92725372314453,200,0,0
INSTANCE_001,0.25,p95,303,NR,191.8982,319.8409175,8.024026666666714,39,40,0.0,1.0,0,30,2,2,0,0.0,0,1,0
INSTANCE_001,0.25,p95,303,RG,205.621,340.4334375,0.0,40,40,0.0,0.7476190476190476,12,30,2,1,0,125.64206123352052,320,0,0
INSTANCE_001,0.25,p95,303,SA,213.258,355.3000641666667,0.0,40,40,0.0,0.8928571428571428,11,30,2,1,0,80.68537712097168,200,0,0
INSTANCE_001,0.5,delay20,303,FR,221.1,297.9766666666667,0.0,40,40,0.0,0.7833333333333333,8,20,2,1,0,39.69717025756836,290,0,0
INSTANCE_001,0.5,delay20,303,NR,191.8982,259.76,11.81499999999994,39,40,0.0,1.0,0,20,2,2,0,0.0,0,1,0
INSTANCE_001,0.5,delay20,303,RG,215.7744,288.8033333333333,3.5616666666666106,39,40,0.0,0.9166666666666666,6,20,2,1,0,70.8627700805664,200,0,0
INSTANCE_001,0.5,delay20,303,SA,215.7744,288.8033333333333,3.5616666666666106,39,40,0.0,0.9166666666666666,6,20,2,1,0,69.39268112182617,200,0,0
INSTANCE_001,0.5,delay30,303,FR,213.7291,283.92,7.704999999999927,39,40,0.0,0.7833333333333333,8,20,2,1,0,30.071020126342773,230,0,0
INSTANCE_001,0.5,delay30,303,NR,191.8982,259.76,24.96999999999992,38,40,0.0,1.0,0,20,2,2,0,0.0,0,1,0
INSTANCE_001,0.5,delay30,303,RG,215.7744,288.8033333333333,13.56166666666661,39,40,0.0,0.9166666666666666,6,20,2,1,0,68.56107711791992,200,0,0
INSTANCE_001,0.5,delay30,303,SA,215.7744,288.8033333333333,13.56166666666661,39,40,0.0,0.9166666666666666,6,20,2,1,0,67.93642044067383,200,0,0
INSTANCE_001,0.5,p85,303,FR,191.8982,280.9132915,0.0,40,40,0.0,1.0,0,20,2,2,0,29.18362617492676,200,1,0
INSTANCE_001,0.5,p85,303,NR,191.8982,280.9132915,0.0,40,40,0.0,1.0,0,20,2,2,0,0.0,0,1,0
INSTANCE_001,0.5,p85,303,RG,191.8982,280.9132915,0.0,40,40,0.0,1.0,0,20,2,2,0,79.0090560913086,200,1,0
INSTANCE_001,0.5,p85,303,SA,191.8982,280.9132915,0.0,40,40,0.0,1.0,0,20,2,2,0,86.17091178894043,200,1,0
INSTANCE_001,0.5,p95,303,FR,191.8982,299.5835475,0.3910700000000133,39,40,0.0,1.0,0,20,2,2,0,27.69613265991211,200,1,0
INSTANCE_001,0.5,p95,303,NR,191.8982,299.5835475,0.3910700000000133,39,40,0.0,1.0,0,20,2,2,0,0.0,0,1,0
INSTANCE_001,0.5,p95,303,RG,191.8982,299.5835475,0.3910700000000133,39,40,0.0,1.0,0,20,2,2,0,75.25229454040527,200,1,0
INSTANCE_001,0.5,p95,303,SA,191.8982,299.5835475,0.3910700000000133,39,40,0.0,1.0,0,20,2,2,0,74.48697090148926,200,1,0
INSTANCE_001,0.75,delay20,303,FR,191.8982,259.76,11.81499999999994,39,40,0.0,1.0,0,10,2,2,0,28.26976776123047,200,1,0
INSTANCE_001,0.75,delay20,303,NR,191.8982,259.76,11.81499999999994,39,40,0.0,1.0,0,10,2,2,0,0.0,0,1,0
INSTANCE_001,0.75,delay20,303,RG,191.8982,259.76,11.81499999999994,39,40,0.0,1.0,0,10,2,2,0,76.93028450012207,200,1,0
INSTANCE_001,0.75,delay20,303,SA,191.8982,259.76,11.81499999999994,39,40,0.0,1.0,0,10,2,2,0,74.37324523925781,200,1,0
INSTANCE_001,0.75,delay30,303,FR,191.8982,259.76,21.81499999999994,39,40,0.0,1.0,0,10,2,2,0,25.971412658691406,200,1,0
INSTANCE_001,0.75,delay30,303,NR,191.8982,259.76,21.81499999999994,39,40,0.0,1.0,0,10,2,2,0,0.0,0,1,0
INSTANCE_001,0.75,delay30,303,RG,191.8982,259.76,21.81499999999994,39,40,0.0,1.0,0,10,2,2,0,69.93961334228516,200,1,0
INSTANCE_001,0.75,delay30,303,SA,191.8982,259.76,21.81499999999994,39,40,0.0,1.0,0,10,2,2,0,68.83454322814941,200,1,0
INSTANCE_001,0.75,p85,303,FR,191.8982,267.69868783333334,0.0,40,40,0.0,0.85,2,10,2,1,0,26.17716789245605,200,0,0
INSTANCE_001,0.75,p85,303,NR,191.8982,267.69868783333334,0.0,40,40,0.0,1.0,0,10,2,2,0,0.0,0,1,0
INSTANCE_001,0.75,p85,303,RG,191.8982,267.69868783333334,0.0,40,40,0.0,1.0,0,10,2,2,0,72.80278205871582,200,1,0
INSTANCE_001,0.75,p85,303,SA,191.8982,267.69868783333334,0.0,40,40,0.0,1.0,0,10,2,2,0,67.71397590637207,200,1,0
INSTANCE_001,0.75,p95,303,FR,191.8982,274.7055091666666,0.0,40,40,0.0,1.0,0,10,2,2,0,28.583526611328125,200,1,0
INSTANCE_001,0.75,p95,303,NR,191.8982,274.7055091666666,0.0,40,40,0.0,1.0,0,10,2,2,0,0.0,0,1,0
INSTANCE_001,0.75,p95,303,RG,191.8982,274.7055091666666,0.0,40,40,0.0,1.0,0,10,2,2,0,79.50234413146973,200,1,0
INSTANCE_001,0.75,p95,303,SA,191.8982,274.7055091666666,0.0,40,40,0.0,1.0,0,10,2,2,0,77.32343673706055,200,1,0
INSTANCE_002,0.25,delay20,303,FR,346.9185,379.3633333333333,27.10833333333369,46,49,0.0,0.5898692810457515,28,37,2,0,0,83.54663848876953,540,0,0
INSTANCE_002,0.25,delay20,303,NR,293.3563,318.32166666666666,78.83000000000004,44,49,0.0,1.0,0,37,2,2,0,0.0,0,1,0
INSTANCE_002,0.25,delay20,303,RG,368.7634,385.2099999999999,22.785000000000192,47,49,0.0,0.6718696250429996,27,37,2,0,0,117.59543418884276,290,0,0
INSTANCE_002,0.25,delay20,303,SA,379.122,387.4733333333333,22.51500000000021,47,49,0.0,0.7911936704506364,27,37,2,0,0,90.15941619873048,230,0,0
INSTANCE_002,0.25,delay30,303,FR,301.76570000000004,327.99,110.75499999999988,43,49,0.0,0.8562091503267975,8,37,2,1,0,39.7639274597168,260,0,0
INSTANCE_002,0.25,delay30,303,NR,293.3563,318.32166666666666,142.3283333333335,41,49,0.0,1.0,0,37,2,2,0,0.0,0,1,0
INSTANCE_002,0.25,delay30,303,RG,368.7634,385.2099999999999,49.22500000000036,46,49,0.0,0.6718696250429996,27,37,2,0,0,115.43726921081544,290,0,0
INSTANCE_002,0.25,delay30,303,SA,379.122,387.4733333333333,48.08666666666704,46,49,0.0,0.7911936704506364,27,37,2,0,0,88.53816986083984,230,0,0
INSTANCE_002,0.25,p85,303,FR,351.17680000000007,424.6032993333333,1.340174333333607,47,49,0.0,0.8175524595803234,25,37,2,0,0,41.68415069580078,260,0,0
INSTANCE_002,0.25,p85,303,NR,293.3563,357.8693393333333,26.874306666666712,45,49,0.0,1.0,0,37,2,2,0,0.0,0,1,0
INSTANCE_002,0.25,p85,303,RG,379.2712,438.80545733333327,1.0620348333334275,48,49,0.0,0.775670794633643,28,37,2,0,0,90.56520462036131,210,0,0
INSTANCE_002,0.25,p85,303,SA,379.2713,438.80545733333327,1.0620348333334275,48,49,0.0,0.8050825593395253,28,37,2,0,0,86.47656440734863,200,0,0
INSTANCE_002,0.25,p95,303,FR,330.1689,447.6601508333333,54.68180583333344,44,49,0.0,0.8398692810457516,13,37,2,1,0,33.83612632751465,230,0,0
INSTANCE_002,0.25,p95,303,NR,293.3563,392.77479000000005,69.18651333333355,43,49,0.0,1.0,0,37,2,2,0,0.0,0,1,0
INSTANCE_002,0.25,p95,303,RG,374.5023,477.7728308333334,12.36919916666659,46,49,0.0,0.7632438940488476,27,37,2,0,0,86.9295597076416,230,0,0
INSTANCE_002,0.25,p95,303,SA,374.5024,477.7728308333334,12.36919916666659,46,49,0.0,0.79265565875473,27,37,2,0,0,89.73264694213867,220,0,0
INSTANCE_002,0.5,delay20,303,FR,313.9852,334.75166666666667,26.55999999999983,47,49,0.0,0.8484848484848485,4,25,2,1,0,43.68734359741211,290,0,0
INSTANCE_002,0.5,delay20,303,NR,293.3563,318.32166666666666,45.691666666666606,46,49,0.0,1.0,0,25,2,2,0,0.0,0,1,0
INSTANCE_002,0.5,delay20,303,RG,313.70719999999994,334.025,26.55999999999983,47,49,0.0,0.8484848484848485,4,25,2,1,0,90.74926376342772,230,0,0
INSTANCE_002,0.5,delay20,303,SA,314.0354,334.54,26.55999999999983,47,49,0.0,0.8977272727272727,3,25,2,1,0,91.4468765258789,230,0,0
INSTANCE_002,0.5,delay30,303,FR,317.7404,338.5533333333333,55.49333333333334,45,49,0.0,0.7462121212121212,11,25,2,1,0,48.59352111816406,340,0,0
INSTANCE_002,0.5,delay30,303,NR,293.3563,318.32166666666666,81.20333333333338,44,49,0.0,1.0,0,25,2,2,0,0.0,0,1,0
INSTANCE_002,0.5,delay30,303,RG,327.8409,351.6583333333333,46.37333333333345,46,49,0.0,0.6669580419580419,14,25,2,0,0,123.9337921142578,310,0,0
INSTANCE_002,0.5,delay30,303,SA,328.301,348.88666666666666,46.37333333333345,46,49,0.0,0.7983682983682984,10,25,2,0,0,114.68291282653809,280,0,0
INSTANCE_002,0.5,p85,303,FR,297.9326,344.49487700000003,4.660791166666627,48,49,0.0,0.8522727272727273,5,25,2,1,0,31.44097328186035,230,0,0
INSTANCE_002,0.5,p85,303,NR,293.3563,340.3162985,5.891391500000168,47,49,0.0,1.0,0,25,2,2,0,0.0,0,1,0
INSTANCE_002,0.5,p85,303,RG,297.9326,344.49487700000003,4.660791166666627,48,49,0.0,0.8522727272727273,5,25,2,1,0,84.34844017028809,230,0,0
INSTANCE_002,0.5,p85,303,SA,293.3563,340.3162985,5.891391500000168,47,49,0.0,1.0,0,25,2,2,0,73.55213165283203,200,1,0
INSTANCE_002,0.5,p95,303,FR,298.2105,365.3450816666667,8.956892499999867,48,49,0.0,0.7992424242424242,8,25,2,1,0,35.70675849914551,240,0,0
INSTANCE_002,0.5,p95,303,NR,293.3563,359.72913583333343,12.040047500000014,47,49,0.0,1.0,0,25,2,2,0,0.0,0,1,0
INSTANCE_002,0.5,p95,303,RG,297.9326,364.5064625000001,8.956892499999867,48,49,0.0,0.8181818181818181,7,25,2,1,0,107.00726509094238,280,0,0
INSTANCE_002,0.5,p95,303,SA,293.3563,359.72913583333343,12.040047500000014,47,49,0.0,1.0,0,25,2,2,0,82.24940299987793,200,1,0
INSTANCE_002,0.75,delay20,303,FR,293.35620000000006,318.32166666666666,0.0,49,49,0.0,0.8166666666666667,2,13,2,1,0,31.59475326538086,200,0,0
INSTANCE_002,0.75,delay20,303,NR,293.3563,318.32166666666666,0.0,49,49,0.0,1.0,0,13,2,2,0,0.0,0,1,0
INSTANCE_002,0.75,delay20,303,RG,293.3563,318.32166666666666,0.0,49,49,0.0,1.0,0,13,2,2,0,82.45658874511719,200,1,0
INSTANCE_002,0.75,delay20,303,SA,293.3563,318.32166666666666,0.0,49,49,0.0,1.0,0,13,2,2,0,84.05447006225586,200,1,0
INSTANCE_002,0.75,delay30,303,FR,293.35620000000006,318.32166666666666,0.0,49,49,0.0,0.8166666666666667,2,13,2,1,0,32.04846382141113,200,0,0
INSTANCE_002,0.75,delay30,303,NR,293.3563,318.32166666666666,0.0,49,49,0.0,1.0,0,13,2,2,0,0.0,0,1,0
INSTANCE_002,0.75,delay30,303,RG,293.3563,318.32166666666666,0.0,49,49,0.0,1.0,0,13,2,2,0,82.32450485229492,200,1,0
INSTANCE_002,0.75,delay30,303,SA,293.3563,318.32166666666666,0.0,49,49,0.0,1.0,0,13,2,2,0,86.04168891906738,200,1,0
INSTANCE_002,0.75,p85,303,FR,293.35620000000006,327.2409655,0.0,49,49,0.0,0.8166666666666667,2,13,2,1,0,28.533935546875,200,0,0
INSTANCE_002,0.75,p85,303,NR,293.3563,327.2409655,0.0,49,49,0.0,1.0,0,13,2,2,0,0.0,0,1,0
INSTANCE_002,0.75,p85,303,RG,293.3563,327.2409655,0.0,49,49,0.0,1.0,0,13,2,2,0,78.56249809265137,200,1,0
INSTANCE_002,0.75,p85,303,SA,293.3563,327.2409655,0.0,49,49,0.0,1.0,0,13,2,2,0,79.56933975219727,200,1,0
INSTANCE_002,0.75,p95,303,FR,293.35620000000006,335.1132908333334,0.0,49,49,0.0,0.8166666666666667,2,13,2,1,0,30.061006546020508,200,0,0
INSTANCE_002,0.75,p95,303,NR,293.3563,335.1132908333334,0.0,49,49,0.0,1.0,0,13,2,2,0,0.0,0,1,0
INSTANCE_002,0.75,p95,303,RG,293.3563,335.1132908333334,0.0,49,49,0.0,1.0,0,13,2,2,0,82.34953880310059,200,1,0
INSTANCE_002,0.75,p95,303,SA,293.3563,335.1132908333334,0.0,49,49,0.0,1.0,0,13,2,2,0,84.23376083374023,200,1,0
INSTANCE_003,0.25,delay20,303,FR,408.1931,470.00666666666666,0.0,72,72,0.0,0.9345238095238096,8,56,3,2,0,63.71331214904785,370,0,0
INSTANCE_003,0.25,delay20,303,NR,408.291,474.3533333333333,2.035000000000082,71,72,0.0,1.0,0,56,3,3,0,0.0,0,1,0
INSTANCE_003,0.25,delay20,303,RG,408.291,474.3533333333333,2.035000000000082,71,72,0.0,1.0,0,56,3,3,0,146.2414264678955,300,1,0
INSTANCE_003,0.25,delay20,303,SA,408.291,474.3533333333333,2.035000000000082,71,72,0.0,1.0,0,56,3,3,0,134.31286811828613,300,1,0
INSTANCE_003,0.25,delay30,303,FR,409.4804,470.315,6.651666666666756,71,72,0.0,0.871031746031746,12,56,3,2,0,68.17913055419922,410,0,0
INSTANCE_003,0.25,delay30,303,NR,408.291,474.3533333333333,15.801666666666732,70,72,0.0,1.0,0,56,3,3,0,0.0,0,1,0
INSTANCE_003,0.25,delay30,303,RG,413.7125,475.44833333333327,12.0833333333336,70,72,0.0,0.9444444444444444,4,56,3,2,0,158.06961059570312,350,0,0
INSTANCE_003,0.25,delay30,303,SA,413.7125,475.44833333333327,12.0833333333336,70,72,0.0,0.9444444444444444,4,56,3,2,0,166.74399375915527,350,0,0
INSTANCE_003,0.25,p85,303,FR,406.776,525.5516233333333,0.0,72,72,0.0,0.9345238095238096,6,56,3,2,0,75.5157470703125,350,0,0
INSTANCE_003,0.25,p85,303,NR,408.291,533.0052518333333,0.0,72,72,0.0,1.0,0,56,3,3,0,0.0,0,1,0
INSTANCE_003,0.25,p85,303,RG,408.291,533.0052518333333,0.0,72,72,0.0,1.0,0,56,3,3,0,158.17975997924805,300,1,0
INSTANCE_003,0.25,p85,303,SA,408.291,533.0052518333333,0.0,72,72,0.0,1.0,0,56,3,3,0,148.3786106109619,300,1,0
INSTANCE_003,0.25,p95,303,FR,422.9926,594.0144933333335,0.0,72,72,0.0,0.859920634920635,14,56,3,2,0,68.2823657989502,350,0,0
INSTANCE_003,0.25,p95,303,NR,408.291,584.7724358333335,14.88066916666719,70,72,0.0,1.0,0,56,3,3,0,0.0,0,1,0
INSTANCE_003,0.25,p95,303,RG,429.4771,602.6680083333334,0.0,72,72,0.0,0.8753968253968254,20,56,3,2,0,296.0076332092285,600,0,0
INSTANCE_003,0.25,p95,303,SA,447.2905999999999,618.7656158333334,0.0,72,72,0.0,0.9238095238095236,15,56,3,2,0,145.71714401245117,310,0,0
INSTANCE_003,0.5,delay20,303,FR,408.291,474.3533333333333,0.0,72,72,0.0,1.0,0,37,3,3,0,43.544769287109375,300,1,0
INSTANCE_003,0.5,delay20,303,NR,408.291,474.3533333333333,0.0,72,72,0.0,1.0,0,37,3,3,0,0.0,0,1,0
INSTANCE_003,0.5,delay20,303,RG,408.291,474.3533333333333,0.0,72,72,0.0,1.0,0,37,3,3,0,119.04597282409668,300,1,0
INSTANCE_003,0.5,delay20,303,SA,408.291,474.3533333333333,0.0,72,72,0.0,1.0,0,37,3,3,0,124.51410293579102,300,1,0
INSTANCE_003,0.5,delay30,303,FR,412.938,477.0916666666666,1.6916666666667195,71,72,0.0,0.9450549450549448,2,37,3,2,0,55.16290664672852,400,0,0
INSTANCE_003,0.5,delay30,303,NR,408.291,474.3533333333333,3.766666666666652,71,72,0.0,1.0,0,37,3,3,0,0.0,0,1,0
INSTANCE_003,0.5,delay30,303,RG,412.8352,476.845,1.44500000000005,71,72,0.0,0.9597069597069596,2,37,3,2,0,120.9566593170166,310,0,0
INSTANCE_003,0.5,delay30,303,SA,408.291,474.3533333333333,3.766666666666652,71,72,0.0,1.0,0,37,3,3,0,120.43476104736328,300,1,0
INSTANCE_003,0.5,p85,303,FR,408.291,509.04420133333326,0.0,72,72,0.0,1.0,0,37,3,3,0,46.83732986450195,300,1,0
INSTANCE_003,0.5,p85,303,NR,408.291,509.04420133333326,0.0,72,72,0.0,1.0,0,37,3,3,0,0.0,0,1,0
INSTANCE_003,0.5,p85,303,RG,408.291,509.04420133333326,0.0,72,72,0.0,1.0,0,37,3,3,0,126.65963172912598,300,1,0
INSTANCE_003,0.5,p85,303,SA,408.291,509.04420133333326,0.0,72,72,0.0,1.0,0,37,3,3,0,124.91822242736816,300,1,0
INSTANCE_003,0.5,p95,303,FR,408.291,539.6629533333335,2.340425833333484,71,72,0.0,1.0,0,37,3,3,0,46.36716842651367,300,1,0
INSTANCE_003,0.5,p95,303,NR,408.291,539.6629533333335,2.340425833333484,71,72,0.0,1.0,0,37,3,3,0,0.0,0,1,0
INSTANCE_003,0.5,p95,303,RG,408.291,539.6629533333335,2.340425833333484,71,72,0.0,1.0,0,37,3,3,0,121.74248695373537,300,1,0
INSTANCE_003,0.5,p95,303,SA,408.291,539.6629533333335,2.340425833333484,71,72,0.0,1.0,0,37,3,3,0,127.1519660949707,300,1,0
INSTANCE_003,0.75,delay20,303,FR,408.291,474.3533333333333,0.0,72,72,0.0,1.0,0,19,3,3,0,44.22330856323242,300,1,0
INSTANCE_003,0.75,delay20,303,NR,408.291,474.3533333333333,0.0,72,72,0.0,1.0,0,19,3,3,0,0.0,0,1,0
INSTANCE_003,0.75,delay20,303,RG,408.291,474.3533333333333,0.0,72,72,0.0,1.0,0,19,3,3,0,117.89727210998537,300,1,0
INSTANCE_003,0.75,delay20,303,SA,408.291,474.3533333333333,0.0,72,72,0.0,1.0,0,19,3,3,0,121.28472328186037,300,1,0
INSTANCE_003,0.75,delay30,303,FR,408.291,474.3533333333333,0.0,72,72,0.0,1.0,0,19,3,3,0,42.903900146484375,300,1,0
INSTANCE_003,0.75,delay30,303,NR,408.291,474.3533333333333,0.0,72,72,0.0,1.0,0,19,3,3,0,0.0,0,1,0
INSTANCE_003,0.75,delay30,303,RG,408.291,474.3533333333333,0.0,72,72,0.0,1.0,0,19,3,3,0,113.50107192993164,300,1,0
INSTANCE_003,0.75,delay30,303,SA,408.291,474.3533333333333,0.0,72,72,0.0,1.0,0,19,3,3,0,113.18373680114746,300,1,0
INSTANCE_003,0.75,p85,303,FR,408.291,495.24627183333325,0.0,72,72,0.0,1.0,0,19,3,3,0,42.37651824951172,300,1,0
INSTANCE_003,0.75,p85,303,NR,408.291,495.24627183333325,0.0,72,72,0.0,1.0,0,19,3,3,0,0.0,0,1,0
INSTANCE_003,0.75,p85,303,RG,408.291,495.24627183333325,0.0,72,72,0.0,1.0,0,19,3,3,0,111.10663414001463,300,1,0
INSTANCE_003,0.75,p85,303,SA,408.291,495.24627183333325,0.0,72,72,0.0,1.0,0,19,3,3,0,112.06960678100586,300,1,0
INSTANCE_003,0.75,p95,303,FR,408.291,513.6867358333334,0.0,72,72,0.0,1.0,0,19,3,3,0,43.08366775512695,300,1,0
INSTANCE_003,0.75,p95,303,NR,408.291,513.6867358333334,0.0,72,72,0.0,1.0,0,19,3,3,0,0.0,0,1,0
INSTANCE_003,0.75,p95,303,RG,408.291,513.6867358333334,0.0,72,72,0.0,1.0,0,19,3,3,0,112.23292350769044,300,1,0
INSTANCE_003,0.75,p95,303,SA,408.291,513.6867358333334,0.0,72,72,0.0,1.0,0,19,3,3,0,112.55216598510742,300,1,0
INSTANCE_004,0.25,delay20,303,FR,435.1136,455.545,0.0,67,67,0.0,0.862962962962963,4,52,3,2,0,44.4793701171875,300,0,0
INSTANCE_004,0.25,delay20,303,NR,448.1016000000001,466.4983333333333,14.508333333333326,66,67,0.0,1.0,0,52,3,3,0,0.0,0,1,0
INSTANCE_004,0.25,delay20,303,RG,456.5608000000001,467.22,0.0,67,67,0.0,0.8777777777777778,10,52,3,2,0,118.96109580993652,310,0,0
INSTANCE_004,0.25,delay20,303,SA,456.5608000000001,467.22,0.0,67,67,0.0,0.8777777777777778,10,52,3,2,0,123.457670211792,310,0,0
INSTANCE_004,0.25,delay30,303,FR,435.1136,455.545,0.0,67,67,0.0,0.862962962962963,4,52,3,2,0,43.00093650817871,300,0,0
INSTANCE_004,0.25,delay30,303,NR,448.1016000000001,466.4983333333333,32.16666666666663,65,67,0.0,1.0,0,52,3,3,0,0.0,0,1,0
INSTANCE_004,0.25,delay30,303,RG,456.5608000000001,467.22,0.0,67,67,0.0,0.8777777777777778,10,52,3,2,0,116.97959899902344,310,0,0
INSTANCE_004,0.25,delay30,303,SA,456.5608000000001,467.22,0.0,67,67,0.0,0.8777777777777778,10,52,3,2,0,121.43898010253906,310,0,0
INSTANCE_004,0.25,p85,303,FR,435.1136,508.0009328333332,0.0,67,67,0.0,0.862962962962963,4,52,3,2,0,44.5866584777832,300,0,0
INSTANCE_004,0.25,p85,303,NR,448.1016000000001,520.6618908333332,13.21997099999976,66,67,0.0,1.0,0,52,3,3,0,0.0,0,1,0
INSTANCE_004,0.25,p85,303,RG,456.5608000000001,521.4960653333333,0.0,67,67,0.0,0.8777777777777778,10,52,3,2,0,119.0176010131836,310,0,0
INSTANCE_004,0.25,p85,303,SA,456.5608000000001,521.4960653333333,0.0,67,67,0.0,0.8777777777777778,10,52,3,2,0,114.90631103515624,310,0,0
INSTANCE_004,0.25,p95,303,FR,435.1136,554.2994341666666,0.0,67,67,0.0,0.862962962962963,4,52,3,2,0,42.37174987792969,300,0,0
INSTANCE_004,0.25,p95,303,NR,448.1016000000001,568.4675708333333,40.34573833333332,65,67,0.0,1.0,0,52,3,3,0,0.0,0,1,0
INSTANCE_004,0.25,p95,303,RG,456.5608000000001,569.4010466666666,0.0,67,67,0.0,0.8777777777777778,10,52,3,2,0,119.05169486999512,310,0,0
INSTANCE_004,0.25,p95,303,SA,456.5608000000001,569.4010466666666,0.0,67,67,0.0,0.8777777777777778,10,52,3,2,0,121.48237228393556,310,0,0
INSTANCE_004,0.5,delay20,303,FR,514.8997,532.8,0.0,67,67,0.0,0.6962759462759464,9,35,3,1,0,65.34218788146973,450,0,0
INSTANCE_004,0.5,delay20,303,NR,448.1016000000001,466.4983333333333,14.508333333333326,66,67,0.0,1.0,0,35,3,3,0,0.0,0,1,0
INSTANCE_004,0.5,delay20,303,RG,514.4566000000001,535.0749999999999,0.0,67,67,0.0,0.7200854700854701,9,35,3,1,0,201.4007568359375,530,0,0
INSTANCE_004,0.5,delay20,303,SA,448.1016000000001,466.4983333333333,14.508333333333326,66,67,0.0,1.0,0,35,3,3,0,118.1814670562744,300,1,0
INSTANCE_004,0.5,delay30,303,FR,514.8997,532.7616666666667,0.0,67,67,0.0,0.7954822954822954,10,35,3,1,0,69.98705863952637,490,0,0
INSTANCE_004,0.5,delay30,303,NR,448.1016000000001,466.4983333333333,32.16666666666663,65,67,0.0,1.0,0,35,3,3,0,0.0,0,1,0
INSTANCE_004,0.5,delay30,303,RG,514.4566000000001,535.0749999999999,0.0,67,67,0.0,0.7200854700854701,9,35,3,1,0,201.83086395263672,530,0,0
INSTANCE_004,0.5,delay30,303,SA,514.8528000000001,535.49,0.0,67,67,0.0,0.8809523809523809,6,35,3,2,0,143.9211368560791,380,0,0
INSTANCE_004,0.5,p85,303,FR,447.70540000000005,502.45934249999993,4.961428333333174,66,67,0.0,0.9304029304029304,3,35,3,2,0,60.20379066467285,420,0,0
INSTANCE_004,0.5,p85,303,NR,448.1016000000001,502.9833504999999,4.961428333333174,66,67,0.0,1.0,0,35,3,3,0,0.0,0,1,0
INSTANCE_004,0.5,p85,303,RG,447.70540000000005,502.45934249999993,4.961428333333174,66,67,0.0,0.9304029304029304,3,35,3,2,0,156.53657913208008,420,0,0
INSTANCE_004,0.5,p85,303,SA,448.1016000000001,502.9833504999999,4.961428333333174,66,67,0.0,1.0,0,35,3,3,0,108.18028450012208,300,1,0
INSTANCE_004,0.5,p95,303,FR,514.8997,620.9468549999999,0.0,67,67,0.0,0.6962759462759464,9,35,3,1,0,64.22686576843262,450,0,0
INSTANCE_004,0.5,p95,303,NR,448.1016000000001,535.1856491666666,14.187508333333312,66,67,0.0,1.0,0,35,3,3,0,0.0,0,1,0
INSTANCE_004,0.5,p95,303,RG,514.4566000000001,623.8895675,0.0,67,67,0.0,0.7200854700854701,9,35,3,1,0,206.2082290649414,530,0,0
INSTANCE_004,0.5,p95,303,SA,448.1016000000001,535.1856491666666,14.187508333333312,66,67,0.0,1.0,0,35,3,3,0,114.76778984069824,300,1,0
INSTANCE_004,0.75,delay20,303,FR,447.70540000000005,466.045,14.508333333333326,66,67,0.0,0.8293650793650794,4,18,3,2,0,48.220157623291016,310,0,0
INSTANCE_004,0.75,delay20,303,NR,448.1016000000001,466.4983333333333,14.508333333333326,66,67,0.0,1.0,0,18,3,3,0,0.0,0,1,0
INSTANCE_004,0.75,delay20,303,RG,524.508,543.0616666666667,0.0,67,67,0.0,0.6626984126984127,8,18,3,1,0,124.70746040344238,310,0,0
INSTANCE_004,0.75,delay20,303,SA,448.1016000000001,466.4983333333333,14.508333333333326,66,67,0.0,1.0,0,18,3,3,0,122.64084815979004,300,1,0
INSTANCE_004,0.75,delay30,303,FR,447.70540000000005,466.045,32.16666666666663,65,67,0.0,0.8293650793650794,4,18,3,2,0,47.64676094055176,310,0,0
INSTANCE_004,0.75,delay30,303,NR,448.1016000000001,466.4983333333333,32.16666666666663,65,67,0.0,1.0,0,18,3,3,0,0.0,0,1,0
INSTANCE_004,0.75,delay30,303,RG,524.508,543.0616666666667,7.37833333333333,66,67,0.0,0.6626984126984127,8,18,3,1,0,132.17544555664062,310,0,0
INSTANCE_004,0.75,delay30,303,SA,524.9042000000001,543.515,7.37833333333333,66,67,0.0,0.8333333333333334,4,18,3,2,0,129.90379333496094,300,0,0
INSTANCE_004,0.75,p85,303,FR,447.70540000000005,493.7510283333333,2.604999833333295,66,67,0.0,0.8293650793650794,4,18,3,2,0,40.67635536193848,310,0,0
INSTANCE_004,0.75,p85,303,NR,448.1016000000001,494.2750363333332,2.604999833333295,66,67,0.0,1.0,0,18,3,3,0,0.0,0,1,0
INSTANCE_004,0.75,p85,303,RG,447.70540000000005,493.7510283333333,2.604999833333295,66,67,0.0,0.8293650793650794,4,18,3,2,0,112.62869834899902,310,0,0
INSTANCE_004,0.75,p85,303,SA,448.1016000000001,494.2750363333332,2.604999833333295,66,67,0.0,1.0,0,18,3,3,0,108.2894802093506,300,1,0
INSTANCE_004,0.75,p95,303,FR,447.70540000000005,518.2048416666667,9.751255833333287,66,67,0.0,0.8293650793650794,4,18,3,2,0,42.516469955444336,310,0,0
INSTANCE_004,0.75,p95,303,NR,448.1016000000001,518.7912283333333,9.751255833333287,66,67,0.0,1.0,0,18,3,3,0,0.0,0,1,0
INSTANCE_004,0.75,p95,303,RG,447.70540000000005,518.2048416666667,9.751255833333287,66,67,0.0,0.8293650793650794,4,18,3,2,0,119.93813514709473,310,0,0
INSTANCE_004,0.75,p95,303,SA,448.1016000000001,518.7912283333333,9.751255833333287,66,67,0.0,1.0,0,18,3,3,0,116.61362648010254,300,1,0
INSTANCE_005,0.25,delay20,303,FR,323.6514,396.9416666666666,8.591666666666583,72,73,0.0,0.8543592436974791,10,56,3,1,0,60.6234073638916,380,0,0
INSTANCE_005,0.25,delay20,303,NR,320.8457,392.9933333333333,13.576666666666595,72,73,0.0,1.0,0,56,3,3,0,0.0,0,1,0
INSTANCE_005,0.25,delay20,303,RG,318.8623,391.53,3.189999999999827,72,73,0.0,0.8611052754435108,10,56,3,1,0,145.72858810424805,350,0,0
INSTANCE_005,0.25,delay20,303,SA,319.0906,391.7383333333333,3.189999999999827,72,73,0.0,0.9376984126984128,6,56,3,2,0,141.51930809020996,330,0,0
INSTANCE_005,0.25,delay30,303,FR,327.11249999999995,399.00833333333327,18.82833333333349,71,73,0.0,0.7813258636788047,18,56,3,1,0,75.31547546386719,500,0,0
INSTANCE_005,0.25,delay30,303,NR,320.8457,392.9933333333333,34.01999999999987,70,73,0.0,1.0,0,56,3,3,0,0.0,0,1,0
INSTANCE_005,0.25,delay30,303,RG,324.85169999999994,396.0366666666666,14.944999999999595,71,73,0.0,0.836595471521942,13,56,3,1,0,166.37396812438965,410,0,0
INSTANCE_005,0.25,delay30,303,SA,325.35169999999994,396.7583333333333,14.944999999999595,71,73,0.0,0.8316935107376283,14,56,3,1,0,175.59242248535156,430,0,0
INSTANCE_005,0.25,p85,303,FR,324.0489,441.7067045,0.0986838333335526,72,73,0.0,0.8777719421101775,11,56,3,1,0,50.57573318481445,350,0,0
INSTANCE_005,0.25,p85,303,NR,320.8457,438.395051,5.854311333333499,72,73,0.0,1.0,0,56,3,3,0,0.0,0,1,0
INSTANCE_005,0.25,p85,303,RG,318.8623,436.7035839999999,0.0,73,73,0.0,0.8611052754435108,10,56,3,1,0,133.43429565429688,350,0,0
INSTANCE_005,0.25,p85,303,SA,319.0906,436.9443964999999,0.0,73,73,0.0,0.9376984126984128,6,56,3,2,0,126.0673999786377,330,0,0
INSTANCE_005,0.25,p95,303,FR,318.8623,476.57456,23.136104999999816,70,73,0.0,0.8611052754435108,10,56,3,1,0,57.1439266204834,370,0,0
INSTANCE_005,0.25,p95,303,NR,320.8457,478.46738166666665,37.46994333333328,70,73,0.0,1.0,0,56,3,3,0,0.0,0,1,0
INSTANCE_005,0.25,p95,303,RG,318.8623,476.57456,23.136104999999816,70,73,0.0,0.8611052754435108,10,56,3,1,0,148.2219696044922,370,0,0
INSTANCE_005,0.25,p95,303,SA,319.0906,476.8440391666667,23.136104999999816,70,73,0.0,0.9376984126984128,6,56,3,2,0,141.43967628479004,350,0,0
INSTANCE_005,0.5,delay20,303,FR,322.23229999999995,394.125,5.576666666666597,72,73,0.0,0.9725274725274726,2,37,3,2,0,45.37081718444824,310,0,0
INSTANCE_005,0.5,delay20,303,NR,320.8457,392.9933333333333,13.576666666666595,72,73,0.0,1.0,0,37,3,3,0,0.0,0,1,0
INSTANCE_005,0.5,delay20,303,RG,322.23229999999995,394.125,5.576666666666597,72,73,0.0,0.9725274725274726,2,37,3,2,0,117.29049682617188,300,0,0
INSTANCE_005,0.5,delay20,303,SA,322.23229999999995,394.125,5.576666666666597,72,73,0.0,0.9725274725274726,2,37,3,2,0,119.0500259399414,300,0,0
INSTANCE_005,0.5,delay30,303,FR,328.0254,398.83333333333326,19.71833333333313,71,73,0.0,0.877072927072927,8,37,3,1,0,59.51976776123047,410,0,0
INSTANCE_005,0.5,delay30,303,NR,320.8457,392.9933333333333,34.01999999999987,70,73,0.0,1.0,0,37,3,3,0,0.0,0,1,0
INSTANCE_005,0.5,delay30,303,RG,332.2361,401.6549999999999,19.71833333333313,71,73,0.0,0.877072927072927,8,37,3,1,0,146.23165130615234,380,0,0
INSTANCE_005,0.5,delay30,303,SA,333.3220999999999,401.7933333333333,19.71833333333313,71,73,0.0,0.8907092907092907,9,37,3,1,0,120.3899383544922,320,0,0
INSTANCE_005,0.5,p85,303,FR,320.8457,419.4823023333333,0.0,73,73,0.0,1.0,0,37,3,3,0,46.30494117736816,300,1,0
INSTANCE_005,0.5,p85,303,NR,320.8457,419.4823023333333,0.0,73,73,0.0,1.0,0,37,3,3,0,0.0,0,1,0
INSTANCE_005,0.5,p85,303,RG,320.8457,419.4823023333333,0.0,73,73,0.0,1.0,0,37,3,3,0,125.26845932006836,300,1,0
INSTANCE_005,0.5,p85,303,SA,320.8457,419.4823023333333,0.0,73,73,0.0,1.0,0,37,3,3,0,127.08067893981934,300,1,0
INSTANCE_005,0.5,p95,303,FR,320.8457,442.8619183333333,0.0,73,73,0.0,1.0,0,37,3,3,0,45.00365257263184,300,1,0
INSTANCE_005,0.5,p95,303,NR,320.8457,442.8619183333333,0.0,73,73,0.0,1.0,0,37,3,3,0,0.0,0,1,0
INSTANCE_005,0.5,p95,303,RG,320.8457,442.8619183333333,0.0,73,73,0.0,1.0,0,37,3,3,0,119.5535659790039,300,1,0
INSTANCE_005,0.5,p95,303,SA,320.8457,442.8619183333333,0.0,73,73,0.0,1.0,0,37,3,3,0,117.01607704162598,300,1,0
INSTANCE_005,0.75,delay20,303,FR,320.84559999999993,392.9933333333333,0.0,73,73,0.0,0.888888888888889,2,19,3,2,0,41.948556900024414,310,0,0
INSTANCE_005,0.75,delay20,303,NR,320.8457,392.9933333333333,0.0,73,73,0.0,1.0,0,19,3,3,0,0.0,0,1,0
INSTANCE_005,0.75,delay20,303,RG,320.84559999999993,392.9933333333333,0.0,73,73,0.0,0.888888888888889,2,19,3,2,0,119.3218231201172,310,0,0
INSTANCE_005,0.75,delay20,303,SA,320.8457,392.9933333333333,0.0,73,73,0.0,1.0,0,19,3,3,0,109.7109317779541,300,1,0
INSTANCE_005,0.75,delay30,303,FR,320.84559999999993,392.9933333333333,3.009999999999877,72,73,0.0,0.888888888888889,2,19,3,2,0,42.67072677612305,310,0,0
INSTANCE_005,0.75,delay30,303,NR,320.8457,392.9933333333333,3.009999999999877,72,73,0.0,1.0,0,19,3,3,0,0.0,0,1,0
INSTANCE_005,0.75,delay30,303,RG,320.84559999999993,392.9933333333333,3.009999999999877,72,73,0.0,0.888888888888889,2,19,3,2,0,118.22128295898438,310,0,0
INSTANCE_005,0.75,delay30,303,SA,320.8457,392.9933333333333,3.009999999999877,72,73,0.0,1.0,0,19,3,3,0,118.668794631958,300,1,0
INSTANCE_005,0.75,p85,303,FR,320.84559999999993,405.448704,0.0,73,73,0.0,0.888888888888889,2,19,3,2,0,41.895151138305664,310,0,0
INSTANCE_005,0.75,p85,303,NR,320.8457,405.448704,0.0,73,73,0.0,1.0,0,19,3,3,0,0.0,0,1,0
INSTANCE_005,0.75,p85,303,RG,320.84559999999993,405.448704,0.0,73,73,0.0,0.888888888888889,2,19,3,2,0,109.64488983154295,310,0,0
INSTANCE_005,0.75,p85,303,SA,320.8457,405.448704,0.0,73,73,0.0,1.0,0,19,3,3,0,110.59308052062988,300,1,0
INSTANCE_005,0.75,p95,303,FR,320.84559999999993,416.4420266666667,0.0,73,73,0.0,0.888888888888889,2,19,3,2,0,40.96555709838867,310,0,0
INSTANCE_005,0.75,p95,303,NR,320.8457,416.44202666666666,0.0,73,73,0.0,1.0,0,19,3,3,0,0.0,0,1,0
INSTANCE_005,0.75,p95,303,RG,320.84559999999993,416.4420266666667,0.0,73,73,0.0,0.888888888888889,2,19,3,2,0,112.99657821655272,310,0,0
INSTANCE_005,0.75,p95,303,SA,320.8457,416.44202666666666,0.0,73,73,0.0,1.0,0,19,3,3,0,110.96549034118652,300,1,0
INSTANCE_006,0.25,delay20,303,FR,376.1959,407.95166666666665,3.1066666666665697,66,67,0.0,0.7761904761904762,29,52,3,1,0,56.58316612243652,400,0,0
INSTANCE_006,0.25,delay20,303,NR,306.0307,340.9866666666667,25.423333333333066,65,67,0.0,1.0,0,52,3,3,0,0.0,0,1,0
INSTANCE_006,0.25,delay20,303,RG,356.5502,396.2116666666667,0.0,67,67,0.0,0.6095238095238095,32,52,3,1,0,227.790117263794,610,0,0
INSTANCE_006,0.25,delay20,303,SA,385.9114,418.70833333333337,0.0,67,67,0.0,0.8212301587301587,33,52,3,1,0,146.99101448059082,370,0,0
INSTANCE_006,0.25,delay30,303,FR,347.6301,382.73,0.0,67,67,0.0,0.6674603174603174,32,52,3,1,0,94.24400329589844,690,0,0
INSTANCE_006,0.25,delay30,303,NR,306.0307,340.9866666666667,54.04499999999962,64,67,0.0,1.0,0,52,3,3,0,0.0,0,1,0
INSTANCE_006,0.25,delay30,303,RG,357.4062,397.93166666666673,0.0,67,67,0.0,0.6623015873015873,34,52,3,1,0,253.7071704864502,680,0,0
INSTANCE_006,0.25,delay30,303,SA,385.9114,418.70833333333337,0.0,67,67,0.0,0.8212301587301587,33,52,3,1,0,131.89339637756348,370,0,0
INSTANCE_006,0.25,p85,303,FR,321.0377,398.719449,0.8171153333332768,66,67,0.0,0.8624999999999999,11,52,3,2,0,42.236328125,300,0,0
INSTANCE_006,0.25,p85,303,NR,306.0307,382.5233635,3.196712833332981,65,67,0.0,1.0,0,52,3,3,0,0.0,0,1,0
INSTANCE_006,0.25,p85,303,RG,324.0491,403.689819,0.8171153333332768,66,67,0.0,0.888888888888889,13,52,3,2,0,139.52279090881348,390,0,0
INSTANCE_006,0.25,p85,303,SA,306.0307,382.5233635,3.196712833332981,65,67,0.0,1.0,0,52,3,3,0,115.96846580505373,300,1,0
INSTANCE_006,0.25,p95,303,FR,346.774,466.1039175,0.0,67,67,0.0,0.616468253968254,31,52,3,1,0,56.82110786437988,400,0,0
INSTANCE_006,0.25,p95,303,NR,306.0307,419.1843608333333,18.88380083333334,65,67,0.0,1.0,0,52,3,3,0,0.0,0,1,0
INSTANCE_006,0.25,p95,303,RG,357.52059999999994,487.1879675,0.0,67,67,0.0,0.5511904761904761,32,52,3,1,0,179.12602424621582,480,0,0
INSTANCE_006,0.25,p95,303,SA,333.9494,463.9912008333333,6.4559633333333295,66,67,0.0,0.9319444444444444,14,52,3,2,0,131.7436695098877,370,0,0
INSTANCE_006,0.5,delay20,303,FR,327.1074,361.0733333333333,0.953333333333262,66,67,0.0,0.8142524142524143,9,35,3,1,0,44.263601303100586,320,0,0
INSTANCE_006,0.5,delay20,303,NR,306.0307,340.9866666666667,25.423333333333066,65,67,0.0,1.0,0,35,3,3,0,0.0,0,1,0
INSTANCE_006,0.5,delay20,303,RG,365.3507,398.55666666666673,0.0,67,67,0.0,0.7173160173160174,21,35,3,1,0,192.5578117370605,510,0,0
INSTANCE_006,0.5,delay20,303,SA,371.554,403.9266666666667,0.0,67,67,0.0,0.7703463203463204,19,35,3,1,0,154.2825698852539,430,0,0
INSTANCE_006,0.5,delay30,303,FR,358.606,388.5383333333333,0.0,67,67,0.0,0.6640692640692641,18,35,3,1,0,73.20284843444824,510,0,0
INSTANCE_006,0.5,delay30,303,NR,306.0307,340.9866666666667,54.04499999999962,64,67,0.0,1.0,0,35,3,3,0,0.0,0,1,0
INSTANCE_006,0.5,delay30,303,RG,357.68409999999994,392.4266666666667,0.0,67,67,0.0,0.6745421245421245,22,35,3,1,0,207.4825763702393,550,0,0
INSTANCE_006,0.5,delay30,303,SA,375.4048,404.1583333333333,0.0,67,67,0.0,0.7703463203463204,19,35,3,1,0,166.64671897888184,460,0,0
INSTANCE_006,0.5,p85,303,FR,321.0376,391.43086416666665,0.0,67,67,0.0,0.8681818181818182,8,35,3,2,0,39.98517990112305,300,0,0
INSTANCE_006,0.5,p85,303,NR,306.0307,375.2347786666666,2.343480666666437,66,67,0.0,1.0,0,35,3,3,0,0.0,0,1,0
INSTANCE_006,0.5,p85,303,RG,306.0307,375.2347786666666,2.343480666666437,66,67,0.0,1.0,0,35,3,3,0,109.40027236938477,300,1,0
INSTANCE_006,0.5,p85,303,SA,306.0307,375.2347786666666,2.343480666666437,66,67,0.0,1.0,0,35,3,3,0,112.0457649230957,300,1,0
INSTANCE_006,0.5,p95,303,FR,321.9104,424.6130141666666,0.0,67,67,0.0,0.8278887778887779,10,35,3,1,0,53.22527885437012,310,0,0
INSTANCE_006,0.5,p95,303,NR,306.0307,405.4627466666666,13.885495833333266,65,67,0.0,1.0,0,35,3,3,0,0.0,0,1,0
INSTANCE_006,0.5,p95,303,RG,319.4995,426.18246083333327,0.0,67,67,0.0,0.7960705960705962,10,35,3,1,0,199.3370056152344,510,0,0
INSTANCE_006,0.5,p95,303,SA,318.5913,424.9708824999999,1.525652500000092,66,67,0.0,0.8696969696969697,8,35,3,2,0,135.32185554504397,350,0,0
INSTANCE_006,0.75,delay20,303,FR,363.3396,389.475,2.894999999999868,66,67,0.0,0.7182539682539683,9,18,3,1,0,61.53988838195801,450,0,0
INSTANCE_006,0.75,delay20,303,NR,306.0307,340.9866666666667,10.99499999999989,66,67,0.0,1.0,0,18,3,3,0,0.0,0,1,0
INSTANCE_006,0.75,delay20,303,RG,306.0307,340.85166666666663,10.99499999999989,66,67,0.0,0.8293650793650794,4,18,3,2,0,139.79148864746094,360,0,0
INSTANCE_006,0.75,delay20,303,SA,306.0307,340.9866666666667,10.99499999999989,66,67,0.0,1.0,0,18,3,3,0,115.24248123168944,300,1,0
INSTANCE_006,0.75,delay30,303,FR,306.0307,340.85166666666663,29.616666666666447,65,67,0.0,0.8293650793650794,4,18,3,2,0,51.92136764526367,360,0,0
INSTANCE_006,0.75,delay30,303,NR,306.0307,340.9866666666667,29.616666666666447,65,67,0.0,1.0,0,18,3,3,0,0.0,0,1,0
INSTANCE_006,0.75,delay30,303,RG,363.3396,389.475,13.4166666666664,65,67,0.0,0.7182539682539683,9,18,3,1,0,203.26876640319824,530,0,0
INSTANCE_006,0.75,delay30,303,SA,366.1043,392.8933333333333,13.4166666666664,65,67,0.0,0.9111111111111112,6,18,3,2,0,143.77284049987793,370,0,0
INSTANCE_006,0.75,p85,303,FR,306.0307,361.3647288333333,0.0,67,67,0.0,0.8293650793650794,4,18,3,2,0,45.50528526306152,360,0,0
INSTANCE_006,0.75,p85,303,NR,306.0307,361.5207753333333,0.0,67,67,0.0,1.0,0,18,3,3,0,0.0,0,1,0
INSTANCE_006,0.75,p85,303,RG,306.0307,361.3647288333333,0.0,67,67,0.0,0.8293650793650794,4,18,3,2,0,125.35548210144044,360,0,0
INSTANCE_006,0.75,p85,303,SA,306.0307,361.5207753333333,0.0,67,67,0.0,1.0,0,18,3,3,0,103.68490219116212,300,1,0
INSTANCE_006,0.75,p95,303,FR,306.0307,379.4699075,0.6873483333331478,66,67,0.0,0.8293650793650794,4,18,3,2,0,50.3087043762207,360,0,0
INSTANCE_006,0.75,p95,303,NR,306.0307,379.64453,0.6873483333331478,66,67,0.0,1.0,0,18,3,3,0,0.0,0,1,0
INSTANCE_006,0.75,p95,303,RG,306.0307,379.4699075,0.6873483333331478,66,67,0.0,0.8293650793650794,4,18,3,2,0,130.08499145507812,360,0,0
INSTANCE_006,0.75,p95,303,SA,306.0307,379.64453,0.6873483333331478,66,67,0.0,1.0,0,18,3,3,0,112.4720573425293,300,1,0
INSTANCE_007,0.25,delay20,303,FR,290.5075,369.8416666666667,0.0,62,62,0.0,0.7618623206858501,24,47,3,1,0,48.80785942077636,340,0,0
INSTANCE_007,0.25,delay20,303,NR,266.618,354.8066666666667,9.661666666666632,60,62,0.0,1.0,0,47,3,3,0,0.0,0,1,0
INSTANCE_007,0.25,delay20,303,RG,273.2265,361.645,3.056666666666729,61,62,0.0,0.8825510001980591,10,47,3,1,0,126.83939933776855,320,0,0
INSTANCE_007,0.25,delay20,303,SA,269.0458,359.8166666666666,4.1099999999999,61,62,0.0,0.9460430636901224,12,47,3,1,0,125.3681182861328,320,0,0
INSTANCE_007,0.25,delay30,303,FR,295.5099,374.53,9.71333333333314,61,62,0.0,0.6812522988993578,38,47,3,1,0,78.9487361907959,600,0,0
INSTANCE_007,0.25,delay30,303,NR,266.618,354.8066666666667,33.71166666666659,59,62,0.0,1.0,0,47,3,3,0,0.0,0,1,0
INSTANCE_007,0.25,delay30,303,RG,282.6332,376.5983333333333,15.535000000000082,60,62,0.0,0.8019409784115666,24,47,3,1,0,142.5020694732666,410,0,0
INSTANCE_007,0.25,delay30,303,SA,282.9871,376.2366666666667,17.444999999999823,60,62,0.0,0.8915768327533033,27,47,3,1,0,122.24245071411131,350,0,0
INSTANCE_007,0.25,p85,303,FR,278.4799,399.2485318333333,0.0,62,62,0.0,0.8239538239538239,20,47,3,2,0,41.92781448364258,300,0,0
INSTANCE_007,0.25,p85,303,NR,266.618,401.1133838333333,2.9571996666664973,61,62,0.0,1.0,0,47,3,3,0,0.0,0,1,0
INSTANCE_007,0.25,p85,303,RG,270.8249,403.1130908333332,0.1136856666664698,61,62,0.0,0.914141414141414,8,47,3,2,0,112.06293106079102,310,0,0
INSTANCE_007,0.25,p85,303,SA,266.6442,400.9997203333333,1.3312336666665487,61,62,0.0,0.9776334776334776,10,47,3,2,0,114.15433883666992,310,0,0
INSTANCE_007,0.25,p95,303,FR,278.4799,439.89763583333325,10.843899999999737,61,62,0.0,0.8239538239538239,20,47,3,2,0,39.76321220397949,300,0,0
INSTANCE_007,0.25,p95,303,NR,266.618,441.9844825,24.21688999999901,60,62,0.0,1.0,0,47,3,3,0,0.0,0,1,0
INSTANCE_007,0.25,p95,303,RG,270.8249,444.2222375,19.00192916666572,60,62,0.0,0.914141414141414,8,47,3,2,0,111.68622970581056,310,0,0
INSTANCE_007,0.25,p95,303,SA,266.6442,441.8572883333333,21.472514166665743,60,62,0.0,0.9776334776334776,10,47,3,2,0,111.97113990783691,310,0,0
INSTANCE_007,0.5,delay20,303,FR,270.5313,355.81,2.3299999999999272,61,62,0.0,0.8714285714285714,10,32,3,2,0,45.74728012084961,300,0,0
INSTANCE_007,0.5,delay20,303,NR,266.618,354.8066666666667,5.516666666666652,61,62,0.0,1.0,0,32,3,3,0,0.0,0,1,0
INSTANCE_007,0.5,delay20,303,RG,266.618,354.8066666666667,5.516666666666652,61,62,0.0,1.0,0,32,3,3,0,120.78738212585448,300,1,0
INSTANCE_007,0.5,delay20,303,SA,266.618,354.8066666666667,5.516666666666652,61,62,0.0,1.0,0,32,3,3,0,119.82297897338869,300,1,0
INSTANCE_007,0.5,delay30,303,FR,270.5313,355.81,14.08166666666648,60,62,0.0,0.8714285714285714,10,32,3,2,0,38.7718677520752,300,0,0
INSTANCE_007,0.5,delay30,303,NR,266.618,354.8066666666667,19.56666666666661,60,62,0.0,1.0,0,32,3,3,0,0.0,0,1,0
INSTANCE_007,0.5,delay30,303,RG,266.618,354.8066666666667,19.56666666666661,60,62,0.0,1.0,0,32,3,3,0,103.0879020690918,300,1,0
INSTANCE_007,0.5,delay30,303,SA,266.618,354.8066666666667,19.56666666666661,60,62,0.0,1.0,0,32,3,3,0,107.43212699890135,300,1,0
INSTANCE_007,0.5,p85,303,FR,266.618,384.1587391666667,0.0,62,62,0.0,1.0,0,32,3,3,0,45.45044898986816,300,1,0
INSTANCE_007,0.5,p85,303,NR,266.618,384.1587391666667,0.0,62,62,0.0,1.0,0,32,3,3,0,0.0,0,1,0
INSTANCE_007,0.5,p85,303,RG,266.618,384.1587391666667,0.0,62,62,0.0,1.0,0,32,3,3,0,117.2504425048828,300,1,0
INSTANCE_007,0.5,p85,303,SA,266.618,384.1587391666667,0.0,62,62,0.0,1.0,0,32,3,3,0,119.94385719299318,300,1,0
INSTANCE_007,0.5,p95,303,FR,270.5313,411.3631908333333,0.0,62,62,0.0,0.8714285714285714,10,32,3,2,0,46.579837799072266,300,0,0
INSTANCE_007,0.5,p95,303,NR,266.618,410.0653791666666,2.734354999999823,61,62,0.0,1.0,0,32,3,3,0,0.0,0,1,0
INSTANCE_007,0.5,p95,303,RG,266.618,410.0653791666666,2.734354999999823,61,62,0.0,1.0,0,32,3,3,0,123.20518493652344,300,1,0
INSTANCE_007,0.5,p95,303,SA,266.618,410.0653791666666,2.734354999999823,61,62,0.0,1.0,0,32,3,3,0,124.52220916748048,300,1,0
INSTANCE_007,0.75,delay20,303,FR,266.618,354.8066666666667,5.516666666666652,61,62,0.0,1.0,0,17,3,3,0,41.01014137268066,300,1,0
INSTANCE_007,0.75,delay20,303,NR,266.618,354.8066666666667,5.516666666666652,61,62,0.0,1.0,0,17,3,3,0,0.0,0,1,0
INSTANCE_007,0.75,delay20,303,RG,266.618,354.8066666666667,5.516666666666652,61,62,0.0,1.0,0,17,3,3,0,109.78150367736816,300,1,0
INSTANCE_007,0.75,delay20,303,SA,266.618,354.8066666666667,5.516666666666652,61,62,0.0,1.0,0,17,3,3,0,107.3288917541504,300,1,0
INSTANCE_007,0.75,delay30,303,FR,266.618,354.8066666666667,19.56666666666661,60,62,0.0,1.0,0,17,3,3,0,42.59014129638672,300,1,0
INSTANCE_007,0.75,delay30,303,NR,266.618,354.8066666666667,19.56666666666661,60,62,0.0,1.0,0,17,3,3,0,0.0,0,1,0
INSTANCE_007,0.75,delay30,303,RG,266.618,354.8066666666667,19.56666666666661,60,62,0.0,1.0,0,17,3,3,0,114.25113677978516,300,1,0
INSTANCE_007,0.75,delay30,303,SA,266.618,354.8066666666667,19.56666666666661,60,62,0.0,1.0,0,17,3,3,0,114.80069160461426,300,1,0
INSTANCE_007,0.75,p85,303,FR,266.618,367.5029028333333,0.0,62,62,0.0,1.0,0,17,3,3,0,40.723562240600586,300,1,0
INSTANCE_007,0.75,p85,303,NR,266.618,367.5029028333333,0.0,62,62,0.0,1.0,0,17,3,3,0,0.0,0,1,0
INSTANCE_007,0.75,p85,303,RG,266.618,367.5029028333333,0.0,62,62,0.0,1.0,0,17,3,3,0,107.30433464050292,300,1,0
INSTANCE_007,0.75,p85,303,SA,266.618,367.5029028333333,0.0,62,62,0.0,1.0,0,17,3,3,0,108.60729217529295,300,1,0
INSTANCE_007,0.75,p95,303,FR,266.618,378.7088175,0.0,62,62,0.0,1.0,0,17,3,3,0,40.19904136657715,300,1,0
INSTANCE_007,0.75,p95,303,NR,266.618,378.7088175,0.0,62,62,0.0,1.0,0,17,3,3,0,0.0,0,1,0
INSTANCE_007,0.75,p95,303,RG,266.618,378.7088175,0.0,62,62,0.0,1.0,0,17,3,3,0,108.4451675415039,300,1,0
INSTANCE_007,0.75,p95,303,SA,266.618,378.7088175,0.0,62,62,0.0,1.0,0,17,3,3,0,109.35473442077638,300,1,0
INSTANCE_009,0.25,delay20,303,FR,424.3952000000001,455.3983333333333,0.0,74,74,0.0,0.8396686159844055,19,57,3,2,0,41.248321533203125,300,0,0
INSTANCE_009,0.25,delay20,303,NR,397.7844,434.84,7.796666666666852,73,74,0.0,1.0,0,57,3,3,0,0.0,0,1,0
INSTANCE_009,0.25,delay20,303,RG,397.7844,434.84,7.796666666666852,73,74,0.0,1.0,0,57,3,3,0,112.0145320892334,300,1,0
INSTANCE_009,0.25,delay20,303,SA,397.7844,434.84,7.796666666666852,73,74,0.0,1.0,0,57,3,3,0,111.4645004272461,300,1,0
INSTANCE_009,0.25,delay30,303,FR,424.3952000000001,455.3983333333333,5.786666666666861,72,74,0.0,0.8396686159844055,19,57,3,2,0,46.79226875305176,300,0,0
INSTANCE_009,0.25,delay30,303,NR,397.7844,434.84,22.918333333333635,71,74,0.0,1.0,0,57,3,3,0,0.0,0,1,0
INSTANCE_009,0.25,delay30,303,RG,408.7035,447.10333333333335,19.213333333333708,72,74,0.0,0.7973684210526315,18,57,3,2,0,167.79589653015137,430,0,0
INSTANCE_009,0.25,delay30,303,SA,397.7844,434.84,22.918333333333635,71,74,0.0,1.0,0,57,3,3,0,120.03731727600098,300,1,0
INSTANCE_009,0.25,p85,303,FR,397.7844,484.3143453333333,3.48670250000032,73,74,0.0,1.0,0,57,3,3,0,47.17254638671875,300,1,0
INSTANCE_009,0.25,p85,303,NR,397.7844,484.3143453333333,3.48670250000032,73,74,0.0,1.0,0,57,3,3,0,0.0,0,1,0
INSTANCE_009,0.25,p85,303,RG,397.7844,484.3143453333333,3.48670250000032,73,74,0.0,1.0,0,57,3,3,0,124.70865249633788,300,1,0
INSTANCE_009,0.25,p85,303,SA,397.7844,484.3143453333333,3.48670250000032,73,74,0.0,1.0,0,57,3,3,0,122.61533737182616,300,1,0
INSTANCE_009,0.25,p95,303,FR,437.3171,570.6645908333334,4.624309166666649,73,74,0.0,0.6887914230019493,37,57,3,1,0,46.291351318359375,300,0,0
INSTANCE_009,0.25,p95,303,NR,397.7844,527.9812466666667,32.12363666666727,72,74,0.0,1.0,0,57,3,3,0,0.0,0,1,0
INSTANCE_009,0.25,p95,303,RG,408.7035,543.8438683333334,21.06247833333396,72,74,0.0,0.7973684210526315,18,57,3,2,0,171.56004905700684,430,0,0
INSTANCE_009,0.25,p95,303,SA,408.7663,543.1841833333333,20.5838833333338,72,74,0.0,0.8421052631578947,16,57,3,2,0,198.9459991455078,500,0,0
INSTANCE_009,0.5,delay20,303,FR,397.0857,434.33,7.796666666666852,73,74,0.0,0.8838383838383838,7,38,3,2,0,44.53420639038086,330,0,0
INSTANCE_009,0.5,delay20,303,NR,397.7844,434.84,7.796666666666852,73,74,0.0,1.0,0,38,3,3,0,0.0,0,1,0
INSTANCE_009,0.5,delay20,303,RG,397.7844,434.84,7.796666666666852,73,74,0.0,1.0,0,38,3,3,0,110.5177402496338,300,1,0
INSTANCE_009,0.5,delay20,303,SA,397.7844,434.84,7.796666666666852,73,74,0.0,1.0,0,38,3,3,0,108.57391357421876,300,1,0
INSTANCE_009,0.5,delay30,303,FR,397.0857,434.33,22.918333333333635,71,74,0.0,0.8838383838383838,7,38,3,2,0,49.33619499206543,330,0,0
INSTANCE_009,0.5,delay30,303,NR,397.7844,434.84,22.918333333333635,71,74,0.0,1.0,0,38,3,3,0,0.0,0,1,0
INSTANCE_009,0.5,delay30,303,RG,397.7844,434.84,22.918333333333635,71,74,0.0,1.0,0,38,3,3,0,115.38958549499512,300,1,0
INSTANCE_009,0.5,delay30,303,SA,397.7844,434.84,22.918333333333635,71,74,0.0,1.0,0,38,3,3,0,116.26791954040527,300,1,0
INSTANCE_009,0.5,p85,303,FR,397.0857,453.93546433333336,0.0,74,74,0.0,0.8838383838383838,7,38,3,2,0,48.8736629486084,330,0,0
INSTANCE_009,0.5,p85,303,NR,397.7844,454.5249733333333,0.0,74,74,0.0,1.0,0,38,3,3,0,0.0,0,1,0
INSTANCE_009,0.5,p85,303,RG,397.7844,454.5249733333333,0.0,74,74,0.0,1.0,0,38,3,3,0,115.72432518005373,300,1,0
INSTANCE_009,0.5,p85,303,SA,397.7844,454.5249733333333,0.0,74,74,0.0,1.0,0,38,3,3,0,118.10612678527832,300,1,0
INSTANCE_009,0.5,p95,303,FR,397.0857,471.2395816666667,0.0,74,74,0.0,0.8838383838383838,7,38,3,2,0,47.41883277893066,330,0,0
INSTANCE_009,0.5,p95,303,NR,397.7844,471.8992666666667,0.0,74,74,0.0,1.0,0,38,3,3,0,0.0,0,1,0
INSTANCE_009,0.5,p95,303,RG,397.7844,471.8992666666667,0.0,74,74,0.0,1.0,0,38,3,3,0,109.87567901611328,300,1,0
INSTANCE_009,0.5,p95,303,SA,397.7844,471.8992666666667,0.0,74,74,0.0,1.0,0,38,3,3,0,111.96112632751463,300,1,0
INSTANCE_009,0.75,delay20,303,FR,397.7844,434.84,7.796666666666852,73,74,0.0,1.0,0,20,3,3,0,45.67313194274902,300,1,0
INSTANCE_009,0.75,delay20,303,NR,397.7844,434.84,7.796666666666852,73,74,0.0,1.0,0,20,3,3,0,0.0,0,1,0
INSTANCE_009,0.75,delay20,303,RG,397.7844,434.84,7.796666666666852,73,74,0.0,1.0,0,20,3,3,0,123.92711639404295,300,1,0
INSTANCE_009,0.75,delay20,303,SA,397.7844,434.84,7.796666666666852,73,74,0.0,1.0,0,20,3,3,0,122.22814559936523,300,1,0
INSTANCE_009,0.75,delay30,303,FR,397.7844,434.84,22.918333333333635,71,74,0.0,1.0,0,20,3,3,0,46.72312736511231,300,1,0
INSTANCE_009,0.75,delay30,303,NR,397.7844,434.84,22.918333333333635,71,74,0.0,1.0,0,20,3,3,0,0.0,0,1,0
INSTANCE_009,0.75,delay30,303,RG,397.7844,434.84,22.918333333333635,71,74,0.0,1.0,0,20,3,3,0,125.40602684020996,300,1,0
INSTANCE_009,0.75,delay30,303,SA,397.7844,434.84,22.918333333333635,71,74,0.0,1.0,0,20,3,3,0,123.26812744140624,300,1,0
INSTANCE_009,0.75,p85,303,FR,397.7844,450.738682,0.0,74,74,0.0,1.0,0,20,3,3,0,40.20547866821289,300,1,0
INSTANCE_009,0.75,p85,303,NR,397.7844,450.738682,0.0,74,74,0.0,1.0,0,20,3,3,0,0.0,0,1,0
INSTANCE_009,0.75,p85,303,RG,397.7844,450.738682,0.0,74,74,0.0,1.0,0,20,3,3,0,109.9417209625244,300,1,0
INSTANCE_009,0.75,p85,303,SA,397.7844,450.738682,0.0,74,74,0.0,1.0,0,20,3,3,0,114.49694633483888,300,1,0
INSTANCE_009,0.75,p95,303,FR,397.7844,464.77113,0.0,74,74,0.0,1.0,0,20,3,3,0,44.7995662689209,300,1,0
INSTANCE_009,0.75,p95,303,NR,397.7844,464.77113,0.0,74,74,0.0,1.0,0,20,3,3,0,0.0,0,1,0
INSTANCE_009,0.75,p95,303,RG,397.7844,464.77113,0.0,74,74,0.0,1.0,0,20,3,3,0,119.80915069580078,300,1,0
INSTANCE_009,0.75,p95,303,SA,397.7844,464.77113,0.0,74,74,0.0,1.0,0,20,3,3,0,133.8174343109131,300,1,0
INSTANCE_010,0.25,delay20,303,FR,376.943,446.4549999999999,12.70333333333258,85,88,0.0,0.8658008658008658,18,67,3,2,0,49.889326095581055,300,0,0
INSTANCE_010,0.25,delay20,303,NR,370.9014,439.8583333333332,20.09166666666601,84,88,0.0,1.0,0,67,3,3,0,0.0,0,1,0
INSTANCE_010,0.25,delay20,303,RG,391.2192,465.1666666666666,12.07499999999959,85,88,0.0,0.934759081498212,21,67,3,1,0,175.8098602294922,390,0,0
INSTANCE_010,0.25,delay20,303,SA,381.5214,456.38833333333326,15.109999999999218,84,88,0.0,0.9776334776334776,10,67,3,2,0,138.5190486907959,310,0,0
INSTANCE_010,0.25,delay30,303,FR,383.31549999999993,452.2099999999999,44.99166666666622,83,88,0.0,0.8030851998243302,28,67,3,1,0,100.28576850891112,580,0,0
INSTANCE_010,0.25,delay30,303,NR,370.9014,439.8583333333332,62.811666666665815,82,88,0.0,1.0,0,67,3,3,0,0.0,0,1,0
INSTANCE_010,0.25,delay30,303,RG,430.87,497.7749999999999,35.24166666666633,85,88,0.0,0.8124600037643517,36,67,3,0,0,246.86622619628903,510,0,0
INSTANCE_010,0.25,delay30,303,SA,378.0598,448.75999999999993,49.61166666666588,82,88,0.0,0.886002886002886,13,67,3,2,0,170.55606842041016,390,0,0
INSTANCE_010,0.25,p85,303,FR,386.6409,506.4636323333333,0.0,88,88,0.0,0.800583474496518,31,67,3,1,0,59.07392501831055,360,0,0
INSTANCE_010,0.25,p85,303,NR,370.9014,488.6916698333332,4.833061666666822,86,88,0.0,1.0,0,67,3,3,0,0.0,0,1,0
INSTANCE_010,0.25,p85,303,RG,391.2192,517.9455723333333,0.0,88,88,0.0,0.934759081498212,21,67,3,1,0,158.42318534851074,390,0,0
INSTANCE_010,0.25,p85,303,SA,381.5214,507.7986968333333,1.4280820000000176,87,88,0.0,0.9776334776334776,10,67,3,2,0,139.83559608459473,310,0,0
INSTANCE_010,0.25,p95,303,FR,376.1791,541.2633816666666,17.662130000000047,87,88,0.0,0.8932178932178932,16,67,3,2,0,70.9679126739502,430,0,0
INSTANCE_010,0.25,p95,303,NR,370.9014,531.7928058333334,35.20367500000009,86,88,0.0,1.0,0,67,3,3,0,0.0,0,1,0
INSTANCE_010,0.25,p95,303,RG,391.2638,564.6886666666667,29.71443500000009,84,88,0.0,0.9160000627391932,21,67,3,1,0,180.3271770477295,420,0,0
INSTANCE_010,0.25,p95,303,SA,382.5634,552.9242841666667,29.26849249999998,85,88,0.0,0.924963924963925,13,67,3,2,0,212.32128143310547,410,0,0
INSTANCE_010,0.5,delay20,303,FR,386.6482,456.005,0.0,88,88,0.0,0.7388888888888889,26,45,3,1,0,48.70724678039551,300,0,0
INSTANCE_010,0.5,delay20,303,NR,370.9014,439.8583333333332,11.594999999999573,85,88,0.0,1.0,0,45,3,3,0,0.0,0,1,0
INSTANCE_010,0.5,delay20,303,RG,395.1537,469.6183333333333,1.5583333333335077,87,88,0.0,0.7748015873015873,27,45,3,1,0,207.66949653625488,480,0,0
INSTANCE_010,0.5,delay20,303,SA,380.524,454.485,4.619999999999664,85,88,0.0,0.9317460317460317,13,45,3,2,0,180.80973625183103,410,0,0
INSTANCE_010,0.5,delay30,303,FR,388.37700000000007,458.6516666666666,15.321666666666488,84,88,0.0,0.725,27,45,3,1,0,59.65280532836914,370,0,0
INSTANCE_010,0.5,delay30,303,NR,370.9014,439.8583333333332,44.31499999999937,83,88,0.0,1.0,0,45,3,3,0,0.0,0,1,0
INSTANCE_010,0.5,delay30,303,RG,411.59760000000006,483.5466666666666,31.075000000000045,83,88,0.0,0.880357142857143,21,45,3,1,0,153.05590629577637,360,0,0
INSTANCE_010,0.5,delay30,303,SA,401.16280000000006,467.8649999999999,33.4366666666665,84,88,0.0,0.9486111111111112,7,45,3,2,0,134.73033905029297,320,0,0
INSTANCE_010,0.5,p85,303,FR,370.9014,474.3974586666666,0.0,88,88,0.0,1.0,0,45,3,3,0,48.23017120361328,300,1,0
INSTANCE_010,0.5,p85,303,NR,370.9014,474.3974586666666,0.0,88,88,0.0,1.0,0,45,3,3,0,0.0,0,1,0
INSTANCE_010,0.5,p85,303,RG,370.9014,474.3974586666666,0.0,88,88,0.0,1.0,0,45,3,3,0,128.85236740112305,300,1,0
INSTANCE_010,0.5,p85,303,SA,370.9014,474.3974586666666,0.0,88,88,0.0,1.0,0,45,3,3,0,128.73601913452148,300,1,0
INSTANCE_010,0.5,p95,303,FR,386.3309,525.2398141666666,0.8493891666665832,87,88,0.0,0.7625000000000001,24,45,3,1,0,58.90059471130371,310,0,0
INSTANCE_010,0.5,p95,303,NR,370.9014,504.8822799999999,10.67588000000012,86,88,0.0,1.0,0,45,3,3,0,0.0,0,1,0
INSTANCE_010,0.5,p95,303,RG,411.2803,560.86496,0.0,88,88,0.0,0.903968253968254,19,45,3,1,0,151.9339084625244,340,0,0
INSTANCE_010,0.5,p95,303,SA,411.2803,560.86496,0.0,88,88,0.0,0.903968253968254,19,45,3,1,0,155.64250946044922,340,0,0
INSTANCE_010,0.75,delay20,303,FR,375.2624,445.2199999999999,3.034999999999627,87,88,0.0,0.8214285714285715,7,23,3,2,0,42.95516014099121,300,0,0
INSTANCE_010,0.75,delay20,303,NR,370.9014,439.8583333333332,10.423333333333062,86,88,0.0,1.0,0,23,3,3,0,0.0,0,1,0
INSTANCE_010,0.75,delay20,303,RG,374.9638,445.06,3.034999999999627,87,88,0.0,0.8928571428571429,2,23,3,2,0,117.60306358337402,310,0,0
INSTANCE_010,0.75,delay20,303,SA,374.9638,445.06,3.034999999999627,87,88,0.0,0.8928571428571429,2,23,3,2,0,118.50285530090332,310,0,0
INSTANCE_010,0.75,delay30,303,FR,375.2666,445.185,13.648333333332973,86,88,0.0,0.8571428571428571,7,23,3,2,0,48.43807220458984,340,0,0
INSTANCE_010,0.75,delay30,303,NR,370.9014,439.8583333333332,30.423333333333066,86,88,0.0,1.0,0,23,3,3,0,0.0,0,1,0
INSTANCE_010,0.75,delay30,303,RG,404.9079,472.6583333333333,5.451666666666256,86,88,0.0,0.8214285714285715,7,23,3,1,0,119.59266662597656,310,0,0
INSTANCE_010,0.75,delay30,303,SA,404.9079,472.6583333333333,5.451666666666256,86,88,0.0,0.8214285714285715,7,23,3,1,0,114.44067955017093,310,0,0
INSTANCE_010,0.75,p85,303,FR,370.9015,460.4371289999999,0.0,88,88,0.0,0.7797619047619048,6,23,3,2,0,46.318769454956055,310,0,0
INSTANCE_010,0.75,p85,303,NR,370.9014,460.4929974999999,0.0,88,88,0.0,1.0,0,23,3,3,0,0.0,0,1,0
INSTANCE_010,0.75,p85,303,RG,370.9014,460.4929974999999,0.0,88,88,0.0,1.0,0,23,3,3,0,124.04441833496094,300,1,0
INSTANCE_010,0.75,p85,303,SA,370.9014,460.4929974999999,0.0,88,88,0.0,1.0,0,23,3,3,0,124.52507019042967,300,1,0
INSTANCE_010,0.75,p95,303,FR,375.0083,485.5308725,0.0,88,88,0.0,0.7738095238095237,7,23,3,2,0,64.09263610839844,460,0,0
INSTANCE_010,0.75,p95,303,NR,370.9014,478.7055041666666,4.485197499999913,87,88,0.0,1.0,0,23,3,3,0,0.0,0,1,0
INSTANCE_010,0.75,p95,303,RG,374.9638,485.43386,0.0,88,88,0.0,0.8928571428571429,2,23,3,2,0,121.28925323486328,310,0,0
INSTANCE_010,0.75,p95,303,SA,370.9014,478.7055041666666,4.485197499999913,87,88,0.0,1.0,0,23,3,3,0,118.70956420898438,300,1,0
INSTANCE_012,0.25,delay20,303,FR,358.8303,448.615,0.0,84,84,0.0,0.9634502923976608,10,64,3,2,0,50.24886131286621,320,0,0
INSTANCE_012,0.25,delay20,303,NR,332.59270000000004,420.11,10.70166666666637,83,84,0.0,1.0,0,64,3,3,0,0.0,0,1,0
INSTANCE_012,0.25,delay20,303,RG,354.4561,443.32333333333327,0.0,84,84,0.0,0.8659844054580897,14,64,3,2,0,195.8935260772705,510,0,0
INSTANCE_012,0.25,delay20,303,SA,361.6877,450.24,0.0,84,84,0.0,0.949317738791423,13,64,3,2,0,119.22049522399902,310,0,0
INSTANCE_012,0.25,delay30,303,FR,357.83970000000005,449.5316666666666,15.200000000000614,82,84,0.0,0.8240740740740741,14,64,3,2,0,70.97268104553223,490,0,0
INSTANCE_012,0.25,delay30,303,NR,332.59270000000004,420.11,43.845000000000255,80,84,0.0,1.0,0,64,3,3,0,0.0,0,1,0
INSTANCE_012,0.25,delay30,303,RG,402.1319,486.16,7.193333333333499,83,84,0.0,0.8729341469616069,28,64,3,1,0,129.4729709625244,320,0,0
INSTANCE_012,0.25,delay30,303,SA,404.901,488.975,7.193333333333499,83,84,0.0,0.9070472073904567,30,64,3,1,0,126.58977508544922,310,0,0
INSTANCE_012,0.25,p85,303,FR,332.66350000000006,471.3953431666666,0.0,84,84,0.0,0.9610136452241717,2,64,3,2,0,52.579402923583984,310,0,0
INSTANCE_012,0.25,p85,303,NR,332.59270000000004,472.03301466666665,0.3199171666667553,83,84,0.0,1.0,0,64,3,3,0,0.0,0,1,0
INSTANCE_012,0.25,p85,303,RG,332.66350000000006,471.3953431666666,0.0,84,84,0.0,0.9610136452241717,2,64,3,2,0,122.61199951171876,310,0,0
INSTANCE_012,0.25,p85,303,SA,332.59270000000004,472.03301466666665,0.3199171666667553,83,84,0.0,1.0,0,64,3,3,0,120.7425594329834,300,1,0
INSTANCE_012,0.25,p95,303,FR,358.8303,554.7323708333333,16.086575000000266,82,84,0.0,0.9634502923976608,10,64,3,2,0,48.20823669433594,320,0,0
INSTANCE_012,0.25,p95,303,NR,332.59270000000004,517.8611533333334,24.895724166666582,81,84,0.0,1.0,0,64,3,3,0,0.0,0,1,0
INSTANCE_012,0.25,p95,303,RG,381.9769,571.7440516666667,7.437530000000152,83,84,0.0,0.9289770319518604,19,64,3,1,0,162.54711151123047,440,0,0
INSTANCE_012,0.25,p95,303,SA,396.3392,595.1456225,7.437530000000152,83,84,0.0,0.8982752775658954,23,64,3,1,0,135.56194305419922,360,0,0
INSTANCE_012,0.5,delay20,303,FR,353.05400000000003,439.7933333333333,0.0,84,84,0.0,0.8568376068376068,8,43,3,1,0,54.40068244934082,380,0,0
INSTANCE_012,0.5,delay20,303,NR,332.59270000000004,420.11,10.70166666666637,83,84,0.0,1.0,0,43,3,3,0,0.0,0,1,0
INSTANCE_012,0.5,delay20,303,RG,353.05400000000003,439.7933333333333,0.0,84,84,0.0,0.8568376068376068,8,43,3,1,0,154.62923049926758,380,0,0
INSTANCE_012,0.5,delay20,303,SA,353.0597,440.7433333333333,0.0,84,84,0.0,0.9540598290598292,3,43,3,2,0,127.9287338256836,310,0,0
INSTANCE_012,0.5,delay30,303,FR,355.6414,438.8983333333333,8.338333333333708,82,84,0.0,0.7681623931623932,11,43,3,1,0,94.56324577331544,640,0,0
INSTANCE_012,0.5,delay30,303,NR,332.59270000000004,420.11,35.90166666666698,81,84,0.0,1.0,0,43,3,3,0,0.0,0,1,0
INSTANCE_012,0.5,delay30,303,RG,395.2337,481.3116666666666,0.0066666666671153,83,84,0.0,0.7810897435897437,18,43,3,0,0,158.37931632995603,390,0,0
INSTANCE_012,0.5,delay30,303,SA,415.348,502.7916666666666,0.0066666666671153,83,84,0.0,0.8616758241758241,17,43,3,0,0,123.3053207397461,310,0,0
INSTANCE_012,0.5,p85,303,FR,332.58700000000005,453.8763316666667,0.0,84,84,0.0,0.9027777777777776,5,43,3,2,0,58.42900276184082,370,0,0
INSTANCE_012,0.5,p85,303,NR,332.59270000000004,454.9744366666666,0.0,84,84,0.0,1.0,0,43,3,3,0,0.0,0,1,0
INSTANCE_012,0.5,p85,303,RG,332.58700000000005,453.8763316666667,0.0,84,84,0.0,0.9027777777777776,5,43,3,2,0,172.65915870666504,370,0,0
INSTANCE_012,0.5,p85,303,SA,332.59270000000004,454.9744366666666,0.0,84,84,0.0,1.0,0,43,3,3,0,127.3024082183838,300,1,0
INSTANCE_012,0.5,p95,303,FR,332.58700000000005,484.5175583333333,1.0084083333330227,83,84,0.0,0.9027777777777776,5,43,3,2,0,58.65311622619629,370,0,0
INSTANCE_012,0.5,p95,303,NR,332.59270000000004,485.74638333333337,1.0084083333330227,83,84,0.0,1.0,0,43,3,3,0,0.0,0,1,0
INSTANCE_012,0.5,p95,303,RG,332.58700000000005,484.5175583333333,1.0084083333330227,83,84,0.0,0.9027777777777776,5,43,3,2,0,160.18128395080566,370,0,0
INSTANCE_012,0.5,p95,303,SA,332.59270000000004,485.74638333333337,1.0084083333330227,83,84,0.0,1.0,0,43,3,3,0,125.0309944152832,300,1,0
INSTANCE_012,0.75,delay20,303,FR,332.59270000000004,420.11,10.70166666666637,83,84,0.0,1.0,0,22,3,3,0,43.05386543273926,300,1,0
INSTANCE_012,0.75,delay20,303,NR,332.59270000000004,420.11,10.70166666666637,83,84,0.0,1.0,0,22,3,3,0,0.0,0,1,0
INSTANCE_012,0.75,delay20,303,RG,332.59270000000004,420.11,10.70166666666637,83,84,0.0,1.0,0,22,3,3,0,111.99116706848145,300,1,0
INSTANCE_012,0.75,delay20,303,SA,332.59270000000004,420.11,10.70166666666637,83,84,0.0,1.0,0,22,3,3,0,113.82484436035156,300,1,0
INSTANCE_012,0.75,delay30,303,FR,373.64290000000005,458.85333333333335,21.408333333333303,82,84,0.0,0.7341269841269842,10,22,3,1,0,49.8809814453125,370,0,0
INSTANCE_012,0.75,delay30,303,NR,332.59270000000004,420.11,35.90166666666698,81,84,0.0,1.0,0,22,3,3,0,0.0,0,1,0
INSTANCE_012,0.75,delay30,303,RG,371.7852,458.05,20.70166666666637,83,84,0.0,0.7559523809523809,14,22,3,1,0,140.15746116638184,380,0,0
INSTANCE_012,0.75,delay30,303,SA,332.59270000000004,420.16833333333335,28.708333333333485,82,84,0.0,0.9365079365079364,2,22,3,2,0,119.5847988128662,330,0,0
INSTANCE_012,0.75,p85,303,FR,332.59270000000004,440.7547976666667,0.0,84,84,0.0,1.0,0,22,3,3,0,44.76475715637207,300,1,0
INSTANCE_012,0.75,p85,303,NR,332.59270000000004,440.7547976666667,0.0,84,84,0.0,1.0,0,22,3,3,0,0.0,0,1,0
INSTANCE_012,0.75,p85,303,RG,332.59270000000004,440.7547976666667,0.0,84,84,0.0,1.0,0,22,3,3,0,115.72027206420898,300,1,0
INSTANCE_012,0.75,p85,303,SA,332.59270000000004,440.7547976666667,0.0,84,84,0.0,1.0,0,22,3,3,0,117.34938621520996,300,1,0
INSTANCE_012,0.75,p95,303,FR,332.59270000000004,458.9762483333333,0.0,84,84,0.0,1.0,0,22,3,3,0,45.15480995178223,300,1,0
INSTANCE_012,0.75,p95,303,NR,332.59270000000004,458.9762483333333,0.0,84,84,0.0,1.0,0,22,3,3,0,0.0,0,1,0
INSTANCE_012,0.75,p95,303,RG,332.59270000000004,458.9762483333333,0.0,84,84,0.0,1.0,0,22,3,3,0,114.16983604431152,300,1,0
INSTANCE_012,0.75,p95,303,SA,332.59270000000004,458.9762483333333,0.0,84,84,0.0,1.0,0,22,3,3,0,116.90163612365724,300,1,0
INSTANCE_013,0.25,delay20,303,FR,348.3215,408.1600000000001,9.443333333333612,63,64,0.0,0.949074074074074,3,50,3,2,0,42.55247116088867,310,0,0
INSTANCE_013,0.25,delay20,303,NR,343.74519999999995,404.545,18.05666666666707,62,64,0.0,1.0,0,50,3,3,0,0.0,0,1,0
INSTANCE_013,0.25,delay20,303,RG,351.8211,410.8783333333334,9.443333333333612,63,64,0.0,0.9027777777777776,3,50,3,2,0,140.22231101989746,380,0,0
INSTANCE_013,0.25,delay20,303,SA,364.7431,420.4466666666667,9.443333333333612,63,64,0.0,0.875,7,50,3,2,0,113.3103370666504,300,0,0
INSTANCE_013,0.25,delay30,303,FR,386.6484,445.5466666666666,18.69333333333361,62,64,0.0,0.7623229847494554,12,50,3,1,0,81.70485496520996,550,0,0
INSTANCE_013,0.25,delay30,303,NR,343.74519999999995,404.545,41.32833333333406,61,64,0.0,1.0,0,50,3,3,0,0.0,0,1,0
INSTANCE_013,0.25,delay30,303,RG,384.5663,444.0883333333333,17.363333333333685,62,64,0.0,0.7610974945533769,12,50,3,1,0,189.87345695495603,490,0,0
INSTANCE_013,0.25,delay30,303,SA,364.7431,420.4466666666667,22.7150000000006,62,64,0.0,0.875,7,50,3,2,0,119.9178695678711,300,0,0
INSTANCE_013,0.25,p85,303,FR,343.74519999999995,457.4634361666666,13.033601666666868,63,64,0.0,1.0,0,50,3,3,0,41.588544845581055,300,1,0
INSTANCE_013,0.25,p85,303,NR,343.74519999999995,457.4634361666666,13.033601666666868,63,64,0.0,1.0,0,50,3,3,0,0.0,0,1,0
INSTANCE_013,0.25,p85,303,RG,343.74519999999995,457.4634361666666,13.033601666666868,63,64,0.0,1.0,0,50,3,3,0,106.9011688232422,300,1,0
INSTANCE_013,0.25,p85,303,SA,343.74519999999995,457.4634361666666,13.033601666666868,63,64,0.0,1.0,0,50,3,3,0,105.37242889404295,300,1,0
INSTANCE_013,0.25,p95,303,FR,348.3215,508.8461533333334,56.40050916666746,61,64,0.0,0.949074074074074,3,50,3,2,0,44.51584815979004,310,0,0
INSTANCE_013,0.25,p95,303,NR,343.74519999999995,504.1701508333334,65.21544750000078,60,64,0.0,1.0,0,50,3,3,0,0.0,0,1,0
INSTANCE_013,0.25,p95,303,RG,359.20149999999995,519.1445691666668,56.82197083333426,60,64,0.0,0.8472222222222223,7,50,3,2,0,121.61803245544434,320,0,0
INSTANCE_013,0.25,p95,303,SA,364.7431,524.7389566666668,56.40050916666746,61,64,0.0,0.875,7,50,3,2,0,113.12556266784668,300,0,0
INSTANCE_013,0.5,delay20,303,FR,372.5623999999999,425.1783333333333,0.0,64,64,0.0,0.8005050505050505,9,33,3,1,0,55.32646179199219,340,0,0
INSTANCE_013,0.5,delay20,303,NR,343.74519999999995,404.545,18.05666666666707,62,64,0.0,1.0,0,33,3,3,0,0.0,0,1,0
INSTANCE_013,0.5,delay20,303,RG,372.9214,425.6116666666667,0.0,64,64,0.0,0.7474747474747474,11,33,3,1,0,238.84105682373047,580,0,0
INSTANCE_013,0.5,delay20,303,SA,380.0719,434.01,0.0,64,64,0.0,0.794949494949495,8,33,3,1,0,155.79843521118164,370,0,0
INSTANCE_013,0.5,delay30,303,FR,373.4658,426.09333333333336,0.0,64,64,0.0,0.8449494949494949,8,33,3,1,0,62.93177604675293,360,0,0
INSTANCE_013,0.5,delay30,303,NR,343.74519999999995,404.545,41.32833333333406,61,64,0.0,1.0,0,33,3,3,0,0.0,0,1,0
INSTANCE_013,0.5,delay30,303,RG,373.4352,425.9716666666666,1.4733333333334713,63,64,0.0,0.8116161616161616,8,33,3,1,0,179.20279502868652,390,0,0
INSTANCE_013,0.5,delay30,303,SA,386.34809999999993,435.555,1.4733333333334713,63,64,0.0,0.7338383838383838,12,33,3,1,0,156.90350532531738,350,0,0
INSTANCE_013,0.5,p85,303,FR,367.9861,458.0982385,0.0,64,64,0.0,0.8893939393939393,6,33,3,2,0,44.00086402893066,300,0,0
INSTANCE_013,0.5,p85,303,NR,343.74519999999995,438.426747,7.8582413333336945,63,64,0.0,1.0,0,33,3,3,0,0.0,0,1,0
INSTANCE_013,0.5,p85,303,RG,368.0167,458.1483275,0.0,64,64,0.0,0.8893939393939393,6,33,3,2,0,198.5466480255127,500,0,0
INSTANCE_013,0.5,p85,303,SA,360.1084,461.772074,0.0,64,64,0.0,0.9242424242424242,3,33,3,2,0,148.16832542419434,370,0,0
INSTANCE_013,0.5,p95,303,FR,368.3451,490.9050858333333,0.0,64,64,0.0,0.8363636363636363,8,33,3,2,0,60.1201057434082,410,0,0
INSTANCE_013,0.5,p95,303,NR,343.74519999999995,468.331355,29.653055833333724,62,64,0.0,1.0,0,33,3,3,0,0.0,0,1,0
INSTANCE_013,0.5,p95,303,RG,367.9861,490.3445691666667,0.926058333333458,63,64,0.0,0.8893939393939393,6,33,3,2,0,133.1770420074463,350,0,0
INSTANCE_013,0.5,p95,303,SA,367.9861,490.3445691666667,0.926058333333458,63,64,0.0,0.8893939393939393,6,33,3,2,0,139.3027305603027,350,0,0
INSTANCE_013,0.75,delay20,303,FR,372.5623,425.1783333333333,0.0,64,64,0.0,0.5388888888888889,9,17,3,1,0,50.37569999694824,330,0,0
INSTANCE_013,0.75,delay20,303,NR,343.74519999999995,404.545,18.05666666666707,62,64,0.0,1.0,0,17,3,3,0,0.0,0,1,0
INSTANCE_013,0.75,delay20,303,RG,364.6847,428.3566666666667,0.0,64,64,0.0,0.7055555555555556,7,17,3,1,0,124.59707260131836,310,0,0
INSTANCE_013,0.75,delay20,303,SA,360.1084,424.7416666666667,8.613333333333458,63,64,0.0,0.9,4,17,3,2,0,117.33746528625488,300,0,0
INSTANCE_013,0.75,delay30,303,FR,373.4657,426.015,0.0,64,64,0.0,0.5111111111111111,8,17,3,1,0,57.27863311767578,400,0,0
INSTANCE_013,0.75,delay30,303,NR,343.74519999999995,404.545,41.32833333333406,61,64,0.0,1.0,0,17,3,3,0,0.0,0,1,0
INSTANCE_013,0.75,delay30,303,RG,373.4657,426.015,0.0,64,64,0.0,0.5111111111111111,8,17,3,1,0,119.18067932128906,310,0,0
INSTANCE_013,0.75,delay30,303,SA,380.1024,434.0533333333333,0.0,64,64,0.0,0.5777777777777778,8,17,3,1,0,120.39065361022948,320,0,0
INSTANCE_013,0.75,p85,303,FR,367.986,447.2702039999999,0.0,64,64,0.0,0.7333333333333334,6,17,3,2,0,46.51212692260742,310,0,0
INSTANCE_013,0.75,p85,303,NR,343.74519999999995,427.5987124999999,3.5639758333335294,63,64,0.0,1.0,0,17,3,3,0,0.0,0,1,0
INSTANCE_013,0.75,p85,303,RG,360.1084,450.9440394999999,0.0,64,64,0.0,0.9,4,17,3,2,0,141.76368713378906,300,0,0
INSTANCE_013,0.75,p85,303,SA,343.74519999999995,427.5987124999999,3.5639758333335294,63,64,0.0,1.0,0,17,3,3,0,121.6731071472168,300,1,0
INSTANCE_013,0.75,p95,303,FR,367.986,469.9595266666667,0.0,64,64,0.0,0.7333333333333334,6,17,3,2,0,45.35889625549317,310,0,0
INSTANCE_013,0.75,p95,303,NR,343.74519999999995,447.9463125,16.027095833333533,63,64,0.0,1.0,0,17,3,3,0,0.0,0,1,0
INSTANCE_013,0.75,p95,303,RG,367.9861,469.95952666666665,0.0,64,64,0.0,0.7666666666666666,6,17,3,2,0,146.93713188171387,380,0,0
INSTANCE_013,0.75,p95,303,SA,360.1084,474.0707008333334,3.953063333333489,63,64,0.0,0.9,4,17,3,2,0,113.7244701385498,300,0,0
INSTANCE_014,0.25,delay20,303,FR,381.7887000000002,417.7116666666667,102.28833333333228,58,65,0.0,0.7875735375735375,17,49,2,0,0,40.35377502441406,260,0,0
INSTANCE_014,0.25,delay20,303,NR,380.3718,414.5116666666666,116.82166666666478,57,65,0.0,1.0,0,49,2,2,0,0.0,0,1,0
INSTANCE_014,0.25,delay20,303,RG,400.6486000000001,438.76666666666665,78.09166666666476,60,65,0.0,0.7253903503903505,20,49,2,0,0,208.52947235107425,550,0,0
INSTANCE_014,0.25,delay20,303,SA,382.8661000000001,417.20333333333326,97.32166666666444,58,65,0.0,0.905844155844156,8,49,2,1,0,162.63484954833984,440,0,0
INSTANCE_014,0.25,delay30,303,FR,408.8715000000001,440.08166666666665,156.26833333333207,56,65,0.0,0.735005735005735,22,49,2,0,0,106.11486434936523,680,0,0
INSTANCE_014,0.25,delay30,303,NR,380.3718,414.5116666666666,203.50666666666427,56,65,0.0,1.0,0,49,2,2,0,0.0,0,1,0
INSTANCE_014,0.25,delay30,303,RG,386.0724000000001,422.025,156.14999999999782,57,65,0.0,0.7405418655418656,18,49,2,0,0,209.18679237365723,550,0,0
INSTANCE_014,0.25,delay30,303,SA,385.46190000000007,421.3883333333333,154.95999999999754,57,65,0.0,0.7485801235801236,19,49,2,0,0,220.8824157714844,550,0,0
INSTANCE_014,0.25,p85,303,FR,381.7315000000001,463.6969985,95.00451350000084,58,65,0.0,0.8274595774595774,15,49,2,0,0,40.69161415100098,220,0,0
INSTANCE_014,0.25,p85,303,NR,380.3718,460.4392870000001,105.7250685000006,58,65,0.0,1.0,0,49,2,2,0,0.0,0,1,0
INSTANCE_014,0.25,p85,303,RG,399.4306000000001,486.4451105,83.72041249999995,60,65,0.0,0.7340483590483591,20,49,2,0,0,232.99241065979004,550,0,0
INSTANCE_014,0.25,p85,303,SA,380.3718,460.4392870000001,105.7250685000006,58,65,0.0,1.0,0,49,2,2,0,86.54618263244629,200,1,0
INSTANCE_014,0.25,p95,303,FR,381.7316000000001,504.7032241666668,220.1582091666676,56,65,19.52146166666648,0.7979011729011729,17,49,2,0,0,42.33574867248535,250,0,0
INSTANCE_014,0.25,p95,303,NR,380.3718,500.9757883333333,244.33246083333472,56,65,19.43953999999985,1.0,0,49,2,2,0,0.0,0,1,0
INSTANCE_014,0.25,p95,303,RG,382.0026000000001,505.14732583333335,190.6401816666663,58,65,19.52146166666648,0.7665158915158915,18,49,2,0,0,227.283239364624,550,0,0
INSTANCE_014,0.25,p95,303,SA,383.52670000000006,504.7269383333334,218.71989750000057,56,65,19.52146166666648,0.820008695008695,14,49,2,0,0,215.3117656707764,520,0,0
INSTANCE_014,0.5,delay20,303,FR,381.8433,417.7116666666667,103.60999999999864,58,65,0.0,0.6418067226890757,25,33,2,0,0,35.95113754272461,220,0,0
INSTANCE_014,0.5,delay20,303,NR,380.3718,414.5116666666666,116.82166666666478,57,65,0.0,1.0,0,33,2,2,0,0.0,0,1,0
INSTANCE_014,0.5,delay20,303,RG,398.105,434.655,82.09666666666453,59,65,0.0,0.8773809523809524,13,33,2,1,0,98.24204444885254,230,0,0
INSTANCE_014,0.5,delay20,303,SA,382.6178000000001,418.10666666666657,80.39999999999782,59,65,0.0,0.8202380952380952,10,33,2,1,0,191.3995742797852,460,0,0
INSTANCE_014,0.5,delay30,303,FR,384.144,419.9033333333333,171.44166666666626,56,65,0.0,0.6561391223155929,25,33,2,0,0,51.876068115234375,330,0,0
INSTANCE_014,0.5,delay30,303,NR,380.3718,414.5116666666666,203.50666666666427,56,65,0.0,1.0,0,33,2,2,0,0.0,0,1,0
INSTANCE_014,0.5,delay30,303,RG,382.83130000000006,418.56833333333327,152.97833333333097,57,65,0.0,0.7464285714285714,11,33,2,1,0,139.7244930267334,340,0,0
INSTANCE_014,0.5,delay30,303,SA,382.83130000000006,418.56833333333327,152.97833333333097,57,65,0.0,0.7464285714285714,11,33,2,1,0,130.45954704284668,340,0,0
INSTANCE_014,0.5,p85,303,FR,397.6226,472.3027148333333,44.93909766666593,61,65,0.0,0.780952380952381,12,33,2,1,0,57.212591171264656,340,0,0
INSTANCE_014,0.5,p85,303,NR,380.3718,450.0940228333333,62.46317299999987,59,65,0.0,1.0,0,33,2,2,0,0.0,0,1,0
INSTANCE_014,0.5,p85,303,RG,382.83130000000006,454.7831238333332,44.93909766666593,61,65,0.0,0.7464285714285714,11,33,2,1,0,147.10235595703125,340,0,0
INSTANCE_014,0.5,p85,303,SA,380.3718,450.0940228333333,62.46317299999987,59,65,0.0,1.0,0,33,2,2,0,87.48340606689453,200,1,0
INSTANCE_014,0.5,p95,303,FR,381.8433,485.6388175,120.60412833333284,58,65,4.038009999999758,0.6418067226890757,25,33,2,0,0,35.57181358337402,220,0,0
INSTANCE_014,0.5,p95,303,NR,380.3718,481.4996175,143.26118250000047,57,65,3.5680383333331065,1.0,0,33,2,2,0,0.0,0,1,0
INSTANCE_014,0.5,p95,303,RG,382.6178000000001,486.28987916666665,98.98365916666614,59,65,3.5680383333331065,0.7666666666666666,10,33,2,1,0,217.5140380859375,500,0,0
INSTANCE_014,0.5,p95,303,SA,382.6178000000001,486.14975,99.1022299999994,59,65,3.5680383333331065,0.8202380952380952,10,33,2,1,0,194.70930099487305,460,0,0
INSTANCE_014,0.75,delay20,303,FR,380.9113000000001,415.8466666666667,92.8133333333318,58,65,0.0,0.5773809523809523,10,17,2,0,0,41.62812232971192,280,0,0
INSTANCE_014,0.75,delay20,303,NR,380.3718,414.5116666666666,116.82166666666478,57,65,0.0,1.0,0,17,2,2,0,0.0,0,1,0
INSTANCE_014,0.75,delay20,303,RG,380.6323000000001,415.055,92.8133333333318,58,65,0.0,0.6041666666666666,11,17,2,0,0,166.5482521057129,430,0,0
INSTANCE_014,0.75,delay20,303,SA,380.8541,415.55,96.47499999999798,58,65,0.0,0.8660714285714286,4,17,2,1,0,79.47158813476562,200,0,0
INSTANCE_014,0.75,delay30,303,FR,382.91640000000007,417.5183333333334,173.69833333333156,56,65,0.0,0.5684523809523809,10,17,2,0,0,42.63901710510254,250,0,0
INSTANCE_014,0.75,delay30,303,NR,380.3718,414.5116666666666,203.50666666666427,56,65,0.0,1.0,0,17,2,2,0,0.0,0,1,0
INSTANCE_014,0.75,delay30,303,RG,382.9115000000001,417.3983333333333,173.34833333333154,56,65,0.0,0.6041666666666666,10,17,2,0,0,178.62963676452637,400,0,0
INSTANCE_014,0.75,delay30,303,SA,380.8541,415.55,179.50666666666427,56,65,0.0,0.8660714285714286,4,17,2,1,0,89.56336975097656,200,0,0
INSTANCE_014,0.75,p85,303,FR,380.5751,439.6434015,36.07626249999828,61,65,0.0,0.5902777777777778,13,17,2,0,0,54.49676513671875,390,0,0
INSTANCE_014,0.75,p85,303,NR,380.3718,439.1714089999999,41.358093999998346,60,65,0.0,1.0,0,17,2,2,0,0.0,0,1,0
INSTANCE_014,0.75,p85,303,RG,380.5750000000001,439.4565309999999,37.24179499999809,61,65,0.0,0.8125,7,17,2,1,0,101.0141372680664,260,0,0
INSTANCE_014,0.75,p85,303,SA,380.8541,440.3716185,37.24179499999809,61,65,0.0,0.8660714285714286,4,17,2,1,0,79.14996147155762,200,0,0
INSTANCE_014,0.75,p95,303,FR,380.5751000000001,461.46469750000006,76.30706249999753,61,65,0.1543858333326397,0.6215277777777778,13,17,2,0,0,42.45162010192871,300,0,0
INSTANCE_014,0.75,p95,303,NR,380.3718,460.93651833333337,86.884502499998,59,65,0.0,1.0,0,17,2,2,0,0.0,0,1,0
INSTANCE_014,0.75,p95,303,RG,381.24250000000006,461.9842533333333,77.25181999999745,60,65,0.67394166666611,0.6597222222222222,13,17,2,0,0,165.41028022766113,410,0,0
INSTANCE_014,0.75,p95,303,SA,380.8541,462.2796025000001,80.20746749999762,60,65,0.0,0.8660714285714286,4,17,2,1,0,79.4222354888916,200,0,0
INSTANCE_015,0.25,delay20,303,FR,515.9346999999999,555.6766666666667,5.315000000000055,86,87,0.0,0.745512187088274,30,66,4,2,0,71.82836532592773,530,0,0
INSTANCE_015,0.25,delay20,303,NR,482.4895,533.3266666666666,34.483333333333235,84,87,0.0,1.0,0,66,4,4,0,0.0,0,1,0
INSTANCE_015,0.25,delay20,303,RG,509.0471,551.5533333333333,18.268333333333203,85,87,0.0,0.875,12,66,4,3,0,185.9011650085449,490,0,0
INSTANCE_015,0.25,delay20,303,SA,508.37889999999993,548.9583333333334,18.3983333333332,84,87,0.0,0.9545454545454546,5,66,4,3,0,158.58030319213867,420,0,0
INSTANCE_015,0.25,delay30,303,FR,525.6523,564.5999999999999,18.92666666666651,84,87,0.0,0.6432394598155468,41,66,4,1,0,74.56588745117188,550,0,0
INSTANCE_015,0.25,delay30,303,NR,482.4895,533.3266666666666,79.49666666666644,81,87,0.0,1.0,0,66,4,4,0,0.0,0,1,0
INSTANCE_015,0.25,delay30,303,RG,521.3798999999999,566.5466666666666,49.86833333333311,83,87,0.0,0.821969696969697,13,66,4,2,0,179.856538772583,520,0,0
INSTANCE_015,0.25,delay30,303,SA,504.0356999999999,548.9483333333333,53.28166666666641,82,87,0.0,0.8977272727272727,12,66,4,3,0,197.15380668640137,560,0,0
INSTANCE_015,0.25,p85,303,FR,482.4895,602.4493488333333,2.7672304999999824,85,87,0.0,1.0,0,66,4,4,0,62.410593032836914,400,1,0
INSTANCE_015,0.25,p85,303,NR,482.4895,602.4493488333333,2.7672304999999824,85,87,0.0,1.0,0,66,4,4,0,0.0,0,1,0
INSTANCE_015,0.25,p85,303,RG,482.4895,602.4493488333333,2.7672304999999824,85,87,0.0,1.0,0,66,4,4,0,158.16974639892578,400,1,0
INSTANCE_015,0.25,p85,303,SA,482.4895,602.4493488333333,2.7672304999999824,85,87,0.0,1.0,0,66,4,4,0,157.31096267700195,400,1,0
INSTANCE_015,0.25,p95,303,FR,496.9078999999999,671.0424291666668,19.41341833333365,84,87,0.0,0.9008152173913044,20,66,4,3,0,57.43288993835449,400,0,0
INSTANCE_015,0.25,p95,303,NR,482.4895,663.4582075000001,38.37892000000068,83,87,0.0,1.0,0,66,4,4,0,0.0,0,1,0
INSTANCE_015,0.25,p95,303,RG,482.4895,663.4582075000001,38.37892000000068,83,87,0.0,1.0,0,66,4,4,0,154.87051010131836,400,1,0
INSTANCE_015,0.25,p95,303,SA,482.4895,663.4582075000001,38.37892000000068,83,87,0.0,1.0,0,66,4,4,0,156.22591972351074,400,1,0
INSTANCE_015,0.5,delay20,303,FR,483.838,534.6483333333333,33.864999999999895,84,87,0.0,0.9753787878787878,2,44,4,3,0,74.53393936157227,410,0,0
INSTANCE_015,0.5,delay20,303,NR,482.4895,533.3266666666666,34.483333333333235,84,87,0.0,1.0,0,44,4,4,0,0.0,0,1,0
INSTANCE_015,0.5,delay20,303,RG,483.838,534.6483333333333,33.864999999999895,84,87,0.0,0.9753787878787878,2,44,4,3,0,208.66680145263672,430,0,0
INSTANCE_015,0.5,delay20,303,SA,482.4895,533.3266666666666,34.483333333333235,84,87,0.0,1.0,0,44,4,4,0,189.3830299377441,400,1,0
INSTANCE_015,0.5,delay30,303,FR,500.2996,549.8433333333334,67.40999999999985,83,87,0.0,0.8377976190476191,10,44,4,2,0,78.42373847961426,480,0,0
INSTANCE_015,0.5,delay30,303,NR,482.4895,533.3266666666666,79.49666666666644,81,87,0.0,1.0,0,44,4,4,0,0.0,0,1,0
INSTANCE_015,0.5,delay30,303,RG,501.8774,551.7683333333333,67.51666666666665,83,87,0.0,0.8488095238095238,15,44,4,2,0,292.5424575805664,730,0,0
INSTANCE_015,0.5,delay30,303,SA,482.9796,533.3966666666666,70.80999999999983,82,87,0.0,0.978125,6,44,4,3,0,194.72575187683103,450,0,0
INSTANCE_015,0.5,p85,303,FR,482.4895,579.0612308333333,0.0,87,87,0.0,1.0,0,44,4,4,0,57.23690986633301,400,1,0
INSTANCE_015,0.5,p85,303,NR,482.4895,579.0612308333333,0.0,87,87,0.0,1.0,0,44,4,4,0,0.0,0,1,0
INSTANCE_015,0.5,p85,303,RG,482.4895,579.0612308333333,0.0,87,87,0.0,1.0,0,44,4,4,0,154.3724536895752,400,1,0
INSTANCE_015,0.5,p85,303,SA,482.4895,579.0612308333333,0.0,87,87,0.0,1.0,0,44,4,4,0,155.71117401123047,400,1,0
INSTANCE_015,0.5,p95,303,FR,484.5479,621.5896383333333,1.917955833333281,86,87,0.0,0.9291666666666668,11,44,4,3,0,76.5223503112793,530,0,0
INSTANCE_015,0.5,p95,303,NR,482.4895,619.4273375,11.838738333333254,85,87,0.0,1.0,0,44,4,4,0,0.0,0,1,0
INSTANCE_015,0.5,p95,303,RG,484.5479,621.5896383333333,1.917955833333281,86,87,0.0,0.9291666666666668,11,44,4,3,0,202.77881622314453,530,0,0
INSTANCE_015,0.5,p95,303,SA,482.9796,619.5178825,1.7627358333331813,86,87,0.0,0.978125,6,44,4,3,0,177.63113975524902,450,0,0
INSTANCE_015,0.75,delay20,303,FR,482.4895,533.3266666666666,0.0,87,87,0.0,1.0,0,22,4,4,0,64.81456756591797,400,1,0
INSTANCE_015,0.75,delay20,303,NR,482.4895,533.3266666666666,0.0,87,87,0.0,1.0,0,22,4,4,0,0.0,0,1,0
INSTANCE_015,0.75,delay20,303,RG,482.4895,533.3266666666666,0.0,87,87,0.0,1.0,0,22,4,4,0,174.0257740020752,400,1,0
INSTANCE_015,0.75,delay20,303,SA,482.4895,533.3266666666666,0.0,87,87,0.0,1.0,0,22,4,4,0,176.35607719421387,400,1,0
INSTANCE_015,0.75,delay30,303,FR,500.2155,550.0466666666666,0.0,87,87,0.0,0.7663690476190477,8,22,4,2,0,74.5859146118164,500,0,0
INSTANCE_015,0.75,delay30,303,NR,482.4895,533.3266666666666,12.099999999999907,85,87,0.0,1.0,0,22,4,4,0,0.0,0,1,0
INSTANCE_015,0.75,delay30,303,RG,500.2155,550.0466666666666,0.0,87,87,0.0,0.7931547619047619,8,22,4,2,0,218.2490825653076,550,0,0
INSTANCE_015,0.75,delay30,303,SA,488.4007,532.5016666666667,3.4133333333332985,86,87,0.0,0.9107142857142856,6,22,4,3,0,221.1518287658692,550,0,0
INSTANCE_015,0.75,p85,303,FR,482.4895,562.2739188333333,0.0,87,87,0.0,1.0,0,22,4,4,0,62.07752227783203,400,1,0
INSTANCE_015,0.75,p85,303,NR,482.4895,562.2739188333333,0.0,87,87,0.0,1.0,0,22,4,4,0,0.0,0,1,0
INSTANCE_015,0.75,p85,303,RG,482.4895,562.2739188333333,0.0,87,87,0.0,1.0,0,22,4,4,0,178.90262603759766,400,1,0
INSTANCE_015,0.75,p85,303,SA,482.4895,562.2739188333333,0.0,87,87,0.0,1.0,0,22,4,4,0,173.37775230407715,400,1,0
INSTANCE_015,0.75,p95,303,FR,482.4895,587.8232575,0.0,87,87,0.0,1.0,0,22,4,4,0,66.87712669372559,400,1,0
INSTANCE_015,0.75,p95,303,NR,482.4895,587.8232575,0.0,87,87,0.0,1.0,0,22,4,4,0,0.0,0,1,0
INSTANCE_015,0.75,p95,303,RG,482.4895,587.8232575,0.0,87,87,0.0,1.0,0,22,4,4,0,186.96188926696777,400,1,0
INSTANCE_015,0.75,p95,303,SA,482.4895,587.8232575,0.0,87,87,0.0,1.0,0,22,4,4,0,183.319091796875,400,1,0
INSTANCE_017,0.25,delay20,303,FR,352.5213999999999,414.1233333333333,27.02500000000032,71,74,0.0,0.7731791155704201,16,57,3,1,0,74.60284233093262,470,0,0
INSTANCE_017,0.25,delay20,303,NR,343.766,402.275,50.82166666666672,70,74,0.0,1.0,0,57,3,3,0,0.0,0,1,0
INSTANCE_017,0.25,delay20,303,RG,369.4965,424.1883333333333,27.02500000000032,71,74,0.0,0.8468970642883686,14,57,3,1,0,139.7254467010498,320,0,0
INSTANCE_017,0.25,delay20,303,SA,369.4965,424.1883333333333,27.02500000000032,71,74,0.0,0.8468970642883686,14,57,3,1,0,141.05582237243652,320,0,0
INSTANCE_017,0.25,delay30,303,FR,382.5891999999999,442.695,59.685000000000514,70,74,0.0,0.8073671497584541,14,57,3,1,0,62.03770637512207,400,0,0
INSTANCE_017,0.25,delay30,303,NR,343.766,402.275,96.18166666666671,68,74,0.0,1.0,0,57,3,3,0,0.0,0,1,0
INSTANCE_017,0.25,delay30,303,RG,369.4965,424.1883333333333,59.685000000000514,70,74,0.0,0.8468970642883686,14,57,3,1,0,133.97526741027832,320,0,0
INSTANCE_017,0.25,delay30,303,SA,369.4965,424.1883333333333,59.685000000000514,70,74,0.0,0.8468970642883686,14,57,3,1,0,136.03448867797852,320,0,0
INSTANCE_017,0.25,p85,303,FR,348.5790999999999,460.25715616666656,23.153495666667368,72,74,0.0,0.7571534745447789,16,57,3,1,0,65.66405296325684,350,0,0
INSTANCE_017,0.25,p85,303,NR,343.766,453.3468006666666,38.75465050000025,71,74,0.0,1.0,0,57,3,3,0,0.0,0,1,0
INSTANCE_017,0.25,p85,303,RG,369.4965,478.6764226666666,23.153495666667368,72,74,0.0,0.8468970642883686,14,57,3,1,0,143.9347267150879,320,0,0
INSTANCE_017,0.25,p85,303,SA,369.4965,478.6764226666666,23.153495666667368,72,74,0.0,0.8468970642883686,14,57,3,1,0,144.27757263183594,320,0,0
INSTANCE_017,0.25,p95,303,FR,374.7799,536.2261808333334,61.67495583333243,71,74,0.0,0.7402452619843926,19,57,3,1,0,65.92297554016113,410,0,0
INSTANCE_017,0.25,p95,303,NR,343.766,498.4236433333334,99.96486166666534,69,74,0.0,1.0,0,57,3,3,0,0.0,0,1,0
INSTANCE_017,0.25,p95,303,RG,395.6973,556.8381033333334,61.67495583333243,71,74,0.0,0.8299888517279822,17,57,3,1,0,146.77834510803223,380,0,0
INSTANCE_017,0.25,p95,303,SA,396.4267,556.3573525,58.39390666666611,72,74,0.0,0.8680323299888517,13,57,3,1,0,182.4936866760254,440,0,0
INSTANCE_017,0.5,delay20,303,FR,393.8071999999999,451.6233333333333,9.446666666666829,72,74,0.0,0.7949074074074073,10,38,3,1,0,53.800106048583984,360,0,0
INSTANCE_017,0.5,delay20,303,NR,343.766,402.275,42.99000000000012,71,74,0.0,1.0,0,38,3,3,0,0.0,0,1,0
INSTANCE_017,0.5,delay20,303,RG,361.8055,416.85,9.838333333333482,71,74,0.0,0.8013888888888889,10,38,3,1,0,140.26832580566406,350,0,0
INSTANCE_017,0.5,delay20,303,SA,352.0193999999999,414.51,9.853333333333469,71,74,0.0,0.875462962962963,9,38,3,1,0,160.03704071044922,410,0,0
INSTANCE_017,0.5,delay30,303,FR,400.0054,458.6516666666666,26.85833333333335,72,74,0.0,0.7305555555555555,15,38,3,1,0,111.5131378173828,750,0,0
INSTANCE_017,0.5,delay30,303,NR,343.766,402.275,78.35000000000014,69,74,0.0,1.0,0,38,3,3,0,0.0,0,1,0
INSTANCE_017,0.5,delay30,303,RG,368.5614,424.36,31.61500000000024,70,74,0.0,0.8546296296296297,9,38,3,1,0,125.90360641479492,300,0,0
INSTANCE_017,0.5,delay30,303,SA,368.5614,424.36,31.61500000000024,70,74,0.0,0.8546296296296297,9,38,3,1,0,125.7648468017578,300,0,0
INSTANCE_017,0.5,p85,303,FR,352.0319999999999,451.2808164999999,5.049634999999967,73,74,0.0,0.836574074074074,7,38,3,1,0,57.19757080078125,360,0,0
INSTANCE_017,0.5,p85,303,NR,343.766,437.361854,21.343218833333253,71,74,0.0,1.0,0,38,3,3,0,0.0,0,1,0
INSTANCE_017,0.5,p85,303,RG,368.5613,462.8899054999999,4.903221000000031,73,74,0.0,0.8337962962962964,9,38,3,1,0,138.2148265838623,330,0,0
INSTANCE_017,0.5,p85,303,SA,346.5343999999999,440.8603779999999,8.586411833333273,72,74,0.0,0.975,3,38,3,2,0,123.40068817138672,300,0,0
INSTANCE_017,0.5,p95,303,FR,381.5016999999999,520.2037716666667,31.29613833333235,71,74,0.0,0.8592592592592593,11,38,3,1,0,71.06280326843262,460,0,0
INSTANCE_017,0.5,p95,303,NR,343.766,468.3301100000001,56.17487583333218,70,74,0.0,1.0,0,38,3,3,0,0.0,0,1,0
INSTANCE_017,0.5,p95,303,RG,368.5613,496.8970575,31.29613833333235,71,74,0.0,0.8337962962962964,9,38,3,1,0,135.4222297668457,330,0,0
INSTANCE_017,0.5,p95,303,SA,360.7218999999999,496.4508,31.29613833333235,71,74,0.0,0.8662037037037038,12,38,3,1,0,190.22798538208008,470,0,0
INSTANCE_017,0.75,delay20,303,FR,346.5343999999999,405.3016666666667,26.990000000000123,71,74,0.0,0.9404761904761904,3,20,3,2,0,60.93406677246094,410,0,0
INSTANCE_017,0.75,delay20,303,NR,343.766,402.275,42.99000000000012,71,74,0.0,1.0,0,20,3,3,0,0.0,0,1,0
INSTANCE_017,0.75,delay20,303,RG,346.5343999999999,405.3016666666667,26.990000000000123,71,74,0.0,0.9404761904761904,3,20,3,2,0,115.94629287719728,300,0,0
INSTANCE_017,0.75,delay20,303,SA,346.5343999999999,405.3016666666667,26.990000000000123,71,74,0.0,0.9404761904761904,3,20,3,2,0,121.54579162597656,300,0,0
INSTANCE_017,0.75,delay30,303,FR,374.8295,431.0516666666667,57.40166666666653,71,74,0.0,0.7678571428571429,7,20,3,2,0,55.40919303894043,370,0,0
INSTANCE_017,0.75,delay30,303,NR,343.766,402.275,78.35000000000014,69,74,0.0,1.0,0,20,3,3,0,0.0,0,1,0
INSTANCE_017,0.75,delay30,303,RG,346.5343999999999,405.3016666666667,62.350000000000136,69,74,0.0,0.9404761904761904,3,20,3,2,0,120.99599838256836,300,0,0
INSTANCE_017,0.75,delay30,303,SA,346.5343999999999,405.3016666666667,62.350000000000136,69,74,0.0,0.9404761904761904,3,20,3,2,0,119.06290054321288,300,0,0
INSTANCE_017,0.75,p85,303,FR,346.53439999999995,422.0570191666666,0.4906186666665917,73,74,0.0,0.9166666666666666,2,20,3,2,0,57.37638473510742,340,0,0
INSTANCE_017,0.75,p85,303,NR,343.766,418.5584951666666,3.508220666666716,72,74,0.0,1.0,0,20,3,3,0,0.0,0,1,0
INSTANCE_017,0.75,p85,303,RG,346.5343999999999,422.0570191666666,0.4906186666665917,73,74,0.0,0.9404761904761904,3,20,3,2,0,130.93233108520508,300,0,0
INSTANCE_017,0.75,p85,303,SA,346.5343999999999,422.0570191666666,0.4906186666665917,73,74,0.0,0.9404761904761904,3,20,3,2,0,133.10551643371582,300,0,0
INSTANCE_017,0.75,p95,303,FR,346.5343999999999,436.8455791666667,3.4972766666666075,72,74,0.0,0.9404761904761904,3,20,3,2,0,64.81504440307617,430,0,0
INSTANCE_017,0.75,p95,303,NR,343.766,432.9305858333333,11.9623633333332,71,74,0.0,1.0,0,20,3,3,0,0.0,0,1,0
INSTANCE_017,0.75,p95,303,RG,346.5343999999999,436.8455791666667,3.4972766666666075,72,74,0.0,0.9404761904761904,3,20,3,2,0,118.51882934570312,300,0,0
INSTANCE_017,0.75,p95,303,SA,346.5343999999999,436.8455791666667,3.4972766666666075,72,74,0.0,0.9404761904761904,3,20,3,2,0,125.9915828704834,300,0,0
INSTANCE_018,0.25,delay20,303,FR,290.4521,369.0416666666667,57.09333333333336,59,65,0.0,0.8541666666666666,13,49,2,1,0,40.071725845336914,220,0,0
INSTANCE_018,0.25,delay20,303,NR,284.4485,364.9916666666667,75.98666666666657,58,65,0.0,1.0,0,49,2,2,0,0.0,0,1,0
INSTANCE_018,0.25,delay20,303,RG,288.67920000000004,367.1066666666667,62.10499999999967,59,65,0.0,0.9085144927536232,13,49,2,1,0,127.75492668151855,280,0,0
INSTANCE_018,0.25,delay20,303,SA,288.67920000000004,367.1066666666667,62.10499999999967,59,65,0.0,0.9085144927536232,13,49,2,1,0,122.28083610534668,280,0,0
INSTANCE_018,0.25,delay30,303,FR,290.4521,369.0416666666667,117.09333333333336,59,65,0.0,0.8541666666666666,13,49,2,1,0,36.39340400695801,220,0,0
INSTANCE_018,0.25,delay30,303,NR,284.4485,364.9916666666667,145.98666666666657,58,65,0.0,1.0,0,49,2,2,0,0.0,0,1,0
INSTANCE_018,0.25,delay30,303,RG,288.67920000000004,367.1066666666667,125.58499999999948,58,65,0.0,0.9085144927536232,13,49,2,1,0,119.7662353515625,280,0,0
INSTANCE_018,0.25,delay30,303,SA,288.67920000000004,367.1066666666667,125.58499999999948,58,65,0.0,0.9085144927536232,13,49,2,1,0,124.7239112854004,280,0,0
INSTANCE_018,0.25,p85,303,FR,292.2631,418.2956231666666,42.20530999999971,62,65,0.0,0.8306159420289855,14,49,2,1,0,34.093379974365234,200,0,0
INSTANCE_018,0.25,p85,303,NR,284.4485,410.44898866666665,61.3737743333337,61,65,0.0,1.0,0,49,2,2,0,0.0,0,1,0
INSTANCE_018,0.25,p85,303,RG,288.67920000000004,412.8937171666666,45.168267000000014,62,65,0.0,0.9085144927536232,13,49,2,1,0,122.51043319702148,280,0,0
INSTANCE_018,0.25,p85,303,SA,288.67920000000004,412.8937171666666,45.168267000000014,62,65,0.0,0.9085144927536232,13,49,2,1,0,118.24512481689452,280,0,0
INSTANCE_018,0.25,p95,303,FR,293.4104,458.2904358333334,122.24832333333256,57,65,0.0,0.8532608695652174,14,49,2,1,0,50.124168395996094,290,0,0
INSTANCE_018,0.25,p95,303,NR,284.4485,450.57039666666674,164.1872108333323,56,65,0.0,1.0,0,49,2,2,0,0.0,0,1,0
INSTANCE_018,0.25,p95,303,RG,288.67920000000004,453.3061491666667,133.70226583333238,57,65,0.0,0.9085144927536232,13,49,2,1,0,123.95191192626952,280,0,0
INSTANCE_018,0.25,p95,303,SA,288.67920000000004,453.3061491666667,133.70226583333238,57,65,0.0,0.9085144927536232,13,49,2,1,0,119.99893188476562,280,0,0
INSTANCE_018,0.5,delay20,303,FR,290.3489,368.75166666666667,56.5133333333332,59,65,0.0,0.7916666666666666,11,33,2,1,0,30.331850051879883,200,0,0
INSTANCE_018,0.5,delay20,303,NR,284.4485,364.9916666666667,75.98666666666657,58,65,0.0,1.0,0,33,2,2,0,0.0,0,1,0
INSTANCE_018,0.5,delay20,303,RG,289.7194,371.8683333333332,72.46666666666646,58,65,0.0,0.7875,10,33,2,1,0,110.5203628540039,260,0,0
INSTANCE_018,0.5,delay20,303,SA,287.8379,365.58,63.271666666666526,59,65,0.0,0.7875,10,33,2,1,0,103.09481620788574,240,0,0
INSTANCE_018,0.5,delay30,303,FR,290.3489,368.75166666666667,116.5133333333332,59,65,0.0,0.7916666666666666,11,33,2,1,0,34.898996353149414,200,0,0
INSTANCE_018,0.5,delay30,303,NR,284.4485,364.9916666666667,145.98666666666657,58,65,0.0,1.0,0,33,2,2,0,0.0,0,1,0
INSTANCE_018,0.5,delay30,303,RG,295.9481,376.1133333333333,138.28999999999996,58,65,0.0,0.7770833333333333,11,33,2,1,0,135.87021827697754,300,0,0
INSTANCE_018,0.5,delay30,303,SA,287.8379,365.58,129.88999999999965,58,65,0.0,0.7875,10,33,2,1,0,106.92620277404784,240,0,0
INSTANCE_018,0.5,p85,303,FR,290.3489,403.738225,25.31695766666633,63,65,0.0,0.7916666666666666,11,33,2,1,0,33.87093544006348,200,0,0
INSTANCE_018,0.5,p85,303,NR,284.4485,399.392041,40.76175133333288,62,65,0.0,1.0,0,33,2,2,0,0.0,0,1,0
INSTANCE_018,0.5,p85,303,RG,294.8845,411.6426545,28.590626833332752,62,65,0.0,0.7916666666666666,11,33,2,1,0,141.20054244995117,330,0,0
INSTANCE_018,0.5,p85,303,SA,284.4485,399.392041,40.76175133333288,62,65,0.0,1.0,0,33,2,2,0,86.17115020751953,200,1,0
INSTANCE_018,0.5,p95,303,FR,290.3489,434.6179583333334,57.45546166666645,61,65,0.0,0.7916666666666666,11,33,2,1,0,34.758567810058594,200,0,0
INSTANCE_018,0.5,p95,303,NR,284.4485,429.75439833333337,92.8874366666663,60,65,0.0,1.0,0,33,2,2,0,0.0,0,1,0
INSTANCE_018,0.5,p95,303,RG,295.9481,444.1402741666667,84.09724999999992,61,65,0.0,0.7770833333333333,11,33,2,1,0,111.56630516052246,250,0,0
INSTANCE_018,0.5,p95,303,SA,284.99070000000006,430.7978216666667,62.99595333333298,61,65,0.0,0.80625,13,33,2,1,0,191.9996738433838,460,0,0
INSTANCE_018,0.75,delay20,303,FR,282.0205,362.3616666666667,58.29166666666674,61,65,0.0,0.8214285714285714,4,17,2,1,0,31.839370727539062,200,0,0
INSTANCE_018,0.75,delay20,303,NR,284.4485,364.9916666666667,63.135000000000105,60,65,0.0,1.0,0,17,2,2,0,0.0,0,1,0
INSTANCE_018,0.75,delay20,303,RG,286.9363,364.80166666666673,54.79666666666651,61,65,0.0,0.658234126984127,11,17,2,0,0,133.7299346923828,320,0,0
INSTANCE_018,0.75,delay20,303,SA,282.0205,362.3616666666667,58.29166666666674,61,65,0.0,0.8214285714285714,4,17,2,1,0,95.99971771240234,230,0,0
INSTANCE_018,0.75,delay30,303,FR,282.0205,362.3616666666667,107.87499999999989,60,65,0.0,0.8214285714285714,4,17,2,1,0,30.222654342651367,200,0,0
INSTANCE_018,0.75,delay30,303,NR,284.4485,364.9916666666667,113.1350000000001,60,65,0.0,1.0,0,17,2,2,0,0.0,0,1,0
INSTANCE_018,0.75,delay30,303,RG,282.0205,362.3616666666667,107.87499999999989,60,65,0.0,0.8214285714285714,4,17,2,1,0,106.54401779174805,270,0,0
INSTANCE_018,0.75,delay30,303,SA,282.0205,362.3616666666667,107.87499999999989,60,65,0.0,0.8214285714285714,4,17,2,1,0,88.5152816772461,230,0,0
INSTANCE_018,0.75,p85,303,FR,282.0205,381.42563833333327,18.26343283333324,63,65,0.0,0.8214285714285714,4,17,2,1,0,33.96487236022949,200,0,0
INSTANCE_018,0.75,p85,303,NR,284.4485,384.4656553333333,21.303449833333275,63,65,0.0,1.0,0,17,2,2,0,0.0,0,1,0
INSTANCE_018,0.75,p85,303,RG,282.0205,381.42563833333327,18.26343283333324,63,65,0.0,0.8214285714285714,4,17,2,1,0,123.83580207824708,260,0,0
INSTANCE_018,0.75,p85,303,SA,284.4485,384.4656553333333,21.303449833333275,63,65,0.0,1.0,0,17,2,2,0,92.3614501953125,200,1,0
INSTANCE_018,0.75,p95,303,FR,282.0205,398.251825,31.308600833333458,63,65,0.0,0.8214285714285714,4,17,2,1,0,31.560659408569336,200,0,0
INSTANCE_018,0.75,p95,303,NR,284.4485,401.65373,34.97946999999988,62,65,0.0,1.0,0,17,2,2,0,0.0,0,1,0
INSTANCE_018,0.75,p95,303,RG,282.0205,398.251825,31.308600833333458,63,65,0.0,0.8214285714285714,4,17,2,1,0,111.12737655639648,270,0,0
INSTANCE_018,0.75,p95,303,SA,284.4485,401.65373,34.97946999999988,62,65,0.0,1.0,0,17,2,2,0,85.30235290527344,200,1,0
INSTANCE_021,0.25,delay20,303,FR,435.9183,473.9883333333333,57.31666666666729,47,53,0.0,0.731516290726817,27,41,2,0,0,70.04332542419434,450,0,0
INSTANCE_021,0.25,delay20,303,NR,430.105,464.76666666666665,123.73333333333346,44,53,0.0,1.0,0,41,2,2,0,0.0,0,1,0
INSTANCE_021,0.25,delay20,303,RG,433.3531,468.26666666666665,85.37833333333367,46,53,0.0,0.9287907268170426,7,41,2,0,0,137.73798942565918,330,0,0
INSTANCE_021,0.25,delay20,303,SA,433.3531,468.26666666666665,85.37833333333367,46,53,0.0,0.9287907268170426,7,41,2,0,0,133.89086723327637,330,0,0
INSTANCE_021,0.25,delay30,303,FR,439.3679000000001,476.0966666666667,102.20166666666704,45,53,0.0,0.7516917293233083,20,41,2,0,0,95.59917449951172,680,0,0
INSTANCE_021,0.25,delay30,303,NR,430.105,464.76666666666665,220.13833333333355,42,53,0.0,1.0,0,41,2,2,0,0.0,0,1,0
INSTANCE_021,0.25,delay30,303,RG,433.3531,468.26666666666665,175.403333333334,42,53,0.0,0.9287907268170426,7,41,2,0,0,121.6421127319336,330,0,0
INSTANCE_021,0.25,delay30,303,SA,433.3531,468.26666666666665,175.403333333334,42,53,0.0,0.9287907268170426,7,41,2,0,0,127.3488998413086,330,0,0
INSTANCE_021,0.25,p85,303,FR,427.8748,529.5962186666667,66.71347450000064,49,53,0.0,0.8184210526315789,18,41,2,1,0,47.94955253601074,300,0,0
INSTANCE_021,0.25,p85,303,NR,430.105,526.9723256666666,123.16060599999992,47,53,0.0,1.0,0,41,2,2,0,0.0,0,1,0
INSTANCE_021,0.25,p85,303,RG,432.5086,530.2859056666666,83.33486999999957,47,53,0.0,0.9156328320802004,6,41,2,0,0,174.25251007080078,430,0,0
INSTANCE_021,0.25,p85,303,SA,432.5086,530.4092016666666,83.70475799999986,47,53,0.0,0.9577380952380952,4,41,2,1,0,156.80909156799316,380,0,0
INSTANCE_021,0.25,p95,303,FR,430.5868,588.6217041666669,133.87609333333398,45,53,0.0,0.7862781954887217,23,41,2,0,0,51.98764801025391,350,0,0
INSTANCE_021,0.25,p95,303,NR,430.105,581.8761016666667,253.8908700000008,45,53,0.0,1.0,0,41,2,2,0,0.0,0,1,0
INSTANCE_021,0.25,p95,303,RG,432.817,585.5474858333334,235.4648375000012,44,53,0.0,0.925751879699248,7,41,2,0,0,145.78938484191897,370,0,0
INSTANCE_021,0.25,p95,303,SA,432.817,585.6854591666668,236.0167308333345,44,53,0.0,0.9678571428571427,5,41,2,1,0,123.74448776245116,320,0,0
INSTANCE_021,0.5,delay20,303,FR,483.74430000000007,521.8633333333332,50.625,48,53,0.0,0.6936813186813187,23,27,2,0,0,55.92679977416992,360,0,0
INSTANCE_021,0.5,delay20,303,NR,430.105,464.76666666666665,113.6400000000002,46,53,0.0,1.0,0,27,2,2,0,0.0,0,1,0
INSTANCE_021,0.5,delay20,303,RG,450.9597,489.23333333333335,47.98666666666668,48,53,0.0,0.801510989010989,13,27,2,0,0,222.35941886901853,520,0,0
INSTANCE_021,0.5,delay20,303,SA,432.817,467.7116666666666,86.6916666666666,47,53,0.0,0.945054945054945,5,27,2,1,0,104.66957092285156,240,0,0
INSTANCE_021,0.5,delay30,303,FR,453.0921,493.385,116.69333333333338,44,53,0.0,0.7623626373626373,15,27,2,0,0,59.49020385742188,380,0,0
INSTANCE_021,0.5,delay30,303,NR,430.105,464.76666666666665,190.0450000000003,44,53,0.0,1.0,0,27,2,2,0,0.0,0,1,0
INSTANCE_021,0.5,delay30,303,RG,439.2842,473.4966666666666,147.4366666666666,45,53,0.0,0.8434065934065934,13,27,2,1,0,171.09084129333496,400,0,0
INSTANCE_021,0.5,delay30,303,SA,432.817,467.7116666666666,158.30833333333362,44,53,0.0,0.945054945054945,5,27,2,1,0,98.8621711730957,240,0,0
INSTANCE_021,0.5,p85,303,FR,475.2458,570.1899588333333,16.56689550000044,50,53,0.0,0.6845238095238095,21,27,2,0,0,51.36609077453613,330,0,0
INSTANCE_021,0.5,p85,303,NR,430.105,513.4352688333333,82.54943550000007,47,53,0.0,1.0,0,27,2,2,0,0.0,0,1,0
INSTANCE_021,0.5,p85,303,RG,432.817,516.8393943333333,55.50065533333316,48,53,0.0,0.945054945054945,5,27,2,1,0,96.5418815612793,240,0,0
INSTANCE_021,0.5,p85,303,SA,432.817,516.8393943333333,55.50065533333316,48,53,0.0,0.945054945054945,5,27,2,1,0,94.49911117553712,240,0,0
INSTANCE_021,0.5,p95,303,FR,451.69770000000005,589.6123991666667,82.06916250000063,47,53,0.0,0.7806776556776557,15,27,2,0,0,35.060882568359375,230,0,0
INSTANCE_021,0.5,p95,303,NR,430.105,556.3910075000001,165.63850750000063,47,53,0.0,1.0,0,27,2,2,0,0.0,0,1,0
INSTANCE_021,0.5,p95,303,RG,432.29230000000007,560.2305466666667,130.0669050000006,47,53,0.0,0.912087912087912,4,27,2,1,0,91.83645248413086,220,0,0
INSTANCE_021,0.5,p95,303,SA,432.29230000000007,560.2305466666667,130.0669050000006,47,53,0.0,0.912087912087912,4,27,2,1,0,96.48489952087402,220,0,0
INSTANCE_021,0.75,delay20,303,FR,431.5469,466.4883333333333,42.74166666666656,50,53,0.0,0.8690476190476191,4,14,2,1,0,39.86525535583496,260,0,0
INSTANCE_021,0.75,delay20,303,NR,430.105,464.76666666666665,75.92666666666685,49,53,0.0,1.0,0,14,2,2,0,0.0,0,1,0
INSTANCE_021,0.75,delay20,303,RG,431.5469,466.4883333333333,42.74166666666656,50,53,0.0,0.8690476190476191,4,14,2,1,0,78.27305793762207,200,0,0
INSTANCE_021,0.75,delay20,303,SA,431.5469,466.4883333333333,42.74166666666656,50,53,0.0,0.8690476190476191,4,14,2,1,0,77.61597633361816,200,0,0
INSTANCE_021,0.75,delay30,303,FR,431.5469,466.4883333333333,77.20666666666682,49,53,0.0,0.8690476190476191,4,14,2,1,0,40.56620597839356,260,0,0
INSTANCE_021,0.75,delay30,303,NR,430.105,464.76666666666665,115.92666666666685,49,53,0.0,1.0,0,14,2,2,0,0.0,0,1,0
INSTANCE_021,0.75,delay30,303,RG,431.5469,466.4883333333333,77.20666666666682,49,53,0.0,0.8690476190476191,4,14,2,1,0,82.66830444335938,200,0,0
INSTANCE_021,0.75,delay30,303,SA,431.5469,466.4883333333333,77.20666666666682,49,53,0.0,0.8690476190476191,4,14,2,1,0,80.97696304321289,200,0,0
INSTANCE_021,0.75,p85,303,FR,431.3306,494.4219125,23.032620999999835,51,53,0.0,0.8273809523809523,4,14,2,1,0,45.656681060791016,310,0,0
INSTANCE_021,0.75,p85,303,NR,430.105,492.4376175,38.60844900000018,49,53,0.0,1.0,0,14,2,2,0,0.0,0,1,0
INSTANCE_021,0.75,p85,303,RG,431.5469,494.427692,23.032620999999835,51,53,0.0,0.8690476190476191,4,14,2,1,0,79.25200462341309,200,0,0
INSTANCE_021,0.75,p85,303,SA,431.5469,494.427692,23.032620999999835,51,53,0.0,0.8690476190476191,4,14,2,1,0,78.30357551574707,200,0,0
INSTANCE_021,0.75,p95,303,FR,431.5469,519.0874466666668,47.75534083333321,50,53,0.0,0.8690476190476191,4,14,2,1,0,37.920236587524414,260,0,0
INSTANCE_021,0.75,p95,303,NR,430.105,516.8604708333335,76.28011833333369,49,53,0.0,1.0,0,14,2,2,0,0.0,0,1,0
INSTANCE_021,0.75,p95,303,RG,431.5469,519.0874466666668,47.75534083333321,50,53,0.0,0.8690476190476191,4,14,2,1,0,80.38640022277832,200,0,0
INSTANCE_021,0.75,p95,303,SA,431.5469,519.0874466666668,47.75534083333321,50,53,0.0,0.8690476190476191,4,14,2,1,0,81.9852352142334,200,0,0
INSTANCE_022,0.25,delay20,303,FR,455.2261,504.90333333333336,15.813333333333505,64,66,0.0,0.7628851540616246,23,50,3,1,0,88.39225769042969,540,0,0
INSTANCE_022,0.25,delay20,303,NR,347.9764,409.4933333333333,68.21333333333382,60,66,0.0,1.0,0,50,3,3,0,0.0,0,1,0
INSTANCE_022,0.25,delay20,303,RG,442.7647,496.945,28.443333333334067,62,66,0.0,0.7699035169623406,31,50,3,1,0,165.94314575195312,370,0,0
INSTANCE_022,0.25,delay20,303,SA,392.9738,446.89666666666665,25.48000000000048,62,66,0.0,0.8005913476501713,24,50,3,1,0,318.68672370910645,700,0,0
INSTANCE_022,0.25,delay30,303,FR,429.7671,478.8783333333334,75.08500000000026,60,66,0.0,0.7817615935262995,24,50,3,1,0,79.42581176757812,440,0,0
INSTANCE_022,0.25,delay30,303,NR,347.9764,409.4933333333333,130.9933333333339,59,66,0.0,1.0,0,50,3,3,0,0.0,0,1,0
INSTANCE_022,0.25,delay30,303,RG,465.433,509.9316666666667,38.63833333333389,62,66,0.0,0.6994553376906318,31,50,3,1,0,291.1112308502197,670,0,0
INSTANCE_022,0.25,delay30,303,SA,441.3487,487.0033333333333,38.63833333333389,62,66,0.0,0.7700902583255526,31,50,3,1,0,247.24793434143064,560,0,0
INSTANCE_022,0.25,p85,303,FR,418.5392,515.9343116666666,0.7055181666667067,65,66,0.0,0.7535325241207594,23,50,3,1,0,95.6552028656006,610,0,0
INSTANCE_022,0.25,p85,303,NR,347.9764,460.4549646666667,37.35378666666736,62,66,0.0,1.0,0,50,3,3,0,0.0,0,1,0
INSTANCE_022,0.25,p85,303,RG,396.9125,498.4609566666666,9.680324333333488,64,66,0.0,0.8286959228135699,13,50,3,1,0,181.140661239624,450,0,0
INSTANCE_022,0.25,p85,303,SA,382.2553,482.92951366666665,7.322338333333505,64,66,0.0,0.8496732026143791,17,50,3,2,0,213.6683464050293,530,0,0
INSTANCE_022,0.25,p95,303,FR,415.1597,575.891515,45.610146666666765,64,66,0.0,0.7715530656707128,18,50,3,1,0,90.35634994506836,600,0,0
INSTANCE_022,0.25,p95,303,NR,347.9764,505.43457,88.28413333333367,62,66,0.0,1.0,0,50,3,3,0,0.0,0,1,0
INSTANCE_022,0.25,p95,303,RG,446.4129,617.6500066666666,45.610146666666765,64,66,0.0,0.8112356053532525,20,50,3,1,0,175.90570449829102,430,0,0
INSTANCE_022,0.25,p95,303,SA,397.2184,563.4825383333333,45.610146666666765,64,66,0.0,0.8477435418611888,20,50,3,1,0,217.1719074249268,530,0,0
INSTANCE_022,0.5,delay20,303,FR,372.6736,429.1233333333333,11.66000000000031,63,66,0.0,0.8481481481481481,14,33,3,1,0,89.48016166687012,560,0,0
INSTANCE_022,0.5,delay20,303,NR,347.9764,409.4933333333333,43.32666666666705,62,66,0.0,1.0,0,33,3,3,0,0.0,0,1,0
INSTANCE_022,0.5,delay20,303,RG,411.0484,455.685,9.85666666666691,64,66,0.0,0.8531986531986532,19,33,3,1,0,153.74207496643066,350,0,0
INSTANCE_022,0.5,delay20,303,SA,413.5709,458.02166666666665,9.85666666666691,64,66,0.0,0.8717171717171718,19,33,3,1,0,130.4762363433838,300,0,0
INSTANCE_022,0.5,delay30,303,FR,363.9313,421.96333333333337,57.29000000000031,63,66,0.0,0.9037037037037038,10,33,3,2,0,75.20294189453125,480,0,0
INSTANCE_022,0.5,delay30,303,NR,347.9764,409.4933333333333,83.32666666666705,62,66,0.0,1.0,0,33,3,3,0,0.0,0,1,0
INSTANCE_022,0.5,delay30,303,RG,426.9706,465.5416666666666,26.543333333333862,62,66,0.0,0.7673400673400673,20,33,3,1,0,225.88658332824707,460,0,0
INSTANCE_022,0.5,delay30,303,SA,413.5709,458.02166666666665,35.65333333333376,63,66,0.0,0.8717171717171718,19,33,3,1,0,142.3344612121582,300,0,0
INSTANCE_022,0.5,p85,303,FR,371.24860000000007,468.650589,9.51354600000002,64,66,0.0,0.7313131313131312,12,33,3,1,0,78.19557189941406,480,0,0
INSTANCE_022,0.5,p85,303,NR,347.9764,447.432118,19.05001666666704,63,66,0.0,1.0,0,33,3,3,0,0.0,0,1,0
INSTANCE_022,0.5,p85,303,RG,404.7078,494.8721805,4.28511600000013,65,66,0.0,0.7717171717171718,16,33,3,1,0,172.49298095703125,400,0,0
INSTANCE_022,0.5,p85,303,SA,395.09350000000006,486.4109925,5.888971666666862,64,66,0.0,0.9494949494949496,9,33,3,2,0,128.97276878356934,300,0,0
INSTANCE_022,0.5,p95,303,FR,362.2141,496.5969125,32.77938500000005,65,66,0.0,0.8016835016835017,13,33,3,1,0,87.13030815124512,540,0,0
INSTANCE_022,0.5,p95,303,NR,347.9764,480.91753666666665,52.05108333333351,63,66,0.0,1.0,0,33,3,3,0,0.0,0,1,0
INSTANCE_022,0.5,p95,303,RG,411.1535,540.9079108333333,21.662170833333448,65,66,0.0,0.7673400673400673,19,33,3,1,0,184.45587158203125,440,0,0
INSTANCE_022,0.5,p95,303,SA,413.5709,543.6889358333333,23.29910333333362,64,66,0.0,0.8717171717171718,19,33,3,1,0,126.02829933166504,300,0,0
INSTANCE_022,0.75,delay20,303,FR,356.7187,416.65333333333336,9.993333333333569,64,66,0.0,0.8555555555555555,4,17,3,2,0,50.42266845703125,340,0,0
INSTANCE_022,0.75,delay20,303,NR,347.9764,409.4933333333333,25.62333333333356,64,66,0.0,1.0,0,17,3,3,0,0.0,0,1,0
INSTANCE_022,0.75,delay20,303,RG,359.807,417.6683333333334,12.02333333333354,64,66,0.0,0.888888888888889,4,17,3,2,0,135.23054122924805,350,0,0
INSTANCE_022,0.75,delay20,303,SA,356.7187,416.65333333333336,9.993333333333569,64,66,0.0,0.8555555555555555,4,17,3,2,0,130.35917282104492,330,0,0
INSTANCE_022,0.75,delay30,303,FR,356.7187,416.65333333333336,29.993333333333567,64,66,0.0,0.8555555555555555,4,17,3,2,0,49.31950569152832,340,0,0
INSTANCE_022,0.75,delay30,303,NR,347.9764,409.4933333333333,45.62333333333356,64,66,0.0,1.0,0,17,3,3,0,0.0,0,1,0
INSTANCE_022,0.75,delay30,303,RG,356.7187,416.65333333333336,29.993333333333567,64,66,0.0,0.8555555555555555,4,17,3,2,0,157.98306465148926,400,0,0
INSTANCE_022,0.75,delay30,303,SA,356.7187,416.65333333333336,29.993333333333567,64,66,0.0,0.8555555555555555,4,17,3,2,0,130.0797462463379,330,0,0
INSTANCE_022,0.75,p85,303,FR,356.71870000000007,438.8693073333333,0.0,66,66,0.0,0.8222222222222223,4,17,3,2,0,57.69062042236328,380,0,0
INSTANCE_022,0.75,p85,303,NR,347.9764,430.4774733333333,9.41206000000011,65,66,0.0,1.0,0,17,3,3,0,0.0,0,1,0
INSTANCE_022,0.75,p85,303,RG,356.7187,438.7537173333333,0.0,66,66,0.0,0.8555555555555555,4,17,3,2,0,134.41061973571777,330,0,0
INSTANCE_022,0.75,p85,303,SA,356.7187,438.7537173333333,0.0,66,66,0.0,0.8555555555555555,4,17,3,2,0,136.82818412780762,330,0,0
INSTANCE_022,0.75,p95,303,FR,356.7187,458.25989333333337,6.245953333333318,65,66,0.0,0.8555555555555555,4,17,3,2,0,59.50474739074708,400,0,0
INSTANCE_022,0.75,p95,303,NR,347.9764,448.99843333333337,23.506356666666875,64,66,0.0,1.0,0,17,3,3,0,0.0,0,1,0
INSTANCE_022,0.75,p95,303,RG,359.807,459.5727958333334,7.558855833333382,65,66,0.0,0.888888888888889,4,17,3,2,0,143.38088035583496,350,0,0
INSTANCE_022,0.75,p95,303,SA,356.7187,458.25989333333337,6.245953333333318,65,66,0.0,0.8555555555555555,4,17,3,2,0,131.2258243560791,330,0,0
INSTANCE_025,0.25,delay20,303,FR,348.6767,381.9633333333333,87.995,55,61,0.0,0.8894927536231885,11,46,2,1,0,33.52165222167969,200,0,0
INSTANCE_025,0.25,delay20,303,NR,342.96770000000004,376.8733333333333,97.53666666666686,53,61,0.0,1.0,0,46,2,2,0,0.0,0,1,0
INSTANCE_025,0.25,delay20,303,RG,342.96770000000004,376.8733333333333,97.53666666666686,53,61,0.0,1.0,0,46,2,2,0,88.7458324432373,200,1,0
INSTANCE_025,0.25,delay20,303,SA,342.96770000000004,376.8733333333333,97.53666666666686,53,61,0.0,1.0,0,46,2,2,0,87.79692649841309,200,1,0
INSTANCE_025,0.25,delay30,303,FR,348.6767,381.9633333333333,181.1700000000003,50,61,0.0,0.8894927536231885,11,46,2,1,0,34.09433364868164,200,0,0
INSTANCE_025,0.25,delay30,303,NR,342.96770000000004,376.8733333333333,202.21500000000023,49,61,0.0,1.0,0,46,2,2,0,0.0,0,1,0
INSTANCE_025,0.25,delay30,303,RG,367.8007,396.1333333333333,190.6433333333341,50,61,0.0,0.8903985507246377,23,46,2,1,0,192.8496360778809,440,0,0
INSTANCE_025,0.25,delay30,303,SA,342.96770000000004,376.8733333333333,202.21500000000023,49,61,0.0,1.0,0,46,2,2,0,86.6239070892334,200,1,0
INSTANCE_025,0.25,p85,303,FR,348.6767,430.7743241666666,69.20038533333411,54,61,0.0,0.8894927536231885,11,46,2,1,0,29.957294464111328,200,0,0
INSTANCE_025,0.25,p85,303,NR,342.96770000000004,424.8907931666666,73.72280533333412,53,61,0.0,1.0,0,46,2,2,0,0.0,0,1,0
INSTANCE_025,0.25,p85,303,RG,342.96770000000004,424.8907931666666,73.72280533333412,53,61,0.0,1.0,0,46,2,2,0,78.77111434936523,200,1,0
INSTANCE_025,0.25,p85,303,SA,342.96770000000004,424.8907931666666,73.72280533333412,53,61,0.0,1.0,0,46,2,2,0,78.16338539123535,200,1,0
INSTANCE_025,0.25,p95,303,FR,348.6767,473.8557375000001,205.994415833334,51,61,0.0,0.8894927536231885,11,46,2,1,0,42.28758811950684,200,0,0
INSTANCE_025,0.25,p95,303,NR,342.96770000000004,467.2718225000001,232.43438000000103,49,61,0.0,1.0,0,46,2,2,0,0.0,0,1,0
INSTANCE_025,0.25,p95,303,RG,352.0439,476.90624166666674,224.3297783333337,51,61,0.0,0.865036231884058,10,46,2,1,0,144.9885368347168,270,0,0
INSTANCE_025,0.25,p95,303,SA,352.0439,476.90624166666674,224.3297783333337,51,61,0.0,0.865036231884058,10,46,2,1,0,116.7926788330078,270,0,0
INSTANCE_025,0.5,delay20,303,FR,348.7067,381.82666666666665,64.12000000000012,57,61,0.0,0.81875,12,31,2,1,0,32.13071823120117,210,0,0
INSTANCE_025,0.5,delay20,303,NR,342.96770000000004,376.8733333333333,73.79833333333374,55,61,0.0,1.0,0,31,2,2,0,0.0,0,1,0
INSTANCE_025,0.5,delay20,303,RG,377.5056,405.5216666666667,54.02499999999998,57,61,0.0,0.9041666666666668,15,31,2,1,0,89.67447280883789,220,0,0
INSTANCE_025,0.5,delay20,303,SA,376.496,405.6933333333334,54.270000000000095,56,61,0.0,0.94375,12,31,2,1,0,86.5793228149414,200,0,0
INSTANCE_025,0.5,delay30,303,FR,347.53090000000003,380.9016666666667,128.96166666666682,54,61,0.0,0.7541666666666667,13,31,2,1,0,45.03893852233887,300,0,0
INSTANCE_025,0.5,delay30,303,NR,342.96770000000004,376.8733333333333,151.74666666666724,52,61,0.0,1.0,0,31,2,2,0,0.0,0,1,0
INSTANCE_025,0.5,delay30,303,RG,377.5056,405.5216666666667,121.11833333333334,53,61,0.0,0.9041666666666668,15,31,2,1,0,93.80269050598145,220,0,0
INSTANCE_025,0.5,delay30,303,SA,376.496,405.6933333333334,121.63333333333355,53,61,0.0,0.94375,12,31,2,1,0,78.4158706665039,200,0,0
INSTANCE_025,0.5,p85,303,FR,342.9977,406.2473279999999,21.89445500000068,58,61,0.0,0.9458333333333332,3,31,2,1,0,34.45100784301758,220,0,0
INSTANCE_025,0.5,p85,303,NR,342.96770000000004,406.278152,21.92527900000061,58,61,0.0,1.0,0,31,2,2,0,0.0,0,1,0
INSTANCE_025,0.5,p85,303,RG,376.496,439.59119,13.505507000000648,59,61,0.0,0.94375,12,31,2,1,0,87.03398704528809,200,0,0
INSTANCE_025,0.5,p85,303,SA,376.496,439.59119,13.505507000000648,59,61,0.0,0.94375,12,31,2,1,0,86.35115623474121,200,0,0
INSTANCE_025,0.5,p95,303,FR,348.75610000000006,438.89933916666666,60.17547333333334,56,61,0.0,0.5842261904761905,23,31,2,0,0,47.15800285339356,330,0,0
INSTANCE_025,0.5,p95,303,NR,342.96770000000004,432.2313466666668,72.21248666666713,55,61,0.0,1.0,0,31,2,2,0,0.0,0,1,0
INSTANCE_025,0.5,p95,303,RG,377.5056,469.2879658333334,54.904758333333575,56,61,0.0,0.9041666666666668,15,31,2,1,0,84.4883918762207,220,0,0
INSTANCE_025,0.5,p95,303,SA,376.496,469.51001666666673,55.12680916666693,56,61,0.0,0.94375,12,31,2,1,0,77.26430892944336,200,0,0
INSTANCE_025,0.75,delay20,303,FR,342.9488,376.92333333333335,53.35000000000037,56,61,0.0,0.6428571428571428,6,16,2,1,0,44.02303695678711,300,0,0
INSTANCE_025,0.75,delay20,303,NR,342.96770000000004,376.8733333333333,56.900000000000425,56,61,0.0,1.0,0,16,2,2,0,0.0,0,1,0
INSTANCE_025,0.75,delay20,303,RG,342.9488,376.92333333333335,53.35000000000037,56,61,0.0,0.6428571428571428,6,16,2,1,0,128.4310817718506,300,0,0
INSTANCE_025,0.75,delay20,303,SA,342.96770000000004,376.8733333333333,56.900000000000425,56,61,0.0,1.0,0,16,2,2,0,84.01799201965332,200,1,0
INSTANCE_025,0.75,delay30,303,FR,342.9488,376.92333333333335,120.07166666666716,53,61,0.0,0.6428571428571428,6,16,2,1,0,40.35639762878418,300,0,0
INSTANCE_025,0.75,delay30,303,NR,342.96770000000004,376.8733333333333,124.84833333333393,53,61,0.0,1.0,0,16,2,2,0,0.0,0,1,0
INSTANCE_025,0.75,delay30,303,RG,342.9488,376.92333333333335,120.07166666666716,53,61,0.0,0.6428571428571428,6,16,2,1,0,107.70010948181152,300,0,0
INSTANCE_025,0.75,delay30,303,SA,342.96770000000004,376.8733333333333,124.84833333333393,53,61,0.0,1.0,0,16,2,2,0,74.38397407531738,200,1,0
INSTANCE_025,0.75,p85,303,FR,342.96770000000004,392.233121,5.701591500000063,59,61,0.0,1.0,0,16,2,2,0,28.03730964660645,200,1,0
INSTANCE_025,0.75,p85,303,NR,342.96770000000004,392.233121,5.701591500000063,59,61,0.0,1.0,0,16,2,2,0,0.0,0,1,0
INSTANCE_025,0.75,p85,303,RG,346.1913,395.6025694999999,4.416615999999976,59,61,0.0,0.6696428571428572,6,16,2,1,0,128.2670497894287,350,0,0
INSTANCE_025,0.75,p85,303,SA,342.96770000000004,392.233121,5.701591500000063,59,61,0.0,1.0,0,16,2,2,0,77.18801498413086,200,1,0
INSTANCE_025,0.75,p95,303,FR,346.1913,409.5604841666667,12.870824166666807,58,61,0.0,0.6696428571428572,6,16,2,1,0,51.08189582824707,350,0,0
INSTANCE_025,0.75,p95,303,NR,342.96770000000004,405.7899316666667,14.04088333333334,58,61,0.0,1.0,0,16,2,2,0,0.0,0,1,0
INSTANCE_025,0.75,p95,303,RG,346.1913,409.5604841666667,12.870824166666807,58,61,0.0,0.6696428571428572,6,16,2,1,0,136.86513900756836,350,0,0
INSTANCE_025,0.75,p95,303,SA,342.96770000000004,405.7899316666667,14.04088333333334,58,61,0.0,1.0,0,16,2,2,0,74.51725006103516,200,1,0
INSTANCE_026,0.25,delay20,303,FR,404.62160000000006,439.7816666666666,6.315000000000282,48,49,0.0,0.672015056022409,20,38,2,0,0,79.46157455444336,510,0,0
INSTANCE_026,0.25,delay20,303,NR,375.3776,408.5516666666666,43.11833333333357,46,49,0.0,1.0,0,38,2,2,0,0.0,0,1,0
INSTANCE_026,0.25,delay20,303,RG,391.3234000000001,414.5999999999999,19.01333333333355,47,49,0.0,0.8416579131652662,10,38,2,0,0,99.61819648742676,250,0,0
INSTANCE_026,0.25,delay20,303,SA,405.88040000000007,427.8783333333333,3.338333333333821,47,49,0.0,0.7589198179271709,22,38,2,0,0,182.10768699646,450,0,0
INSTANCE_026,0.25,delay30,303,FR,382.8219,420.375,35.00833333333355,46,49,0.0,0.7418504901960785,12,38,2,0,0,59.687137603759766,390,0,0
INSTANCE_026,0.25,delay30,303,NR,375.3776,408.5516666666666,73.11833333333357,46,49,0.0,1.0,0,38,2,2,0,0.0,0,1,0
INSTANCE_026,0.25,delay30,303,RG,391.3234000000001,414.5999999999999,39.01333333333355,47,49,0.0,0.8416579131652662,10,38,2,0,0,104.3708324432373,250,0,0
INSTANCE_026,0.25,delay30,303,SA,391.19810000000007,414.7783333333333,39.19166666666683,47,49,0.0,0.8678483893557423,8,38,2,0,0,101.3169288635254,240,0,0
INSTANCE_026,0.25,p85,303,FR,382.66870000000006,473.81866366666657,0.0,49,49,0.0,0.8851102941176471,4,38,2,1,0,32.018184661865234,220,0,0
INSTANCE_026,0.25,p85,303,NR,375.3776,461.11724916666657,8.699489333333531,48,49,0.0,1.0,0,38,2,2,0,0.0,0,1,0
INSTANCE_026,0.25,p85,303,RG,388.5469000000001,465.0010731666666,0.0,49,49,0.0,0.9476102941176472,4,38,2,1,0,74.50985908508301,200,0,0
INSTANCE_026,0.25,p85,303,SA,388.5469000000001,465.0010731666666,0.0,49,49,0.0,0.9476102941176472,4,38,2,1,0,72.5557804107666,200,0,0
INSTANCE_026,0.25,p95,303,FR,383.9584,522.9245816666667,9.577211666666358,46,49,0.0,0.7803308823529411,9,38,2,1,0,38.376569747924805,280,0,0
INSTANCE_026,0.25,p95,303,NR,375.3776,507.5125291666667,28.609500833333414,46,49,0.0,1.0,0,38,2,2,0,0.0,0,1,0
INSTANCE_026,0.25,p95,303,RG,388.5469000000001,511.8586891666666,9.061627499999872,47,49,0.0,0.9476102941176472,4,38,2,1,0,73.29082489013672,200,0,0
INSTANCE_026,0.25,p95,303,SA,388.5469000000001,511.8586891666666,9.061627499999872,47,49,0.0,0.9476102941176472,4,38,2,1,0,79.98490333557129,200,0,0
INSTANCE_026,0.5,delay20,303,FR,386.1323,422.31,0.0,49,49,0.0,0.6738011988011988,17,25,2,0,0,86.72595024108887,550,0,0
INSTANCE_026,0.5,delay20,303,NR,375.3776,408.5516666666666,25.38333333333356,47,49,0.0,1.0,0,25,2,2,0,0.0,0,1,0
INSTANCE_026,0.5,delay20,303,RG,376.26380000000006,409.1983333333333,8.796666666666852,48,49,0.0,0.5495504495504495,17,25,2,0,0,171.33164405822754,410,0,0
INSTANCE_026,0.5,delay20,303,SA,388.5469000000001,411.9116666666666,8.975000000000136,48,49,0.0,0.9363636363636364,4,25,2,1,0,82.59057998657227,200,0,0
INSTANCE_026,0.5,delay30,303,FR,380.4595000000001,407.8966666666666,18.79666666666685,48,49,0.0,0.6883366633366633,10,25,2,0,0,51.92136764526367,320,0,0
INSTANCE_026,0.5,delay30,303,NR,375.3776,408.5516666666666,45.38333333333355,47,49,0.0,1.0,0,25,2,2,0,0.0,0,1,0
INSTANCE_026,0.5,delay30,303,RG,381.0307,409.73333333333335,18.79666666666685,48,49,0.0,0.5427322677322677,15,25,2,0,0,118.5903549194336,280,0,0
INSTANCE_026,0.5,delay30,303,SA,380.0837,408.7466666666666,18.975000000000136,48,49,0.0,0.9068181818181816,4,25,2,1,0,109.09223556518556,250,0,0
INSTANCE_026,0.5,p85,303,FR,375.4384,451.18221166666655,0.0,49,49,0.0,0.8386363636363636,6,25,2,1,0,38.333892822265625,250,0,0
INSTANCE_026,0.5,p85,303,NR,375.3776,451.0203856666666,2.039441333333457,48,49,0.0,1.0,0,25,2,2,0,0.0,0,1,0
INSTANCE_026,0.5,p85,303,RG,375.4634,451.22652116666654,0.0,49,49,0.0,0.7113636363636363,10,25,2,1,0,173.35963249206543,390,0,0
INSTANCE_026,0.5,p85,303,SA,375.3776,451.0203856666666,2.039441333333457,48,49,0.0,1.0,0,25,2,2,0,87.65745162963867,200,1,0
INSTANCE_026,0.5,p95,303,FR,375.4384,488.6850916666667,0.0,49,49,0.0,0.8386363636363636,6,25,2,1,0,37.78076171875,250,0,0
INSTANCE_026,0.5,p95,303,NR,375.3776,488.5040016666667,7.009553333333543,48,49,0.0,1.0,0,25,2,2,0,0.0,0,1,0
INSTANCE_026,0.5,p95,303,RG,375.4634,488.7346758333333,0.0,49,49,0.0,0.7613636363636364,10,25,2,1,0,164.58725929260254,390,0,0
INSTANCE_026,0.5,p95,303,SA,388.5469000000001,492.85016166666674,0.0,49,49,0.0,0.9363636363636364,4,25,2,1,0,81.29525184631348,200,0,0
INSTANCE_026,0.75,delay20,303,FR,375.3776,408.5516666666666,0.0,49,49,0.0,1.0,0,13,2,2,0,31.18324279785156,200,1,0
INSTANCE_026,0.75,delay20,303,NR,375.3776,408.5516666666666,0.0,49,49,0.0,1.0,0,13,2,2,0,0.0,0,1,0
INSTANCE_026,0.75,delay20,303,RG,375.3776,408.5516666666666,0.0,49,49,0.0,1.0,0,13,2,2,0,83.43505859375,200,1,0
INSTANCE_026,0.75,delay20,303,SA,375.3776,408.5516666666666,0.0,49,49,0.0,1.0,0,13,2,2,0,81.96139335632324,200,1,0
INSTANCE_026,0.75,delay30,303,FR,375.3776,408.5516666666666,0.0,49,49,0.0,1.0,0,13,2,2,0,31.067371368408203,200,1,0
INSTANCE_026,0.75,delay30,303,NR,375.3776,408.5516666666666,0.0,49,49,0.0,1.0,0,13,2,2,0,0.0,0,1,0
INSTANCE_026,0.75,delay30,303,RG,375.3776,408.5516666666666,0.0,49,49,0.0,1.0,0,13,2,2,0,82.25321769714355,200,1,0
INSTANCE_026,0.75,delay30,303,SA,375.3776,408.5516666666666,0.0,49,49,0.0,1.0,0,13,2,2,0,82.0920467376709,200,1,0
INSTANCE_026,0.75,p85,303,FR,375.3776,433.4774783333333,0.0,49,49,0.0,1.0,0,13,2,2,0,31.722068786621094,200,1,0
INSTANCE_026,0.75,p85,303,NR,375.3776,433.4774783333333,0.0,49,49,0.0,1.0,0,13,2,2,0,0.0,0,1,0
INSTANCE_026,0.75,p85,303,RG,375.3776,433.4774783333333,0.0,49,49,0.0,1.0,0,13,2,2,0,83.84919166564941,200,1,0
INSTANCE_026,0.75,p85,303,SA,375.3776,433.4774783333333,0.0,49,49,0.0,1.0,0,13,2,2,0,83.85229110717773,200,1,0
INSTANCE_026,0.75,p95,303,FR,375.3776,455.477425,0.0,49,49,0.0,1.0,0,13,2,2,0,31.84056282043457,200,1,0
INSTANCE_026,0.75,p95,303,NR,375.3776,455.477425,0.0,49,49,0.0,1.0,0,13,2,2,0,0.0,0,1,0
INSTANCE_026,0.75,p95,303,RG,375.3776,455.477425,0.0,49,49,0.0,1.0,0,13,2,2,0,82.39340782165527,200,1,0
INSTANCE_026,0.75,p95,303,SA,375.3776,455.477425,0.0,49,49,0.0,1.0,0,13,2,2,0,84.62095260620117,200,1,0
INSTANCE_027,0.25,delay20,303,FR,295.8568,314.83833333333337,26.168333333333408,60,64,0.0,0.8982683982683983,9,49,2,1,0,54.184675216674805,360,0,0
INSTANCE_027,0.25,delay20,303,NR,295.5573999999999,314.0783333333334,32.678333333333285,59,64,0.0,1.0,0,49,2,2,0,0.0,0,1,0
INSTANCE_027,0.25,delay20,303,RG,295.5573999999999,314.0783333333334,32.678333333333285,59,64,0.0,1.0,0,49,2,2,0,75.74844360351562,200,1,0
INSTANCE_027,0.25,delay20,303,SA,297.4549999999999,315.9866666666667,26.9133333333333,59,64,0.0,0.935064935064935,7,49,2,1,0,123.96812438964844,330,0,0
INSTANCE_027,0.25,delay30,303,FR,295.5573999999999,314.0783333333334,86.72166666666658,57,64,0.0,1.0,0,49,2,2,0,28.62381935119629,200,1,0
INSTANCE_027,0.25,delay30,303,NR,295.5573999999999,314.0783333333334,86.72166666666658,57,64,0.0,1.0,0,49,2,2,0,0.0,0,1,0
INSTANCE_027,0.25,delay30,303,RG,295.5573999999999,314.0783333333334,86.72166666666658,57,64,0.0,1.0,0,49,2,2,0,81.27784729003906,200,1,0
INSTANCE_027,0.25,delay30,303,SA,297.4549999999999,315.9866666666667,82.3599999999999,57,64,0.0,0.935064935064935,7,49,2,1,0,125.53024291992188,330,0,0
INSTANCE_027,0.25,p85,303,FR,296.42999999999995,351.7264266666666,6.733216166666921,62,64,0.0,0.8993506493506493,8,49,2,1,0,55.98187446594238,350,0,0
INSTANCE_027,0.25,p85,303,NR,295.5573999999999,350.8094126666666,14.701398166666422,62,64,0.0,1.0,0,49,2,2,0,0.0,0,1,0
INSTANCE_027,0.25,p85,303,RG,295.5573999999999,350.8094126666666,14.701398166666422,62,64,0.0,1.0,0,49,2,2,0,81.14838600158691,200,1,0
INSTANCE_027,0.25,p85,303,SA,300.3579999999999,355.93775566666665,10.944545166666558,62,64,0.0,0.9372294372294372,5,49,2,1,0,122.35307693481444,300,0,0
INSTANCE_027,0.25,p95,303,FR,295.5573999999999,383.2288899999999,58.689403333333765,59,64,0.0,1.0,0,49,2,2,0,32.65738487243652,200,1,0
INSTANCE_027,0.25,p95,303,NR,295.5573999999999,383.2288899999999,58.689403333333765,59,64,0.0,1.0,0,49,2,2,0,0.0,0,1,0
INSTANCE_027,0.25,p95,303,RG,295.5573999999999,383.2288899999999,58.689403333333765,59,64,0.0,1.0,0,49,2,2,0,85.40058135986328,200,1,0
INSTANCE_027,0.25,p95,303,SA,295.5573999999999,383.2288899999999,58.689403333333765,59,64,0.0,1.0,0,49,2,2,0,81.48527145385742,200,1,0
INSTANCE_027,0.5,delay20,303,FR,281.9023,304.04666666666674,25.995000000000232,61,64,0.0,0.6666666666666666,15,33,2,1,0,31.589269638061523,220,0,0
INSTANCE_027,0.5,delay20,303,NR,295.5573999999999,314.0783333333334,32.50500000000011,60,64,0.0,1.0,0,33,2,2,0,0.0,0,1,0
INSTANCE_027,0.5,delay20,303,RG,280.52219999999994,301.29166666666663,26.00166666666701,61,64,0.0,0.4936974789915966,21,33,2,0,1,230.73077201843265,580,0,1
INSTANCE_027,0.5,delay20,303,SA,326.88899999999995,345.4000000000001,25.995000000000232,61,64,0.0,0.9404761904761904,11,33,2,1,0,80.28173446655273,200,0,0
INSTANCE_027,0.5,delay30,303,FR,281.9023,304.04666666666674,59.30166666666696,60,64,0.0,0.6666666666666666,15,33,2,1,0,33.677101135253906,220,0,0
INSTANCE_027,0.5,delay30,303,NR,295.5573999999999,314.0783333333334,76.5483333333334,58,64,0.0,1.0,0,33,2,2,0,0.0,0,1,0
INSTANCE_027,0.5,delay30,303,RG,331.4822,349.84333333333336,64.06833333333384,59,64,0.0,0.7115546218487395,15,33,2,0,1,119.57240104675292,310,0,1
INSTANCE_027,0.5,delay30,303,SA,326.88899999999995,345.4000000000001,66.6933333333335,59,64,0.0,0.9404761904761904,11,33,2,1,0,78.40466499328613,200,0,0
INSTANCE_027,0.5,p85,303,FR,281.9023,329.0740731666666,1.618762833333335,63,64,0.0,0.6666666666666666,15,33,2,1,0,32.14526176452637,220,0,0
INSTANCE_027,0.5,p85,303,NR,295.5573999999999,340.66967666666665,4.561662166666224,62,64,0.0,1.0,0,33,2,2,0,0.0,0,1,0
INSTANCE_027,0.5,p85,303,RG,306.1595,355.1165001666667,1.618762833333335,63,64,0.0,0.5551587301587302,21,33,2,0,0,130.17582893371582,350,0,0
INSTANCE_027,0.5,p85,303,SA,295.5573999999999,340.66967666666665,4.561662166666224,62,64,0.0,1.0,0,33,2,2,0,77.96287536621094,200,1,0
INSTANCE_027,0.5,p95,303,FR,281.6949,351.1723125,3.477050833333351,63,64,0.0,0.5294117647058824,21,33,2,0,0,49.204349517822266,310,0,0
INSTANCE_027,0.5,p95,303,NR,295.5573999999999,364.13965,20.923907499999927,62,64,0.0,1.0,0,33,2,2,0,0.0,0,1,0
INSTANCE_027,0.5,p95,303,RG,331.4822,410.4016775000001,8.19068249999998,62,64,0.0,0.7115546218487395,15,33,2,0,0,124.64118003845216,310,0,0
INSTANCE_027,0.5,p95,303,SA,331.6896,410.39305416666673,8.19068249999998,62,64,0.0,0.8488095238095238,9,33,2,1,0,89.60199356079102,220,0,0
INSTANCE_027,0.75,delay20,303,FR,295.5574,314.0783333333333,3.4933333333333394,63,64,0.0,0.7857142857142857,6,17,2,1,0,29.1903018951416,200,0,0
INSTANCE_027,0.75,delay20,303,NR,295.5573999999999,314.0783333333334,10.003333333333217,62,64,0.0,1.0,0,17,2,2,0,0.0,0,1,0
INSTANCE_027,0.75,delay20,303,RG,295.5706,314.1816666666667,3.4933333333333394,63,64,0.0,0.7410714285714286,6,17,2,1,0,95.04151344299316,250,0,0
INSTANCE_027,0.75,delay20,303,SA,295.5573999999999,314.0783333333334,10.003333333333217,62,64,0.0,1.0,0,17,2,2,0,72.80135154724121,200,1,0
INSTANCE_027,0.75,delay30,303,FR,295.5574,314.0783333333333,22.561666666666497,61,64,0.0,0.7857142857142857,6,17,2,1,0,30.707359313964844,200,0,0
INSTANCE_027,0.75,delay30,303,NR,295.5573999999999,314.0783333333334,30.73999999999978,61,64,0.0,1.0,0,17,2,2,0,0.0,0,1,0
INSTANCE_027,0.75,delay30,303,RG,295.5574,314.0783333333333,22.561666666666497,61,64,0.0,0.7857142857142857,6,17,2,1,0,132.1859359741211,320,0,0
INSTANCE_027,0.75,delay30,303,SA,295.55749999999995,314.0783333333334,22.561666666666497,61,64,0.0,0.9017857142857144,4,17,2,1,0,101.61638259887695,240,0,0
INSTANCE_027,0.75,p85,303,FR,295.55729999999994,328.68408466666665,0.0,64,64,0.0,0.8839285714285714,2,17,2,1,0,29.68740463256836,210,0,0
INSTANCE_027,0.75,p85,303,NR,295.5573999999999,328.68408466666665,0.0,64,64,0.0,1.0,0,17,2,2,0,0.0,0,1,0
INSTANCE_027,0.75,p85,303,RG,295.55729999999994,328.68408466666665,0.0,64,64,0.0,0.75,4,17,2,1,0,87.41927146911621,230,0,0
INSTANCE_027,0.75,p85,303,SA,295.5573999999999,328.68408466666665,0.0,64,64,0.0,1.0,0,17,2,2,0,77.83889770507812,200,1,0
INSTANCE_027,0.75,p95,303,FR,295.5574,341.57537,0.0,64,64,0.0,0.7857142857142857,6,17,2,1,0,29.07562255859375,200,0,0
INSTANCE_027,0.75,p95,303,NR,295.5573999999999,341.57537,1.706451666666453,63,64,0.0,1.0,0,17,2,2,0,0.0,0,1,0
INSTANCE_027,0.75,p95,303,RG,295.55729999999994,341.57537,0.0,64,64,0.0,0.75,4,17,2,1,0,83.65416526794434,230,0,0
INSTANCE_027,0.75,p95,303,SA,295.5573999999999,341.57537,1.706451666666453,63,64,0.0,1.0,0,17,2,2,0,76.89404487609863,200,1,0
INSTANCE_028,0.25,delay20,303,FR,306.9923,363.4966666666666,125.21833333333312,56,64,0.0,1.0,0,49,2,2,0,32.89008140563965,200,1,0
INSTANCE_028,0.25,delay20,303,NR,306.9923,363.4966666666666,125.21833333333312,56,64,0.0,1.0,0,49,2,2,0,0.0,0,1,0
INSTANCE_028,0.25,delay20,303,RG,311.79310000000004,365.515,100.48833333333287,57,64,0.0,0.8831168831168831,11,49,2,1,0,178.3583164215088,410,0,0
INSTANCE_028,0.25,delay20,303,SA,311.79310000000004,365.515,100.48833333333287,57,64,0.0,0.8831168831168831,11,49,2,1,0,160.42661666870117,410,0,0
INSTANCE_028,0.25,delay30,303,FR,311.35040000000004,363.26166666666666,213.0066666666662,53,64,0.0,0.9632034632034632,2,49,2,1,0,35.13145446777344,210,0,0
INSTANCE_028,0.25,delay30,303,NR,306.9923,363.4966666666666,218.3299999999996,52,64,0.0,1.0,0,49,2,2,0,0.0,0,1,0
INSTANCE_028,0.25,delay30,303,RG,311.79310000000004,365.515,183.6733333333326,54,64,0.0,0.8831168831168831,11,49,2,1,0,172.3618507385254,410,0,0
INSTANCE_028,0.25,delay30,303,SA,311.79310000000004,365.515,183.6733333333326,54,64,0.0,0.8831168831168831,11,49,2,1,0,150.69985389709473,360,0,0
INSTANCE_028,0.25,p85,303,FR,314.02880000000005,413.37383366666654,76.74032300000044,58,64,0.0,0.8863636363636364,8,49,2,1,0,75.41346549987793,460,0,0
INSTANCE_028,0.25,p85,303,NR,306.9923,408.1838426666666,95.90484000000085,57,64,0.0,1.0,0,49,2,2,0,0.0,0,1,0
INSTANCE_028,0.25,p85,303,RG,311.79310000000004,410.5168341666665,71.02632399999993,58,64,0.0,0.8831168831168831,11,49,2,1,0,178.98845672607422,410,0,0
INSTANCE_028,0.25,p85,303,SA,311.79310000000004,410.5168341666665,71.02632399999993,58,64,0.0,0.8831168831168831,11,49,2,1,0,179.77070808410645,410,0,0
INSTANCE_028,0.25,p95,303,FR,312.93680000000006,449.5118608333335,205.64375333333533,55,64,0.0,0.9264069264069263,4,49,2,1,0,44.85177993774414,290,0,0
INSTANCE_028,0.25,p95,303,NR,306.9923,447.6255066666668,212.6479441666686,55,64,0.0,1.0,0,49,2,2,0,0.0,0,1,0
INSTANCE_028,0.25,p95,303,RG,312.93680000000006,449.5118608333335,205.64375333333533,55,64,0.0,0.9264069264069263,4,49,2,1,0,115.3724193572998,290,0,0
INSTANCE_028,0.25,p95,303,SA,312.93680000000006,449.5118608333335,205.64375333333533,55,64,0.0,0.9264069264069263,4,49,2,1,0,119.69423294067384,290,0,0
INSTANCE_028,0.5,delay20,303,FR,306.9923,363.4966666666666,107.0949999999998,57,64,0.0,1.0,0,33,2,2,0,31.27360343933105,200,1,0
INSTANCE_028,0.5,delay20,303,NR,306.9923,363.4966666666666,107.0949999999998,57,64,0.0,1.0,0,33,2,2,0,0.0,0,1,0
INSTANCE_028,0.5,delay20,303,RG,307.43500000000006,365.8566666666666,86.39999999999964,58,64,0.0,0.9547619047619048,5,33,2,1,0,80.99985122680664,200,0,0
INSTANCE_028,0.5,delay20,303,SA,307.43500000000006,365.8566666666666,86.39999999999964,58,64,0.0,0.9547619047619048,5,33,2,1,0,82.611083984375,200,0,0
INSTANCE_028,0.5,delay30,303,FR,306.9923,363.4966666666666,189.1749999999996,54,64,0.0,1.0,0,33,2,2,0,31.2650203704834,200,1,0
INSTANCE_028,0.5,delay30,303,NR,306.9923,363.4966666666666,189.1749999999996,54,64,0.0,1.0,0,33,2,2,0,0.0,0,1,0
INSTANCE_028,0.5,delay30,303,RG,307.43500000000006,365.8566666666666,159.92666666666605,55,64,0.0,0.9547619047619048,5,33,2,1,0,81.51626586914062,200,0,0
INSTANCE_028,0.5,delay30,303,SA,307.43500000000006,365.8566666666666,159.92666666666605,55,64,0.0,0.9547619047619048,5,33,2,1,0,80.13558387756348,200,0,0
INSTANCE_028,0.5,p85,303,FR,306.9923,393.1571613333333,48.7934631666667,59,64,0.0,1.0,0,33,2,2,0,33.415794372558594,200,1,0
INSTANCE_028,0.5,p85,303,NR,306.9923,393.1571613333333,48.7934631666667,59,64,0.0,1.0,0,33,2,2,0,0.0,0,1,0
INSTANCE_028,0.5,p85,303,RG,307.43500000000006,395.8850853333332,35.09670733333314,60,64,0.0,0.9547619047619048,5,33,2,1,0,85.30807495117188,200,0,0
INSTANCE_028,0.5,p85,303,SA,307.43500000000006,395.8850853333332,35.09670733333314,60,64,0.0,0.9547619047619048,5,33,2,1,0,82.1068286895752,200,0,0
INSTANCE_028,0.5,p95,303,FR,306.9923,419.33602,96.0423400000002,58,64,0.0,0.944047619047619,2,33,2,1,0,29.91008758544922,200,0,0
INSTANCE_028,0.5,p95,303,NR,306.9923,419.33602,96.04234000000076,58,64,0.0,1.0,0,33,2,2,0,0.0,0,1,0
INSTANCE_028,0.5,p95,303,RG,307.43500000000006,422.38868,77.24670583333375,59,64,0.0,0.9547619047619048,5,33,2,1,0,76.67779922485352,200,0,0
INSTANCE_028,0.5,p95,303,SA,307.43500000000006,422.38868,77.24670583333375,59,64,0.0,0.9547619047619048,5,33,2,1,0,77.55827903747559,200,0,0
INSTANCE_028,0.75,delay20,303,FR,307.43500000000006,365.8566666666666,63.66333333333319,60,64,0.0,0.8928571428571429,5,17,2,1,0,39.02029991149902,280,0,0
INSTANCE_028,0.75,delay20,303,NR,306.9923,363.4966666666666,84.35833333333335,59,64,0.0,1.0,0,17,2,2,0,0.0,0,1,0
INSTANCE_028,0.75,delay20,303,RG,307.43500000000006,365.8566666666666,63.66333333333319,60,64,0.0,0.8928571428571429,5,17,2,1,0,82.67474174499512,200,0,0
INSTANCE_028,0.75,delay20,303,SA,307.43500000000006,365.8566666666666,63.66333333333319,60,64,0.0,0.8928571428571429,5,17,2,1,0,78.24254035949707,200,0,0
INSTANCE_028,0.75,delay30,303,FR,309.6707,368.2216666666667,117.7466666666661,58,64,0.0,0.8214285714285714,4,17,2,1,0,41.88060760498048,280,0,0
INSTANCE_028,0.75,delay30,303,NR,306.9923,363.4966666666666,141.54666666666662,57,64,0.0,1.0,0,17,2,2,0,0.0,0,1,0
INSTANCE_028,0.75,delay30,303,RG,307.43500000000006,365.8566666666666,112.29833333333306,58,64,0.0,0.8928571428571429,5,17,2,1,0,83.45317840576172,200,0,0
INSTANCE_028,0.75,delay30,303,SA,307.43500000000006,365.8566666666666,112.29833333333306,58,64,0.0,0.8928571428571429,5,17,2,1,0,83.30726623535156,200,0,0
INSTANCE_028,0.75,p85,303,FR,307.43500000000006,380.4948971666666,16.957107666666616,62,64,0.0,0.8928571428571429,5,17,2,1,0,42.68503189086914,280,0,0
INSTANCE_028,0.75,p85,303,NR,306.9923,377.7669731666666,25.15710766666666,62,64,0.0,1.0,0,17,2,2,0,0.0,0,1,0
INSTANCE_028,0.75,p85,303,RG,307.43500000000006,380.4948971666666,16.957107666666616,62,64,0.0,0.8928571428571429,5,17,2,1,0,93.08123588562012,200,0,0
INSTANCE_028,0.75,p85,303,SA,307.43500000000006,380.4948971666666,16.957107666666616,62,64,0.0,0.8928571428571429,5,17,2,1,0,84.85293388366699,200,0,0
INSTANCE_028,0.75,p95,303,FR,310.41640000000007,397.6014775,29.85702666666691,62,64,0.0,0.7410714285714286,6,17,2,1,0,38.43951225280762,270,0,0
INSTANCE_028,0.75,p95,303,NR,306.9923,390.36218916666667,34.5531991666669,61,64,0.0,1.0,0,17,2,2,0,0.0,0,1,0
INSTANCE_028,0.75,p95,303,RG,307.43500000000006,393.4148491666666,25.670398333333424,62,64,0.0,0.8928571428571429,5,17,2,1,0,76.70259475708008,200,0,0
INSTANCE_028,0.75,p95,303,SA,307.43500000000006,393.4148491666666,25.670398333333424,62,64,0.0,0.8928571428571429,5,17,2,1,0,74.29814338684082,200,0,0
INSTANCE_029,0.25,delay20,303,FR,296.9617999999999,349.04999999999995,9.33000000000004,44,45,0.0,0.4848484848484848,24,35,2,0,0,55.869340896606445,360,0,0
INSTANCE_029,0.25,delay20,303,NR,269.3807,324.435,37.76333333333355,41,45,0.0,1.0,0,35,2,2,0,0.0,0,1,0
INSTANCE_029,0.25,delay20,303,RG,305.1145,350.1633333333333,9.448333333333268,44,45,0.0,0.5615942028985508,21,35,2,0,0,223.0095863342285,560,0,0
INSTANCE_029,0.25,delay20,303,SA,343.32719999999995,386.265,9.448333333333268,44,45,0.0,0.7320487483530962,22,35,2,0,0,119.1103458404541,260,0,0
INSTANCE_029,0.25,delay30,303,FR,285.8996,341.9033333333333,51.63833333333355,42,45,0.0,0.5652173913043478,16,35,2,0,0,37.74070739746094,250,0,0
INSTANCE_029,0.25,delay30,303,NR,269.3807,324.435,77.76333333333355,41,45,0.0,1.0,0,35,2,2,0,0.0,0,1,0
INSTANCE_029,0.25,delay30,303,RG,287.9704,340.1816666666667,49.49333333333368,42,45,0.0,0.5879446640316206,16,35,2,0,0,200.13856887817383,530,0,0
INSTANCE_029,0.25,delay30,303,SA,337.1991,381.1333333333333,49.49333333333368,42,45,0.0,0.7621870882740448,15,35,2,0,0,103.6367416381836,230,0,0
INSTANCE_029,0.25,p85,303,FR,288.8842,386.5331291666666,3.2830278333329943,43,45,0.0,0.6553030303030303,11,35,2,1,0,34.264326095581055,230,0,0
INSTANCE_029,0.25,p85,303,NR,269.3807,366.48019066666666,12.915812833333009,42,45,0.0,1.0,0,35,2,2,0,0.0,0,1,0
INSTANCE_029,0.25,p85,303,RG,302.5625,400.5869466666666,3.2830278333329943,43,45,0.0,0.6931818181818181,11,35,2,1,0,111.68885231018066,290,0,0
INSTANCE_029,0.25,p85,303,SA,307.2456,400.45979766666665,3.2830278333329943,43,45,0.0,0.9166666666666669,11,35,2,1,0,92.16666221618652,230,0,0
INSTANCE_029,0.25,p95,303,FR,288.8842,426.0300625,28.07694250000065,43,45,0.0,0.6553030303030303,11,35,2,1,0,35.49933433532715,230,0,0
INSTANCE_029,0.25,p95,303,NR,269.3807,403.5899933333333,51.39863416666742,42,45,0.0,1.0,0,35,2,2,0,0.0,0,1,0
INSTANCE_029,0.25,p95,303,RG,282.4167,421.04362,28.07694250000065,43,45,0.0,0.6363636363636364,12,35,2,1,0,187.8640651702881,500,0,0
INSTANCE_029,0.25,p95,303,SA,331.6454,474.0146008333333,28.07694250000065,43,45,0.0,0.8106060606060606,11,35,2,1,0,72.86953926086426,200,0,0
INSTANCE_029,0.5,delay20,303,FR,300.9314,356.1633333333333,15.19166666666672,43,45,0.0,0.6428571428571428,6,23,2,1,0,32.26828575134277,210,0,0
INSTANCE_029,0.5,delay20,303,NR,269.3807,324.435,29.31500000000017,42,45,0.0,1.0,0,23,2,2,0,0.0,0,1,0
INSTANCE_029,0.5,delay20,303,RG,288.0819,346.25166666666667,15.19166666666672,43,45,0.0,0.6160714285714286,7,23,2,1,0,139.7254467010498,360,0,0
INSTANCE_029,0.5,delay20,303,SA,276.9911,334.3283333333334,16.231666666666797,42,45,0.0,0.9017857142857144,4,23,2,1,0,139.3837928771973,350,0,0
INSTANCE_029,0.5,delay30,303,FR,303.3606,360.38666666666666,35.19166666666672,43,45,0.0,0.6517857142857143,7,23,2,1,0,45.55225372314453,320,0,0
INSTANCE_029,0.5,delay30,303,NR,269.3807,324.435,59.31500000000017,42,45,0.0,1.0,0,23,2,2,0,0.0,0,1,0
INSTANCE_029,0.5,delay30,303,RG,294.6671,350.065,35.19166666666672,43,45,0.0,0.6517857142857143,8,23,2,1,0,115.7071590423584,310,0,0
INSTANCE_029,0.5,delay30,303,SA,309.6359,351.98833333333334,35.19166666666672,43,45,0.0,0.7142857142857143,6,23,2,1,0,87.03970909118652,220,0,0
INSTANCE_029,0.5,p85,303,FR,300.9314,394.9104595,0.0,45,45,0.0,0.6428571428571428,6,23,2,1,0,30.08055686950684,210,0,0
INSTANCE_029,0.5,p85,303,NR,269.3807,358.235679,7.226468500000124,44,45,0.0,1.0,0,23,2,2,0,0.0,0,1,0
INSTANCE_029,0.5,p85,303,RG,303.0507,385.676745,0.0,45,45,0.0,0.6785714285714286,5,23,2,1,0,91.21036529541016,240,0,0
INSTANCE_029,0.5,p85,303,SA,290.9021,385.1739285,0.0,45,45,0.0,0.875,3,23,2,1,0,86.53378486633301,220,0,0
INSTANCE_029,0.5,p95,303,FR,291.7127,424.53034416666674,7.777846666667074,44,45,0.0,0.8125,8,23,2,1,0,46.78535461425781,310,0,0
INSTANCE_029,0.5,p95,303,NR,269.3807,388.06873500000006,26.569365833333904,43,45,0.0,1.0,0,23,2,2,0,0.0,0,1,0
INSTANCE_029,0.5,p95,303,RG,300.9314,429.1093341666667,7.777846666667074,44,45,0.0,0.6428571428571428,6,23,2,1,0,133.58497619628906,330,0,0
INSTANCE_029,0.5,p95,303,SA,315.2238,435.566055,7.777846666667074,44,45,0.0,0.75,6,23,2,1,0,103.48105430603027,250,0,0
INSTANCE_029,0.75,delay20,303,FR,276.9911,334.3283333333334,3.1033333333334667,43,45,0.0,0.7916666666666666,4,12,2,1,0,37.41908073425293,250,0,0
INSTANCE_029,0.75,delay20,303,NR,269.3807,324.435,16.186666666666838,43,45,0.0,1.0,0,12,2,2,0,0.0,0,1,0
INSTANCE_029,0.75,delay20,303,RG,276.9911,334.3283333333334,3.1033333333334667,43,45,0.0,0.7916666666666666,4,12,2,1,0,86.12942695617676,210,0,0
INSTANCE_029,0.75,delay20,303,SA,276.9911,334.3283333333334,3.1033333333334667,43,45,0.0,0.7916666666666666,4,12,2,1,0,87.15033531188965,210,0,0
INSTANCE_029,0.75,delay30,303,FR,276.9911,334.3283333333334,23.103333333333467,43,45,0.0,0.7916666666666666,4,12,2,1,0,35.42685508728027,250,0,0
INSTANCE_029,0.75,delay30,303,NR,269.3807,324.435,36.18666666666684,43,45,0.0,1.0,0,12,2,2,0,0.0,0,1,0
INSTANCE_029,0.75,delay30,303,RG,276.9911,334.3283333333334,23.103333333333467,43,45,0.0,0.7916666666666666,4,12,2,1,0,82.02028274536133,210,0,0
INSTANCE_029,0.75,delay30,303,SA,276.9911,334.3283333333334,23.103333333333467,43,45,0.0,0.7916666666666666,4,12,2,1,0,79.12135124206543,210,0,0
INSTANCE_029,0.75,p85,303,FR,276.9911,354.74603666666667,0.0,45,45,0.0,0.7916666666666666,4,12,2,1,0,36.31877899169922,240,0,0
INSTANCE_029,0.75,p85,303,NR,269.3807,343.3103326666667,1.1965163333334203,44,45,0.0,1.0,0,12,2,2,0,0.0,0,1,0
INSTANCE_029,0.75,p85,303,RG,276.9911,354.74603666666667,0.0,45,45,0.0,0.7916666666666666,4,12,2,1,0,103.302001953125,250,0,0
INSTANCE_029,0.75,p85,303,SA,269.3807,343.3103326666667,1.1965163333334203,44,45,0.0,1.0,0,12,2,2,0,83.52375030517578,200,1,0
INSTANCE_029,0.75,p95,303,FR,276.9911,372.76705,0.0,45,45,0.0,0.7916666666666666,4,12,2,1,0,36.10348701477051,250,0,0
INSTANCE_029,0.75,p95,303,NR,269.3807,359.9700233333334,7.439428333333467,44,45,0.0,1.0,0,12,2,2,0,0.0,0,1,0
INSTANCE_029,0.75,p95,303,RG,276.9911,372.76705,0.0,45,45,0.0,0.7916666666666666,4,12,2,1,0,84.4578742980957,210,0,0
INSTANCE_029,0.75,p95,303,SA,276.9911,372.76705,0.0,45,45,0.0,0.7916666666666666,4,12,2,1,0,102.33068466186523,250,0,0
INSTANCE_031,0.25,delay20,303,FR,198.47240000000005,209.33833333333337,118.02333333333549,22,29,0.0,1.0,0,22,1,1,0,14.493465423583984,100,1,0
INSTANCE_031,0.25,delay20,303,NR,198.47240000000005,209.33833333333337,118.02333333333549,22,29,0.0,1.0,0,22,1,1,0,0.0,0,1,0
INSTANCE_031,0.25,delay20,303,RG,198.47240000000005,209.33833333333337,118.02333333333549,22,29,0.0,1.0,0,22,1,1,0,36.48138046264648,100,1,0
INSTANCE_031,0.25,delay20,303,SA,198.47240000000005,209.33833333333337,118.02333333333549,22,29,0.0,1.0,0,22,1,1,0,39.00647163391113,100,1,0
INSTANCE_031,0.25,delay30,303,FR,198.47240000000005,209.33833333333337,199.7900000000028,20,29,0.0,1.0,0,22,1,1,0,14.832258224487305,100,1,0
INSTANCE_031,0.25,delay30,303,NR,198.47240000000005,209.33833333333337,199.7900000000028,20,29,0.0,1.0,0,22,1,1,0,0.0,0,1,0
INSTANCE_031,0.25,delay30,303,RG,198.47240000000005,209.33833333333337,199.7900000000028,20,29,0.0,1.0,0,22,1,1,0,38.45572471618652,100,1,0
INSTANCE_031,0.25,delay30,303,SA,198.47240000000005,209.33833333333337,199.7900000000028,20,29,0.0,1.0,0,22,1,1,0,41.65768623352051,100,1,0
INSTANCE_031,0.25,p85,303,FR,198.47240000000005,231.95032916666668,75.9831715000023,23,29,0.0,1.0,0,22,1,1,0,17.371177673339844,100,1,0
INSTANCE_031,0.25,p85,303,NR,198.47240000000005,231.95032916666668,75.9831715000023,23,29,0.0,1.0,0,22,1,1,0,0.0,0,1,0
INSTANCE_031,0.25,p85,303,RG,198.47240000000005,231.95032916666668,75.9831715000023,23,29,0.0,1.0,0,22,1,1,0,45.55249214172363,100,1,0
INSTANCE_031,0.25,p85,303,SA,198.47240000000005,231.95032916666668,75.9831715000023,23,29,0.0,1.0,0,22,1,1,0,42.53101348876953,100,1,0
INSTANCE_031,0.25,p95,303,FR,198.47240000000005,251.90806250000003,158.37706250000315,22,29,2.0080625000005057,1.0,0,22,1,1,0,15.221118927001951,100,1,0
INSTANCE_031,0.25,p95,303,NR,198.47240000000005,251.90806250000003,158.37706250000315,22,29,2.0080625000005057,1.0,0,22,1,1,0,0.0,0,1,0
INSTANCE_031,0.25,p95,303,RG,198.47240000000005,251.90806250000003,158.37706250000315,22,29,2.0080625000005057,1.0,0,22,1,1,0,38.25187683105469,100,1,0
INSTANCE_031,0.25,p95,303,SA,198.47240000000005,251.90806250000003,158.37706250000315,22,29,2.0080625000005057,1.0,0,22,1,1,0,39.49308395385742,100,1,0
INSTANCE_031,0.5,delay20,303,FR,198.47240000000005,209.33833333333337,93.90666666666824,24,29,0.0,1.0,0,15,1,1,0,14.147520065307615,100,1,0
INSTANCE_031,0.5,delay20,303,NR,198.47240000000005,209.33833333333337,93.90666666666824,24,29,0.0,1.0,0,15,1,1,0,0.0,0,1,0
INSTANCE_031,0.5,delay20,303,RG,198.47240000000005,209.33833333333337,93.90666666666824,24,29,0.0,1.0,0,15,1,1,0,36.69404983520508,100,1,0
INSTANCE_031,0.5,delay20,303,SA,198.47240000000005,209.33833333333337,93.90666666666824,24,29,0.0,1.0,0,15,1,1,0,36.08536720275879,100,1,0
INSTANCE_031,0.5,delay30,303,FR,198.47240000000005,209.33833333333337,155.67333333333556,22,29,0.0,1.0,0,15,1,1,0,14.189720153808594,100,1,0
INSTANCE_031,0.5,delay30,303,NR,198.47240000000005,209.33833333333337,155.67333333333556,22,29,0.0,1.0,0,15,1,1,0,0.0,0,1,0
INSTANCE_031,0.5,delay30,303,RG,198.47240000000005,209.33833333333337,155.67333333333556,22,29,0.0,1.0,0,15,1,1,0,36.31281852722168,100,1,0
INSTANCE_031,0.5,delay30,303,SA,198.47240000000005,209.33833333333337,155.67333333333556,22,29,0.0,1.0,0,15,1,1,0,35.36319732666016,100,1,0
INSTANCE_031,0.5,p85,303,FR,198.47240000000005,225.0387625,42.0080335000016,25,29,0.0,1.0,0,15,1,1,0,15.802860260009766,100,1,0
INSTANCE_031,0.5,p85,303,NR,198.47240000000005,225.0387625,42.0080335000016,25,29,0.0,1.0,0,15,1,1,0,0.0,0,1,0
INSTANCE_031,0.5,p85,303,RG,198.47240000000005,225.0387625,42.0080335000016,25,29,0.0,1.0,0,15,1,1,0,41.147708892822266,100,1,0
INSTANCE_031,0.5,p85,303,SA,198.47240000000005,225.0387625,42.0080335000016,25,29,0.0,1.0,0,15,1,1,0,40.66658020019531,100,1,0
INSTANCE_031,0.5,p95,303,FR,198.47240000000005,238.89622916666667,76.1619983333361,24,29,0.0,1.0,0,15,1,1,0,14.166831970214844,100,1,0
INSTANCE_031,0.5,p95,303,NR,198.47240000000005,238.89622916666667,76.1619983333361,24,29,0.0,1.0,0,15,1,1,0,0.0,0,1,0
INSTANCE_031,0.5,p95,303,RG,198.47240000000005,238.89622916666667,76.1619983333361,24,29,0.0,1.0,0,15,1,1,0,36.71097755432129,100,1,0
INSTANCE_031,0.5,p95,303,SA,198.47240000000005,238.89622916666667,76.1619983333361,24,29,0.0,1.0,0,15,1,1,0,37.31393814086914,100,1,0
INSTANCE_031,0.75,delay20,303,FR,198.47240000000005,209.33833333333337,93.90666666666824,24,29,0.0,1.0,0,8,1,1,0,14.365196228027344,100,1,0
INSTANCE_031,0.75,delay20,303,NR,198.47240000000005,209.33833333333337,93.90666666666824,24,29,0.0,1.0,0,8,1,1,0,0.0,0,1,0
INSTANCE_031,0.75,delay20,303,RG,198.47240000000005,209.33833333333337,93.90666666666824,24,29,0.0,1.0,0,8,1,1,0,39.75820541381836,100,1,0
INSTANCE_031,0.75,delay20,303,SA,198.47240000000005,209.33833333333337,93.90666666666824,24,29,0.0,1.0,0,8,1,1,0,38.99049758911133,100,1,0
INSTANCE_031,0.75,delay30,303,FR,198.47240000000005,209.33833333333337,155.67333333333556,22,29,0.0,1.0,0,8,1,1,0,15.408992767333984,100,1,0
INSTANCE_031,0.75,delay30,303,NR,198.47240000000005,209.33833333333337,155.67333333333556,22,29,0.0,1.0,0,8,1,1,0,0.0,0,1,0
INSTANCE_031,0.75,delay30,303,RG,198.47240000000005,209.33833333333337,155.67333333333556,22,29,0.0,1.0,0,8,1,1,0,41.31221771240234,100,1,0
INSTANCE_031,0.75,delay30,303,SA,198.47240000000005,209.33833333333337,155.67333333333556,22,29,0.0,1.0,0,8,1,1,0,41.48626327514648,100,1,0
INSTANCE_031,0.75,p85,303,FR,198.47240000000005,217.4360391666667,18.12774883333418,27,29,0.0,1.0,0,8,1,1,0,14.725208282470703,100,1,0
INSTANCE_031,0.75,p85,303,NR,198.47240000000005,217.4360391666667,18.12774883333418,27,29,0.0,1.0,0,8,1,1,0,0.0,0,1,0
INSTANCE_031,0.75,p85,303,RG,198.47240000000005,217.4360391666667,18.12774883333418,27,29,0.0,1.0,0,8,1,1,0,40.85874557495117,100,1,0
INSTANCE_031,0.75,p85,303,SA,198.47240000000005,217.4360391666667,18.12774883333418,27,29,0.0,1.0,0,8,1,1,0,39.88194465637207,100,1,0
INSTANCE_031,0.75,p95,303,FR,198.47240000000005,224.58321250000003,20.06647250000105,26,29,0.0,1.0,0,8,1,1,0,14.34469223022461,100,1,0
INSTANCE_031,0.75,p95,303,NR,198.47240000000005,224.58321250000003,20.06647250000105,26,29,0.0,1.0,0,8,1,1,0,0.0,0,1,0
INSTANCE_031,0.75,p95,303,RG,198.47240000000005,224.58321250000003,20.06647250000105,26,29,0.0,1.0,0,8,1,1,0,38.71726989746094,100,1,0
INSTANCE_031,0.75,p95,303,SA,198.47240000000005,224.58321250000003,20.06647250000105,26,29,0.0,1.0,0,8,1,1,0,37.60576248168945,100,1,0
INSTANCE_032,0.25,delay20,303,FR,194.3976,213.3433333333333,0.0,21,21,0.0,1.0,0,16,1,1,0,16.086101531982422,100,1,0
INSTANCE_032,0.25,delay20,303,NR,194.3976,213.3433333333333,0.0,21,21,0.0,1.0,0,16,1,1,0,0.0,0,1,0
INSTANCE_032,0.25,delay20,303,RG,194.3976,213.3433333333333,0.0,21,21,0.0,1.0,0,16,1,1,0,42.50144958496094,100,1,0
INSTANCE_032,0.25,delay20,303,SA,194.3976,213.3433333333333,0.0,21,21,0.0,1.0,0,16,1,1,0,41.18847846984863,100,1,0
INSTANCE_032,0.25,delay30,303,FR,194.3976,213.3433333333333,0.0,21,21,0.0,1.0,0,16,1,1,0,15.202760696411133,100,1,0
INSTANCE_032,0.25,delay30,303,NR,194.3976,213.3433333333333,0.0,21,21,0.0,1.0,0,16,1,1,0,0.0,0,1,0
INSTANCE_032,0.25,delay30,303,RG,194.3976,213.3433333333333,0.0,21,21,0.0,1.0,0,16,1,1,0,41.67056083679199,100,1,0
INSTANCE_032,0.25,delay30,303,SA,194.3976,213.3433333333333,0.0,21,21,0.0,1.0,0,16,1,1,0,40.595293045043945,100,1,0
INSTANCE_032,0.25,p85,303,FR,194.3976,240.51696316666667,0.0,21,21,0.0,1.0,0,16,1,1,0,14.590978622436523,100,1,0
INSTANCE_032,0.25,p85,303,NR,194.3976,240.51696316666667,0.0,21,21,0.0,1.0,0,16,1,1,0,0.0,0,1,0
INSTANCE_032,0.25,p85,303,RG,194.3976,240.51696316666667,0.0,21,21,0.0,1.0,0,16,1,1,0,40.44890403747559,100,1,0
INSTANCE_032,0.25,p85,303,SA,194.3976,240.51696316666667,0.0,21,21,0.0,1.0,0,16,1,1,0,46.651363372802734,100,1,0
INSTANCE_032,0.25,p95,303,FR,194.3976,264.5008725,0.7102574999998978,20,21,0.0,1.0,0,16,1,1,0,15.105724334716797,100,1,0
INSTANCE_032,0.25,p95,303,NR,194.3976,264.5008725,0.7102574999998978,20,21,0.0,1.0,0,16,1,1,0,0.0,0,1,0
INSTANCE_032,0.25,p95,303,RG,194.3976,264.5008725,0.7102574999998978,20,21,0.0,1.0,0,16,1,1,0,40.85350036621094,100,1,0
INSTANCE_032,0.25,p95,303,SA,194.3976,264.5008725,0.7102574999998978,20,21,0.0,1.0,0,16,1,1,0,41.60356521606445,100,1,0
INSTANCE_032,0.5,delay20,303,FR,194.3976,213.3433333333333,0.0,21,21,0.0,1.0,0,11,1,1,0,15.559911727905272,100,1,0
INSTANCE_032,0.5,delay20,303,NR,194.3976,213.3433333333333,0.0,21,21,0.0,1.0,0,11,1,1,0,0.0,0,1,0
INSTANCE_032,0.5,delay20,303,RG,194.3976,213.3433333333333,0.0,21,21,0.0,1.0,0,11,1,1,0,40.44222831726074,100,1,0
INSTANCE_032,0.5,delay20,303,SA,194.3976,213.3433333333333,0.0,21,21,0.0,1.0,0,11,1,1,0,40.11845588684082,100,1,0
INSTANCE_032,0.5,delay30,303,FR,194.3976,213.3433333333333,0.0,21,21,0.0,1.0,0,11,1,1,0,14.275074005126951,100,1,0
INSTANCE_032,0.5,delay30,303,NR,194.3976,213.3433333333333,0.0,21,21,0.0,1.0,0,11,1,1,0,0.0,0,1,0
INSTANCE_032,0.5,delay30,303,RG,194.3976,213.3433333333333,0.0,21,21,0.0,1.0,0,11,1,1,0,38.15889358520508,100,1,0
INSTANCE_032,0.5,delay30,303,SA,194.3976,213.3433333333333,0.0,21,21,0.0,1.0,0,11,1,1,0,34.86204147338867,100,1,0
INSTANCE_032,0.5,p85,303,FR,194.3976,232.87058783333333,0.0,21,21,0.0,1.0,0,11,1,1,0,16.3877010345459,100,1,0
INSTANCE_032,0.5,p85,303,NR,194.3976,232.87058783333333,0.0,21,21,0.0,1.0,0,11,1,1,0,0.0,0,1,0
INSTANCE_032,0.5,p85,303,RG,194.3976,232.87058783333333,0.0,21,21,0.0,1.0,0,11,1,1,0,41.2595272064209,100,1,0
INSTANCE_032,0.5,p85,303,SA,194.3976,232.87058783333333,0.0,21,21,0.0,1.0,0,11,1,1,0,40.52019119262695,100,1,0
INSTANCE_032,0.5,p95,303,FR,194.3976,250.1056758333333,0.0,21,21,0.0,1.0,0,11,1,1,0,15.79570770263672,100,1,0
INSTANCE_032,0.5,p95,303,NR,194.3976,250.1056758333333,0.0,21,21,0.0,1.0,0,11,1,1,0,0.0,0,1,0
INSTANCE_032,0.5,p95,303,RG,194.3976,250.1056758333333,0.0,21,21,0.0,1.0,0,11,1,1,0,40.90499877929688,100,1,0
INSTANCE_032,0.5,p95,303,SA,194.3976,250.1056758333333,0.0,21,21,0.0,1.0,0,11,1,1,0,40.30179977416992,100,1,0
INSTANCE_032,0.75,delay20,303,FR,194.3976,213.3433333333333,0.0,21,21,0.0,1.0,0,6,1,1,0,13.124942779541016,100,1,0
INSTANCE_032,0.75,delay20,303,NR,194.3976,213.3433333333333,0.0,21,21,0.0,1.0,0,6,1,1,0,0.0,0,1,0
INSTANCE_032,0.75,delay20,303,RG,194.3976,213.3433333333333,0.0,21,21,0.0,1.0,0,6,1,1,0,39.22653198242188,100,1,0
INSTANCE_032,0.75,delay20,303,SA,194.3976,213.3433333333333,0.0,21,21,0.0,1.0,0,6,1,1,0,37.08672523498535,100,1,0
INSTANCE_032,0.75,delay30,303,FR,194.3976,213.3433333333333,0.0,21,21,0.0,1.0,0,6,1,1,0,12.449502944946287,100,1,0
INSTANCE_032,0.75,delay30,303,NR,194.3976,213.3433333333333,0.0,21,21,0.0,1.0,0,6,1,1,0,0.0,0,1,0
INSTANCE_032,0.75,delay30,303,RG,194.3976,213.3433333333333,0.0,21,21,0.0,1.0,0,6,1,1,0,36.67640686035156,100,1,0
INSTANCE_032,0.75,delay30,303,SA,194.3976,213.3433333333333,0.0,21,21,0.0,1.0,0,6,1,1,0,38.2075309753418,100,1,0
INSTANCE_032,0.75,p85,303,FR,194.3976,219.4951473333333,0.0,21,21,0.0,1.0,0,6,1,1,0,12.35365867614746,100,1,0
INSTANCE_032,0.75,p85,303,NR,194.3976,219.4951473333333,0.0,21,21,0.0,1.0,0,6,1,1,0,0.0,0,1,0
INSTANCE_032,0.75,p85,303,RG,194.3976,219.4951473333333,0.0,21,21,0.0,1.0,0,6,1,1,0,33.77842903137207,100,1,0
INSTANCE_032,0.75,p85,303,SA,194.3976,219.4951473333333,0.0,21,21,0.0,1.0,0,6,1,1,0,33.605337142944336,100,1,0
INSTANCE_032,0.75,p95,303,FR,194.3976,224.9248433333333,0.0,21,21,0.0,1.0,0,6,1,1,0,13.135910034179688,100,1,0
INSTANCE_032,0.75,p95,303,NR,194.3976,224.9248433333333,0.0,21,21,0.0,1.0,0,6,1,1,0,0.0,0,1,0
INSTANCE_032,0.75,p95,303,RG,194.3976,224.9248433333333,0.0,21,21,0.0,1.0,0,6,1,1,0,33.99920463562012,100,1,0
INSTANCE_032,0.75,p95,303,SA,194.3976,224.9248433333333,0.0,21,21,0.0,1.0,0,6,1,1,0,33.885955810546875,100,1,0
INSTANCE_033,0.25,delay20,303,FR,124.08550000000002,138.79833333333335,0.0,22,22,0.0,1.0,0,17,1,1,0,14.731407165527344,100,1,0
INSTANCE_033,0.25,delay20,303,NR,124.08550000000002,138.79833333333335,0.0,22,22,0.0,1.0,0,17,1,1,0,0.0,0,1,0
INSTANCE_033,0.25,delay20,303,RG,124.08550000000002,138.79833333333335,0.0,22,22,0.0,1.0,0,17,1,1,0,42.66834259033203,100,1,0
INSTANCE_033,0.25,delay20,303,SA,124.08550000000002,138.79833333333335,0.0,22,22,0.0,1.0,0,17,1,1,0,41.02849960327149,100,1,0
INSTANCE_033,0.25,delay30,303,FR,124.08550000000002,138.79833333333335,0.0,22,22,0.0,1.0,0,17,1,1,0,12.899160385131836,100,1,0
INSTANCE_033,0.25,delay30,303,NR,124.08550000000002,138.79833333333335,0.0,22,22,0.0,1.0,0,17,1,1,0,0.0,0,1,0
INSTANCE_033,0.25,delay30,303,RG,124.08550000000002,138.79833333333335,0.0,22,22,0.0,1.0,0,17,1,1,0,36.35096549987793,100,1,0
INSTANCE_033,0.25,delay30,303,SA,124.08550000000002,138.79833333333335,0.0,22,22,0.0,1.0,0,17,1,1,0,34.6531867980957,100,1,0
INSTANCE_033,0.25,p85,303,FR,124.08550000000002,155.21954016666666,0.0,22,22,0.0,1.0,0,17,1,1,0,15.594482421875,100,1,0
INSTANCE_033,0.25,p85,303,NR,124.08550000000002,155.21954016666666,0.0,22,22,0.0,1.0,0,17,1,1,0,0.0,0,1,0
INSTANCE_033,0.25,p85,303,RG,124.08550000000002,155.21954016666666,0.0,22,22,0.0,1.0,0,17,1,1,0,40.52305221557617,100,1,0
INSTANCE_033,0.25,p85,303,SA,124.08550000000002,155.21954016666666,0.0,22,22,0.0,1.0,0,17,1,1,0,40.038347244262695,100,1,0
INSTANCE_033,0.25,p95,303,FR,124.08550000000002,169.71317749999997,0.0,22,22,0.0,1.0,0,17,1,1,0,15.284538269042969,100,1,0
INSTANCE_033,0.25,p95,303,NR,124.08550000000002,169.71317749999997,0.0,22,22,0.0,1.0,0,17,1,1,0,0.0,0,1,0
INSTANCE_033,0.25,p95,303,RG,124.08550000000002,169.71317749999997,0.0,22,22,0.0,1.0,0,17,1,1,0,39.79921340942383,100,1,0
INSTANCE_033,0.25,p95,303,SA,124.08550000000002,169.71317749999997,0.0,22,22,0.0,1.0,0,17,1,1,0,39.18170928955078,100,1,0
INSTANCE_033,0.5,delay20,303,FR,124.08550000000002,138.79833333333335,0.0,22,22,0.0,1.0,0,11,1,1,0,14.278888702392578,100,1,0
INSTANCE_033,0.5,delay20,303,NR,124.08550000000002,138.79833333333335,0.0,22,22,0.0,1.0,0,11,1,1,0,0.0,0,1,0
INSTANCE_033,0.5,delay20,303,RG,124.08550000000002,138.79833333333335,0.0,22,22,0.0,1.0,0,11,1,1,0,38.042306900024414,100,1,0
INSTANCE_033,0.5,delay20,303,SA,124.08550000000002,138.79833333333335,0.0,22,22,0.0,1.0,0,11,1,1,0,37.51897811889648,100,1,0
INSTANCE_033,0.5,delay30,303,FR,124.08550000000002,138.79833333333335,0.0,22,22,0.0,1.0,0,11,1,1,0,15.34748077392578,100,1,0
INSTANCE_033,0.5,delay30,303,NR,124.08550000000002,138.79833333333335,0.0,22,22,0.0,1.0,0,11,1,1,0,0.0,0,1,0
INSTANCE_033,0.5,delay30,303,RG,124.08550000000002,138.79833333333335,0.0,22,22,0.0,1.0,0,11,1,1,0,39.52336311340332,100,1,0
INSTANCE_033,0.5,delay30,303,SA,124.08550000000002,138.79833333333335,0.0,22,22,0.0,1.0,0,11,1,1,0,39.183855056762695,100,1,0
INSTANCE_033,0.5,p85,303,FR,124.08550000000002,148.73981649999996,0.0,22,22,0.0,1.0,0,11,1,1,0,12.640953063964844,100,1,0
INSTANCE_033,0.5,p85,303,NR,124.08550000000002,148.73981649999996,0.0,22,22,0.0,1.0,0,11,1,1,0,0.0,0,1,0
INSTANCE_033,0.5,p85,303,RG,124.08550000000002,148.73981649999996,0.0,22,22,0.0,1.0,0,11,1,1,0,34.91330146789551,100,1,0
INSTANCE_033,0.5,p85,303,SA,124.08550000000002,148.73981649999996,0.0,22,22,0.0,1.0,0,11,1,1,0,38.481712341308594,100,1,0
INSTANCE_033,0.5,p95,303,FR,124.08550000000002,157.51433916666664,0.0,22,22,0.0,1.0,0,11,1,1,0,14.184951782226562,100,1,0
INSTANCE_033,0.5,p95,303,NR,124.08550000000002,157.51433916666664,0.0,22,22,0.0,1.0,0,11,1,1,0,0.0,0,1,0
INSTANCE_033,0.5,p95,303,RG,124.08550000000002,157.51433916666664,0.0,22,22,0.0,1.0,0,11,1,1,0,37.38522529602051,100,1,0
INSTANCE_033,0.5,p95,303,SA,124.08550000000002,157.51433916666664,0.0,22,22,0.0,1.0,0,11,1,1,0,36.576032638549805,100,1,0
INSTANCE_033,0.75,delay20,303,FR,124.08550000000002,138.79833333333335,0.0,22,22,0.0,1.0,0,6,1,1,0,14.440059661865234,100,1,0
INSTANCE_033,0.75,delay20,303,NR,124.08550000000002,138.79833333333335,0.0,22,22,0.0,1.0,0,6,1,1,0,0.0,0,1,0
INSTANCE_033,0.75,delay20,303,RG,124.08550000000002,138.79833333333335,0.0,22,22,0.0,1.0,0,6,1,1,0,39.579153060913086,100,1,0
INSTANCE_033,0.75,delay20,303,SA,124.08550000000002,138.79833333333335,0.0,22,22,0.0,1.0,0,6,1,1,0,38.52534294128418,100,1,0
INSTANCE_033,0.75,delay30,303,FR,124.08550000000002,138.79833333333335,0.0,22,22,0.0,1.0,0,6,1,1,0,14.142274856567385,100,1,0
INSTANCE_033,0.75,delay30,303,NR,124.08550000000002,138.79833333333335,0.0,22,22,0.0,1.0,0,6,1,1,0,0.0,0,1,0
INSTANCE_033,0.75,delay30,303,RG,124.08550000000002,138.79833333333335,0.0,22,22,0.0,1.0,0,6,1,1,0,37.21976280212402,100,1,0
INSTANCE_033,0.75,delay30,303,SA,124.08550000000002,138.79833333333335,0.0,22,22,0.0,1.0,0,6,1,1,0,39.145469665527344,100,1,0
INSTANCE_033,0.75,p85,303,FR,124.08550000000002,143.0583008333333,0.0,22,22,0.0,1.0,0,6,1,1,0,14.865875244140623,100,1,0
INSTANCE_033,0.75,p85,303,NR,124.08550000000002,143.0583008333333,0.0,22,22,0.0,1.0,0,6,1,1,0,0.0,0,1,0
INSTANCE_033,0.75,p85,303,RG,124.08550000000002,143.0583008333333,0.0,22,22,0.0,1.0,0,6,1,1,0,39.254188537597656,100,1,0
INSTANCE_033,0.75,p85,303,SA,124.08550000000002,143.0583008333333,0.0,22,22,0.0,1.0,0,6,1,1,0,38.73682022094727,100,1,0
INSTANCE_033,0.75,p95,303,FR,124.08550000000002,146.81822083333333,0.0,22,22,0.0,1.0,0,6,1,1,0,15.390396118164062,100,1,0
INSTANCE_033,0.75,p95,303,NR,124.08550000000002,146.81822083333333,0.0,22,22,0.0,1.0,0,6,1,1,0,0.0,0,1,0
INSTANCE_033,0.75,p95,303,RG,124.08550000000002,146.81822083333333,0.0,22,22,0.0,1.0,0,6,1,1,0,40.67087173461914,100,1,0
INSTANCE_033,0.75,p95,303,SA,124.08550000000002,146.81822083333333,0.0,22,22,0.0,1.0,0,6,1,1,0,41.39375686645508,100,1,0
INSTANCE_034,0.25,delay20,303,FR,106.2145,109.94,0.0,14,14,0.0,1.0,0,11,1,1,0,13.432741165161133,100,1,0
INSTANCE_034,0.25,delay20,303,NR,106.2145,109.94,0.0,14,14,0.0,1.0,0,11,1,1,0,0.0,0,1,0
INSTANCE_034,0.25,delay20,303,RG,106.2145,109.94,0.0,14,14,0.0,1.0,0,11,1,1,0,36.03029251098633,100,1,0
INSTANCE_034,0.25,delay20,303,SA,106.2145,109.94,0.0,14,14,0.0,1.0,0,11,1,1,0,36.77558898925781,100,1,0
INSTANCE_034,0.25,delay30,303,FR,106.2145,109.94,0.0,14,14,0.0,1.0,0,11,1,1,0,12.404918670654297,100,1,0
INSTANCE_034,0.25,delay30,303,NR,106.2145,109.94,0.0,14,14,0.0,1.0,0,11,1,1,0,0.0,0,1,0
INSTANCE_034,0.25,delay30,303,RG,106.2145,109.94,0.0,14,14,0.0,1.0,0,11,1,1,0,33.52928161621094,100,1,0
INSTANCE_034,0.25,delay30,303,SA,106.2145,109.94,0.0,14,14,0.0,1.0,0,11,1,1,0,34.66153144836426,100,1,0
INSTANCE_034,0.25,p85,303,FR,106.2145,125.75085833333333,0.0,14,14,0.0,1.0,0,11,1,1,0,14.04571533203125,100,1,0
INSTANCE_034,0.25,p85,303,NR,106.2145,125.75085833333333,0.0,14,14,0.0,1.0,0,11,1,1,0,0.0,0,1,0
INSTANCE_034,0.25,p85,303,RG,106.2145,125.75085833333333,0.0,14,14,0.0,1.0,0,11,1,1,0,37.85586357116699,100,1,0
INSTANCE_034,0.25,p85,303,SA,106.2145,125.75085833333333,0.0,14,14,0.0,1.0,0,11,1,1,0,36.91411018371582,100,1,0
INSTANCE_034,0.25,p95,303,FR,106.2145,139.70579166666667,0.0,14,14,0.0,1.0,0,11,1,1,0,14.500141143798828,100,1,0
INSTANCE_034,0.25,p95,303,NR,106.2145,139.70579166666667,0.0,14,14,0.0,1.0,0,11,1,1,0,0.0,0,1,0
INSTANCE_034,0.25,p95,303,RG,106.2145,139.70579166666667,0.0,14,14,0.0,1.0,0,11,1,1,0,37.867069244384766,100,1,0
INSTANCE_034,0.25,p95,303,SA,106.2145,139.70579166666667,0.0,14,14,0.0,1.0,0,11,1,1,0,38.34724426269531,100,1,0
INSTANCE_034,0.5,delay20,303,FR,106.2145,109.94,0.0,14,14,0.0,1.0,0,7,1,1,0,11.94000244140625,100,1,0
INSTANCE_034,0.5,delay20,303,NR,106.2145,109.94,0.0,14,14,0.0,1.0,0,7,1,1,0,0.0,0,1,0
INSTANCE_034,0.5,delay20,303,RG,106.2145,109.94,0.0,14,14,0.0,1.0,0,7,1,1,0,34.84058380126953,100,1,0
INSTANCE_034,0.5,delay20,303,SA,106.2145,109.94,0.0,14,14,0.0,1.0,0,7,1,1,0,34.90948677062988,100,1,0
INSTANCE_034,0.5,delay30,303,FR,106.2145,109.94,0.0,14,14,0.0,1.0,0,7,1,1,0,13.164281845092772,100,1,0
INSTANCE_034,0.5,delay30,303,NR,106.2145,109.94,0.0,14,14,0.0,1.0,0,7,1,1,0,0.0,0,1,0
INSTANCE_034,0.5,delay30,303,RG,106.2145,109.94,0.0,14,14,0.0,1.0,0,7,1,1,0,35.043954849243164,100,1,0
INSTANCE_034,0.5,delay30,303,SA,106.2145,109.94,0.0,14,14,0.0,1.0,0,7,1,1,0,35.70270538330078,100,1,0
INSTANCE_034,0.5,p85,303,FR,106.2145,123.1704535,0.0,14,14,0.0,1.0,0,7,1,1,0,13.219356536865234,100,1,0
INSTANCE_034,0.5,p85,303,NR,106.2145,123.1704535,0.0,14,14,0.0,1.0,0,7,1,1,0,0.0,0,1,0
INSTANCE_034,0.5,p85,303,RG,106.2145,123.1704535,0.0,14,14,0.0,1.0,0,7,1,1,0,34.85274314880371,100,1,0
INSTANCE_034,0.5,p85,303,SA,106.2145,123.1704535,0.0,14,14,0.0,1.0,0,7,1,1,0,34.6987247467041,100,1,0
INSTANCE_034,0.5,p95,303,FR,106.2145,134.8478775,0.0,14,14,0.0,1.0,0,7,1,1,0,13.972997665405272,100,1,0
INSTANCE_034,0.5,p95,303,NR,106.2145,134.8478775,0.0,14,14,0.0,1.0,0,7,1,1,0,0.0,0,1,0
INSTANCE_034,0.5,p95,303,RG,106.2145,134.8478775,0.0,14,14,0.0,1.0,0,7,1,1,0,36.65351867675781,100,1,0
INSTANCE_034,0.5,p95,303,SA,106.2145,134.8478775,0.0,14,14,0.0,1.0,0,7,1,1,0,35.375356674194336,100,1,0
INSTANCE_034,0.75,delay20,303,FR,106.2145,109.94,0.0,14,14,0.0,1.0,0,4,1,1,0,12.442588806152344,100,1,0
INSTANCE_034,0.75,delay20,303,NR,106.2145,109.94,0.0,14,14,0.0,1.0,0,4,1,1,0,0.0,0,1,0
INSTANCE_034,0.75,delay20,303,RG,106.2145,109.94,0.0,14,14,0.0,1.0,0,4,1,1,0,32.61876106262207,100,1,0
INSTANCE_034,0.75,delay20,303,SA,106.2145,109.94,0.0,14,14,0.0,1.0,0,4,1,1,0,35.28738021850586,100,1,0
INSTANCE_034,0.75,delay30,303,FR,106.2145,109.94,0.0,14,14,0.0,1.0,0,4,1,1,0,14.055013656616213,100,1,0
INSTANCE_034,0.75,delay30,303,NR,106.2145,109.94,0.0,14,14,0.0,1.0,0,4,1,1,0,0.0,0,1,0
INSTANCE_034,0.75,delay30,303,RG,106.2145,109.94,0.0,14,14,0.0,1.0,0,4,1,1,0,37.46652603149414,100,1,0
INSTANCE_034,0.75,delay30,303,SA,106.2145,109.94,0.0,14,14,0.0,1.0,0,4,1,1,0,37.41574287414551,100,1,0
INSTANCE_034,0.75,p85,303,FR,106.2145,121.65926283333332,0.0,14,14,0.0,1.0,0,4,1,1,0,12.532472610473633,100,1,0
INSTANCE_034,0.75,p85,303,NR,106.2145,121.65926283333332,0.0,14,14,0.0,1.0,0,4,1,1,0,0.0,0,1,0
INSTANCE_034,0.75,p85,303,RG,106.2145,121.65926283333332,0.0,14,14,0.0,1.0,0,4,1,1,0,32.82475471496582,100,1,0
INSTANCE_034,0.75,p85,303,SA,106.2145,121.65926283333332,0.0,14,14,0.0,1.0,0,4,1,1,0,31.79287910461425,100,1,0
INSTANCE_034,0.75,p95,303,FR,106.2145,132.00288416666666,0.0,14,14,0.0,1.0,0,4,1,1,0,13.242959976196287,100,1,0
INSTANCE_034,0.75,p95,303,NR,106.2145,132.00288416666666,0.0,14,14,0.0,1.0,0,4,1,1,0,0.0,0,1,0
INSTANCE_034,0.75,p95,303,RG,106.2145,132.00288416666666,0.0,14,14,0.0,1.0,0,4,1,1,0,35.75563430786133,100,1,0
INSTANCE_034,0.75,p95,303,SA,106.2145,132.00288416666666,0.0,14,14,0.0,1.0,0,4,1,1,0,35.70556640625,100,1,0
INSTANCE_035,0.25,delay20,303,FR,271.5181,319.7316666666666,0.0,48,48,0.0,0.7785714285714285,18,37,2,0,0,53.344011306762695,330,0,0
INSTANCE_035,0.25,delay20,303,NR,281.4062,335.50333333333333,19.82333333333316,46,48,0.0,1.0,0,37,2,2,0,0.0,0,1,0
INSTANCE_035,0.25,delay20,303,RG,279.51890000000003,325.41333333333336,0.0,48,48,0.0,0.6755952380952381,19,37,2,0,0,180.3240776062012,430,0,0
INSTANCE_035,0.25,delay20,303,SA,282.51070000000004,335.71500000000003,0.0,48,48,0.0,0.9,11,37,2,1,0,131.74057006835938,310,0,0
INSTANCE_035,0.25,delay30,303,FR,271.5957000000001,320.235,11.030000000000314,46,48,0.0,0.6749999999999999,22,37,2,0,0,34.697532653808594,240,0,0
INSTANCE_035,0.25,delay30,303,NR,281.4062,335.50333333333333,45.16833333333307,45,48,0.0,1.0,0,37,2,2,0,0.0,0,1,0
INSTANCE_035,0.25,delay30,303,RG,277.1286,323.535,40.47166666666578,45,48,0.0,0.805952380952381,14,37,2,0,0,115.25607109069824,320,0,0
INSTANCE_035,0.25,delay30,303,SA,281.4062,335.50333333333333,45.16833333333307,45,48,0.0,1.0,0,37,2,2,0,75.7150650024414,200,1,0
INSTANCE_035,0.25,p85,303,FR,271.5181,356.2735701666667,0.2275321666667196,47,48,0.0,0.7523809523809524,20,37,2,0,0,40.23241996765137,280,0,0
INSTANCE_035,0.25,p85,303,NR,281.4062,374.3788171666666,26.46549533333325,46,48,0.0,1.0,0,37,2,2,0,0.0,0,1,0
INSTANCE_035,0.25,p85,303,RG,277.1286,360.5446206666667,23.94755983333312,46,48,0.0,0.805952380952381,14,37,2,0,0,117.7670955657959,320,0,0
INSTANCE_035,0.25,p85,303,SA,281.4062,374.3788171666666,26.46549533333325,46,48,0.0,1.0,0,37,2,2,0,75.98280906677246,200,1,0
INSTANCE_035,0.25,p95,303,FR,271.5957000000001,388.8012641666666,32.09138583333481,45,48,0.0,0.7011904761904761,20,37,2,0,0,41.77594184875488,270,0,0
INSTANCE_035,0.25,p95,303,NR,281.4062,408.6909825,91.436269166668,44,48,0.0,1.0,0,37,2,2,0,0.0,0,1,0
INSTANCE_035,0.25,p95,303,RG,284.3694,405.66419250000007,58.86991166666781,44,48,0.0,0.7404761904761905,17,37,2,0,0,202.2767066955566,470,0,0
INSTANCE_035,0.25,p95,303,SA,288.8103,420.3691316666667,53.54931500000134,44,48,0.0,0.8535714285714285,11,37,2,1,0,146.99292182922363,370,0,0
INSTANCE_035,0.5,delay20,303,FR,271.55870000000004,319.67499999999995,0.0,48,48,0.0,0.6751998001998002,16,25,2,0,0,27.180194854736328,200,0,0
INSTANCE_035,0.5,delay20,303,NR,281.4062,335.50333333333333,19.82333333333316,46,48,0.0,1.0,0,25,2,2,0,0.0,0,1,0
INSTANCE_035,0.5,delay20,303,RG,276.6008,321.11500000000007,0.0,48,48,0.0,0.5499000999000998,19,25,2,0,0,105.84545135498048,280,0,0
INSTANCE_035,0.5,delay20,303,SA,285.30850000000004,339.9783333333333,0.2966666666667379,47,48,0.0,0.8598901098901099,8,25,2,1,0,142.89140701293945,360,0,0
INSTANCE_035,0.5,delay30,303,FR,271.0326,317.1666666666667,6.471666666666465,47,48,0.0,0.633991008991009,17,25,2,0,0,49.465179443359375,260,0,0
INSTANCE_035,0.5,delay30,303,NR,281.4062,335.50333333333333,45.16833333333307,45,48,0.0,1.0,0,25,2,2,0,0.0,0,1,0
INSTANCE_035,0.5,delay30,303,RG,275.9759,320.0416666666667,5.968333333333248,47,48,0.0,0.5801198801198801,19,25,2,0,0,207.21483230590823,470,0,0
INSTANCE_035,0.5,delay30,303,SA,282.5854,334.51166666666666,4.8299999999998136,47,48,0.0,0.804945054945055,12,25,2,1,0,198.1499195098877,430,0,0
INSTANCE_035,0.5,p85,303,FR,269.4148,340.9385535,0.0,48,48,0.0,0.623001998001998,17,25,2,0,0,43.63131523132324,310,0,0
INSTANCE_035,0.5,p85,303,NR,281.4062,363.584561,10.774656166666546,47,48,0.0,1.0,0,25,2,2,0,0.0,0,1,0
INSTANCE_035,0.5,p85,303,RG,278.892,350.00080949999995,0.0,48,48,0.0,0.5526473526473525,17,25,2,0,0,125.16331672668456,310,0,0
INSTANCE_035,0.5,p85,303,SA,282.80530000000005,366.092864,0.0,48,48,0.0,0.8296703296703296,9,25,2,1,0,120.03493309020996,310,0,0
INSTANCE_035,0.5,p95,303,FR,269.10360000000003,364.2047958333334,0.0,48,48,0.0,0.7081668331668332,14,25,2,0,0,49.7286319732666,320,0,0
INSTANCE_035,0.5,p95,303,NR,281.4062,388.3695316666666,33.105301666666605,45,48,0.0,1.0,0,25,2,2,0,0.0,0,1,0
INSTANCE_035,0.5,p95,303,RG,276.6008,369.7582225,0.0,48,48,0.0,0.5499000999000998,19,25,2,0,0,115.94223976135254,280,0,0
INSTANCE_035,0.5,p95,303,SA,283.4302,392.56478333333337,0.8225074999996878,47,48,0.0,0.7994505494505495,9,25,2,1,0,109.0395450592041,260,0,0
INSTANCE_035,0.75,delay20,303,FR,273.0742,317.69500000000005,19.791666666666515,46,48,0.0,0.6630952380952381,7,13,2,0,0,31.1434268951416,210,0,0
INSTANCE_035,0.75,delay20,303,NR,281.4062,335.50333333333333,19.82333333333316,46,48,0.0,1.0,0,13,2,2,0,0.0,0,1,0
INSTANCE_035,0.75,delay20,303,RG,274.77860000000004,318.83333333333337,19.06499999999994,46,48,0.0,0.5976190476190476,8,13,2,0,0,132.13539123535156,330,0,0
INSTANCE_035,0.75,delay20,303,SA,281.4062,335.50333333333333,19.82333333333316,46,48,0.0,1.0,0,13,2,2,0,82.00287818908691,200,1,0
INSTANCE_035,0.75,delay30,303,FR,273.0742,317.69500000000005,45.10499999999979,45,48,0.0,0.6630952380952381,7,13,2,0,0,31.250476837158203,210,0,0
INSTANCE_035,0.75,delay30,303,NR,281.4062,335.50333333333333,45.16833333333307,45,48,0.0,1.0,0,13,2,2,0,0.0,0,1,0
INSTANCE_035,0.75,delay30,303,RG,274.77860000000004,318.83333333333337,42.601666666666574,45,48,0.0,0.5976190476190476,8,13,2,0,0,131.31451606750488,330,0,0
INSTANCE_035,0.75,delay30,303,SA,281.4062,335.50333333333333,45.16833333333307,45,48,0.0,1.0,0,13,2,2,0,78.29427719116211,200,1,0
INSTANCE_035,0.75,p85,303,FR,274.7785,330.76877750000006,0.0,48,48,0.0,0.680952380952381,9,13,2,0,0,41.9611930847168,260,0,0
INSTANCE_035,0.75,p85,303,NR,281.4062,350.03763050000003,1.4074046666665936,47,48,0.0,1.0,0,13,2,2,0,0.0,0,1,0
INSTANCE_035,0.75,p85,303,RG,274.77860000000004,330.76877750000006,0.0,48,48,0.0,0.5976190476190476,8,13,2,0,0,123.0618953704834,290,0,0
INSTANCE_035,0.75,p85,303,SA,281.4062,350.03763050000003,1.4074046666665936,47,48,0.0,1.0,0,13,2,2,0,85.67023277282715,200,1,0
INSTANCE_035,0.75,p95,303,FR,274.77860000000004,341.30320416666666,2.0368425000000343,47,48,0.0,0.5976190476190476,8,13,2,0,0,51.837921142578125,350,0,0
INSTANCE_035,0.75,p95,303,NR,281.4062,362.8658491666666,5.7858366666666825,47,48,0.0,1.0,0,13,2,2,0,0.0,0,1,0
INSTANCE_035,0.75,p95,303,RG,274.77860000000004,341.30320416666666,2.0368425000000343,47,48,0.0,0.5976190476190476,8,13,2,0,0,118.80230903625488,290,0,0
INSTANCE_035,0.75,p95,303,SA,283.11060000000003,364.3382833333333,2.0778033333333497,47,48,0.0,0.8809523809523809,4,13,2,1,0,100.19302368164062,240,0,0
INSTANCE_036,0.25,delay20,303,FR,253.1525,244.7033333333333,13.048333333333176,26,27,0.0,0.8011904761904762,8,21,1,0,0,36.59796714782715,240,0,0
INSTANCE_036,0.25,delay20,303,NR,244.2179,238.11666666666667,26.79499999999961,25,27,0.0,1.0,0,21,1,1,0,0.0,0,1,0
INSTANCE_036,0.25,delay20,303,RG,253.0937,244.46666666666667,12.811666666666495,26,27,0.0,0.8535714285714286,6,21,1,0,0,56.87284469604492,140,0,0
INSTANCE_036,0.25,delay20,303,SA,253.0937,244.46666666666667,12.811666666666495,26,27,0.0,0.8535714285714286,6,21,1,0,0,55.68552017211914,140,0,0
INSTANCE_036,0.25,delay30,303,FR,254.382,245.47333333333333,32.2133333333328,25,27,0.0,0.855952380952381,4,21,1,0,0,20.459890365600582,140,0,0
INSTANCE_036,0.25,delay30,303,NR,244.2179,238.11666666666667,52.97999999999945,24,27,0.0,1.0,0,21,1,1,0,0.0,0,1,0
INSTANCE_036,0.25,delay30,303,RG,253.0937,244.46666666666667,30.199999999999704,25,27,0.0,0.8535714285714286,6,21,1,0,0,55.20915985107422,140,0,0
INSTANCE_036,0.25,delay30,303,SA,253.0937,244.46666666666667,30.199999999999704,25,27,0.0,0.8535714285714286,6,21,1,0,0,51.090240478515625,140,0,0
INSTANCE_036,0.25,p85,303,FR,254.382,278.4053895,23.55795900000044,25,27,0.0,0.855952380952381,4,21,1,0,0,20.085811614990234,140,0,0
INSTANCE_036,0.25,p85,303,NR,244.2179,269.90181850000005,42.59423250000066,24,27,0.0,1.0,0,21,1,1,0,0.0,0,1,0
INSTANCE_036,0.25,p85,303,RG,253.0937,277.2417835,21.23074700000052,25,27,0.0,0.8535714285714286,6,21,1,0,0,55.574893951416016,140,0,0
INSTANCE_036,0.25,p85,303,SA,253.0937,277.2417835,21.23074700000052,25,27,0.0,0.8535714285714286,6,21,1,0,0,57.10554122924805,140,0,0
INSTANCE_036,0.25,p95,303,FR,253.0937,306.1696608333333,88.14235666666605,23,27,0.0,0.8535714285714286,6,21,1,0,0,21.735191345214844,140,0,0
INSTANCE_036,0.25,p95,303,NR,244.2179,297.9559358333334,136.73747833333334,22,27,0.0,1.0,0,21,1,1,0,0.0,0,1,0
INSTANCE_036,0.25,p95,303,RG,253.0937,306.1696608333333,88.14235666666605,23,27,0.0,0.8535714285714286,6,21,1,0,0,57.73377418518066,140,0,0
INSTANCE_036,0.25,p95,303,SA,253.0937,306.1696608333333,88.14235666666605,23,27,0.0,0.8535714285714286,6,21,1,0,0,58.30192565917969,140,0,0
INSTANCE_036,0.5,delay20,303,FR,244.218,238.39499999999995,6.739999999999782,26,27,0.0,0.6703296703296704,7,14,1,0,0,13.736724853515623,100,0,0
INSTANCE_036,0.5,delay20,303,NR,244.2179,238.11666666666667,26.79499999999961,25,27,0.0,1.0,0,14,1,1,0,0.0,0,1,0
INSTANCE_036,0.5,delay20,303,RG,257.6130999999999,247.75333333333333,16.7733333333332,25,27,0.0,0.5989010989010989,9,14,1,0,0,83.47415924072266,210,0,0
INSTANCE_036,0.5,delay20,303,SA,245.0027,238.83833333333328,7.183333333333167,26,27,0.0,0.7087912087912087,7,14,1,0,0,153.28526496887207,400,0,0
INSTANCE_036,0.5,delay30,303,FR,244.218,238.39499999999995,18.05666666666628,25,27,0.0,0.6703296703296704,7,14,1,0,0,15.27714729309082,100,0,0
INSTANCE_036,0.5,delay30,303,NR,244.2179,238.11666666666667,52.97999999999945,24,27,0.0,1.0,0,14,1,1,0,0.0,0,1,0
INSTANCE_036,0.5,delay30,303,RG,259.5431,249.01999999999995,32.84166666666647,25,27,0.0,0.6538461538461539,8,14,1,0,0,81.25185966491699,200,0,0
INSTANCE_036,0.5,delay30,303,SA,244.218,238.39499999999995,18.05666666666628,25,27,0.0,0.6703296703296704,7,14,1,0,0,159.0251922607422,380,0,0
INSTANCE_036,0.5,p85,303,FR,244.218,258.80646733333333,0.4703728333334993,26,27,0.0,0.6703296703296704,7,14,1,0,0,15.620708465576172,100,0,0
INSTANCE_036,0.5,p85,303,NR,244.2179,258.4847418333334,17.578754166666954,25,27,0.0,1.0,0,14,1,1,0,0.0,0,1,0
INSTANCE_036,0.5,p85,303,RG,244.218,258.80646733333333,0.4703728333333856,26,27,0.0,0.5494505494505495,9,14,1,0,0,133.23569297790527,350,0,0
INSTANCE_036,0.5,p85,303,SA,244.2179,258.4847418333334,17.578754166666954,25,27,0.0,1.0,0,14,1,1,0,36.12017631530762,100,1,0
INSTANCE_036,0.5,p95,303,FR,244.218,276.82197666666667,12.589034166666693,26,27,0.0,0.6703296703296704,7,14,1,0,0,15.449285507202148,100,0,0
INSTANCE_036,0.5,p95,303,NR,244.2179,276.4619525,48.38116250000019,24,27,0.0,1.0,0,14,1,1,0,0.0,0,1,0
INSTANCE_036,0.5,p95,303,RG,244.218,276.82197666666667,12.589034166666693,26,27,0.0,0.6703296703296704,7,14,1,0,0,137.6025676727295,360,0,0
INSTANCE_036,0.5,p95,303,SA,244.218,276.82197666666667,12.589034166666693,26,27,0.0,0.6703296703296704,7,14,1,0,0,139.80507850646973,380,0,0
INSTANCE_036,0.75,delay20,303,FR,244.218,238.39499999999995,6.739999999999782,26,27,0.0,0.238095238095238,7,7,1,0,0,15.24662971496582,100,0,0
INSTANCE_036,0.75,delay20,303,NR,244.2179,238.11666666666667,26.79499999999961,25,27,0.0,1.0,0,7,1,1,0,0.0,0,1,0
INSTANCE_036,0.75,delay20,303,RG,244.218,238.39499999999995,6.739999999999782,26,27,0.0,0.238095238095238,7,7,1,0,0,71.81930541992188,170,0,0
INSTANCE_036,0.75,delay20,303,SA,248.2213,241.015,9.359999999999786,26,27,0.0,0.5119047619047619,7,7,1,0,0,80.32441139221191,190,0,0
INSTANCE_036,0.75,delay30,303,FR,244.218,238.39499999999995,18.05666666666628,25,27,0.0,0.238095238095238,7,7,1,0,0,15.607357025146484,100,0,0
INSTANCE_036,0.75,delay30,303,NR,244.2179,238.11666666666667,52.97999999999945,24,27,0.0,1.0,0,7,1,1,0,0.0,0,1,0
INSTANCE_036,0.75,delay30,303,RG,244.218,238.39499999999995,18.05666666666628,25,27,0.0,0.238095238095238,7,7,1,0,0,69.42582130432129,170,0,0
INSTANCE_036,0.75,delay30,303,SA,245.0027,238.83833333333328,18.943333333333044,25,27,0.0,0.3214285714285714,7,7,1,0,0,111.42945289611816,210,0,0
INSTANCE_036,0.75,p85,303,FR,244.218,251.0995508333333,0.0,27,27,0.0,0.238095238095238,7,7,1,0,0,15.376567840576172,100,0,0
INSTANCE_036,0.75,p85,303,NR,244.2179,250.7778253333333,6.040894333333199,26,27,0.0,1.0,0,7,1,1,0,0.0,0,1,0
INSTANCE_036,0.75,p85,303,RG,244.218,251.0995508333333,0.0,27,27,0.0,0.238095238095238,7,7,1,0,0,67.14725494384766,170,0,0
INSTANCE_036,0.75,p85,303,SA,244.2179,250.7778253333333,6.040894333333199,26,27,0.0,1.0,0,7,1,1,0,39.80135917663574,100,1,0
INSTANCE_036,0.75,p95,303,FR,244.218,262.31280416666664,0.0,27,27,0.0,0.238095238095238,7,7,1,0,0,14.888763427734377,100,0,0
INSTANCE_036,0.75,p95,303,NR,244.2179,261.95278,15.730675833333294,25,27,0.0,1.0,0,7,1,1,0,0.0,0,1,0
INSTANCE_036,0.75,p95,303,RG,244.218,262.31280416666664,0.0,27,27,0.0,0.238095238095238,7,7,1,0,0,67.5344467163086,170,0,0
INSTANCE_036,0.75,p95,303,SA,246.2911,264.061185,0.0,27,27,0.0,0.4285714285714286,5,7,1,0,0,91.9339656829834,240,0,0
INSTANCE_039,0.25,delay20,303,FR,432.1473000000001,549.8366666666667,0.0,65,65,0.0,0.7270969498910675,19,50,3,0,0,68.79019737243652,450,0,0
INSTANCE_039,0.25,delay20,303,NR,345.4281,466.8366666666667,44.6483333333332,62,65,0.0,1.0,0,50,3,3,0,0.0,0,1,0
INSTANCE_039,0.25,delay20,303,RG,433.8989,558.0766666666666,0.0,65,65,0.0,0.7225490196078431,28,50,3,0,0,206.0401439666748,510,0,0
INSTANCE_039,0.25,delay20,303,SA,433.4407,558.4549999999999,0.1716666666666242,64,65,0.0,0.7806372549019608,25,50,3,0,0,209.6583843231201,520,0,0
INSTANCE_039,0.25,delay30,303,FR,409.1061,533.185,2.8116666666667243,64,65,0.0,0.6479030501089325,24,50,3,0,0,63.03215026855469,410,0,0
INSTANCE_039,0.25,delay30,303,NR,345.4281,466.8366666666667,86.5416666666664,60,65,0.0,1.0,0,50,3,3,0,0.0,0,1,0
INSTANCE_039,0.25,delay30,303,RG,512.5759,619.845,2.8116666666667243,64,65,0.0,0.5697712418300654,41,50,3,0,0,196.31648063659668,490,0,0
INSTANCE_039,0.25,delay30,303,SA,491.6322,604.4366666666667,2.8116666666667243,64,65,0.0,0.6467864923747276,34,50,3,0,0,247.992753982544,620,0,0
INSTANCE_039,0.25,p85,303,FR,396.0568,586.1966268333333,0.5681894999999031,64,65,0.0,0.7319716775599128,21,50,3,1,0,71.1052417755127,460,0,0
INSTANCE_039,0.25,p85,303,NR,345.4281,525.5600393333333,20.94629216666669,63,65,0.0,1.0,0,50,3,3,0,0.0,0,1,0
INSTANCE_039,0.25,p85,303,RG,404.6524999999999,599.0309698333333,0.0,65,65,0.0,0.7378267973856211,25,50,3,1,0,211.8203639984131,530,0,0
INSTANCE_039,0.25,p85,303,SA,371.8734,559.8825633333333,7.609260666666501,64,65,0.0,0.954248366013072,11,50,3,2,0,154.59394454956055,380,0,0
INSTANCE_039,0.25,p95,303,FR,390.6951,646.8339933333333,0.0,65,65,0.0,0.6397875816993465,28,50,3,1,0,119.2147731781006,780,0,0
INSTANCE_039,0.25,p95,303,NR,345.4281,577.39029,43.596857500000056,63,65,0.0,1.0,0,50,3,3,0,0.0,0,1,0
INSTANCE_039,0.25,p95,303,RG,423.91050000000007,673.0597058333333,0.0,65,65,0.0,0.7461601307189542,26,50,3,1,0,195.6515312194824,480,0,0
INSTANCE_039,0.25,p95,303,SA,429.8213,693.093865,0.0,65,65,0.0,0.7773420479302833,21,50,3,1,0,222.66244888305664,550,0,0
INSTANCE_039,0.5,delay20,303,FR,390.03469999999993,508.6116666666667,0.0,65,65,0.0,0.787878787878788,9,34,3,1,0,55.86409568786621,370,0,0
INSTANCE_039,0.5,delay20,303,NR,345.4281,466.8366666666667,35.28333333333319,63,65,0.0,1.0,0,34,3,3,0,0.0,0,1,0
INSTANCE_039,0.5,delay20,303,RG,404.1388,525.5833333333334,0.0,65,65,0.0,0.7111111111111111,16,34,3,1,0,173.9358901977539,420,0,0
INSTANCE_039,0.5,delay20,303,SA,394.0946,513.8933333333333,0.0,65,65,0.0,0.8166666666666668,10,34,3,1,0,152.0061492919922,370,0,0
INSTANCE_039,0.5,delay30,303,FR,384.817,503.4966666666666,0.0,65,65,0.0,0.6651515151515152,17,34,3,1,0,75.4704475402832,480,0,0
INSTANCE_039,0.5,delay30,303,NR,345.4281,466.8366666666667,67.17666666666639,61,65,0.0,1.0,0,34,3,3,0,0.0,0,1,0
INSTANCE_039,0.5,delay30,303,RG,398.0899,522.3533333333334,0.0,65,65,0.0,0.7338383838383838,17,34,3,1,0,171.6480255126953,410,0,0
INSTANCE_039,0.5,delay30,303,SA,400.5844,523.5716666666667,0.0,65,65,0.0,0.7924242424242425,16,34,3,1,0,190.2778148651123,440,0,0
INSTANCE_039,0.5,p85,303,FR,363.3124,534.6844775,0.0839359999998805,64,65,0.0,0.7828282828282829,14,34,3,1,0,75.09136199951172,530,0,0
INSTANCE_039,0.5,p85,303,NR,345.4281,510.2410454999999,8.137288333333117,63,65,0.0,1.0,0,34,3,3,0,0.0,0,1,0
INSTANCE_039,0.5,p85,303,RG,362.7819,533.1933664999999,0.0839359999998805,64,65,0.0,0.8232323232323232,10,34,3,1,0,180.69863319396973,470,0,0
INSTANCE_039,0.5,p85,303,SA,369.7599,540.4235209999999,0.2611739999997553,64,65,0.0,0.9545454545454546,5,34,3,2,0,114.7303581237793,300,0,0
INSTANCE_039,0.5,p95,303,FR,366.8616,577.4386575,0.0,65,65,0.0,0.8560606060606061,6,34,3,1,0,62.076568603515625,420,0,0
INSTANCE_039,0.5,p95,303,NR,345.4281,548.5504908333332,19.482408333333183,63,65,0.0,1.0,0,34,3,3,0,0.0,0,1,0
INSTANCE_039,0.5,p95,303,RG,366.8814,580.0105666666667,0.0,65,65,0.0,0.8712121212121211,6,34,3,1,0,180.450439453125,450,0,0
INSTANCE_039,0.5,p95,303,SA,369.7599,582.3259316666666,2.9939099999998007,64,65,0.0,0.9545454545454546,5,34,3,2,0,124.04727935791016,300,0,0
INSTANCE_039,0.75,delay20,303,FR,345.9856,467.5,7.374999999999886,64,65,0.0,0.9222222222222222,2,18,3,2,0,45.06182670593262,310,0,0
INSTANCE_039,0.75,delay20,303,NR,345.4281,466.8366666666667,17.16499999999985,64,65,0.0,1.0,0,18,3,3,0,0.0,0,1,0
INSTANCE_039,0.75,delay20,303,RG,345.9856,467.5,7.374999999999886,64,65,0.0,0.9222222222222222,2,18,3,2,0,211.0443115234375,540,0,0
INSTANCE_039,0.75,delay20,303,SA,345.9856,467.5,7.374999999999886,64,65,0.0,0.9222222222222222,2,18,3,2,0,126.45149230957033,320,0,0
INSTANCE_039,0.75,delay30,303,FR,345.9856,467.5,24.958333333333144,63,65,0.0,0.9222222222222222,2,18,3,2,0,49.09658432006836,310,0,0
INSTANCE_039,0.75,delay30,303,NR,345.4281,466.8366666666667,34.92666666666639,63,65,0.0,1.0,0,18,3,3,0,0.0,0,1,0
INSTANCE_039,0.75,delay30,303,RG,345.9856,467.5,24.958333333333144,63,65,0.0,0.9222222222222222,2,18,3,2,0,216.3984775543213,540,0,0
INSTANCE_039,0.75,delay30,303,SA,345.9856,467.5,24.958333333333144,63,65,0.0,0.9222222222222222,2,18,3,2,0,131.0575008392334,320,0,0
INSTANCE_039,0.75,p85,303,FR,345.4281,480.9032638333333,0.0,65,65,0.0,1.0,0,18,3,3,0,45.14908790588379,300,1,0
INSTANCE_039,0.75,p85,303,NR,345.4281,480.9032638333333,0.0,65,65,0.0,1.0,0,18,3,3,0,0.0,0,1,0
INSTANCE_039,0.75,p85,303,RG,345.4281,480.9032638333333,0.0,65,65,0.0,1.0,0,18,3,3,0,130.31840324401855,300,1,0
INSTANCE_039,0.75,p85,303,SA,345.4281,480.9032638333333,0.0,65,65,0.0,1.0,0,18,3,3,0,121.48666381835938,300,1,0
INSTANCE_039,0.75,p95,303,FR,345.4281,493.3186825,0.0,65,65,0.0,1.0,0,18,3,3,0,45.475006103515625,300,1,0
INSTANCE_039,0.75,p95,303,NR,345.4281,493.3186825,0.0,65,65,0.0,1.0,0,18,3,3,0,0.0,0,1,0
INSTANCE_039,0.75,p95,303,RG,345.4281,493.3186825,0.0,65,65,0.0,1.0,0,18,3,3,0,121.14548683166504,300,1,0
INSTANCE_039,0.75,p95,303,SA,345.4281,493.3186825,0.0,65,65,0.0,1.0,0,18,3,3,0,118.86310577392578,300,1,0
INSTANCE_040,0.25,delay20,303,FR,391.1116,461.155,55.60000000000082,49,55,0.0,1.0,0,42,2,2,0,32.7916145324707,200,1,0
INSTANCE_040,0.25,delay20,303,NR,391.1116,461.155,55.60000000000082,49,55,0.0,1.0,0,42,2,2,0,0.0,0,1,0
INSTANCE_040,0.25,delay20,303,RG,401.8325,465.14,43.97000000000082,50,55,0.0,0.8355534242682581,10,42,2,0,1,176.32770538330078,410,0,1
INSTANCE_040,0.25,delay20,303,SA,398.7885,465.10833333333335,43.76666666666745,50,55,0.0,0.937908496732026,2,42,2,1,0,131.3765048980713,310,0,0
INSTANCE_040,0.25,delay30,303,FR,402.467,470.1233333333333,119.06500000000142,47,55,9.520000000000437,0.9362745098039216,2,42,2,1,0,33.28657150268555,210,0,0
INSTANCE_040,0.25,delay30,303,NR,391.1116,461.155,129.87000000000126,47,55,9.520000000000437,1.0,0,42,2,2,0,0.0,0,1,0
INSTANCE_040,0.25,delay30,303,RG,399.8992,471.535,88.55000000000109,50,55,10.058333333333849,0.829568059107701,23,42,2,0,0,185.03689765930176,440,0,0
INSTANCE_040,0.25,delay30,303,SA,398.012,470.9966666666666,104.62000000000126,48,55,9.520000000000437,0.934640522875817,4,42,2,1,0,149.7044563293457,370,0,0
INSTANCE_040,0.25,p85,303,FR,399.4827,526.3899233333333,48.77572816666668,51,55,13.00342250000017,0.892156862745098,4,42,2,1,0,41.88203811645508,270,0,0
INSTANCE_040,0.25,p85,303,NR,391.1116,521.2827718333333,60.14056916666664,51,55,13.00342250000017,1.0,0,42,2,2,0,0.0,0,1,0
INSTANCE_040,0.25,p85,303,RG,397.6647,530.1754958333333,37.204455333333385,51,55,10.52016400000025,0.8205100880932084,21,42,2,0,0,174.17049407958984,440,0,0
INSTANCE_040,0.25,p85,303,SA,397.8092,530.0695383333333,36.992540333333295,51,55,10.414206500000091,0.7879013924410344,20,42,2,0,0,175.13465881347656,440,0,0
INSTANCE_040,0.25,p95,303,FR,402.8146,583.7757166666668,137.62944166666648,48,55,39.77759333333347,0.7600525717533391,23,42,2,0,0,50.29559135437012,330,0,0
INSTANCE_040,0.25,p95,303,NR,391.1116,574.3525691666669,162.37859999999966,49,55,42.55646249999995,1.0,0,42,2,2,0,0.0,0,1,0
INSTANCE_040,0.25,p95,303,RG,402.8146,583.7757166666668,137.62944166666648,48,55,39.77759333333347,0.7600525717533391,23,42,2,0,0,132.45201110839844,330,0,0
INSTANCE_040,0.25,p95,303,SA,402.9591,583.6571458333334,137.39229999999975,48,55,39.65902249999999,0.7274438761011651,22,42,2,0,0,133.60953330993652,330,0,0
INSTANCE_040,0.5,delay20,303,FR,401.1441,477.1,33.863333333334026,51,55,0.0,0.8409090909090908,7,28,2,1,0,52.36530303955079,340,0,0
INSTANCE_040,0.5,delay20,303,NR,391.1116,461.155,43.01000000000079,50,55,0.0,1.0,0,28,2,2,0,0.0,0,1,0
INSTANCE_040,0.5,delay20,303,RG,394.3355,465.985,29.631666666667343,51,55,0.0,0.9242424242424244,3,28,2,1,0,78.11379432678223,200,0,0
INSTANCE_040,0.5,delay20,303,SA,398.012,470.9966666666666,27.760000000000787,51,55,0.0,0.8939393939393939,4,28,2,1,0,104.03084754943848,270,0,0
INSTANCE_040,0.5,delay30,303,FR,398.012,470.9966666666666,74.55166666666776,50,55,9.520000000000437,0.8939393939393939,4,28,2,1,0,46.564579010009766,290,0,0
INSTANCE_040,0.5,delay30,303,NR,391.1116,461.155,99.80166666666776,49,55,9.520000000000437,1.0,0,28,2,2,0,0.0,0,1,0
INSTANCE_040,0.5,delay30,303,RG,394.3355,465.985,83.80166666666776,49,55,9.520000000000437,0.9242424242424244,3,28,2,1,0,82.82804489135742,200,0,0
INSTANCE_040,0.5,delay30,303,SA,398.012,470.9966666666666,74.55166666666776,50,55,9.520000000000437,0.8939393939393939,4,28,2,1,0,108.25848579406738,270,0,0
INSTANCE_040,0.5,p85,303,FR,402.3544,522.0549768333333,21.44482833333427,52,55,5.888337000000547,0.7530303030303029,10,28,2,0,0,50.05598068237305,330,0,0
INSTANCE_040,0.5,p85,303,NR,391.1116,506.13630733333326,29.84764016666736,51,55,6.78223300000036,1.0,0,28,2,2,0,0.0,0,1,0
INSTANCE_040,0.5,p85,303,RG,398.012,517.5122898333333,17.796037333333857,52,55,6.78223300000036,0.8939393939393939,4,28,2,1,0,106.8415641784668,270,0,0
INSTANCE_040,0.5,p85,303,SA,398.012,517.5122898333333,17.796037333333857,52,55,6.78223300000036,0.8939393939393939,4,28,2,1,0,111.50598526000977,270,0,0
INSTANCE_040,0.5,p95,303,FR,400.7236,561.9890800000001,65.693334166667,52,55,30.844345000000203,0.9166666666666669,4,28,2,1,0,46.69809341430664,300,0,0
INSTANCE_040,0.5,p95,303,NR,391.1116,545.8375766666667,89.15301083333361,51,55,30.844345000000203,1.0,0,28,2,2,0,0.0,0,1,0
INSTANCE_040,0.5,p95,303,RG,398.012,558.5677725,62.27202666666688,52,55,30.844345000000203,0.8939393939393939,4,28,2,1,0,113.8916015625,270,0,0
INSTANCE_040,0.5,p95,303,SA,398.012,558.5677725,62.27202666666688,52,55,30.844345000000203,0.8939393939393939,4,28,2,1,0,111.25898361206056,270,0,0
INSTANCE_040,0.75,delay20,303,FR,398.0119,470.9966666666666,27.40500000000077,52,55,0.0,0.5726190476190476,6,14,2,0,0,47.32966423034668,300,0,0
INSTANCE_040,0.75,delay20,303,NR,391.1116,461.155,42.65500000000077,51,55,0.0,1.0,0,14,2,2,0,0.0,0,1,0
INSTANCE_040,0.75,delay20,303,RG,399.8207,469.81166666666667,25.03500000000065,52,55,0.0,0.5547619047619048,8,14,2,0,0,121.11210823059082,280,0,0
INSTANCE_040,0.75,delay20,303,SA,394.3355,465.985,29.276666666667325,52,55,0.0,0.8166666666666667,3,14,2,1,0,85.86716651916504,200,0,0
INSTANCE_040,0.75,delay30,303,FR,398.0119,470.9966666666666,64.19666666666774,51,55,9.520000000000437,0.5726190476190476,6,14,2,0,0,45.67909240722656,300,0,0
INSTANCE_040,0.75,delay30,303,NR,391.1116,461.155,89.44666666666774,50,55,9.520000000000437,1.0,0,14,2,2,0,0.0,0,1,0
INSTANCE_040,0.75,delay30,303,RG,398.0119,470.9966666666666,64.19666666666774,51,55,9.520000000000437,0.5726190476190476,6,14,2,0,0,122.36475944519044,290,0,0
INSTANCE_040,0.75,delay30,303,SA,401.0054,470.92333333333335,57.25833333333401,52,55,9.446666666666944,0.599404761904762,8,14,2,0,0,123.16441535949708,290,0,0
INSTANCE_040,0.75,p85,303,FR,394.4018,492.1130581666666,3.692825166666921,54,55,0.0,0.5577380952380953,8,14,2,0,0,48.93922805786133,320,0,0
INSTANCE_040,0.75,p85,303,NR,391.1116,488.4083986666667,6.421676666667054,53,55,0.8795991666669352,1.0,0,14,2,2,0,0.0,0,1,0
INSTANCE_040,0.75,p85,303,RG,396.14420000000007,492.6216541666667,4.2014211666669325,54,55,0.0,0.638095238095238,7,14,2,0,0,109.13205146789552,270,0,0
INSTANCE_040,0.75,p85,303,SA,391.1116,488.4083986666667,6.421676666667054,53,55,0.8795991666669352,1.0,0,14,2,2,0,80.76596260070801,200,1,0
INSTANCE_040,0.75,p95,303,FR,394.3353,518.7103183333334,22.88875500000006,53,55,19.731945833333384,0.6892857142857143,6,14,2,0,0,51.70726776123047,340,0,0
INSTANCE_040,0.75,p95,303,NR,391.1116,512.4627133333333,28.20576500000061,52,55,19.73194583333361,1.0,0,14,2,2,0,0.0,0,1,0
INSTANCE_040,0.75,p95,303,RG,394.3354000000001,518.7103183333334,22.88875500000006,53,55,19.731945833333384,0.655952380952381,5,14,2,0,0,113.17300796508788,280,0,0
INSTANCE_040,0.75,p95,303,SA,391.1116,512.4627133333333,28.20576500000061,52,55,19.73194583333361,1.0,0,14,2,2,0,83.92453193664551,200,1,0
INSTANCE_041,0.25,delay20,303,FR,479.3809,575.4883333333333,9.56333333333339,80,82,0.0,0.7248993696362117,33,62,3,1,0,97.5017547607422,640,0,0
INSTANCE_041,0.25,delay20,303,NR,439.005,539.7016666666666,60.39166666666654,77,82,0.0,1.0,0,62,3,3,0,0.0,0,1,0
INSTANCE_041,0.25,delay20,303,RG,450.0297,551.3533333333334,25.08499999999969,78,82,0.0,0.8562314878104352,17,62,3,1,0,209.8672389984131,520,0,0
INSTANCE_041,0.25,delay20,303,SA,453.0455999999999,552.4000000000001,14.5150000000001,79,82,0.0,0.7669805827700564,29,62,3,1,0,296.5853214263916,740,0,0
INSTANCE_041,0.25,delay30,303,FR,442.9712,544.3,80.361666666666,76,82,0.0,0.9605199868357764,8,62,3,1,0,62.61134147644043,380,0,0
INSTANCE_041,0.25,delay30,303,NR,439.005,539.7016666666666,119.63999999999976,75,82,0.0,1.0,0,62,3,3,0,0.0,0,1,0
INSTANCE_041,0.25,delay30,303,RG,458.6610999999999,557.7966666666666,71.70000000000027,76,82,0.0,0.8581808055492267,17,62,3,1,0,209.06853675842288,490,0,0
INSTANCE_041,0.25,delay30,303,SA,454.6367,552.6966666666666,64.0216666666663,76,82,0.0,0.8830346067188173,15,62,3,1,0,255.460262298584,600,0,0
INSTANCE_041,0.25,p85,303,FR,455.25729999999993,606.5601028333333,9.101881500000104,80,82,0.0,0.8771929824561404,10,62,3,2,0,85.74533462524414,600,0,0
INSTANCE_041,0.25,p85,303,NR,439.005,596.4536838333333,14.843576500000154,79,82,0.0,1.0,0,62,3,3,0,0.0,0,1,0
INSTANCE_041,0.25,p85,303,RG,456.0607,611.3628673333333,3.653569000000061,81,82,0.0,0.7649806334016859,19,62,3,1,0,208.9862823486328,520,0,0
INSTANCE_041,0.25,p85,303,SA,460.0268999999999,618.8704378333333,3.653569000000061,81,82,0.0,0.8770664033821928,9,62,3,1,0,190.8009052276612,470,0,0
INSTANCE_041,0.25,p95,303,FR,442.9711,652.3906025,35.37956083333336,79,82,0.0,0.981962481962482,4,62,3,2,0,54.03447151184082,350,0,0
INSTANCE_041,0.25,p95,303,NR,439.005,646.5439825,58.04623416666664,78,82,0.0,1.0,0,62,3,3,0,0.0,0,1,0
INSTANCE_041,0.25,p95,303,RG,442.9711,652.3906025,35.37956083333336,79,82,0.0,0.981962481962482,4,62,3,2,0,141.01266860961914,350,0,0
INSTANCE_041,0.25,p95,303,SA,442.9711,652.3906025,35.37956083333336,79,82,0.0,0.981962481962482,4,62,3,2,0,142.74835586547852,350,0,0
INSTANCE_041,0.5,delay20,303,FR,466.1297,566.6566666666666,6.309999999999945,80,82,0.0,0.7246642246642248,23,42,3,1,0,80.95121383666992,510,0,0
INSTANCE_041,0.5,delay20,303,NR,439.005,539.7016666666666,31.68499999999972,79,82,0.0,1.0,0,42,3,3,0,0.0,0,1,0
INSTANCE_041,0.5,delay20,303,RG,455.8552,555.745,2.8999999999999773,81,82,0.0,0.6988705738705739,22,42,3,1,0,183.94207954406733,430,0,0
INSTANCE_041,0.5,delay20,303,SA,470.4734999999999,568.935,2.8999999999999773,81,82,0.0,0.8681929181929182,15,42,3,1,0,133.37063789367676,320,0,0
INSTANCE_041,0.5,delay30,303,FR,451.8171,549.2766666666666,35.84666666666669,79,82,0.0,0.729090354090354,23,42,3,1,0,62.44230270385742,420,0,0
INSTANCE_041,0.5,delay30,303,NR,439.005,539.7016666666666,70.93333333333294,77,82,0.0,1.0,0,42,3,3,0,0.0,0,1,0
INSTANCE_041,0.5,delay30,303,RG,458.9169,554.4366666666667,17.444999999999936,80,82,0.0,0.7861721611721612,23,42,3,1,0,171.66471481323242,430,0,0
INSTANCE_041,0.5,delay30,303,SA,465.8136,564.1216666666667,16.948333333333153,80,82,0.0,0.8393467643467645,23,42,3,1,0,128.8626194000244,330,0,0
INSTANCE_041,0.5,p85,303,FR,450.8719,592.9532806666666,0.0,82,82,0.0,0.7953296703296703,16,42,3,1,0,52.77824401855469,320,0,0
INSTANCE_041,0.5,p85,303,NR,439.005,584.5229166666667,6.836052333333555,80,82,0.0,1.0,0,42,3,3,0,0.0,0,1,0
INSTANCE_041,0.5,p85,303,RG,448.87200000000007,593.8529561666667,0.0,82,82,0.0,0.6668192918192918,21,42,3,1,0,194.94175910949707,460,0,0
INSTANCE_041,0.5,p85,303,SA,450.7184,595.7871621666666,0.0,82,82,0.0,0.9254884004884006,7,42,3,1,0,202.95405387878407,480,0,0
INSTANCE_041,0.5,p95,303,FR,449.0041,627.0709016666667,0.3511891666668134,81,82,0.0,0.793040293040293,18,42,3,1,0,79.17046546936035,520,0,0
INSTANCE_041,0.5,p95,303,NR,439.005,624.0829166666666,28.82553666666695,79,82,0.0,1.0,0,42,3,3,0,0.0,0,1,0
INSTANCE_041,0.5,p95,303,RG,452.7334,627.8340666666667,0.3511891666668134,81,82,0.0,0.7851037851037851,18,42,3,1,0,195.94931602478027,490,0,0
INSTANCE_041,0.5,p95,303,SA,462.5597999999999,652.4342808333333,0.6453158333335978,80,82,0.0,0.8842185592185592,16,42,3,1,0,128.39698791503906,320,0,0
INSTANCE_041,0.75,delay20,303,FR,442.9711,544.2216666666666,2.926666666666506,81,82,0.0,0.9345238095238096,4,22,3,2,0,46.92745208740234,320,0,0
INSTANCE_041,0.75,delay20,303,NR,439.005,539.7016666666666,14.421666666666397,80,82,0.0,1.0,0,22,3,3,0,0.0,0,1,0
INSTANCE_041,0.75,delay20,303,RG,442.9711,544.2216666666666,2.926666666666506,81,82,0.0,0.9345238095238096,4,22,3,2,0,121.33240699768066,300,0,0
INSTANCE_041,0.75,delay20,303,SA,442.9711,544.2216666666666,2.926666666666506,81,82,0.0,0.9345238095238096,4,22,3,2,0,120.33462524414062,300,0,0
INSTANCE_041,0.75,delay30,303,FR,442.9711,544.2216666666666,17.21833333333302,80,82,0.0,0.9345238095238096,4,22,3,2,0,44.97218132019043,320,0,0
INSTANCE_041,0.75,delay30,303,NR,439.005,539.7016666666666,37.50999999999965,79,82,0.0,1.0,0,22,3,3,0,0.0,0,1,0
INSTANCE_041,0.75,delay30,303,RG,442.9711,544.2216666666666,17.21833333333302,80,82,0.0,0.9345238095238096,4,22,3,2,0,109.57050323486328,300,0,0
INSTANCE_041,0.75,delay30,303,SA,442.9711,544.2216666666666,17.21833333333302,80,82,0.0,0.9345238095238096,4,22,3,2,0,113.10863494873048,300,0,0
INSTANCE_041,0.75,p85,303,FR,439.005,562.0156336666666,0.0,82,82,0.0,1.0,0,22,3,3,0,42.30952262878418,300,1,0
INSTANCE_041,0.75,p85,303,NR,439.005,562.0156336666666,0.0,82,82,0.0,1.0,0,22,3,3,0,0.0,0,1,0
INSTANCE_041,0.75,p85,303,RG,439.005,562.0156336666666,0.0,82,82,0.0,1.0,0,22,3,3,0,114.9590015411377,300,1,0
INSTANCE_041,0.75,p85,303,SA,439.005,562.0156336666666,0.0,82,82,0.0,1.0,0,22,3,3,0,115.96059799194336,300,1,0
INSTANCE_041,0.75,p95,303,FR,439.005,581.7103216666667,0.0,82,82,0.0,1.0,0,22,3,3,0,43.442487716674805,300,1,0
INSTANCE_041,0.75,p95,303,NR,439.005,581.7103216666667,0.0,82,82,0.0,1.0,0,22,3,3,0,0.0,0,1,0
INSTANCE_041,0.75,p95,303,RG,439.005,581.7103216666667,0.0,82,82,0.0,1.0,0,22,3,3,0,116.6694164276123,300,1,0
INSTANCE_041,0.75,p95,303,SA,439.005,581.7103216666667,0.0,82,82,0.0,1.0,0,22,3,3,0,118.01767349243164,300,1,0
INSTANCE_042,0.25,delay20,303,FR,509.2359,581.4183333333333,20.380000000000223,84,88,0.0,0.9411764705882352,19,67,4,2,0,67.48032569885254,460,0,0
INSTANCE_042,0.25,delay20,303,NR,504.0373,576.8333333333334,33.34666666666669,83,88,0.0,1.0,0,67,4,4,0,0.0,0,1,0
INSTANCE_042,0.25,delay20,303,RG,504.0666,576.755,23.716666666666583,84,88,0.0,0.9689542483660132,2,67,4,3,0,171.80609703063965,440,0,0
INSTANCE_042,0.25,delay20,303,SA,504.0666,576.755,23.716666666666583,84,88,0.0,0.9689542483660132,2,67,4,3,0,172.47319221496582,440,0,0
INSTANCE_042,0.25,delay30,303,FR,516.0767,588.715,60.71833333333348,82,88,0.0,0.9468954248366012,21,67,4,2,0,72.57413864135742,480,0,0
INSTANCE_042,0.25,delay30,303,NR,504.0373,576.8333333333334,93.85000000000014,81,88,0.0,1.0,0,67,4,4,0,0.0,0,1,0
INSTANCE_042,0.25,delay30,303,RG,510.9074,584.0516666666667,63.7733333333332,83,88,0.0,0.9746732026143792,4,67,4,3,0,184.6940517425537,460,0,0
INSTANCE_042,0.25,delay30,303,SA,510.9074,584.0516666666667,63.7733333333332,83,88,0.0,0.9746732026143792,4,67,4,3,0,184.053897857666,460,0,0
INSTANCE_042,0.25,p85,303,FR,504.1003,650.5736269999999,9.520368166666684,85,88,0.0,0.977124183006536,2,67,4,3,0,66.96224212646484,410,0,0
INSTANCE_042,0.25,p85,303,NR,504.0373,650.7296734999999,9.676414666666574,85,88,0.0,1.0,0,67,4,4,0,0.0,0,1,0
INSTANCE_042,0.25,p85,303,RG,504.0666,650.6391279999999,6.219551666666575,86,88,0.0,0.9689542483660132,2,67,4,3,0,187.7093315124512,440,0,0
INSTANCE_042,0.25,p85,303,SA,504.0666,650.6391279999999,6.219551666666575,86,88,0.0,0.9689542483660132,2,67,4,3,0,186.0446929931641,440,0,0
INSTANCE_042,0.25,p95,303,FR,510.9074,725.2887583333334,41.924505000000295,84,88,0.0,0.9746732026143792,4,67,4,3,0,67.18754768371582,460,0,0
INSTANCE_042,0.25,p95,303,NR,504.0373,715.9518441666667,62.96353333333378,82,88,0.0,1.0,0,67,4,4,0,0.0,0,1,0
INSTANCE_042,0.25,p95,303,RG,510.9074,725.2887583333334,41.924505000000295,84,88,0.0,0.9746732026143792,4,67,4,3,0,184.36908721923828,460,0,0
INSTANCE_042,0.25,p95,303,SA,510.9074,725.2887583333334,41.924505000000295,84,88,0.0,0.9746732026143792,4,67,4,3,0,185.35494804382324,460,0,0
INSTANCE_042,0.5,delay20,303,FR,504.3991,580.865,23.269999999999754,85,88,0.0,0.918560606060606,7,45,4,3,0,76.15780830383301,460,0,0
INSTANCE_042,0.5,delay20,303,NR,504.0373,576.8333333333334,33.34666666666669,83,88,0.0,1.0,0,45,4,4,0,0.0,0,1,0
INSTANCE_042,0.5,delay20,303,RG,515.1401999999999,585.1616666666667,19.1783333333334,86,88,0.0,0.8428030303030303,20,45,4,2,0,360.5754375457764,870,0,0
INSTANCE_042,0.5,delay20,303,SA,501.0521,576.195,23.269999999999754,85,88,0.0,0.9412878787878788,6,45,4,3,0,194.8549747467041,480,0,0
INSTANCE_042,0.5,delay30,303,FR,498.4528,572.645,60.31833333333316,84,88,0.0,0.9412878787878788,6,45,4,3,0,73.60553741455078,500,0,0
INSTANCE_042,0.5,delay30,303,NR,504.0373,576.8333333333334,90.3950000000001,82,88,0.0,1.0,0,45,4,4,0,0.0,0,1,0
INSTANCE_042,0.5,delay30,303,RG,512.3043,590.075,60.31833333333316,84,88,0.0,0.875,9,45,4,3,0,195.47605514526367,500,0,0
INSTANCE_042,0.5,delay30,303,SA,501.0521,576.195,60.31833333333316,84,88,0.0,0.9412878787878788,6,45,4,3,0,189.8818016052246,480,0,0
INSTANCE_042,0.5,p85,303,FR,502.2723,634.0266415,0.226178666666442,87,88,0.0,0.9053030303030304,9,45,4,3,0,69.45323944091797,480,0,0
INSTANCE_042,0.5,p85,303,NR,504.0373,632.5836929999999,0.226178666666442,87,88,0.0,1.0,0,45,4,4,0,0.0,0,1,0
INSTANCE_042,0.5,p85,303,RG,504.0713,632.394896,0.226178666666442,87,88,0.0,0.9236111111111112,4,45,4,3,0,163.7742519378662,430,0,0
INSTANCE_042,0.5,p85,303,SA,504.0373,632.5836929999999,0.226178666666442,87,88,0.0,1.0,0,45,4,4,0,153.4743309020996,400,1,0
INSTANCE_042,0.5,p95,303,FR,504.0373,681.7899116666667,19.925838333333445,85,88,0.0,1.0,0,45,4,4,0,61.56587600708008,400,1,0
INSTANCE_042,0.5,p95,303,NR,504.0373,681.7899116666667,19.925838333333445,85,88,0.0,1.0,0,45,4,4,0,0.0,0,1,0
INSTANCE_042,0.5,p95,303,RG,504.0373,681.7899116666667,19.925838333333445,85,88,0.0,1.0,0,45,4,4,0,158.75816345214844,400,1,0
INSTANCE_042,0.5,p95,303,SA,504.0373,681.7899116666667,19.925838333333445,85,88,0.0,1.0,0,45,4,4,0,156.83412551879883,400,1,0
INSTANCE_042,0.75,delay20,303,FR,504.0373,576.8333333333334,14.236666666666563,86,88,0.0,1.0,0,23,4,4,0,62.99281120300293,400,1,0
INSTANCE_042,0.75,delay20,303,NR,504.0373,576.8333333333334,14.236666666666563,86,88,0.0,1.0,0,23,4,4,0,0.0,0,1,0
INSTANCE_042,0.75,delay20,303,RG,504.0373,576.8333333333334,14.236666666666563,86,88,0.0,1.0,0,23,4,4,0,164.88027572631836,400,1,0
INSTANCE_042,0.75,delay20,303,SA,504.0373,576.8333333333334,14.236666666666563,86,88,0.0,1.0,0,23,4,4,0,170.42303085327148,400,1,0
INSTANCE_042,0.75,delay30,303,FR,504.0373,576.8333333333334,41.28499999999997,85,88,0.0,1.0,0,23,4,4,0,60.99581718444824,400,1,0
INSTANCE_042,0.75,delay30,303,NR,504.0373,576.8333333333334,41.28499999999997,85,88,0.0,1.0,0,23,4,4,0,0.0,0,1,0
INSTANCE_042,0.75,delay30,303,RG,504.0373,576.8333333333334,41.28499999999997,85,88,0.0,1.0,0,23,4,4,0,161.31067276000977,400,1,0
INSTANCE_042,0.75,delay30,303,SA,504.0373,576.8333333333334,41.28499999999997,85,88,0.0,1.0,0,23,4,4,0,161.0097885131836,400,1,0
INSTANCE_042,0.75,p85,303,FR,504.0373,613.4152683333334,0.0,88,88,0.0,1.0,0,23,4,4,0,58.25996398925781,400,1,0
INSTANCE_042,0.75,p85,303,NR,504.0373,613.4152683333334,0.0,88,88,0.0,1.0,0,23,4,4,0,0.0,0,1,0
INSTANCE_042,0.75,p85,303,RG,504.0373,613.4152683333334,0.0,88,88,0.0,1.0,0,23,4,4,0,153.78284454345703,400,1,0
INSTANCE_042,0.75,p85,303,SA,504.0373,613.4152683333334,0.0,88,88,0.0,1.0,0,23,4,4,0,156.12196922302246,400,1,0
INSTANCE_042,0.75,p95,303,FR,504.0373,645.7031083333334,2.050415000000044,87,88,0.0,1.0,0,23,4,4,0,61.51270866394043,400,1,0
INSTANCE_042,0.75,p95,303,NR,504.0373,645.7031083333334,2.050415000000044,87,88,0.0,1.0,0,23,4,4,0,0.0,0,1,0
INSTANCE_042,0.75,p95,303,RG,504.0373,645.7031083333334,2.050415000000044,87,88,0.0,1.0,0,23,4,4,0,162.1115207672119,400,1,0
INSTANCE_042,0.75,p95,303,SA,504.0373,645.7031083333334,2.050415000000044,87,88,0.0,1.0,0,23,4,4,0,164.48616981506348,400,1,0
INSTANCE_043,0.25,delay20,303,FR,510.6803,595.3199999999999,2.6083333333333485,92,93,0.0,0.8621460771396833,18,71,4,1,0,86.82847023010254,570,0,0
INSTANCE_043,0.25,delay20,303,NR,495.9046,578.6133333333332,28.31166666666684,90,93,0.0,1.0,0,71,4,4,0,0.0,0,1,0
INSTANCE_043,0.25,delay20,303,RG,569.3897000000001,637.29,8.348333333333471,91,93,0.0,0.8300040042367408,29,71,4,2,0,243.44849586486816,630,0,0
INSTANCE_043,0.25,delay20,303,SA,538.5563000000001,610.1099999999999,8.348333333333471,91,93,0.0,0.9476510630602702,14,71,4,2,0,172.84488677978516,440,0,0
INSTANCE_043,0.25,delay30,303,FR,505.5999000000001,593.365,13.1216666666669,91,93,0.0,0.8088703531478467,24,71,4,1,0,129.88615036010742,880,0,0
INSTANCE_043,0.25,delay30,303,NR,495.9046,578.6133333333332,58.31166666666684,90,93,0.0,1.0,0,71,4,4,0,0.0,0,1,0
INSTANCE_043,0.25,delay30,303,RG,531.81,617.7333333333332,12.190000000000056,92,93,0.0,0.8622058177684776,21,71,4,1,0,277.6966094970703,700,0,0
INSTANCE_043,0.25,delay30,303,SA,529.7624999999999,611.2583333333332,29.283333333333417,92,93,0.0,0.9338235294117648,11,71,4,2,0,166.01014137268066,430,0,0
INSTANCE_043,0.25,p85,303,FR,500.6237,661.8215131666666,0.0,93,93,0.0,0.9174901185770752,11,71,4,3,0,81.53676986694336,540,0,0
INSTANCE_043,0.25,p85,303,NR,495.9046,652.5242241666666,6.151767666666842,92,93,0.0,1.0,0,71,4,4,0,0.0,0,1,0
INSTANCE_043,0.25,p85,303,RG,500.0377,661.2551221666666,0.0,93,93,0.0,0.9335474308300395,9,71,4,3,0,210.36052703857425,540,0,0
INSTANCE_043,0.25,p85,303,SA,495.9046,652.5242241666666,6.151767666666842,92,93,0.0,1.0,0,71,4,4,0,151.08323097229004,400,1,0
INSTANCE_043,0.25,p95,303,FR,502.7848000000001,728.5534950000001,2.9472225000000662,92,93,0.0,0.9221837944664032,13,71,4,3,0,84.66911315917969,540,0,0
INSTANCE_043,0.25,p95,303,NR,495.9046,717.7592375000002,15.161187500000096,91,93,0.0,1.0,0,71,4,4,0,0.0,0,1,0
INSTANCE_043,0.25,p95,303,RG,502.7848000000001,728.5534950000001,2.9472225000000662,92,93,0.0,0.9221837944664032,13,71,4,3,0,218.7254428863525,540,0,0
INSTANCE_043,0.25,p95,303,SA,501.0696,725.1515900000002,2.9472225000000662,92,93,0.0,0.9463932806324112,8,71,4,3,0,247.89786338806152,600,0,0
INSTANCE_043,0.5,delay20,303,FR,528.1517,609.265,3.876666666666893,91,93,0.0,0.8444264069264069,15,47,4,2,0,75.74152946472168,510,0,0
INSTANCE_043,0.5,delay20,303,NR,495.9046,578.6133333333332,28.31166666666684,90,93,0.0,1.0,0,47,4,4,0,0.0,0,1,0
INSTANCE_043,0.5,delay20,303,RG,508.3991,592.3383333333334,3.876666666666893,91,93,0.0,0.8801406926406927,8,47,4,2,0,255.7988166809082,660,0,0
INSTANCE_043,0.5,delay20,303,SA,512.0945,589.6333333333332,3.876666666666893,91,93,0.0,0.8941558441558441,10,47,4,2,0,202.3496627807617,510,0,0
INSTANCE_043,0.5,delay30,303,FR,503.901,586.7516666666666,32.928333333333626,91,93,0.0,0.9474025974025976,4,47,4,2,0,60.92405319213867,420,0,0
INSTANCE_043,0.5,delay30,303,NR,495.9046,578.6133333333332,58.31166666666684,90,93,0.0,1.0,0,47,4,4,0,0.0,0,1,0
INSTANCE_043,0.5,delay30,303,RG,521.1883,597.795,23.876666666666893,91,93,0.0,0.8801406926406927,15,47,4,2,0,234.1935634613037,620,0,0
INSTANCE_043,0.5,delay30,303,SA,521.6624,599.1183333333333,23.876666666666893,91,93,0.0,0.862012987012987,17,47,4,2,0,233.1030368804932,610,0,0
INSTANCE_043,0.5,p85,303,FR,498.4519,637.6356068333332,0.0,93,93,0.0,0.9720238095238096,2,47,4,3,0,58.539628982543945,410,0,0
INSTANCE_043,0.5,p85,303,NR,495.9046,633.3240998333332,3.666721666666831,92,93,0.0,1.0,0,47,4,4,0,0.0,0,1,0
INSTANCE_043,0.5,p85,303,RG,498.4519,637.6356068333332,0.0,93,93,0.0,0.9720238095238096,2,47,4,3,0,149.02091026306152,410,0,0
INSTANCE_043,0.5,p85,303,SA,498.4519,637.6356068333332,0.0,93,93,0.0,0.9720238095238096,2,47,4,3,0,149.43289756774902,410,0,0
INSTANCE_043,0.5,p95,303,FR,498.4519,686.4375108333334,0.0,93,93,0.0,0.9720238095238096,2,47,4,3,0,56.55050277709961,410,0,0
INSTANCE_043,0.5,p95,303,NR,495.9046,681.6127558333334,7.535575000000108,92,93,0.0,1.0,0,47,4,4,0,0.0,0,1,0
INSTANCE_043,0.5,p95,303,RG,498.4519,686.4375108333334,0.0,93,93,0.0,0.9720238095238096,2,47,4,3,0,151.8416404724121,410,0,0
INSTANCE_043,0.5,p95,303,SA,498.4519,686.4375108333334,0.0,93,93,0.0,0.9720238095238096,2,47,4,3,0,152.84442901611328,410,0,0
INSTANCE_043,0.75,delay20,303,FR,495.9046,578.6133333333332,0.0,93,93,0.0,1.0,0,24,4,4,0,60.36186218261719,400,1,0
INSTANCE_043,0.75,delay20,303,NR,495.9046,578.6133333333332,0.0,93,93,0.0,1.0,0,24,4,4,0,0.0,0,1,0
INSTANCE_043,0.75,delay20,303,RG,495.9046,578.6133333333332,0.0,93,93,0.0,1.0,0,24,4,4,0,162.40620613098145,400,1,0
INSTANCE_043,0.75,delay20,303,SA,495.9046,578.6133333333332,0.0,93,93,0.0,1.0,0,24,4,4,0,162.85061836242676,400,1,0
INSTANCE_043,0.75,delay30,303,FR,495.9046,578.6133333333332,0.0,93,93,0.0,1.0,0,24,4,4,0,61.09952926635742,400,1,0
INSTANCE_043,0.75,delay30,303,NR,495.9046,578.6133333333332,0.0,93,93,0.0,1.0,0,24,4,4,0,0.0,0,1,0
INSTANCE_043,0.75,delay30,303,RG,495.9046,578.6133333333332,0.0,93,93,0.0,1.0,0,24,4,4,0,166.69201850891113,400,1,0
INSTANCE_043,0.75,delay30,303,SA,495.9046,578.6133333333332,0.0,93,93,0.0,1.0,0,24,4,4,0,170.1219081878662,400,1,0
INSTANCE_043,0.75,p85,303,FR,495.9046,609.5532473333333,0.0,93,93,0.0,1.0,0,24,4,4,0,59.10181999206543,400,1,0
INSTANCE_043,0.75,p85,303,NR,495.9046,609.5532473333333,0.0,93,93,0.0,1.0,0,24,4,4,0,0.0,0,1,0
INSTANCE_043,0.75,p85,303,RG,495.9046,609.5532473333333,0.0,93,93,0.0,1.0,0,24,4,4,0,158.40387344360352,400,1,0
INSTANCE_043,0.75,p85,303,SA,495.9046,609.5532473333333,0.0,93,93,0.0,1.0,0,24,4,4,0,159.09552574157715,400,1,0
INSTANCE_043,0.75,p95,303,FR,495.9046,636.8613433333334,0.0,93,93,0.0,1.0,0,24,4,4,0,56.62298202514648,400,1,0
INSTANCE_043,0.75,p95,303,NR,495.9046,636.8613433333334,0.0,93,93,0.0,1.0,0,24,4,4,0,0.0,0,1,0
INSTANCE_043,0.75,p95,303,RG,495.9046,636.8613433333334,0.0,93,93,0.0,1.0,0,24,4,4,0,154.44564819335938,400,1,0
INSTANCE_043,0.75,p95,303,SA,495.9046,636.8613433333334,0.0,93,93,0.0,1.0,0,24,4,4,0,153.06401252746582,400,1,0
INSTANCE_044,0.25,delay20,303,FR,477.2224000000001,544.2349999999999,9.110000000000014,79,80,0.0,0.7913185742133111,16,61,3,1,0,67.70920753479004,400,0,0
INSTANCE_044,0.25,delay20,303,NR,448.68750000000006,536.1966666666667,28.974999999999795,77,80,0.0,1.0,0,61,3,3,0,0.0,0,1,0
INSTANCE_044,0.25,delay20,303,RG,517.2736000000001,594.45,6.049999999999841,79,80,0.0,0.8964285714285714,21,61,3,2,0,161.76295280456543,380,0,0
INSTANCE_044,0.25,delay20,303,SA,493.45960000000014,572.435,6.365000000000123,78,80,0.0,0.8753968253968254,12,61,3,2,0,170.03178596496582,400,0,0
INSTANCE_044,0.25,delay30,303,FR,489.6024000000001,563.4016666666666,5.140000000000214,79,80,0.0,0.7658521303258145,26,61,3,1,0,99.2734432220459,610,0,0
INSTANCE_044,0.25,delay30,303,NR,448.68750000000006,536.1966666666667,66.80666666666627,76,80,0.0,1.0,0,61,3,3,0,0.0,0,1,0
INSTANCE_044,0.25,delay30,303,RG,517.2736000000001,594.45,32.781666666666524,77,80,0.0,0.8964285714285714,21,61,3,2,0,162.58525848388672,380,0,0
INSTANCE_044,0.25,delay30,303,SA,503.0970000000001,585.5133333333333,23.88166666666632,78,80,0.0,0.9095238095238096,15,61,3,2,0,195.44124603271484,460,0,0
INSTANCE_044,0.25,p85,303,FR,473.3218000000001,611.7573853333332,0.0,80,80,0.0,0.7820593149540519,17,61,3,1,0,78.80902290344238,520,0,0
INSTANCE_044,0.25,p85,303,NR,448.68750000000006,606.6406013333333,25.54096883333318,77,80,0.0,1.0,0,61,3,3,0,0.0,0,1,0
INSTANCE_044,0.25,p85,303,RG,469.8485000000001,615.8223003333333,19.27163749999977,78,80,0.0,0.921031746031746,7,61,3,2,0,143.5868740081787,350,0,0
INSTANCE_044,0.25,p85,303,SA,470.28860000000014,616.7894033333333,19.27163749999977,78,80,0.0,0.9384920634920636,4,61,3,2,0,128.3469200134277,320,0,0
INSTANCE_044,0.25,p95,303,FR,481.7268000000001,682.9665100000001,16.815615000000093,78,80,0.0,0.7679267613478139,19,61,3,1,0,58.03966522216797,340,0,0
INSTANCE_044,0.25,p95,303,NR,448.68750000000006,668.81562,87.34953249999944,75,80,0.0,1.0,0,61,3,3,0,0.0,0,1,0
INSTANCE_044,0.25,p95,303,RG,470.28860000000014,680.17255,70.08779583333273,76,80,0.0,0.9384920634920636,4,61,3,2,0,142.57192611694336,320,0,0
INSTANCE_044,0.25,p95,303,SA,470.28860000000014,680.17255,70.08779583333273,76,80,0.0,0.9384920634920636,4,61,3,2,0,146.1644172668457,320,0,0
INSTANCE_044,0.5,delay20,303,FR,463.7059,543.925,0.0,80,80,0.0,0.6663614163614163,20,41,3,1,0,57.28960037231445,390,0,0
INSTANCE_044,0.5,delay20,303,NR,448.68750000000006,536.1966666666667,19.86499999999978,78,80,0.0,1.0,0,41,3,3,0,0.0,0,1,0
INSTANCE_044,0.5,delay20,303,RG,480.1407,562.55,5.78666666666652,79,80,0.0,0.7612942612942613,16,41,3,1,0,154.48522567749023,400,0,0
INSTANCE_044,0.5,delay20,303,SA,461.3161000000001,549.0416666666666,6.049999999999841,79,80,0.0,0.9377289377289376,6,41,3,2,0,128.4964084625244,330,0,0
INSTANCE_044,0.5,delay30,303,FR,463.7059,543.925,4.916666666666629,79,80,0.0,0.6663614163614163,20,41,3,1,0,57.398080825805664,390,0,0
INSTANCE_044,0.5,delay30,303,NR,448.68750000000006,536.1966666666667,47.69666666666626,77,80,0.0,1.0,0,41,3,3,0,0.0,0,1,0
INSTANCE_044,0.5,delay30,303,RG,471.56720000000007,556.24,9.738333333333344,78,80,0.0,0.677045177045177,22,41,3,1,0,229.48098182678223,580,0,0
INSTANCE_044,0.5,delay30,303,SA,480.9940000000001,563.2533333333333,28.79833333333295,77,80,0.0,0.9395604395604394,14,41,3,2,0,121.99664115905762,300,0,0
INSTANCE_044,0.5,p85,303,FR,451.405,576.5602406666666,0.0,80,80,0.0,0.80006105006105,9,41,3,1,0,52.94227600097656,340,0,0
INSTANCE_044,0.5,p85,303,NR,448.68750000000006,582.0180151666666,4.8414064999998345,79,80,0.0,1.0,0,41,3,3,0,0.0,0,1,0
INSTANCE_044,0.5,p85,303,RG,448.6962000000001,582.1374581666666,4.537019499999815,79,80,0.0,0.8382173382173382,12,41,3,1,0,175.16446113586426,420,0,0
INSTANCE_044,0.5,p85,303,SA,448.68750000000006,582.0180151666666,4.8414064999998345,79,80,0.0,1.0,0,41,3,3,0,120.97883224487305,300,1,0
INSTANCE_044,0.5,p95,303,FR,451.4421,616.6593716666666,0.0,80,80,0.0,0.7249694749694751,17,41,3,1,0,60.37735939025879,390,0,0
INSTANCE_044,0.5,p95,303,NR,448.68750000000006,622.4607191666666,34.899395833333074,77,80,0.0,1.0,0,41,3,3,0,0.0,0,1,0
INSTANCE_044,0.5,p95,303,RG,458.7018000000001,632.578045,6.91179666666676,79,80,0.0,0.6929181929181928,20,41,3,1,0,191.4217472076416,470,0,0
INSTANCE_044,0.5,p95,303,SA,471.6203000000001,645.1982933333334,10.794530833333395,78,80,0.0,0.9113247863247864,6,41,3,2,0,190.16242027282715,470,0,0
INSTANCE_044,0.75,delay20,303,FR,442.3839000000001,524.225,0.0,80,80,0.0,0.9007936507936508,3,21,3,2,0,57.91115760803223,400,0,0
INSTANCE_044,0.75,delay20,303,NR,448.68750000000006,536.1966666666667,6.049999999999841,79,80,0.0,1.0,0,21,3,3,0,0.0,0,1,0
INSTANCE_044,0.75,delay20,303,RG,442.3839000000001,524.225,0.0,80,80,0.0,0.9007936507936508,3,21,3,2,0,177.98185348510742,470,0,0
INSTANCE_044,0.75,delay20,303,SA,442.3839000000001,524.225,0.0,80,80,0.0,0.9007936507936508,3,21,3,2,0,132.4026584625244,340,0,0
INSTANCE_044,0.75,delay30,303,FR,442.4140000000001,524.18,3.814999999999941,79,80,0.0,0.8373015873015873,5,21,3,2,0,46.44989967346192,340,0,0
INSTANCE_044,0.75,delay30,303,NR,448.68750000000006,536.1966666666667,23.88166666666632,78,80,0.0,1.0,0,21,3,3,0,0.0,0,1,0
INSTANCE_044,0.75,delay30,303,RG,474.50630000000007,559.0233333333333,12.824999999999818,79,80,0.0,0.7698412698412698,5,21,3,2,0,129.71043586730957,340,0,0
INSTANCE_044,0.75,delay30,303,SA,442.3839000000001,524.225,4.078333333333262,79,80,0.0,0.9007936507936508,3,21,3,2,0,132.5829029083252,340,0,0
INSTANCE_044,0.75,p85,303,FR,442.3839000000001,549.366993,0.0,80,80,0.0,0.9007936507936508,3,21,3,2,0,46.83971405029297,310,0,0
INSTANCE_044,0.75,p85,303,NR,448.68750000000006,563.2050425,0.0,80,80,0.0,1.0,0,21,3,3,0,0.0,0,1,0
INSTANCE_044,0.75,p85,303,RG,445.30300000000005,555.6916924999999,0.0,80,80,0.0,0.8928571428571429,4,21,3,2,0,143.49079132080078,350,0,0
INSTANCE_044,0.75,p85,303,SA,448.68750000000006,563.2050425,0.0,80,80,0.0,1.0,0,21,3,3,0,122.90048599243164,300,1,0
INSTANCE_044,0.75,p95,303,FR,442.3839000000001,571.5577450000001,0.0,80,80,0.0,0.9007936507936508,3,21,3,2,0,60.14513969421386,400,0,0
INSTANCE_044,0.75,p95,303,NR,448.68750000000006,587.0430958333334,5.566771666666455,79,80,0.0,1.0,0,21,3,3,0,0.0,0,1,0
INSTANCE_044,0.75,p95,303,RG,442.3839000000001,571.5577450000001,0.0,80,80,0.0,0.9007936507936508,3,21,3,2,0,188.68041038513184,470,0,0
INSTANCE_044,0.75,p95,303,SA,442.3839000000001,571.5577450000001,0.0,80,80,0.0,0.9007936507936508,3,21,3,2,0,133.19659233093262,340,0,0
INSTANCE_046,0.25,delay20,303,FR,317.9248,365.80000000000007,0.0,53,53,0.0,1.0,0,40,2,2,0,32.114267349243164,200,1,0
INSTANCE_046,0.25,delay20,303,NR,317.9248,365.80000000000007,0.0,53,53,0.0,1.0,0,40,2,2,0,0.0,0,1,0
INSTANCE_046,0.25,delay20,303,RG,317.9248,365.80000000000007,0.0,53,53,0.0,1.0,0,40,2,2,0,82.10515975952148,200,1,0
INSTANCE_046,0.25,delay20,303,SA,317.9248,365.80000000000007,0.0,53,53,0.0,1.0,0,40,2,2,0,80.43265342712402,200,1,0
INSTANCE_046,0.25,delay30,303,FR,317.9248,365.80000000000007,0.0,53,53,0.0,1.0,0,40,2,2,0,31.055688858032227,200,1,0
INSTANCE_046,0.25,delay30,303,NR,317.9248,365.80000000000007,0.0,53,53,0.0,1.0,0,40,2,2,0,0.0,0,1,0
INSTANCE_046,0.25,delay30,303,RG,317.9248,365.80000000000007,0.0,53,53,0.0,1.0,0,40,2,2,0,82.06510543823242,200,1,0
INSTANCE_046,0.25,delay30,303,SA,317.9248,365.80000000000007,0.0,53,53,0.0,1.0,0,40,2,2,0,82.84592628479004,200,1,0
INSTANCE_046,0.25,p85,303,FR,317.9248,407.4182844999999,0.0,53,53,0.0,1.0,0,40,2,2,0,31.785249710083008,200,1,0
INSTANCE_046,0.25,p85,303,NR,317.9248,407.4182844999999,0.0,53,53,0.0,1.0,0,40,2,2,0,0.0,0,1,0
INSTANCE_046,0.25,p85,303,RG,317.9248,407.4182844999999,0.0,53,53,0.0,1.0,0,40,2,2,0,82.31115341186523,200,1,0
INSTANCE_046,0.25,p85,303,SA,317.9248,407.4182844999999,0.0,53,53,0.0,1.0,0,40,2,2,0,82.91196823120117,200,1,0
INSTANCE_046,0.25,p95,303,FR,317.9248,444.15129250000007,3.548816666666994,52,53,0.0,1.0,0,40,2,2,0,29.68597412109375,200,1,0
INSTANCE_046,0.25,p95,303,NR,317.9248,444.15129250000007,3.548816666666994,52,53,0.0,1.0,0,40,2,2,0,0.0,0,1,0
INSTANCE_046,0.25,p95,303,RG,317.9248,444.15129250000007,3.548816666666994,52,53,0.0,1.0,0,40,2,2,0,77.80766487121582,200,1,0
INSTANCE_046,0.25,p95,303,SA,317.9248,444.15129250000007,3.548816666666994,52,53,0.0,1.0,0,40,2,2,0,80.48844337463379,200,1,0
INSTANCE_046,0.5,delay20,303,FR,317.9248,365.80000000000007,0.0,53,53,0.0,1.0,0,27,2,2,0,32.039642333984375,200,1,0
INSTANCE_046,0.5,delay20,303,NR,317.9248,365.80000000000007,0.0,53,53,0.0,1.0,0,27,2,2,0,0.0,0,1,0
INSTANCE_046,0.5,delay20,303,RG,317.9248,365.80000000000007,0.0,53,53,0.0,1.0,0,27,2,2,0,83.67037773132324,200,1,0
INSTANCE_046,0.5,delay20,303,SA,317.9248,365.80000000000007,0.0,53,53,0.0,1.0,0,27,2,2,0,81.27737045288086,200,1,0
INSTANCE_046,0.5,delay30,303,FR,317.9248,365.80000000000007,0.0,53,53,0.0,1.0,0,27,2,2,0,31.81624412536621,200,1,0
INSTANCE_046,0.5,delay30,303,NR,317.9248,365.80000000000007,0.0,53,53,0.0,1.0,0,27,2,2,0,0.0,0,1,0
INSTANCE_046,0.5,delay30,303,RG,317.9248,365.80000000000007,0.0,53,53,0.0,1.0,0,27,2,2,0,82.9317569732666,200,1,0
INSTANCE_046,0.5,delay30,303,SA,317.9248,365.80000000000007,0.0,53,53,0.0,1.0,0,27,2,2,0,80.38640022277832,200,1,0
INSTANCE_046,0.5,p85,303,FR,317.9248,387.2068888333333,0.0,53,53,0.0,1.0,0,27,2,2,0,30.985355377197266,200,1,0
INSTANCE_046,0.5,p85,303,NR,317.9248,387.2068888333333,0.0,53,53,0.0,1.0,0,27,2,2,0,0.0,0,1,0
INSTANCE_046,0.5,p85,303,RG,317.9248,387.2068888333333,0.0,53,53,0.0,1.0,0,27,2,2,0,82.24725723266602,200,1,0
INSTANCE_046,0.5,p85,303,SA,317.9248,387.2068888333333,0.0,53,53,0.0,1.0,0,27,2,2,0,81.16555213928223,200,1,0
INSTANCE_046,0.5,p95,303,FR,317.9248,406.1009741666668,0.0,53,53,0.0,1.0,0,27,2,2,0,31.52298927307129,200,1,0
INSTANCE_046,0.5,p95,303,NR,317.9248,406.1009741666668,0.0,53,53,0.0,1.0,0,27,2,2,0,0.0,0,1,0
INSTANCE_046,0.5,p95,303,RG,317.9248,406.1009741666668,0.0,53,53,0.0,1.0,0,27,2,2,0,83.20188522338867,200,1,0
INSTANCE_046,0.5,p95,303,SA,317.9248,406.1009741666668,0.0,53,53,0.0,1.0,0,27,2,2,0,83.1761360168457,200,1,0
INSTANCE_046,0.75,delay20,303,FR,317.9248,365.80000000000007,0.0,53,53,0.0,1.0,0,14,2,2,0,30.945301055908203,200,1,0
INSTANCE_046,0.75,delay20,303,NR,317.9248,365.80000000000007,0.0,53,53,0.0,1.0,0,14,2,2,0,0.0,0,1,0
INSTANCE_046,0.75,delay20,303,RG,317.9248,365.80000000000007,0.0,53,53,0.0,1.0,0,14,2,2,0,82.15808868408203,200,1,0
INSTANCE_046,0.75,delay20,303,SA,317.9248,365.80000000000007,0.0,53,53,0.0,1.0,0,14,2,2,0,81.56394958496094,200,1,0
INSTANCE_046,0.75,delay30,303,FR,317.9248,365.80000000000007,0.0,53,53,0.0,1.0,0,14,2,2,0,30.451059341430664,200,1,0
INSTANCE_046,0.75,delay30,303,NR,317.9248,365.80000000000007,0.0,53,53,0.0,1.0,0,14,2,2,0,0.0,0,1,0
INSTANCE_046,0.75,delay30,303,RG,317.9248,365.80000000000007,0.0,53,53,0.0,1.0,0,14,2,2,0,86.1811637878418,200,1,0
INSTANCE_046,0.75,delay30,303,SA,317.9248,365.80000000000007,0.0,53,53,0.0,1.0,0,14,2,2,0,84.72943305969238,200,1,0
INSTANCE_046,0.75,p85,303,FR,317.9248,374.25965366666674,0.0,53,53,0.0,1.0,0,14,2,2,0,28.553247451782227,200,1,0
INSTANCE_046,0.75,p85,303,NR,317.9248,374.25965366666674,0.0,53,53,0.0,1.0,0,14,2,2,0,0.0,0,1,0
INSTANCE_046,0.75,p85,303,RG,317.9248,374.25965366666674,0.0,53,53,0.0,1.0,0,14,2,2,0,79.48803901672363,200,1,0
INSTANCE_046,0.75,p85,303,SA,317.9248,374.25965366666674,0.0,53,53,0.0,1.0,0,14,2,2,0,79.33831214904785,200,1,0
INSTANCE_046,0.75,p95,303,FR,317.9248,381.7262883333335,0.0,53,53,0.0,1.0,0,14,2,2,0,30.76386451721191,200,1,0
INSTANCE_046,0.75,p95,303,NR,317.9248,381.7262883333335,0.0,53,53,0.0,1.0,0,14,2,2,0,0.0,0,1,0
INSTANCE_046,0.75,p95,303,RG,317.9248,381.7262883333335,0.0,53,53,0.0,1.0,0,14,2,2,0,83.29033851623535,200,1,0
INSTANCE_046,0.75,p95,303,SA,317.9248,381.7262883333335,0.0,53,53,0.0,1.0,0,14,2,2,0,83.1747055053711,200,1,0
INSTANCE_049,0.25,delay20,303,FR,292.2958,332.6266666666666,109.15000000000146,60,68,0.0,0.8034188034188035,20,51,2,1,0,35.48216819763184,200,0,0
INSTANCE_049,0.25,delay20,303,NR,274.1715,322.13666666666654,118.56333333333488,60,68,0.0,1.0,0,51,2,2,0,0.0,0,1,0
INSTANCE_049,0.25,delay20,303,RG,283.3801,333.5133333333333,84.2533333333347,62,68,0.0,0.756340579710145,18,51,2,1,0,165.98200798034668,380,0,0
INSTANCE_049,0.25,delay20,303,SA,282.4181,333.92999999999995,85.1033333333346,62,68,0.0,0.8206521739130435,19,51,2,1,0,175.02570152282715,430,0,0
INSTANCE_049,0.25,delay30,303,FR,300.6581,344.09666666666664,173.02833333333456,59,68,0.0,0.6023318468970642,39,51,2,0,0,38.07473182678223,220,0,0
INSTANCE_049,0.25,delay30,303,NR,274.1715,322.13666666666654,220.8733333333355,57,68,0.0,1.0,0,51,2,2,0,0.0,0,1,0
INSTANCE_049,0.25,delay30,303,RG,286.0973,335.21333333333325,203.428333333335,58,68,0.0,0.8188405797101449,15,51,2,1,0,125.12922286987305,270,0,0
INSTANCE_049,0.25,delay30,303,SA,282.5001,332.45833333333326,156.16333333333466,59,68,0.0,0.7989130434782609,19,51,2,1,0,231.07933998107907,500,0,0
INSTANCE_049,0.25,p85,303,FR,300.7114,389.2519956666666,47.964566166669215,64,68,0.0,0.5420073083116561,39,51,2,0,0,71.80571556091307,450,0,0
INSTANCE_049,0.25,p85,303,NR,274.1715,359.1831836666668,79.79032716666904,61,68,0.0,1.0,0,51,2,2,0,0.0,0,1,0
INSTANCE_049,0.25,p85,303,RG,284.1555,374.5778451666666,58.629670166668575,64,68,0.0,0.7554347826086957,18,51,2,1,0,163.32578659057617,370,0,0
INSTANCE_049,0.25,p85,303,SA,283.1938,373.1310436666666,57.18286866666836,64,68,0.0,0.7663043478260869,19,51,2,1,0,155.44438362121582,370,0,0
INSTANCE_049,0.25,p95,303,FR,300.4306,422.7892541666666,91.252671666668,63,68,0.0,0.5850675089805525,39,51,2,0,0,92.35548973083496,570,0,0
INSTANCE_049,0.25,p95,303,NR,274.1715,391.88107166666674,194.66157000000203,58,68,0.0,1.0,0,51,2,2,0,0.0,0,1,0
INSTANCE_049,0.25,p95,303,RG,283.4053,406.7261400000001,130.13538666666796,61,68,0.0,0.756340579710145,18,51,2,1,0,151.60036087036133,380,0,0
INSTANCE_049,0.25,p95,303,SA,282.5001,405.2321475000001,126.06246083333428,62,68,0.0,0.7989130434782609,19,51,2,1,0,203.43923568725583,500,0,0
INSTANCE_049,0.5,delay20,303,FR,297.7165,339.0783333333333,63.5633333333343,63,68,0.0,0.4986928104575163,32,34,2,0,0,31.45146369934082,200,0,0
INSTANCE_049,0.5,delay20,303,NR,274.1715,322.13666666666654,103.7783333333348,61,68,0.0,1.0,0,34,2,2,0,0.0,0,1,0
INSTANCE_049,0.5,delay20,303,RG,313.6702,364.655,78.66833333333409,63,68,0.0,0.5754084967320261,29,34,2,0,0,93.76001358032228,230,0,0
INSTANCE_049,0.5,delay20,303,SA,328.0267,372.32,59.86833333333424,62,68,0.0,0.7677287581699346,27,34,2,0,0,109.08842086791992,260,0,0
INSTANCE_049,0.5,delay30,303,FR,304.15810000000005,351.06999999999994,100.39000000000112,62,68,0.0,0.4081699346405228,32,34,2,0,0,67.59190559387207,430,0,0
INSTANCE_049,0.5,delay30,303,NR,274.1715,322.13666666666654,196.0883333333354,58,68,0.0,1.0,0,34,2,2,0,0.0,0,1,0
INSTANCE_049,0.5,delay30,303,RG,328.02660000000003,372.32,137.6616666666681,59,68,0.0,0.7241013071895425,31,34,2,0,0,150.2988338470459,350,0,0
INSTANCE_049,0.5,delay30,303,SA,321.6827,364.8733333333333,140.0916666666684,60,68,0.0,0.8151143790849673,26,34,2,0,0,148.5280990600586,340,0,0
INSTANCE_049,0.5,p85,303,FR,297.7165,365.360475,21.24407350000104,66,68,0.0,0.4986928104575163,32,34,2,0,0,31.960487365722656,200,0,0
INSTANCE_049,0.5,p85,303,NR,274.1715,345.77760249999994,45.94401950000122,64,68,0.0,1.0,0,34,2,2,0,0.0,0,1,0
INSTANCE_049,0.5,p85,303,RG,328.0731,403.9887265,15.58099250000055,66,68,0.0,0.6930555555555555,33,34,2,0,0,117.2800064086914,270,0,0
INSTANCE_049,0.5,p85,303,SA,328.07320000000004,403.9887265,15.58099250000055,66,68,0.0,0.7513888888888889,29,34,2,0,0,112.49566078186037,260,0,0
INSTANCE_049,0.5,p95,303,FR,298.8507,389.98470333333336,50.15799250000077,64,68,0.0,0.5133986928104575,32,34,2,0,0,34.03329849243164,210,0,0
INSTANCE_049,0.5,p95,303,NR,274.1715,366.6434958333334,91.1311458333339,62,68,0.0,1.0,0,34,2,2,0,0.0,0,1,0
INSTANCE_049,0.5,p95,303,RG,316.7668,420.6880816666667,68.0911166666674,64,68,0.0,0.6113562091503267,30,34,2,0,0,177.0329475402832,440,0,0
INSTANCE_049,0.5,p95,303,SA,328.07320000000004,431.7841558333333,44.59253333333413,64,68,0.0,0.7513888888888889,29,34,2,0,0,103.67226600646973,260,0,0
INSTANCE_049,0.75,delay20,303,FR,274.06179999999995,321.86166666666657,94.80166666666798,62,68,0.0,0.8923611111111112,2,17,2,1,0,32.01913833618164,200,0,0
INSTANCE_049,0.75,delay20,303,NR,274.1715,322.13666666666654,95.62666666666792,62,68,0.0,1.0,0,17,2,2,0,0.0,0,1,0
INSTANCE_049,0.75,delay20,303,RG,274.06179999999995,321.86166666666657,94.80166666666798,62,68,0.0,0.8923611111111112,2,17,2,1,0,111.6807460784912,260,0,0
INSTANCE_049,0.75,delay20,303,SA,274.1715,322.13666666666654,95.62666666666792,62,68,0.0,1.0,0,17,2,2,0,88.23060989379883,200,1,0
INSTANCE_049,0.75,delay30,303,FR,274.06179999999995,321.86166666666657,169.32333333333509,60,68,0.0,0.8923611111111112,2,17,2,1,0,32.16552734375,200,0,0
INSTANCE_049,0.75,delay30,303,NR,274.1715,322.13666666666654,170.423333333335,60,68,0.0,1.0,0,17,2,2,0,0.0,0,1,0
INSTANCE_049,0.75,delay30,303,RG,274.06179999999995,321.86166666666657,169.32333333333509,60,68,0.0,0.8923611111111112,2,17,2,1,0,116.2855625152588,260,0,0
INSTANCE_049,0.75,delay30,303,SA,274.1715,322.13666666666654,170.423333333335,60,68,0.0,1.0,0,17,2,2,0,90.17682075500488,200,1,0
INSTANCE_049,0.75,p85,303,FR,274.06179999999995,333.80958283333325,25.63789283333369,66,68,0.0,0.8923611111111112,2,17,2,1,0,30.71737289428711,200,0,0
INSTANCE_049,0.75,p85,303,NR,274.1715,334.1274553333333,25.95576533333372,66,68,0.0,1.0,0,17,2,2,0,0.0,0,1,0
INSTANCE_049,0.75,p85,303,RG,274.06179999999995,333.80958283333325,25.63789283333369,66,68,0.0,0.8923611111111112,2,17,2,1,0,109.6811294555664,260,0,0
INSTANCE_049,0.75,p85,303,SA,274.1715,334.1274553333333,25.95576533333372,66,68,0.0,1.0,0,17,2,2,0,83.59289169311523,200,1,0
INSTANCE_049,0.75,p95,303,FR,274.06179999999995,344.35501750000003,38.09777750000045,64,68,0.0,0.8923611111111112,2,17,2,1,0,33.777713775634766,200,0,0
INSTANCE_049,0.75,p95,303,NR,274.1715,344.71073,38.80920250000042,64,68,0.0,1.0,0,17,2,2,0,0.0,0,1,0
INSTANCE_049,0.75,p95,303,RG,274.06179999999995,344.35501750000003,38.09777750000045,64,68,0.0,0.8923611111111112,2,17,2,1,0,114.33053016662598,260,0,0
INSTANCE_049,0.75,p95,303,SA,274.1715,344.71073,38.80920250000042,64,68,0.0,1.0,0,17,2,2,0,89.17379379272461,200,1,0
INSTANCE_050,0.25,delay20,303,FR,239.8624,293.3066666666666,0.2666666666667652,50,51,0.0,0.6390522875816993,25,39,2,0,0,55.80472946166992,330,0,0
INSTANCE_050,0.25,delay20,303,NR,224.0649,275.24499999999995,19.953333333333603,49,51,0.0,1.0,0,39,2,2,0,0.0,0,1,0
INSTANCE_050,0.25,delay20,303,RG,264.6094,320.5183333333333,0.2666666666667652,50,51,0.0,0.6750116713352008,24,39,2,0,0,172.96576499938965,380,0,0
INSTANCE_050,0.25,delay20,303,SA,242.80560000000003,300.7883333333333,3.865000000000237,49,51,0.0,0.90359477124183,15,39,2,1,0,112.73741722106934,240,0,0
INSTANCE_050,0.25,delay30,303,FR,238.8782,289.52999999999986,10.266666666666763,50,51,0.0,0.6258870214752568,22,39,2,0,0,58.76755714416504,360,0,0
INSTANCE_050,0.25,delay30,303,NR,224.0649,275.24499999999995,39.9533333333336,49,51,0.0,1.0,0,39,2,2,0,0.0,0,1,0
INSTANCE_050,0.25,delay30,303,RG,283.4845,334.8666666666666,10.266666666666763,50,51,0.0,0.5863211951447246,34,39,2,0,0,133.6464881896973,320,0,0
INSTANCE_050,0.25,delay30,303,SA,265.57129999999995,326.0583333333333,10.266666666666763,50,51,0.0,0.6137138188608777,32,39,2,0,0,119.03095245361328,280,0,0
INSTANCE_050,0.25,p85,303,FR,224.0649,309.97380366666664,0.0,51,51,0.0,1.0,0,39,2,2,0,33.6148738861084,200,1,0
INSTANCE_050,0.25,p85,303,NR,224.0649,309.97380366666664,0.0,51,51,0.0,1.0,0,39,2,2,0,0.0,0,1,0
INSTANCE_050,0.25,p85,303,RG,224.0649,309.97380366666664,0.0,51,51,0.0,1.0,0,39,2,2,0,85.3414535522461,200,1,0
INSTANCE_050,0.25,p85,303,SA,224.0649,309.97380366666664,0.0,51,51,0.0,1.0,0,39,2,2,0,86.58337593078613,200,1,0
INSTANCE_050,0.25,p95,303,FR,230.3531,346.9598766666667,0.0,51,51,0.0,0.8416666666666667,12,39,2,1,0,33.324480056762695,200,0,0
INSTANCE_050,0.25,p95,303,NR,224.0649,340.6260383333333,4.611954999999966,50,51,0.0,1.0,0,39,2,2,0,0.0,0,1,0
INSTANCE_050,0.25,p95,303,RG,250.5349,377.0208166666667,0.0,51,51,0.0,0.6910714285714286,21,39,2,1,0,125.97155570983888,290,0,0
INSTANCE_050,0.25,p95,303,SA,233.9195,351.249985,0.0,51,51,0.0,0.9464285714285714,2,39,2,1,0,95.78490257263184,220,0,0
INSTANCE_050,0.5,delay20,303,FR,224.8876,276.1233333333332,0.0,51,51,0.0,0.7912087912087913,9,26,2,1,0,35.9041690826416,230,0,0
INSTANCE_050,0.5,delay20,303,NR,224.0649,275.24499999999995,3.598333333333472,50,51,0.0,1.0,0,26,2,2,0,0.0,0,1,0
INSTANCE_050,0.5,delay20,303,RG,232.374,284.99833333333333,0.0,51,51,0.0,0.8159340659340659,12,26,2,1,0,83.73165130615234,200,0,0
INSTANCE_050,0.5,delay20,303,SA,224.0649,275.24499999999995,0.0,51,51,0.0,0.9395604395604396,2,26,2,1,0,87.57853507995605,210,0,0
INSTANCE_050,0.5,delay30,303,FR,225.4119,277.36333333333323,1.4483333333336077,50,51,0.0,0.793956043956044,9,26,2,1,0,31.227588653564453,200,0,0
INSTANCE_050,0.5,delay30,303,NR,224.0649,275.24499999999995,13.598333333333471,50,51,0.0,1.0,0,26,2,2,0,0.0,0,1,0
INSTANCE_050,0.5,delay30,303,RG,245.41469999999995,298.6833333333333,0.0,51,51,0.0,0.7527472527472527,13,26,2,1,0,91.3698673248291,220,0,0
INSTANCE_050,0.5,delay30,303,SA,240.18080000000003,293.01166666666666,1.4483333333336077,50,51,0.0,0.7994505494505495,11,26,2,1,0,120.20564079284668,280,0,0
INSTANCE_050,0.5,p85,303,FR,224.0649,298.7591371666666,0.0,51,51,0.0,1.0,0,26,2,2,0,39.12830352783204,200,1,0
INSTANCE_050,0.5,p85,303,NR,224.0649,298.7591371666666,0.0,51,51,0.0,1.0,0,26,2,2,0,0.0,0,1,0
INSTANCE_050,0.5,p85,303,RG,224.0649,298.7591371666666,0.0,51,51,0.0,1.0,0,26,2,2,0,89.1883373260498,200,1,0
INSTANCE_050,0.5,p85,303,SA,224.0649,298.7591371666666,0.0,51,51,0.0,1.0,0,26,2,2,0,94.15268898010254,200,1,0
INSTANCE_050,0.5,p95,303,FR,224.0649,319.5131158333333,0.0,51,51,0.0,1.0,0,26,2,2,0,34.47413444519043,200,1,0
INSTANCE_050,0.5,p95,303,NR,224.0649,319.5131158333333,0.0,51,51,0.0,1.0,0,26,2,2,0,0.0,0,1,0
INSTANCE_050,0.5,p95,303,RG,224.0649,319.5131158333333,0.0,51,51,0.0,1.0,0,26,2,2,0,95.55220603942873,200,1,0
INSTANCE_050,0.5,p95,303,SA,224.0649,319.5131158333333,0.0,51,51,0.0,1.0,0,26,2,2,0,88.11402320861816,200,1,0
INSTANCE_050,0.75,delay20,303,FR,223.38180000000003,274.3133333333333,0.0,51,51,0.0,0.7619047619047619,4,13,2,1,0,55.02986907958984,340,0,0
INSTANCE_050,0.75,delay20,303,NR,224.0649,275.24499999999995,0.0,51,51,0.0,1.0,0,13,2,2,0,0.0,0,1,0
INSTANCE_050,0.75,delay20,303,RG,223.38180000000003,274.3133333333333,0.0,51,51,0.0,0.7619047619047619,4,13,2,1,0,144.10734176635742,340,0,0
INSTANCE_050,0.75,delay20,303,SA,224.0649,275.24499999999995,0.0,51,51,0.0,1.0,0,13,2,2,0,93.77121925354004,200,1,0
INSTANCE_050,0.75,delay30,303,FR,223.38180000000003,274.3133333333333,0.0,51,51,0.0,0.7619047619047619,4,13,2,1,0,52.50096321105957,340,0,0
INSTANCE_050,0.75,delay30,303,NR,224.0649,275.24499999999995,0.0,51,51,0.0,1.0,0,13,2,2,0,0.0,0,1,0
INSTANCE_050,0.75,delay30,303,RG,223.38180000000003,274.3133333333333,0.0,51,51,0.0,0.7619047619047619,4,13,2,1,0,143.92876625061035,340,0,0
INSTANCE_050,0.75,delay30,303,SA,224.0649,275.24499999999995,0.0,51,51,0.0,1.0,0,13,2,2,0,83.28437805175781,200,1,0
INSTANCE_050,0.75,p85,303,FR,223.38180000000003,282.77272716666664,0.0,51,51,0.0,0.7619047619047619,4,13,2,1,0,53.25055122375488,340,0,0
INSTANCE_050,0.75,p85,303,NR,224.0649,283.84964066666663,0.0,51,51,0.0,1.0,0,13,2,2,0,0.0,0,1,0
INSTANCE_050,0.75,p85,303,RG,223.38180000000003,282.77272716666664,0.0,51,51,0.0,0.7619047619047619,4,13,2,1,0,147.6728916168213,340,0,0
INSTANCE_050,0.75,p85,303,SA,224.0649,283.84964066666663,0.0,51,51,0.0,1.0,0,13,2,2,0,87.24045753479004,200,1,0
INSTANCE_050,0.75,p95,303,FR,223.38180000000003,290.2391325,0.0,51,51,0.0,0.7619047619047619,4,13,2,1,0,55.64475059509277,340,0,0
INSTANCE_050,0.75,p95,303,NR,224.0649,291.4442433333333,0.0,51,51,0.0,1.0,0,13,2,2,0,0.0,0,1,0
INSTANCE_050,0.75,p95,303,RG,223.38180000000003,290.2391325,0.0,51,51,0.0,0.7619047619047619,4,13,2,1,0,149.36470985412598,340,0,0
INSTANCE_050,0.75,p95,303,SA,224.0649,291.4442433333333,0.0,51,51,0.0,1.0,0,13,2,2,0,89.7989273071289,200,1,0
INSTANCE_052,0.25,delay20,303,FR,394.5833,427.62666666666667,10.42666666666753,47,49,0.0,0.6247850017199863,21,37,2,0,0,95.27325630187988,540,0,0
INSTANCE_052,0.25,delay20,303,NR,343.73890000000006,380.4799999999999,43.38166666666734,46,49,0.0,1.0,0,37,2,2,0,0.0,0,1,0
INSTANCE_052,0.25,delay20,303,RG,367.781,397.68,18.681666666666843,47,49,0.0,0.7887426900584795,15,37,2,1,0,180.89675903320312,430,0,0
INSTANCE_052,0.25,delay20,303,SA,343.73890000000006,380.4799999999999,43.38166666666734,46,49,0.0,1.0,0,37,2,2,0,82.14855194091797,200,1,0
INSTANCE_052,0.25,delay30,303,FR,405.8148,439.0516666666666,8.350000000000591,46,49,0.0,0.6202700378396973,22,37,2,0,0,85.20913124084473,560,0,0
INSTANCE_052,0.25,delay30,303,NR,343.73890000000006,380.4799999999999,74.60833333333414,45,49,0.0,1.0,0,37,2,2,0,0.0,0,1,0
INSTANCE_052,0.25,delay30,303,RG,343.73890000000006,380.4799999999999,74.60833333333414,45,49,0.0,1.0,0,37,2,2,0,90.7440185546875,200,1,0
INSTANCE_052,0.25,delay30,303,SA,343.73890000000006,380.4799999999999,74.60833333333414,45,49,0.0,1.0,0,37,2,2,0,83.5256576538086,200,1,0
INSTANCE_052,0.25,p85,303,FR,373.9016,459.8298301666666,40.47636716666693,45,49,0.0,0.6635276917784658,18,37,2,0,0,52.9026985168457,280,0,0
INSTANCE_052,0.25,p85,303,NR,343.73890000000006,429.0963756666667,48.60944716666734,46,49,0.0,1.0,0,37,2,2,0,0.0,0,1,0
INSTANCE_052,0.25,p85,303,RG,376.7327,461.3922216666666,2.625211500000205,48,49,0.0,0.6841675266597868,27,37,2,0,0,212.04662322998047,530,0,0
INSTANCE_052,0.25,p85,303,SA,352.6906,441.5107416666666,37.96207800000059,47,49,0.0,0.8954248366013072,12,37,2,1,0,131.0098171234131,300,0,0
INSTANCE_052,0.25,p95,303,FR,352.6906,485.8982083333334,99.69334416666754,44,49,0.0,0.8954248366013072,12,37,2,1,0,56.55264854431152,300,0,0
INSTANCE_052,0.25,p95,303,NR,343.73890000000006,472.00601833333343,110.23923000000104,44,49,0.0,1.0,0,37,2,2,0,0.0,0,1,0
INSTANCE_052,0.25,p95,303,RG,352.96180000000004,486.67646416666673,98.12376166666718,45,49,0.0,0.7616529067767458,19,37,2,0,0,173.2583045959473,400,0,0
INSTANCE_052,0.25,p95,303,SA,352.69050000000004,485.8982083333334,99.69334416666754,44,49,0.0,0.9264705882352942,10,37,2,1,0,178.5423755645752,400,0,0
INSTANCE_052,0.5,delay20,303,FR,380.6884,415.1916666666666,6.981666666667138,48,49,0.0,0.4672202797202797,17,25,2,0,0,77.45623588562012,520,0,0
INSTANCE_052,0.5,delay20,303,NR,343.73890000000006,380.4799999999999,43.38166666666734,46,49,0.0,1.0,0,25,2,2,0,0.0,0,1,0
INSTANCE_052,0.5,delay20,303,RG,395.4487,428.45333333333326,0.0,49,49,0.0,0.4106934731934731,21,25,2,0,0,112.79797554016112,280,0,0
INSTANCE_052,0.5,delay20,303,SA,395.0737,421.59,0.0,49,49,0.0,0.6659382284382285,22,25,2,0,0,121.33479118347168,300,0,0
INSTANCE_052,0.5,delay30,303,FR,379.0889,411.3816666666666,27.69500000000096,46,49,0.0,0.5088869463869463,17,25,2,0,0,44.94333267211914,310,0,0
INSTANCE_052,0.5,delay30,303,NR,343.73890000000006,380.4799999999999,73.38166666666734,46,49,0.0,1.0,0,25,2,2,0,0.0,0,1,0
INSTANCE_052,0.5,delay30,303,RG,395.4488,428.3533333333333,4.9833333333336896,47,49,0.0,0.4523601398601399,21,25,2,0,0,130.80072402954102,340,0,0
INSTANCE_052,0.5,delay30,303,SA,418.0111,443.07,4.9833333333336896,47,49,0.0,0.6644813519813519,21,25,2,0,0,123.63958358764648,320,0,0
INSTANCE_052,0.5,p85,303,FR,346.67740000000003,414.4675688333333,6.747626833333584,47,49,0.0,0.8157051282051282,6,25,2,1,0,35.57586669921875,220,0,0
INSTANCE_052,0.5,p85,303,NR,343.73890000000006,412.8762798333333,22.52529850000053,46,49,0.0,1.0,0,25,2,2,0,0.0,0,1,0
INSTANCE_052,0.5,p85,303,RG,375.1607,447.8480343333332,0.0,49,49,0.0,0.4826631701631702,20,25,2,0,0,157.23609924316406,360,0,0
INSTANCE_052,0.5,p85,303,SA,363.8901,431.6827728333333,5.143041333333599,47,49,0.0,0.9262820512820512,11,25,2,1,0,82.79228210449219,200,0,0
INSTANCE_052,0.5,p95,303,FR,382.4121,485.3841141666667,23.50376166666706,47,49,0.0,0.4710081585081584,17,25,2,0,0,65.2611255645752,450,0,0
INSTANCE_052,0.5,p95,303,NR,343.73890000000006,441.4697891666667,57.0741358333338,46,49,0.0,1.0,0,25,2,2,0,0.0,0,1,0
INSTANCE_052,0.5,p95,303,RG,395.4488,503.3939458333333,0.0,49,49,0.0,0.4523601398601399,21,25,2,0,0,141.76392555236816,340,0,0
INSTANCE_052,0.5,p95,303,SA,360.10130000000004,456.2803641666667,9.319000833333348,48,49,0.0,0.7932692307692308,11,25,2,1,0,125.55742263793944,320,0,0
INSTANCE_052,0.75,delay20,303,FR,346.67740000000003,381.85666666666657,6.981666666667138,48,49,0.0,0.6071428571428572,6,13,2,1,0,30.51233291625977,220,0,0
INSTANCE_052,0.75,delay20,303,NR,343.73890000000006,380.4799999999999,24.7866666666672,47,49,0.0,1.0,0,13,2,2,0,0.0,0,1,0
INSTANCE_052,0.75,delay20,303,RG,346.67740000000003,381.85666666666657,6.981666666667138,48,49,0.0,0.6071428571428572,6,13,2,1,0,88.01889419555664,240,0,0
INSTANCE_052,0.75,delay20,303,SA,346.67740000000003,381.85666666666657,7.898333333333653,48,49,0.0,0.6904761904761905,6,13,2,1,0,86.74335479736328,230,0,0
INSTANCE_052,0.75,delay30,303,FR,346.67740000000003,381.85666666666657,25.380000000000905,47,49,0.0,0.6071428571428572,6,13,2,1,0,31.91375732421875,220,0,0
INSTANCE_052,0.75,delay30,303,NR,343.73890000000006,380.4799999999999,44.7866666666672,47,49,0.0,1.0,0,13,2,2,0,0.0,0,1,0
INSTANCE_052,0.75,delay30,303,RG,346.67740000000003,381.85666666666657,25.380000000000905,47,49,0.0,0.6071428571428572,6,13,2,1,0,93.83010864257812,240,0,0
INSTANCE_052,0.75,delay30,303,SA,346.67740000000003,381.85666666666657,25.863333333334023,47,49,0.0,0.6904761904761905,6,13,2,1,0,91.32671356201172,230,0,0
INSTANCE_052,0.75,p85,303,FR,346.67740000000003,396.9179058333333,0.0,49,49,0.0,0.6904761904761905,6,13,2,1,0,27.542829513549805,200,0,0
INSTANCE_052,0.75,p85,303,NR,343.73890000000006,395.3266168333333,8.499518666666972,48,49,0.0,1.0,0,13,2,2,0,0.0,0,1,0
INSTANCE_052,0.75,p85,303,RG,346.67740000000003,396.9179058333333,0.0,49,49,0.0,0.6071428571428572,6,13,2,1,0,88.05966377258301,240,0,0
INSTANCE_052,0.75,p85,303,SA,346.67730000000006,396.9179058333333,0.0,49,49,0.0,0.7321428571428572,7,13,2,1,0,93.53804588317873,250,0,0
INSTANCE_052,0.75,p95,303,FR,346.67740000000003,410.2112125,0.0,49,49,0.0,0.6071428571428572,6,13,2,1,0,31.811475753784176,220,0,0
INSTANCE_052,0.75,p95,303,NR,343.73890000000006,408.4304941666667,16.0601800000004,48,49,0.0,1.0,0,13,2,2,0,0.0,0,1,0
INSTANCE_052,0.75,p95,303,RG,346.67740000000003,410.2112125,0.0,49,49,0.0,0.6071428571428572,6,13,2,1,0,90.13962745666504,240,0,0
INSTANCE_052,0.75,p95,303,SA,346.67740000000003,410.2112125,0.5222575000003644,48,49,0.0,0.6904761904761905,6,13,2,1,0,86.93170547485352,230,0,0
INSTANCE_054,0.25,delay20,303,FR,393.8544,472.9983333333333,17.778333333333762,78,79,0.0,1.0,0,61,3,3,0,46.19264602661133,300,1,0
INSTANCE_054,0.25,delay20,303,NR,393.8544,472.9983333333333,17.778333333333762,78,79,0.0,1.0,0,61,3,3,0,0.0,0,1,0
INSTANCE_054,0.25,delay20,303,RG,453.9657,527.765,0.0,79,79,0.0,0.8943355119825709,14,61,3,2,0,129.3959617614746,310,0,0
INSTANCE_054,0.25,delay20,303,SA,453.9951,527.6733333333334,0.0,79,79,0.0,0.9139433551198256,14,61,3,2,0,129.54211235046387,300,0,0
INSTANCE_054,0.25,delay30,303,FR,453.0729,529.1099999999999,4.7349999999999,78,79,0.0,0.8572984749455337,14,61,3,2,0,71.46596908569336,430,0,0
INSTANCE_054,0.25,delay30,303,NR,393.8544,472.9983333333333,32.51333333333366,77,79,0.0,1.0,0,61,3,3,0,0.0,0,1,0
INSTANCE_054,0.25,delay30,303,RG,453.9951,527.6733333333334,4.7349999999999,78,79,0.0,0.9139433551198256,14,61,3,2,0,130.7053565979004,300,0,0
INSTANCE_054,0.25,delay30,303,SA,453.9951,527.6733333333334,4.7349999999999,78,79,0.0,0.9139433551198256,14,61,3,2,0,158.42413902282715,300,0,0
INSTANCE_054,0.25,p85,303,FR,393.8544,522.8117611666667,6.60435200000029,78,79,0.0,1.0,0,61,3,3,0,48.01487922668457,300,1,0
INSTANCE_054,0.25,p85,303,NR,393.8544,522.8117611666667,6.60435200000029,78,79,0.0,1.0,0,61,3,3,0,0.0,0,1,0
INSTANCE_054,0.25,p85,303,RG,393.8544,522.8117611666667,6.60435200000029,78,79,0.0,1.0,0,61,3,3,0,122.7407455444336,300,1,0
INSTANCE_054,0.25,p85,303,SA,393.8544,522.8117611666667,6.60435200000029,78,79,0.0,1.0,0,61,3,3,0,127.17652320861816,300,1,0
INSTANCE_054,0.25,p95,303,FR,458.8517,645.0821208333333,7.49204583333335,78,79,0.0,0.8758169934640523,13,61,3,2,0,75.00052452087402,460,0,0
INSTANCE_054,0.25,p95,303,NR,393.8544,566.7779425,21.886392500000284,77,79,0.0,1.0,0,61,3,3,0,0.0,0,1,0
INSTANCE_054,0.25,p95,303,RG,453.9657,637.6186258333332,7.49204583333335,78,79,0.0,0.8943355119825709,14,61,3,2,0,134.72270965576172,310,0,0
INSTANCE_054,0.25,p95,303,SA,453.9951,637.500055,7.49204583333335,78,79,0.0,0.9139433551198256,14,61,3,2,0,129.99963760375977,300,0,0
INSTANCE_054,0.5,delay20,303,FR,431.5947,507.29333333333335,9.530000000000427,78,79,0.0,0.914141414141414,10,41,3,2,0,52.43945121765137,330,0,0
INSTANCE_054,0.5,delay20,303,NR,393.8544,472.9983333333333,17.778333333333762,78,79,0.0,1.0,0,41,3,3,0,0.0,0,1,0
INSTANCE_054,0.5,delay20,303,RG,407.8438,489.53333333333336,9.530000000000427,78,79,0.0,0.8762626262626263,11,41,3,2,0,149.48153495788574,360,0,0
INSTANCE_054,0.5,delay20,303,SA,431.3337,506.9033333333333,9.530000000000427,78,79,0.0,0.9444444444444444,11,41,3,2,0,133.12244415283203,300,0,0
INSTANCE_054,0.5,delay30,303,FR,431.5947,507.3216666666667,19.530000000000427,78,79,0.0,0.8823953823953824,16,41,3,1,0,97.63956069946288,630,0,0
INSTANCE_054,0.5,delay30,303,NR,393.8544,472.9983333333333,32.51333333333366,77,79,0.0,1.0,0,41,3,3,0,0.0,0,1,0
INSTANCE_054,0.5,delay30,303,RG,407.8438,489.5616666666667,19.530000000000427,78,79,0.0,0.8445165945165946,17,41,3,1,0,150.8030891418457,360,0,0
INSTANCE_054,0.5,delay30,303,SA,431.3337,506.93166666666673,19.530000000000427,78,79,0.0,0.9126984126984128,17,41,3,1,0,123.3975887298584,300,0,0
INSTANCE_054,0.5,p85,303,FR,408.1048,528.9474418333332,0.0,79,79,0.0,0.904040404040404,12,41,3,2,0,68.84050369262695,420,0,0
INSTANCE_054,0.5,p85,303,NR,393.8544,509.38383433333325,2.492489500000488,78,79,0.0,1.0,0,41,3,3,0,0.0,0,1,0
INSTANCE_054,0.5,p85,303,RG,408.1048,528.9474418333332,0.0,79,79,0.0,0.904040404040404,12,41,3,2,0,172.8522777557373,420,0,0
INSTANCE_054,0.5,p85,303,SA,393.8544,509.38383433333325,2.492489500000488,78,79,0.0,1.0,0,41,3,3,0,127.29358673095705,300,1,0
INSTANCE_054,0.5,p95,303,FR,414.8611,569.0002641666667,0.0,79,79,0.0,0.8863636363636364,10,41,3,2,0,58.72106552124024,370,0,0
INSTANCE_054,0.5,p95,303,NR,393.8544,541.4982983333333,6.653284166667163,78,79,0.0,1.0,0,41,3,3,0,0.0,0,1,0
INSTANCE_054,0.5,p95,303,RG,407.8438,562.8863208333333,0.0,79,79,0.0,0.8762626262626263,11,41,3,2,0,145.16305923461914,360,0,0
INSTANCE_054,0.5,p95,303,SA,393.8544,541.4982983333333,6.653284166667163,78,79,0.0,1.0,0,41,3,3,0,121.05631828308104,300,1,0
INSTANCE_054,0.75,delay20,303,FR,393.8544,472.9983333333333,0.0,79,79,0.0,1.0,0,21,3,3,0,40.41004180908203,300,1,0
INSTANCE_054,0.75,delay20,303,NR,393.8544,472.9983333333333,0.0,79,79,0.0,1.0,0,21,3,3,0,0.0,0,1,0
INSTANCE_054,0.75,delay20,303,RG,393.8544,472.9983333333333,0.0,79,79,0.0,1.0,0,21,3,3,0,115.42749404907228,300,1,0
INSTANCE_054,0.75,delay20,303,SA,393.8544,472.9983333333333,0.0,79,79,0.0,1.0,0,21,3,3,0,108.45446586608888,300,1,0
INSTANCE_054,0.75,delay30,303,FR,393.8544,473.0266666666667,0.0,79,79,0.0,0.9226190476190476,6,21,3,2,0,48.05302619934082,330,0,0
INSTANCE_054,0.75,delay30,303,NR,393.8544,472.9983333333333,4.7349999999999,78,79,0.0,1.0,0,21,3,3,0,0.0,0,1,0
INSTANCE_054,0.75,delay30,303,RG,393.8544,473.0266666666667,0.0,79,79,0.0,0.9226190476190476,6,21,3,2,0,119.08912658691406,300,0,0
INSTANCE_054,0.75,delay30,303,SA,393.8544,473.0266666666667,0.0,79,79,0.0,0.9226190476190476,6,21,3,2,0,120.589017868042,300,0,0
INSTANCE_054,0.75,p85,303,FR,393.8544,496.8525923333333,0.0,79,79,0.0,1.0,0,21,3,3,0,41.69654846191406,300,1,0
INSTANCE_054,0.75,p85,303,NR,393.8544,496.8525923333333,0.0,79,79,0.0,1.0,0,21,3,3,0,0.0,0,1,0
INSTANCE_054,0.75,p85,303,RG,393.8544,496.8525923333333,0.0,79,79,0.0,1.0,0,21,3,3,0,114.74442481994627,300,1,0
INSTANCE_054,0.75,p85,303,SA,393.8544,496.8525923333333,0.0,79,79,0.0,1.0,0,21,3,3,0,115.72265625,300,1,0
INSTANCE_054,0.75,p95,303,FR,393.8544,517.9067683333333,0.0,79,79,0.0,1.0,0,21,3,3,0,45.94564437866211,300,1,0
INSTANCE_054,0.75,p95,303,NR,393.8544,517.9067683333333,0.0,79,79,0.0,1.0,0,21,3,3,0,0.0,0,1,0
INSTANCE_054,0.75,p95,303,RG,393.8544,517.9067683333333,0.0,79,79,0.0,1.0,0,21,3,3,0,130.9103965759277,300,1,0
INSTANCE_054,0.75,p95,303,SA,393.8544,517.9067683333333,0.0,79,79,0.0,1.0,0,21,3,3,0,115.64135551452635,300,1,0
INSTANCE_056,0.25,delay20,303,FR,359.3049000000001,428.27166666666665,74.87166666666712,51,56,0.0,0.6169372294372294,26,43,2,0,0,65.15383720397949,390,0,0
INSTANCE_056,0.25,delay20,303,NR,363.8707,430.2816666666666,88.27666666666698,48,56,0.0,1.0,0,43,2,2,0,0.0,0,1,0
INSTANCE_056,0.25,delay20,303,RG,355.9489,417.215,70.43833333333328,50,56,0.0,0.7532467532467533,18,43,2,1,0,212.13746070861816,480,0,0
INSTANCE_056,0.25,delay20,303,SA,363.8707,430.2816666666666,88.27666666666698,48,56,0.0,1.0,0,43,2,2,0,87.37874031066895,200,1,0
INSTANCE_056,0.25,delay30,303,FR,357.3411,421.96,165.3300000000005,46,56,0.0,0.777056277056277,17,43,2,1,0,71.11549377441406,420,0,0
INSTANCE_056,0.25,delay30,303,NR,363.8707,430.2816666666666,182.4116666666672,45,56,0.0,1.0,0,43,2,2,0,0.0,0,1,0
INSTANCE_056,0.25,delay30,303,RG,355.9489,417.215,152.51166666666677,47,56,0.0,0.7532467532467533,18,43,2,1,0,202.32915878295896,480,0,0
INSTANCE_056,0.25,delay30,303,SA,363.8707,430.2816666666666,182.4116666666672,45,56,0.0,1.0,0,43,2,2,0,87.02421188354492,200,1,0
INSTANCE_056,0.25,p85,303,FR,355.4156000000001,470.49920083333336,36.494597333333104,51,56,0.0,0.6246753246753246,27,43,2,0,0,55.02510070800781,350,0,0
INSTANCE_056,0.25,p85,303,NR,363.8707,477.1706703333333,72.66334700000027,50,56,0.0,1.0,0,43,2,2,0,0.0,0,1,0
INSTANCE_056,0.25,p85,303,RG,363.2954,466.7579378333333,47.08901033333336,51,56,0.0,0.8268398268398268,18,43,2,1,0,202.3353576660156,500,0,0
INSTANCE_056,0.25,p85,303,SA,363.8707,477.1706703333333,72.66334700000027,50,56,0.0,1.0,0,43,2,2,0,82.90314674377441,200,1,0
INSTANCE_056,0.25,p95,303,FR,363.8707,518.5557050000001,210.7036491666662,46,56,0.0,1.0,0,43,2,2,0,32.21249580383301,200,1,0
INSTANCE_056,0.25,p95,303,NR,363.8707,518.5557050000001,210.7036491666662,46,56,0.0,1.0,0,43,2,2,0,0.0,0,1,0
INSTANCE_056,0.25,p95,303,RG,363.8707,518.5557050000001,210.7036491666662,46,56,0.0,1.0,0,43,2,2,0,84.30147171020508,200,1,0
INSTANCE_056,0.25,p95,303,SA,363.8707,518.5557050000001,210.7036491666662,46,56,0.0,1.0,0,43,2,2,0,85.61015129089355,200,1,0
INSTANCE_056,0.5,delay20,303,FR,372.5638,433.5266666666666,27.17166666666685,53,56,0.0,0.5636446886446886,21,29,2,0,0,92.44942665100098,560,0,0
INSTANCE_056,0.5,delay20,303,NR,363.8707,430.2816666666666,74.8716666666669,50,56,0.0,1.0,0,29,2,2,0,0.0,0,1,0
INSTANCE_056,0.5,delay20,303,RG,381.904,445.14166666666665,46.04999999999996,52,56,0.0,0.8224358974358974,20,29,2,0,0,107.70487785339355,250,0,0
INSTANCE_056,0.5,delay20,303,SA,387.5232,450.45666666666665,33.78666666666663,53,56,0.0,0.701007326007326,19,29,2,0,0,180.03559112548828,420,0,0
INSTANCE_056,0.5,delay30,303,FR,373.4713,437.3233333333333,74.4283333333342,50,56,0.0,0.5160256410256411,22,29,2,0,0,74.68485832214355,470,0,0
INSTANCE_056,0.5,delay30,303,NR,363.8707,430.2816666666666,140.10000000000036,48,56,0.0,1.0,0,29,2,2,0,0.0,0,1,0
INSTANCE_056,0.5,delay30,303,RG,388.8281,450.15833333333336,74.79500000000019,51,56,0.0,0.6855311355311355,19,29,2,0,0,196.77305221557617,450,0,0
INSTANCE_056,0.5,delay30,303,SA,389.034,453.0566666666666,81.38166666666677,50,56,0.0,0.7105311355311354,17,29,2,0,0,161.68594360351565,390,0,0
INSTANCE_056,0.5,p85,303,FR,375.4126,462.3486896666667,12.938329666666618,54,56,0.0,0.533058608058608,22,29,2,0,0,65.43898582458496,420,0,0
INSTANCE_056,0.5,p85,303,NR,363.8707,457.6538091666666,31.257480000000328,53,56,0.0,1.0,0,29,2,2,0,0.0,0,1,0
INSTANCE_056,0.5,p85,303,RG,372.94680000000005,463.1539666666666,6.464286833333063,55,56,0.0,0.5195970695970696,18,29,2,0,0,204.9479484558105,490,0,0
INSTANCE_056,0.5,p85,303,SA,370.9814,462.5644576666666,14.373540666666829,54,56,0.0,0.7967948717948719,11,29,2,0,0,127.7165412902832,300,0,0
INSTANCE_056,0.5,p95,303,FR,373.8686,485.7106758333333,20.32453416666658,54,56,0.0,0.5866300366300365,21,29,2,0,0,74.55182075500488,480,0,0
INSTANCE_056,0.5,p95,303,NR,363.8707,481.8129291666667,68.4865500000002,51,56,0.0,1.0,0,29,2,2,0,0.0,0,1,0
INSTANCE_056,0.5,p95,303,RG,373.8687000000001,485.7106758333333,20.32453416666658,54,56,0.0,0.5481684981684982,21,29,2,0,0,252.37584114074707,610,0,0
INSTANCE_056,0.5,p95,303,SA,387.5232,507.9092916666667,30.081835833333344,54,56,0.0,0.701007326007326,19,29,2,0,0,179.72445487976074,420,0,0
INSTANCE_056,0.75,delay20,303,FR,388.0526,455.27,37.84000000000003,53,56,0.0,0.4702380952380952,13,15,2,0,0,66.91551208496094,420,0,0
INSTANCE_056,0.75,delay20,303,NR,363.8707,430.2816666666666,74.8716666666669,50,56,0.0,1.0,0,15,2,2,0,0.0,0,1,0
INSTANCE_056,0.75,delay20,303,RG,387.8923,455.0233333333333,37.34666666666669,53,56,0.0,0.4345238095238095,13,15,2,0,0,182.2054386138916,430,0,0
INSTANCE_056,0.75,delay20,303,SA,387.40420000000006,454.5533333333333,39.30833333333317,52,56,0.0,0.6369047619047619,13,15,2,0,0,130.5997371673584,310,0,0
INSTANCE_056,0.75,delay30,303,FR,376.67599999999993,442.8983333333333,91.375,49,56,0.0,0.3214285714285714,12,15,2,0,0,55.67598342895508,350,0,0
INSTANCE_056,0.75,delay30,303,NR,363.8707,430.2816666666666,140.10000000000036,48,56,0.0,1.0,0,15,2,2,0,0.0,0,1,0
INSTANCE_056,0.75,delay30,303,RG,387.89240000000007,455.0233333333333,77.34166666666647,51,56,0.0,0.4642857142857143,13,15,2,0,0,167.13619232177734,390,0,0
INSTANCE_056,0.75,delay30,303,SA,387.8923,455.0233333333333,77.70999999999981,51,56,0.0,0.5059523809523809,13,15,2,0,0,144.93107795715332,330,0,0
INSTANCE_056,0.75,p85,303,FR,376.5157,461.0007263333333,3.0702113333333045,54,56,0.0,0.3214285714285714,12,15,2,0,0,45.6697940826416,270,0,0
INSTANCE_056,0.75,p85,303,NR,363.8707,446.62518333333327,17.565583333333507,54,56,0.0,1.0,0,15,2,2,0,0.0,0,1,0
INSTANCE_056,0.75,p85,303,RG,369.4433,456.4792308333333,6.502448333333405,54,56,0.0,0.6071428571428572,6,15,2,1,0,107.60045051574708,240,0,0
INSTANCE_056,0.75,p85,303,SA,380.3318,470.2363673333333,9.141753333333554,54,56,0.0,0.8869047619047619,7,15,2,1,0,91.0179615020752,200,0,0
INSTANCE_056,0.75,p95,303,FR,369.4433,472.0773375,14.583522499999958,53,56,0.0,0.6071428571428572,6,15,2,1,0,37.168264389038086,220,0,0
INSTANCE_056,0.75,p95,303,NR,363.8707,461.05025,26.01129750000007,53,56,0.0,1.0,0,15,2,2,0,0.0,0,1,0
INSTANCE_056,0.75,p95,303,RG,369.4433,472.0773375,14.583522499999958,53,56,0.0,0.6071428571428572,6,15,2,1,0,108.85882377624512,240,0,0
INSTANCE_056,0.75,p95,303,SA,380.3318,487.47214333333335,17.537014166666722,53,56,0.0,0.8869047619047619,7,15,2,1,0,88.57178688049316,200,0,0
INSTANCE_058,0.25,delay20,303,FR,432.4783000000001,464.9433333333334,49.693333333332816,77,81,0.0,0.8409090909090908,11,61,3,2,0,68.0084228515625,450,0,0
INSTANCE_058,0.25,delay20,303,NR,383.1529000000001,408.7316666666667,57.44666666666603,76,81,0.0,1.0,0,61,3,3,0,0.0,0,1,0
INSTANCE_058,0.25,delay20,303,RG,449.3497,480.085,34.309999999999945,78,81,0.0,0.7644608477941812,31,61,3,1,0,243.6001300811768,590,0,0
INSTANCE_058,0.25,delay20,303,SA,400.0852,424.0783333333333,42.426666666666165,77,81,0.0,0.9294871794871794,20,61,3,2,0,183.1791400909424,440,0,0
INSTANCE_058,0.25,delay30,303,FR,436.2083,472.16833333333335,87.80833333333305,76,81,0.0,0.7810800310800311,22,61,3,1,0,76.7676830291748,520,0,0
INSTANCE_058,0.25,delay30,303,NR,383.1529000000001,408.7316666666667,117.94999999999912,74,81,0.0,1.0,0,61,3,3,0,0.0,0,1,0
INSTANCE_058,0.25,delay30,303,RG,435.8765000000001,467.7783333333333,78.37166666666656,76,81,0.0,0.8547224380557714,20,61,3,1,0,168.50852966308594,440,0,0
INSTANCE_058,0.25,delay30,303,SA,434.36500000000007,466.1016666666666,72.29666666666617,76,81,0.0,0.8359665026331693,20,61,3,1,0,184.72671508789065,460,0,0
INSTANCE_058,0.25,p85,303,FR,384.1358,455.7583123333334,20.26964533333308,79,81,0.0,0.9375593542260208,8,61,3,2,0,49.1030216217041,320,0,0
INSTANCE_058,0.25,p85,303,NR,383.1529000000001,454.3461878333334,23.900207833333297,79,81,0.0,1.0,0,61,3,3,0,0.0,0,1,0
INSTANCE_058,0.25,p85,303,RG,384.8306,455.30751133333337,19.41602783333292,79,81,0.0,0.9366096866096866,10,61,3,2,0,164.43824768066406,400,0,0
INSTANCE_058,0.25,p85,303,SA,384.8306,455.30751133333337,19.41602783333269,79,81,0.0,0.9499050332383666,10,61,3,2,0,139.4364833831787,340,0,0
INSTANCE_058,0.25,p95,303,FR,413.3613,538.9927950000001,73.53692833333389,76,81,0.0,0.8541612708279375,13,61,3,1,0,61.19346618652344,390,0,0
INSTANCE_058,0.25,p95,303,NR,383.1529000000001,494.6063425,83.25131333333366,75,81,0.0,1.0,0,61,3,3,0,0.0,0,1,0
INSTANCE_058,0.25,p95,303,RG,413.3613,538.9927950000001,73.53692833333389,76,81,0.0,0.8541612708279375,13,61,3,1,0,156.88419342041016,390,0,0
INSTANCE_058,0.25,p95,303,SA,383.1529000000001,494.6063425,83.25131333333366,75,81,0.0,1.0,0,61,3,3,0,123.15678596496583,300,1,0
INSTANCE_058,0.5,delay20,303,FR,412.3686,437.64166666666665,23.541666666666288,79,81,0.0,0.8266806722689076,16,41,3,1,0,74.79429244995117,500,0,0
INSTANCE_058,0.5,delay20,303,NR,383.1529000000001,408.7316666666667,39.541666666666174,77,81,0.0,1.0,0,41,3,3,0,0.0,0,1,0
INSTANCE_058,0.5,delay20,303,RG,447.8225,477.4733333333333,13.5416666666664,79,81,0.0,0.825552443199502,19,41,3,1,0,129.2409896850586,310,0,0
INSTANCE_058,0.5,delay20,303,SA,402.8078,426.195,21.29499999999961,78,81,0.0,0.9684095860566448,12,41,3,2,0,123.32677841186523,300,0,0
INSTANCE_058,0.5,delay30,303,FR,432.1713000000001,465.15333333333336,51.83499999999947,78,81,0.0,0.7521397447868036,18,41,3,1,0,67.94953346252441,460,0,0
INSTANCE_058,0.5,delay30,303,NR,383.1529000000001,408.7316666666667,90.04499999999928,75,81,0.0,1.0,0,41,3,3,0,0.0,0,1,0
INSTANCE_058,0.5,delay30,303,RG,447.8225,477.4733333333333,37.78833333333296,78,81,0.0,0.825552443199502,19,41,3,1,0,123.37756156921388,310,0,0
INSTANCE_058,0.5,delay30,303,SA,450.6064,479.695,37.78833333333296,78,81,0.0,0.8553143479614068,20,41,3,1,0,121.61731719970705,300,0,0
INSTANCE_058,0.5,p85,303,FR,384.0654,442.0953038333333,5.694065666666688,80,81,0.0,0.9128540305010894,10,41,3,2,0,40.763139724731445,300,0,0
INSTANCE_058,0.5,p85,303,NR,383.1529000000001,440.6215313333333,6.5704451666667865,80,81,0.0,1.0,0,41,3,3,0,0.0,0,1,0
INSTANCE_058,0.5,p85,303,RG,402.8078,460.8073983333333,0.0,81,81,0.0,0.9684095860566448,12,41,3,2,0,111.45496368408205,300,0,0
INSTANCE_058,0.5,p85,303,SA,402.8078,460.8073983333333,0.0,81,81,0.0,0.9684095860566448,12,41,3,2,0,112.0901107788086,300,0,0
INSTANCE_058,0.5,p95,303,FR,383.99390000000005,468.5072141666667,10.701629166666637,79,81,0.0,0.8921568627450981,12,41,3,2,0,59.14902687072754,390,0,0
INSTANCE_058,0.5,p95,303,NR,383.1529000000001,468.7680700000001,18.08954333333316,78,81,0.0,1.0,0,41,3,3,0,0.0,0,1,0
INSTANCE_058,0.5,p95,303,RG,402.8078,491.3568916666667,5.580498333333253,79,81,0.0,0.9684095860566448,12,41,3,2,0,119.82321739196776,300,0,0
INSTANCE_058,0.5,p95,303,SA,402.8078,491.3568916666667,5.580498333333253,79,81,0.0,0.9684095860566448,12,41,3,2,0,117.27333068847656,300,0,0
INSTANCE_058,0.75,delay20,303,FR,383.706,409.0183333333333,32.27166666666642,78,81,0.0,0.8425925925925926,8,21,3,2,0,60.69231033325195,380,0,0
INSTANCE_058,0.75,delay20,303,NR,383.1529000000001,408.7316666666667,39.541666666666174,77,81,0.0,1.0,0,21,3,3,0,0.0,0,1,0
INSTANCE_058,0.75,delay20,303,RG,412.0807,438.13,24.518333333332976,79,81,0.0,0.6620370370370371,12,21,3,1,0,200.0606060028076,480,0,0
INSTANCE_058,0.75,delay20,303,SA,383.1529000000001,408.7316666666667,39.541666666666174,77,81,0.0,1.0,0,21,3,3,0,126.54995918273926,300,1,0
INSTANCE_058,0.75,delay30,303,FR,412.0807,438.13,58.09666666666636,77,81,0.0,0.7037037037037037,12,21,3,1,0,94.99168395996094,620,0,0
INSTANCE_058,0.75,delay30,303,NR,383.1529000000001,408.7316666666667,90.04499999999928,75,81,0.0,1.0,0,21,3,3,0,0.0,0,1,0
INSTANCE_058,0.75,delay30,303,RG,412.0807,438.13,58.09666666666636,77,81,0.0,0.7037037037037037,12,21,3,1,0,214.41960334777832,510,0,0
INSTANCE_058,0.75,delay30,303,SA,411.9493,438.69000000000005,59.71166666666568,77,81,0.0,0.6828703703703703,12,21,3,1,0,225.2786159515381,480,0,0
INSTANCE_058,0.75,p85,303,FR,383.706,426.0192283333333,1.2541063333331977,80,81,0.0,0.8009259259259259,8,21,3,2,0,62.13951110839844,380,0,0
INSTANCE_058,0.75,p85,303,NR,383.1529000000001,425.6878703333333,3.272900333333382,80,81,0.0,1.0,0,21,3,3,0,0.0,0,1,0
INSTANCE_058,0.75,p85,303,RG,383.56860000000006,426.1348183333333,1.3696963333333088,80,81,0.0,0.8425925925925926,8,21,3,2,0,210.30235290527344,470,0,0
INSTANCE_058,0.75,p85,303,SA,383.1529000000001,425.6878703333333,3.272900333333382,80,81,0.0,1.0,0,21,3,3,0,130.99956512451172,300,1,0
INSTANCE_058,0.75,p95,303,FR,383.56860000000006,441.15385833333335,4.888128333333157,80,81,0.0,0.8425925925925926,8,21,3,2,0,48.84791374206543,310,0,0
INSTANCE_058,0.75,p95,303,NR,383.1529000000001,440.653705,7.005988333333107,80,81,0.0,1.0,0,21,3,3,0,0.0,0,1,0
INSTANCE_058,0.75,p95,303,RG,383.56860000000006,441.15385833333335,4.888128333333157,80,81,0.0,0.8425925925925926,8,21,3,2,0,194.29373741149905,470,0,0
INSTANCE_058,0.75,p95,303,SA,383.1529000000001,440.653705,7.005988333333107,80,81,0.0,1.0,0,21,3,3,0,130.4762363433838,300,1,0
INSTANCE_059,0.25,delay20,303,FR,495.7463,546.9966666666667,32.51000000000113,81,86,0.0,0.775839054157132,34,66,3,1,0,121.47808074951172,680,0,0
INSTANCE_059,0.25,delay20,303,NR,433.3547000000001,488.8649999999999,76.80333333333431,80,86,0.0,1.0,0,66,3,3,0,0.0,0,1,0
INSTANCE_059,0.25,delay20,303,RG,499.1496,552.3299999999999,30.043333333333635,83,86,0.0,0.8161899313501144,36,66,3,1,0,250.63610076904297,530,0,0
INSTANCE_059,0.25,delay20,303,SA,462.8123000000001,528.9699999999999,52.48666666666748,81,86,0.0,0.9394736842105263,20,66,3,2,0,134.016752243042,300,0,0
INSTANCE_059,0.25,delay30,303,FR,474.91800000000006,544.25,85.895000000001,80,86,0.0,0.8308733790999238,20,66,3,1,0,75.54793357849121,420,0,0
INSTANCE_059,0.25,delay30,303,NR,433.3547000000001,488.8649999999999,136.8033333333343,80,86,0.0,1.0,0,66,3,3,0,0.0,0,1,0
INSTANCE_059,0.25,delay30,303,RG,472.6149000000001,538.7016666666666,80.46666666666704,81,86,0.0,0.8306826849733028,28,66,3,1,0,226.7611026763916,510,0,0
INSTANCE_059,0.25,delay30,303,SA,462.8123000000001,528.9699999999999,102.48666666666747,81,86,0.0,0.9394736842105263,20,66,3,2,0,142.27843284606934,300,0,0
INSTANCE_059,0.25,p85,303,FR,465.27770000000015,585.6378581666668,17.5900073333338,84,86,0.0,0.8684019832189168,20,66,3,1,0,74.92685317993164,380,0,0
INSTANCE_059,0.25,p85,303,NR,433.3547000000001,542.8599256666668,39.23871433333375,82,86,0.0,1.0,0,66,3,3,0,0.0,0,1,0
INSTANCE_059,0.25,p85,303,RG,441.3707000000001,555.5324426666667,35.86277750000022,83,86,0.0,0.924561403508772,8,66,3,2,0,137.79067993164062,320,0,0
INSTANCE_059,0.25,p85,303,SA,435.80770000000007,551.3808351666668,35.86277750000022,83,86,0.0,0.9333333333333332,4,66,3,2,0,138.0324363708496,320,0,0
INSTANCE_059,0.25,p95,303,FR,441.3707000000001,604.69784,95.56898583333476,81,86,0.0,0.924561403508772,8,66,3,2,0,56.39195442199707,320,0,0
INSTANCE_059,0.25,p95,303,NR,433.3547000000001,590.5167683333333,106.74661333333496,80,86,0.0,1.0,0,66,3,3,0,0.0,0,1,0
INSTANCE_059,0.25,p95,303,RG,448.70790000000005,621.2912891666667,94.37106000000142,82,86,0.0,0.8868421052631579,16,66,3,2,0,200.39129257202148,450,0,0
INSTANCE_059,0.25,p95,303,SA,457.21870000000007,628.2869683333333,94.37197416666834,81,86,0.0,0.9526315789473684,16,66,3,2,0,199.2785930633545,400,0,0
INSTANCE_059,0.5,delay20,303,FR,438.2698,500.1616666666666,30.24166666666747,83,86,0.0,0.7660256410256411,16,44,3,1,0,82.17978477478027,550,0,0
INSTANCE_059,0.5,delay20,303,NR,433.3547000000001,488.8649999999999,44.938333333334185,82,86,0.0,1.0,0,44,3,3,0,0.0,0,1,0
INSTANCE_059,0.5,delay20,303,RG,451.3483000000001,516.24,2.191666666666947,85,86,0.0,0.7743589743589744,20,44,3,1,0,202.42047309875488,490,0,0
INSTANCE_059,0.5,delay20,303,SA,472.0315000000001,540.2216666666667,2.245000000000232,85,86,0.0,0.8910256410256411,22,44,3,1,0,125.5168914794922,300,0,0
INSTANCE_059,0.5,delay30,303,FR,432.3787,487.25,60.24166666666747,83,86,0.0,0.7905982905982906,11,44,3,1,0,57.00135231018066,360,0,0
INSTANCE_059,0.5,delay30,303,NR,433.3547000000001,488.8649999999999,84.93833333333419,82,86,0.0,1.0,0,44,3,3,0,0.0,0,1,0
INSTANCE_059,0.5,delay30,303,RG,451.3483000000001,516.24,16.073333333333835,84,86,0.0,0.7743589743589744,20,44,3,1,0,201.3647556304932,490,0,0
INSTANCE_059,0.5,delay30,303,SA,472.0315000000001,540.2216666666667,16.180000000000405,84,86,0.0,0.8910256410256411,22,44,3,1,0,124.7568130493164,300,0,0
INSTANCE_059,0.5,p85,303,FR,432.37860000000006,524.1525693333333,12.522539000000393,84,86,0.0,0.8344017094017094,9,44,3,1,0,62.5309944152832,380,0,0
INSTANCE_059,0.5,p85,303,NR,433.3547000000001,526.0193478333333,12.645835000000147,84,86,0.0,1.0,0,44,3,3,0,0.0,0,1,0
INSTANCE_059,0.5,p85,303,RG,451.3466000000001,556.8568333333333,0.0,86,86,0.0,0.8557692307692308,15,44,3,1,0,150.02131462097168,350,0,0
INSTANCE_059,0.5,p85,303,SA,451.3523,556.8683923333333,0.0,86,86,0.0,0.9583333333333334,9,44,3,2,0,127.81214714050292,300,0,0
INSTANCE_059,0.5,p95,303,FR,443.1469000000001,569.7812891666667,38.684888333334015,83,86,0.0,0.7435897435897436,15,44,3,1,0,82.66806602478027,550,0,0
INSTANCE_059,0.5,p95,303,NR,433.3547000000001,558.8124091666666,43.11450416666787,82,86,0.0,1.0,0,44,3,3,0,0.0,0,1,0
INSTANCE_059,0.5,p95,303,RG,451.3483000000001,594.2219716666667,5.048468333333403,85,86,0.0,0.7743589743589744,20,44,3,1,0,204.72955703735352,490,0,0
INSTANCE_059,0.5,p95,303,SA,451.3523,593.3337683333333,9.34011083333371,84,86,0.0,0.9583333333333334,9,44,3,2,0,126.05595588684083,300,0,0
INSTANCE_059,0.75,delay20,303,FR,433.35480000000007,488.76499999999993,30.401666666667325,83,86,0.0,0.8571428571428571,4,23,3,2,0,49.79133605957031,360,0,0
INSTANCE_059,0.75,delay20,303,NR,433.3547000000001,488.8649999999999,30.401666666667325,83,86,0.0,1.0,0,23,3,3,0,0.0,0,1,0
INSTANCE_059,0.75,delay20,303,RG,450.47170000000006,514.05,12.180000000000176,84,86,0.0,0.7916666666666666,12,23,3,1,0,133.9569091796875,360,0,0
INSTANCE_059,0.75,delay20,303,SA,450.4716000000001,514.15,12.180000000000176,84,86,0.0,0.9345238095238096,8,23,3,2,0,115.18549919128418,300,0,0
INSTANCE_059,0.75,delay30,303,FR,433.35480000000007,488.76499999999993,60.401666666667325,83,86,0.0,0.8571428571428571,4,23,3,2,0,54.999589920043945,360,0,0
INSTANCE_059,0.75,delay30,303,NR,433.3547000000001,488.8649999999999,60.401666666667325,83,86,0.0,1.0,0,23,3,3,0,0.0,0,1,0
INSTANCE_059,0.75,delay30,303,RG,450.47170000000006,514.05,36.10166666666692,83,86,0.0,0.7916666666666666,12,23,3,1,0,148.08201789855957,360,0,0
INSTANCE_059,0.75,delay30,303,SA,450.4716000000001,514.15,36.10166666666692,83,86,0.0,0.9345238095238096,8,23,3,2,0,119.76170539855956,300,0,0
INSTANCE_059,0.75,p85,303,FR,433.35480000000007,507.80714566666666,3.3072970000000623,85,86,0.0,0.8571428571428571,4,23,3,2,0,54.52513694763184,360,0,0
INSTANCE_059,0.75,p85,303,NR,433.3547000000001,507.92273566666665,3.3072970000000623,85,86,0.0,1.0,0,23,3,3,0,0.0,0,1,0
INSTANCE_059,0.75,p85,303,RG,450.47170000000006,537.0340771666667,0.0,86,86,0.0,0.7916666666666666,12,23,3,1,0,149.0609645843506,360,0,0
INSTANCE_059,0.75,p85,303,SA,433.3547000000001,507.92273566666665,3.3072970000000623,85,86,0.0,1.0,0,23,3,3,0,126.0545253753662,300,1,0
INSTANCE_059,0.75,p95,303,FR,433.35480000000007,524.6140683333333,7.6871050000002015,85,86,0.0,0.8571428571428571,4,23,3,2,0,56.3962459564209,360,0,0
INSTANCE_059,0.75,p95,303,NR,433.3547000000001,524.7434183333334,7.6871050000002015,85,86,0.0,1.0,0,23,3,3,0,0.0,0,1,0
INSTANCE_059,0.75,p95,303,RG,450.47170000000006,557.3202158333334,0.0,86,86,0.0,0.7916666666666666,12,23,3,1,0,149.1241455078125,360,0,0
INSTANCE_059,0.75,p95,303,SA,450.4716000000001,557.4495658333333,0.0,86,86,0.0,0.9345238095238096,8,23,3,2,0,125.27203559875488,300,0,0
INSTANCE_061,0.25,delay20,303,FR,443.9897,507.1333333333333,14.615000000000236,71,72,0.0,0.7963924963924963,26,55,3,1,0,74.38254356384277,460,0,0
INSTANCE_061,0.25,delay20,303,NR,417.8815,478.745,45.72500000000037,69,72,0.0,1.0,0,55,3,3,0,0.0,0,1,0
INSTANCE_061,0.25,delay20,303,RG,417.3117,478.555,33.65500000000043,70,72,0.0,0.8721500721500721,11,55,3,1,0,176.4230728149414,420,0,0
INSTANCE_061,0.25,delay20,303,SA,418.021,479.8116666666666,33.65500000000043,70,72,0.0,0.9531024531024532,7,55,3,2,0,167.20986366271973,410,0,0
INSTANCE_061,0.25,delay30,303,FR,417.8535,478.1966666666666,84.26666666666733,67,72,0.0,0.890909090909091,6,55,3,1,0,52.11758613586426,320,0,0
INSTANCE_061,0.25,delay30,303,NR,417.8815,478.745,85.58000000000061,67,72,0.0,1.0,0,55,3,3,0,0.0,0,1,0
INSTANCE_061,0.25,delay30,303,RG,417.3116,478.555,68.93000000000075,67,72,0.0,0.88008658008658,11,55,3,1,0,200.629472732544,470,0,0
INSTANCE_061,0.25,delay30,303,SA,418.0209,479.8116666666666,68.93000000000075,67,72,0.0,0.961038961038961,7,55,3,2,0,197.0322132110596,460,0,0
INSTANCE_061,0.25,p85,303,FR,417.1722,533.1178705,23.775060000000508,71,72,0.0,0.919047619047619,4,55,3,2,0,47.473907470703125,310,0,0
INSTANCE_061,0.25,p85,303,NR,417.8815,534.5704515,23.775060000000508,71,72,0.0,1.0,0,55,3,3,0,0.0,0,1,0
INSTANCE_061,0.25,p85,303,RG,417.1722,533.1178705,23.775060000000508,71,72,0.0,0.919047619047619,4,55,3,2,0,119.48704719543456,310,0,0
INSTANCE_061,0.25,p85,303,SA,417.8815,534.5704515,23.775060000000508,71,72,0.0,1.0,0,55,3,3,0,115.77486991882324,300,1,0
INSTANCE_061,0.25,p95,303,FR,417.1722,582.2174491666667,76.22918083333388,68,72,0.0,0.919047619047619,4,55,3,2,0,49.73864555358887,310,0,0
INSTANCE_061,0.25,p95,303,NR,417.8815,583.8429475,76.22918083333388,68,72,0.0,1.0,0,55,3,3,0,0.0,0,1,0
INSTANCE_061,0.25,p95,303,RG,417.1722,582.2174491666667,76.22918083333388,68,72,0.0,0.919047619047619,4,55,3,2,0,129.52041625976562,310,0,0
INSTANCE_061,0.25,p95,303,SA,417.8815,583.8429475,76.22918083333388,68,72,0.0,1.0,0,55,3,3,0,123.24023246765135,300,1,0
INSTANCE_061,0.5,delay20,303,FR,438.7187,500.785,9.4433333333335,71,72,0.0,0.8746031746031746,12,37,3,2,0,75.87456703186035,460,0,0
INSTANCE_061,0.5,delay20,303,NR,417.8815,478.745,31.521666666666988,70,72,0.0,1.0,0,37,3,3,0,0.0,0,1,0
INSTANCE_061,0.5,delay20,303,RG,440.2189,501.8033333333333,10.461666666666815,71,72,0.0,0.9031746031746032,12,37,3,2,0,216.7608737945557,500,0,0
INSTANCE_061,0.5,delay20,303,SA,416.7243,478.745,22.578333333333603,70,72,0.0,0.903968253968254,8,37,3,2,0,154.75177764892578,350,0,0
INSTANCE_061,0.5,delay30,303,FR,439.1412,500.94,27.33000000000004,69,72,0.0,0.8746031746031746,12,37,3,2,0,89.54429626464844,440,0,0
INSTANCE_061,0.5,delay30,303,NR,417.8815,478.745,61.376666666667234,68,72,0.0,1.0,0,37,3,3,0,0.0,0,1,0
INSTANCE_061,0.5,delay30,303,RG,418.606,479.18,41.02500000000066,69,72,0.0,0.9158730158730158,8,37,3,2,0,169.54779624938965,370,0,0
INSTANCE_061,0.5,delay30,303,SA,418.606,479.18,41.02500000000066,69,72,0.0,0.9158730158730158,8,37,3,2,0,155.38597106933594,370,0,0
INSTANCE_061,0.5,p85,303,FR,437.9389,550.2258296666666,9.850126500000329,71,72,0.0,0.9031746031746032,8,37,3,2,0,73.0123519897461,480,0,0
INSTANCE_061,0.5,p85,303,NR,417.8815,524.8287801666667,21.938558000000285,71,72,0.0,1.0,0,37,3,3,0,0.0,0,1,0
INSTANCE_061,0.5,p85,303,RG,437.3326,551.5628206666668,11.187117500000111,71,72,0.0,0.8611111111111112,12,37,3,2,0,177.64997482299805,440,0,0
INSTANCE_061,0.5,p85,303,SA,417.8815,524.8287801666667,21.938558000000285,71,72,0.0,1.0,0,37,3,3,0,119.53616142272948,300,1,0
INSTANCE_061,0.5,p95,303,FR,436.8024,593.7229691666666,36.80411500000059,70,72,0.0,0.8388888888888889,12,37,3,2,0,79.88333702087402,520,0,0
INSTANCE_061,0.5,p95,303,NR,417.8815,565.5031108333334,62.399460833333706,68,72,0.0,1.0,0,37,3,3,0,0.0,0,1,0
INSTANCE_061,0.5,p95,303,RG,436.8024,593.7229691666666,36.80411500000059,70,72,0.0,0.8388888888888889,12,37,3,2,0,219.9842929840088,520,0,0
INSTANCE_061,0.5,p95,303,SA,436.8024,593.7229691666666,36.80411500000059,70,72,0.0,0.8388888888888889,12,37,3,2,0,225.0843048095703,520,0,0
INSTANCE_061,0.75,delay20,303,FR,437.9282,500.7983333333333,9.45666666666682,71,72,0.0,0.7619047619047619,8,19,3,2,0,79.31399345397949,370,0,0
INSTANCE_061,0.75,delay20,303,NR,417.8815,478.745,19.86000000000024,71,72,0.0,1.0,0,19,3,3,0,0.0,0,1,0
INSTANCE_061,0.75,delay20,303,RG,438.2109,501.11,9.768333333333544,71,72,0.0,0.7678571428571429,7,19,3,2,0,221.8611240386963,460,0,0
INSTANCE_061,0.75,delay20,303,SA,417.8815,478.745,19.86000000000024,71,72,0.0,1.0,0,19,3,3,0,137.28022575378418,300,1,0
INSTANCE_061,0.75,delay30,303,FR,437.9785,500.4683333333333,21.983333333333466,70,72,0.0,0.8154761904761904,8,19,3,2,0,52.69932746887207,360,0,0
INSTANCE_061,0.75,delay30,303,NR,417.8815,478.745,36.378333333333785,70,72,0.0,1.0,0,19,3,3,0,0.0,0,1,0
INSTANCE_061,0.75,delay30,303,RG,437.7222,499.9566666666666,20.96000000000015,70,72,0.0,0.8392857142857143,8,19,3,2,0,212.73493766784665,530,0,0
INSTANCE_061,0.75,delay30,303,SA,417.8815,478.745,36.378333333333785,70,72,0.0,1.0,0,19,3,3,0,118.5472011566162,300,1,0
INSTANCE_061,0.75,p85,303,FR,439.4525,535.0570616666666,0.9960880000003272,71,72,0.0,0.7976190476190476,8,19,3,2,0,46.83375358581543,300,0,0
INSTANCE_061,0.75,p85,303,NR,417.8815,508.5387891666667,11.963296500000183,71,72,0.0,1.0,0,19,3,3,0,0.0,0,1,0
INSTANCE_061,0.75,p85,303,RG,438.2109,534.3904926666667,0.3295190000001184,71,72,0.0,0.7678571428571429,7,19,3,2,0,193.3145523071289,460,0,0
INSTANCE_061,0.75,p85,303,SA,417.8815,508.5387891666667,11.963296500000183,71,72,0.0,1.0,0,19,3,3,0,123.10433387756348,300,1,0
INSTANCE_061,0.75,p95,303,FR,437.7066,562.4256508333333,8.312229166666839,71,72,0.0,0.8154761904761904,6,19,3,2,0,66.00785255432129,430,0,0
INSTANCE_061,0.75,p95,303,NR,417.8815,534.8352958333334,22.645872500000223,71,72,0.0,1.0,0,19,3,3,0,0.0,0,1,0
INSTANCE_061,0.75,p95,303,RG,438.2109,563.7644233333333,9.651001666666843,71,72,0.0,0.7678571428571429,7,19,3,2,0,188.9481544494629,460,0,0
INSTANCE_061,0.75,p95,303,SA,417.8815,534.8352958333334,22.645872500000223,71,72,0.0,1.0,0,19,3,3,0,125.66661834716795,300,1,0
INSTANCE_062,0.25,delay20,303,FR,360.7975,401.7433333333335,1.8949999999999816,46,47,0.0,0.7083333333333333,12,36,2,1,0,81.19821548461914,480,0,0
INSTANCE_062,0.25,delay20,303,NR,303.8738000000001,350.87333333333333,15.700000000000156,45,47,0.0,1.0,0,36,2,2,0,0.0,0,1,0
INSTANCE_062,0.25,delay20,303,RG,367.8498000000001,407.125,1.8949999999999816,46,47,0.0,0.8666666666666667,14,36,2,1,0,86.77387237548828,210,0,0
INSTANCE_062,0.25,delay20,303,SA,367.8498000000001,407.125,1.8949999999999816,46,47,0.0,0.8666666666666667,14,36,2,1,0,88.09971809387207,210,0,0
INSTANCE_062,0.25,delay30,303,FR,336.4743000000001,382.4150000000001,19.25166666666655,45,47,0.0,0.8625,7,36,2,1,0,44.58332061767578,280,0,0
INSTANCE_062,0.25,delay30,303,NR,303.8738000000001,350.87333333333333,49.03666666666686,43,47,0.0,1.0,0,36,2,2,0,0.0,0,1,0
INSTANCE_062,0.25,delay30,303,RG,367.8498000000001,407.125,19.25166666666655,45,47,0.0,0.8666666666666667,14,36,2,1,0,87.7985954284668,210,0,0
INSTANCE_062,0.25,delay30,303,SA,367.8498000000001,407.125,19.25166666666655,45,47,0.0,0.8666666666666667,14,36,2,1,0,87.19134330749512,210,0,0
INSTANCE_062,0.25,p85,303,FR,304.16530000000006,395.3493435,12.46311749999984,45,47,0.0,0.9291666666666668,2,36,2,1,0,33.43605995178223,210,0,0
INSTANCE_062,0.25,p85,303,NR,303.8738000000001,395.952338,13.066111999999862,45,47,0.0,1.0,0,36,2,2,0,0.0,0,1,0
INSTANCE_062,0.25,p85,303,RG,367.8498000000001,460.9736395,4.594819499999858,46,47,0.0,0.8666666666666667,14,36,2,1,0,90.5771255493164,210,0,0
INSTANCE_062,0.25,p85,303,SA,303.8738000000001,395.952338,13.066111999999862,45,47,0.0,1.0,0,36,2,2,0,92.06628799438477,200,1,0
INSTANCE_062,0.25,p95,303,FR,342.15280000000007,477.0348241666667,28.11601916666621,45,47,0.0,0.8333333333333334,13,36,2,1,0,77.84676551818848,500,0,0
INSTANCE_062,0.25,p95,303,NR,303.8738000000001,435.7398366666667,50.855756666666366,43,47,0.0,1.0,0,36,2,2,0,0.0,0,1,0
INSTANCE_062,0.25,p95,303,RG,367.8498000000001,508.5013675,28.11601916666621,45,47,0.0,0.8666666666666667,14,36,2,1,0,90.13056755065918,210,0,0
INSTANCE_062,0.25,p95,303,SA,367.8498000000001,508.5013675,28.11601916666621,45,47,0.0,0.8666666666666667,14,36,2,1,0,89.43581581115723,210,0,0
INSTANCE_062,0.5,delay20,303,FR,311.9474000000001,356.7950000000001,5.846666666666692,45,47,0.0,0.8772727272727272,7,24,2,1,0,48.38752746582031,360,0,0
INSTANCE_062,0.5,delay20,303,NR,303.8738000000001,350.87333333333333,15.700000000000156,45,47,0.0,1.0,0,24,2,2,0,0.0,0,1,0
INSTANCE_062,0.5,delay20,303,RG,303.75840000000005,350.9383333333334,5.846666666666692,45,47,0.0,0.9409090909090908,3,24,2,1,0,75.13666152954102,200,0,0
INSTANCE_062,0.5,delay20,303,SA,303.75840000000005,350.9383333333334,5.846666666666692,45,47,0.0,0.9409090909090908,3,24,2,1,0,73.82702827453613,200,0,0
INSTANCE_062,0.5,delay30,303,FR,305.54230000000007,352.1966666666667,33.20333333333326,44,47,0.0,0.8863636363636364,5,24,2,1,0,44.08121109008789,330,0,0
INSTANCE_062,0.5,delay30,303,NR,303.8738000000001,350.87333333333333,49.03666666666686,43,47,0.0,1.0,0,24,2,2,0,0.0,0,1,0
INSTANCE_062,0.5,delay30,303,RG,303.75840000000005,350.9383333333334,33.20333333333326,44,47,0.0,0.9409090909090908,3,24,2,1,0,75.61898231506348,200,0,0
INSTANCE_062,0.5,delay30,303,SA,303.75840000000005,350.9383333333334,33.20333333333326,44,47,0.0,0.9409090909090908,3,24,2,1,0,79.83136177062988,200,0,0
INSTANCE_062,0.5,p85,303,FR,303.75840000000005,381.3266211666666,0.0,47,47,0.0,0.9409090909090908,3,24,2,1,0,36.64445877075195,240,0,0
INSTANCE_062,0.5,p85,303,NR,303.8738000000001,381.2514876666666,0.0,47,47,0.0,1.0,0,24,2,2,0,0.0,0,1,0
INSTANCE_062,0.5,p85,303,RG,303.75840000000005,381.3266211666666,0.0,47,47,0.0,0.9409090909090908,3,24,2,1,0,79.41174507141113,200,0,0
INSTANCE_062,0.5,p85,303,SA,303.8738000000001,381.2514876666666,0.0,47,47,0.0,1.0,0,24,2,2,0,81.5894603729248,200,1,0
INSTANCE_062,0.5,p95,303,FR,311.9258000000001,416.07268583333337,15.871049166666351,46,47,0.0,0.8318181818181818,5,24,2,1,0,43.87879371643066,300,0,0
INSTANCE_062,0.5,p95,303,NR,303.8738000000001,408.063765,18.37000833333309,45,47,0.0,1.0,0,24,2,2,0,0.0,0,1,0
INSTANCE_062,0.5,p95,303,RG,303.75840000000005,408.1478425,15.871049166666351,46,47,0.0,0.9409090909090908,3,24,2,1,0,77.82363891601562,200,0,0
INSTANCE_062,0.5,p95,303,SA,303.75840000000005,408.1478425,15.871049166666351,46,47,0.0,0.9409090909090908,3,24,2,1,0,78.48477363586426,200,0,0
INSTANCE_062,0.75,delay20,303,FR,303.8738000000001,350.87333333333333,1.8949999999999816,46,47,0.0,1.0,0,13,2,2,0,30.44986724853516,200,1,0
INSTANCE_062,0.75,delay20,303,NR,303.8738000000001,350.87333333333333,1.8949999999999816,46,47,0.0,1.0,0,13,2,2,0,0.0,0,1,0
INSTANCE_062,0.75,delay20,303,RG,303.8738000000001,350.87333333333333,1.8949999999999816,46,47,0.0,1.0,0,13,2,2,0,84.51604843139648,200,1,0
INSTANCE_062,0.75,delay20,303,SA,303.8738000000001,350.87333333333333,1.8949999999999816,46,47,0.0,1.0,0,13,2,2,0,83.65178108215332,200,1,0
INSTANCE_062,0.75,delay30,303,FR,303.8738000000001,350.87333333333333,11.894999999999982,46,47,0.0,1.0,0,13,2,2,0,28.91206741333008,200,1,0
INSTANCE_062,0.75,delay30,303,NR,303.8738000000001,350.87333333333333,11.894999999999982,46,47,0.0,1.0,0,13,2,2,0,0.0,0,1,0
INSTANCE_062,0.75,delay30,303,RG,339.7606,389.09833333333336,3.894999999999982,46,47,0.0,0.8690476190476191,5,13,2,1,0,76.78961753845215,200,0,0
INSTANCE_062,0.75,delay30,303,SA,303.8738000000001,350.87333333333333,11.894999999999982,46,47,0.0,1.0,0,13,2,2,0,77.54778861999512,200,1,0
INSTANCE_062,0.75,p85,303,FR,303.8738000000001,362.57596683333327,0.0,47,47,0.0,1.0,0,13,2,2,0,30.91001510620117,200,1,0
INSTANCE_062,0.75,p85,303,NR,303.8738000000001,362.57596683333327,0.0,47,47,0.0,1.0,0,13,2,2,0,0.0,0,1,0
INSTANCE_062,0.75,p85,303,RG,303.8738000000001,362.57596683333327,0.0,47,47,0.0,1.0,0,13,2,2,0,81.39538764953613,200,1,0
INSTANCE_062,0.75,p85,303,SA,303.8738000000001,362.57596683333327,0.0,47,47,0.0,1.0,0,13,2,2,0,82.1685791015625,200,1,0
INSTANCE_062,0.75,p95,303,FR,303.8738000000001,372.90491083333336,0.0,47,47,0.0,1.0,0,13,2,2,0,29.965639114379883,200,1,0
INSTANCE_062,0.75,p95,303,NR,303.8738000000001,372.90491083333336,0.0,47,47,0.0,1.0,0,13,2,2,0,0.0,0,1,0
INSTANCE_062,0.75,p95,303,RG,303.8738000000001,372.90491083333336,0.0,47,47,0.0,1.0,0,13,2,2,0,81.67505264282227,200,1,0
INSTANCE_062,0.75,p95,303,SA,303.8738000000001,372.90491083333336,0.0,47,47,0.0,1.0,0,13,2,2,0,80.55853843688965,200,1,0
INSTANCE_063,0.25,delay20,303,FR,409.7337,459.4866666666667,242.07666666666728,58,70,13.786666666666406,0.946153846153846,7,53,2,1,0,39.10207748413086,230,0,0
INSTANCE_063,0.25,delay20,303,NR,406.6219,457.5666666666667,254.2400000000025,57,70,13.786666666666406,1.0,0,53,2,2,0,0.0,0,1,0
INSTANCE_063,0.25,delay20,303,RG,409.0751,460.91,250.6166666666684,58,70,13.786666666666406,0.9669230769230768,5,53,2,1,0,93.98961067199708,210,0,0
INSTANCE_063,0.25,delay20,303,SA,409.0751,460.91,250.6166666666684,58,70,13.786666666666406,0.9669230769230768,5,53,2,1,0,93.07098388671876,210,0,0
INSTANCE_063,0.25,delay30,303,FR,409.0751,460.91,385.7466666666686,56,70,27.61000000000013,0.9669230769230768,5,53,2,1,0,36.90695762634277,210,0,0
INSTANCE_063,0.25,delay30,303,NR,406.6219,457.5666666666667,390.81333333333566,56,70,24.26666666666688,1.0,0,53,2,2,0,0.0,0,1,0
INSTANCE_063,0.25,delay30,303,RG,409.0751,460.91,385.7466666666686,56,70,27.61000000000013,0.9669230769230768,5,53,2,1,0,92.6992893218994,210,0,0
INSTANCE_063,0.25,delay30,303,SA,409.0751,460.91,385.7466666666686,56,70,27.61000000000013,0.9669230769230768,5,53,2,1,0,90.09027481079102,210,0,0
INSTANCE_063,0.25,p85,303,FR,409.7337,520.778232,263.99195116666647,57,70,27.478231999999817,0.946153846153846,7,53,2,1,0,37.21189498901367,230,0,0
INSTANCE_063,0.25,p85,303,NR,406.6219,518.558904,276.53842999999927,56,70,26.83201016666657,1.0,0,53,2,2,0,0.0,0,1,0
INSTANCE_063,0.25,p85,303,RG,406.6219,518.5589040000001,275.74856499999976,56,70,26.83201016666657,0.9692307692307692,2,53,2,1,0,109.01880264282228,260,0,0
INSTANCE_063,0.25,p85,303,SA,406.6219,518.558904,276.53842999999927,56,70,26.83201016666657,1.0,0,53,2,2,0,89.1256332397461,200,1,0
INSTANCE_063,0.25,p95,303,FR,406.6219,572.3916933333335,563.6073933333362,54,70,79.09169333333352,1.0,0,53,2,2,0,35.37869453430176,200,1,0
INSTANCE_063,0.25,p95,303,NR,406.6219,572.3916933333335,563.6073933333362,54,70,79.09169333333352,1.0,0,53,2,2,0,0.0,0,1,0
INSTANCE_063,0.25,p95,303,RG,406.6219,572.3916933333335,563.6073933333362,54,70,79.09169333333352,1.0,0,53,2,2,0,95.20268440246583,200,1,0
INSTANCE_063,0.25,p95,303,SA,406.6219,572.3916933333335,562.7235016666696,54,70,79.09169333333352,0.9692307692307692,2,53,2,1,0,129.12392616271973,260,0,0
INSTANCE_063,0.5,delay20,303,FR,406.6219,457.5666666666667,239.4166666666684,58,70,13.786666666666406,0.9512867647058824,2,35,2,1,0,41.49746894836426,260,0,0
INSTANCE_063,0.5,delay20,303,NR,406.6219,457.5666666666667,240.10000000000213,58,70,13.786666666666406,1.0,0,35,2,2,0,0.0,0,1,0
INSTANCE_063,0.5,delay20,303,RG,406.62180000000006,457.56666666666666,239.4166666666684,58,70,13.786666666666406,0.9055351307189544,4,35,2,0,0,137.76683807373047,340,0,0
INSTANCE_063,0.5,delay20,303,SA,409.8885,456.53,237.461666666669,59,70,12.749999999999773,0.8872549019607843,9,35,2,1,0,119.44127082824708,300,0,0
INSTANCE_063,0.5,delay30,303,FR,406.3325,456.91,365.97500000000144,57,70,23.61000000000024,0.8123978758169935,8,35,2,0,0,54.3980598449707,360,0,0
INSTANCE_063,0.5,delay30,303,NR,406.6219,457.5666666666667,366.67333333333534,57,70,24.26666666666688,1.0,0,35,2,2,0,0.0,0,1,0
INSTANCE_063,0.5,delay30,303,RG,408.6959000000001,460.62666666666667,352.8933333333349,59,70,27.32666666666671,0.8042279411764706,19,35,2,0,0,161.07845306396484,390,0,0
INSTANCE_063,0.5,delay30,303,SA,406.6219,457.5666666666667,366.67333333333534,57,70,24.26666666666688,1.0,0,35,2,2,0,82.62348175048828,200,1,0
INSTANCE_063,0.5,p85,303,FR,406.6219,494.7116605,151.7641355000003,63,70,14.975295499999902,0.9512867647058824,2,35,2,1,0,41.71633720397949,260,0,0
INSTANCE_063,0.5,p85,303,NR,406.6219,494.7116605,151.85579900000016,62,70,14.975295499999902,1.0,0,35,2,2,0,0.0,0,1,0
INSTANCE_063,0.5,p85,303,RG,406.62180000000006,494.7116605,151.76413550000063,63,70,14.975295499999902,0.9055351307189544,4,35,2,0,0,139.3582820892334,340,0,0
INSTANCE_063,0.5,p85,303,SA,409.8885,493.5133775,149.3686875000002,62,70,13.777012499999955,0.8872549019607843,9,35,2,1,0,127.17843055725098,300,0,0
INSTANCE_063,0.5,p95,303,FR,406.62180000000006,527.4964658333334,246.1340441666676,60,70,34.19646583333349,0.9055351307189544,4,35,2,0,0,53.75576019287109,340,0,0
INSTANCE_063,0.5,p95,303,NR,406.6219,527.4964658333334,246.5759900000014,60,70,34.19646583333349,1.0,0,35,2,2,0,0.0,0,1,0
INSTANCE_063,0.5,p95,303,RG,406.62180000000006,527.4964658333334,246.1340441666676,60,70,34.19646583333349,0.9055351307189544,4,35,2,0,0,139.97840881347656,340,0,0
INSTANCE_063,0.5,p95,303,SA,406.6219,527.4964658333334,246.5759900000014,60,70,34.19646583333349,1.0,0,35,2,2,0,82.43131637573242,200,1,0
INSTANCE_063,0.75,delay20,303,FR,408.8468,460.245,235.8116666666681,59,70,13.121666666666442,0.7777777777777778,7,18,2,0,0,44.67535018920898,300,0,0
INSTANCE_063,0.75,delay20,303,NR,406.6219,457.5666666666667,240.10000000000213,58,70,13.786666666666406,1.0,0,18,2,2,0,0.0,0,1,0
INSTANCE_063,0.75,delay20,303,RG,409.0751,460.91,236.47666666666805,59,70,13.786666666666406,0.8784722222222222,5,18,2,1,0,84.84458923339844,210,0,0
INSTANCE_063,0.75,delay20,303,SA,406.6219,457.5666666666667,240.10000000000213,58,70,13.786666666666406,1.0,0,18,2,2,0,79.33998107910156,200,1,0
INSTANCE_063,0.75,delay30,303,FR,408.8468,460.245,361.533333333335,57,70,26.94500000000016,0.7777777777777778,7,18,2,0,0,48.242807388305664,300,0,0
INSTANCE_063,0.75,delay30,303,NR,406.6219,457.5666666666667,366.67333333333534,57,70,24.26666666666688,1.0,0,18,2,2,0,0.0,0,1,0
INSTANCE_063,0.75,delay30,303,RG,409.0751,460.91,361.6066666666683,57,70,27.61000000000013,0.8784722222222222,5,18,2,1,0,92.88311004638672,210,0,0
INSTANCE_063,0.75,delay30,303,SA,406.6219,457.5666666666667,366.67333333333534,57,70,24.26666666666688,1.0,0,18,2,2,0,89.97964859008789,200,1,0
INSTANCE_063,0.75,p85,303,FR,408.8468,483.9467368333334,94.96158600000037,64,70,5.304472166666528,0.7777777777777778,7,18,2,0,0,44.74449157714844,300,0,0
INSTANCE_063,0.75,p85,303,NR,406.6219,480.85085133333337,102.55316800000026,64,70,6.073145666666505,1.0,0,18,2,2,0,0.0,0,1,0
INSTANCE_063,0.75,p85,303,RG,409.0751,484.71541033333335,95.73025950000044,64,70,6.073145666666505,0.8784722222222222,5,18,2,1,0,82.91435241699219,210,0,0
INSTANCE_063,0.75,p85,303,SA,409.0751,484.71541033333335,95.73025950000044,64,70,6.073145666666505,0.8784722222222222,5,18,2,1,0,81.52389526367188,210,0,0
INSTANCE_063,0.75,p95,303,FR,409.0751,505.7264716666666,126.2741766666677,61,70,16.917401666666365,0.8784722222222222,5,18,2,1,0,32.62162208557129,210,0,0
INSTANCE_063,0.75,p95,303,NR,406.6219,501.40187,128.29754750000006,63,70,16.917401666666365,1.0,0,18,2,2,0,0.0,0,1,0
INSTANCE_063,0.75,p95,303,RG,409.0751,505.7264716666666,126.2741766666677,61,70,16.917401666666365,0.8784722222222222,5,18,2,1,0,82.28492736816406,210,0,0
INSTANCE_063,0.75,p95,303,SA,406.6219,501.40187,128.29754750000006,63,70,16.917401666666365,1.0,0,18,2,2,0,75.34575462341309,200,1,0
INSTANCE_011,0.25,delay20,101,FR,514.892,563.9833333333333,33.80500000000018,74,78,0.0,0.7987554112554113,22,60,4,1,0,25.48003196716309,560,0,0
INSTANCE_011,0.25,delay20,101,NR,499.489,541.2383333333332,62.90666666666698,70,78,0.0,1.0,0,60,4,4,0,0.0,0,1,0
INSTANCE_011,0.25,delay20,101,RG,517.1012,561.3116666666666,56.08333333333337,72,78,0.0,0.8764069264069264,13,60,4,2,0,48.52914810180664,450,0,0
INSTANCE_011,0.25,delay20,101,SA,510.6039,550.8916666666667,57.25000000000023,71,78,0.0,0.9797619047619048,3,60,4,3,0,46.462059020996094,440,0,0
INSTANCE_011,0.25,delay20,202,FR,515.5098,561.0183333333333,50.81166666666684,74,78,0.0,0.753814935064935,25,60,4,1,0,23.535966873168945,490,0,0
INSTANCE_011,0.25,delay20,202,NR,499.489,541.2383333333332,62.90666666666698,70,78,0.0,1.0,0,60,4,4,0,0.0,0,1,0
INSTANCE_011,0.25,delay20,202,RG,530.21,580.1683333333333,49.25833333333355,74,78,0.0,0.8336038961038961,22,60,4,1,0,65.28353691101074,590,0,0
INSTANCE_011,0.25,delay20,202,SA,499.489,541.2383333333332,62.90666666666698,70,78,0.0,1.0,0,60,4,4,0,42.932987213134766,400,1,0
INSTANCE_011,0.25,delay20,303,FR,515.5098,561.0183333333332,50.81166666666684,74,78,0.0,0.8145833333333333,22,60,4,1,0,21.33750915527344,480,0,0
INSTANCE_011,0.25,delay20,303,NR,499.489,541.2383333333332,62.90666666666698,70,78,0.0,1.0,0,60,4,4,0,0.0,0,1,0
INSTANCE_011,0.25,delay20,303,RG,518.7705000000001,572.2183333333334,32.92500000000007,74,78,0.0,0.7311688311688311,30,60,4,1,0,73.50707054138184,700,0,0
INSTANCE_011,0.25,delay20,303,SA,509.9308,553.8683333333333,42.330000000000496,72,78,0.0,0.9401785714285714,10,60,4,3,0,61.89322471618652,560,0,0
INSTANCE_011,0.25,delay30,101,FR,530.7386,570.8966666666666,100.42833333333374,72,78,0.0,0.7672348484848485,23,60,4,0,0,25.739192962646484,600,0,0
INSTANCE_011,0.25,delay30,101,NR,499.489,541.2383333333332,155.246666666667,68,78,0.0,1.0,0,60,4,4,0,0.0,0,1,0
INSTANCE_011,0.25,delay30,101,RG,532.3299999999999,571.19,125.50333333333356,70,78,0.0,0.8404220779220779,15,60,4,1,0,45.99308967590332,460,0,0
INSTANCE_011,0.25,delay30,101,SA,517.1331,561.4799999999999,128.4233333333334,70,78,0.0,0.9048160173160174,11,60,4,2,0,56.54239654541016,590,0,0
INSTANCE_011,0.25,delay30,202,FR,534.1527000000001,576.325,100.42833333333374,72,78,0.0,0.7121482683982684,27,60,4,0,0,21.34084701538086,490,0,0
INSTANCE_011,0.25,delay30,202,NR,499.489,541.2383333333332,155.246666666667,68,78,0.0,1.0,0,60,4,4,0,0.0,0,1,0
INSTANCE_011,0.25,delay30,202,RG,548.9753000000001,594.855,109.82500000000071,71,78,0.0,0.7607142857142857,24,60,4,0,0,64.4233226776123,620,0,0
INSTANCE_011,0.25,delay30,202,SA,540.5794000000001,590.7283333333332,110.93000000000065,71,78,0.0,0.8266774891774892,18,60,4,1,0,53.89595031738281,510,0,0
INSTANCE_011,0.25,delay30,303,FR,530.7386,570.8966666666666,100.42833333333374,72,78,0.0,0.7785984848484848,24,60,4,0,0,22.41826057434082,500,0,0
INSTANCE_011,0.25,delay30,303,NR,499.489,541.2383333333332,155.246666666667,68,78,0.0,1.0,0,60,4,4,0,0.0,0,1,0
INSTANCE_011,0.25,delay30,303,RG,534.4605,582.5899999999999,91.75500000000102,71,78,0.0,0.6616612554112554,34,60,4,0,0,69.62394714355469,680,0,0
INSTANCE_011,0.25,delay30,303,SA,528.1814,579.4366666666666,87.64833333333331,71,78,0.0,0.8006222943722944,25,60,4,1,0,72.40438461303711,680,0,0
INSTANCE_011,0.25,p85,101,FR,499.4889,600.0105546666666,20.964643666665893,75,78,0.0,0.9753787878787878,2,60,4,3,0,24.71041679382324,480,0,0
INSTANCE_011,0.25,p85,101,NR,499.489,600.0105546666666,20.964643666665893,75,78,0.0,1.0,0,60,4,4,0,0.0,0,1,0
INSTANCE_011,0.25,p85,101,RG,499.4889,600.0105546666666,20.964643666665893,75,78,0.0,0.9753787878787878,2,60,4,3,0,53.72333526611328,480,0,0
INSTANCE_011,0.25,p85,101,SA,499.489,600.0105546666666,20.964643666665893,75,78,0.0,1.0,0,60,4,4,0,47.07837104797363,400,1,0
INSTANCE_011,0.25,p85,202,FR,499.4889,600.0105546666666,20.964643666665893,75,78,0.0,0.9753787878787878,2,60,4,3,0,22.623300552368164,440,0,0
INSTANCE_011,0.25,p85,202,NR,499.489,600.0105546666666,20.964643666665893,75,78,0.0,1.0,0,60,4,4,0,0.0,0,1,0
INSTANCE_011,0.25,p85,202,RG,499.4889,600.0105546666666,20.964643666665893,75,78,0.0,0.9753787878787878,2,60,4,3,0,47.16277122497559,440,0,0
INSTANCE_011,0.25,p85,202,SA,499.489,600.0105546666666,20.964643666665893,75,78,0.0,1.0,0,60,4,4,0,42.71221160888672,400,1,0
INSTANCE_011,0.25,p85,303,FR,500.6517,610.5812601666667,6.720708666666724,77,78,0.0,0.8563311688311689,16,60,4,2,0,33.1418514251709,630,0,0
INSTANCE_011,0.25,p85,303,NR,499.489,600.0105546666666,20.964643666665893,75,78,0.0,1.0,0,60,4,4,0,0.0,0,1,0
INSTANCE_011,0.25,p85,303,RG,501.07020000000006,612.0627386666666,6.720708666666724,77,78,0.0,0.8613906926406927,17,60,4,2,0,71.60496711730957,610,0,0
INSTANCE_011,0.25,p85,303,SA,501.6349,612.5848201666666,6.720708666666724,77,78,0.0,0.8910714285714285,18,60,4,3,0,89.34617042541504,700,0,0
INSTANCE_011,0.25,p95,101,FR,506.78330000000005,661.1604708333332,54.06413750000036,74,78,0.0,0.8596049783549784,18,60,4,2,0,25.54106712341309,550,0,0
INSTANCE_011,0.25,p95,101,NR,499.489,651.88392,74.80210833333365,73,78,0.0,1.0,0,60,4,4,0,0.0,0,1,0
INSTANCE_011,0.25,p95,101,RG,499.4889,651.88392,74.80210833333365,73,78,0.0,0.9753787878787878,2,60,4,3,0,50.33493041992188,480,0,0
INSTANCE_011,0.25,p95,101,SA,499.489,651.88392,74.80210833333365,73,78,0.0,1.0,0,60,4,4,0,41.05043411254883,400,1,0
INSTANCE_011,0.25,p95,202,FR,499.3987000000001,659.8152308333333,51.37365750000061,74,78,0.0,0.8789502164502165,15,60,4,2,0,21.737098693847656,470,0,0
INSTANCE_011,0.25,p95,202,NR,499.489,651.88392,74.80210833333365,73,78,0.0,1.0,0,60,4,4,0,0.0,0,1,0
INSTANCE_011,0.25,p95,202,RG,513.3970999999999,677.9781266666666,56.664090000000215,75,78,0.0,0.894426406926407,15,60,4,2,0,67.89588928222656,610,0,0
INSTANCE_011,0.25,p95,202,SA,513.0279,677.9651916666667,56.65115500000024,75,78,0.0,0.9339285714285714,6,60,4,3,0,54.41451072692871,500,0,0
INSTANCE_011,0.25,p95,303,FR,499.2015,659.9984766666666,51.74014916666704,74,78,0.0,0.8607954545454546,17,60,4,2,0,22.589921951293945,480,0,0
INSTANCE_011,0.25,p95,303,NR,499.489,651.88392,74.80210833333365,73,78,0.0,1.0,0,60,4,4,0,0.0,0,1,0
INSTANCE_011,0.25,p95,303,RG,501.1521,665.5454358333333,35.33991083333365,75,78,0.0,0.8533549783549783,17,60,4,2,0,61.78450584411621,570,0,0
INSTANCE_011,0.25,p95,303,SA,500.8036000000001,664.5235708333332,34.31804583333371,75,78,0.0,0.906547619047619,12,60,4,3,0,62.34073638916016,560,0,0
INSTANCE_011,0.5,delay20,101,FR,501.15060000000005,549.81,45.88833333333321,73,78,0.0,0.8344780219780219,12,40,4,2,0,21.032094955444336,490,0,0
INSTANCE_011,0.5,delay20,101,NR,499.489,541.2383333333332,57.25000000000023,71,78,0.0,1.0,0,40,4,4,0,0.0,0,1,0
INSTANCE_011,0.5,delay20,101,RG,509.4478,554.4799999999999,33.4816666666668,74,78,0.0,0.8276098901098901,13,40,4,2,0,57.04188346862793,550,0,0
INSTANCE_011,0.5,delay20,101,SA,508.93950000000007,552.5366666666666,35.34166666666704,73,78,0.0,0.918956043956044,6,40,4,3,0,68.51744651794434,630,0,0
INSTANCE_011,0.5,delay20,202,FR,500.0607,548.1333333333332,42.53499999999974,73,78,0.0,0.8028846153846154,14,40,4,2,0,18.607139587402344,440,0,0
INSTANCE_011,0.5,delay20,202,NR,499.489,541.2383333333332,57.25000000000023,71,78,0.0,1.0,0,40,4,4,0,0.0,0,1,0
INSTANCE_011,0.5,delay20,202,RG,501.5199,543.875,56.08333333333337,72,78,0.0,0.9553571428571428,3,40,4,3,0,41.75162315368652,430,0,0
INSTANCE_011,0.5,delay20,202,SA,499.489,541.2383333333332,57.25000000000023,71,78,0.0,1.0,0,40,4,4,0,40.014028549194336,400,1,0
INSTANCE_011,0.5,delay20,303,FR,501.15060000000005,549.81,45.88833333333321,73,78,0.0,0.8344780219780219,12,40,4,2,0,17.940521240234375,430,0,0
INSTANCE_011,0.5,delay20,303,NR,499.489,541.2383333333332,57.25000000000023,71,78,0.0,1.0,0,40,4,4,0,0.0,0,1,0
INSTANCE_011,0.5,delay20,303,RG,506.11480000000006,548.6516666666665,43.5716666666666,73,78,0.0,0.8097527472527473,15,40,4,2,0,54.50749397277832,520,0,0
INSTANCE_011,0.5,delay20,303,SA,504.0839,546.0149999999999,44.73833333333346,72,78,0.0,0.864010989010989,12,40,4,3,0,62.79468536376953,580,0,0
INSTANCE_011,0.5,delay30,101,FR,519.3447000000001,561.0466666666666,94.98333333333346,73,78,0.0,0.766826923076923,15,40,4,1,0,17.9140567779541,440,0,0
INSTANCE_011,0.5,delay30,101,NR,499.489,541.2383333333332,134.73500000000013,70,78,0.0,1.0,0,40,4,4,0,0.0,0,1,0
INSTANCE_011,0.5,delay30,101,RG,509.4478,554.4799999999999,85.26666666666654,72,78,0.0,0.8276098901098901,13,40,4,2,0,68.5577392578125,690,0,0
INSTANCE_011,0.5,delay30,101,SA,502.6003,552.6899999999999,84.91333333333307,72,78,0.0,0.8179945054945055,13,40,4,2,0,74.79119300842285,670,0,0
INSTANCE_011,0.5,delay30,202,FR,519.3447000000001,561.0466666666666,94.98333333333346,73,78,0.0,0.7489697802197802,14,40,4,1,0,18.88656616210937,450,0,0
INSTANCE_011,0.5,delay30,202,NR,499.489,541.2383333333332,134.73500000000013,70,78,0.0,1.0,0,40,4,4,0,0.0,0,1,0
INSTANCE_011,0.5,delay30,202,RG,501.5199,543.875,123.56833333333329,71,78,0.0,0.9553571428571428,3,40,4,3,0,45.22824287414551,430,0,0
INSTANCE_011,0.5,delay30,202,SA,501.5199,543.875,123.56833333333329,71,78,0.0,0.9553571428571428,3,40,4,3,0,48.97880554199219,430,0,0
INSTANCE_011,0.5,delay30,303,FR,519.3448000000001,561.0466666666666,94.98333333333346,73,78,0.0,0.7087912087912087,17,40,4,1,0,18.55015754699707,450,0,0
INSTANCE_011,0.5,delay30,303,NR,499.489,541.2383333333332,134.73500000000013,70,78,0.0,1.0,0,40,4,4,0,0.0,0,1,0
INSTANCE_011,0.5,delay30,303,RG,514.4561,562.1433333333332,99.5383333333334,72,78,0.0,0.8784340659340659,11,40,4,2,0,78.16529273986816,720,0,0
INSTANCE_011,0.5,delay30,303,SA,501.5199,543.875,123.56833333333329,71,78,0.0,0.9553571428571428,3,40,4,3,0,40.6489372253418,420,0,0
INSTANCE_011,0.5,p85,101,FR,507.41690000000006,597.9728441666666,0.158617833333551,77,78,0.0,0.8530219780219781,10,40,4,3,0,23.34213256835937,520,0,0
INSTANCE_011,0.5,p85,101,NR,499.489,585.7145246666666,12.81341216666624,75,78,0.0,1.0,0,40,4,4,0,0.0,0,1,0
INSTANCE_011,0.5,p85,101,RG,507.41690000000006,597.9728441666666,0.158617833333551,77,78,0.0,0.8722527472527473,10,40,4,3,0,55.13191223144531,520,0,0
INSTANCE_011,0.5,p85,101,SA,508.93950000000007,598.7742681666666,0.158617833333551,77,78,0.0,0.8997252747252747,6,40,4,3,0,57.41572380065918,540,0,0
INSTANCE_011,0.5,p85,202,FR,499.489,585.7145246666666,12.81341216666624,75,78,0.0,1.0,0,40,4,4,0,17.430782318115234,400,1,0
INSTANCE_011,0.5,p85,202,NR,499.489,585.7145246666666,12.81341216666624,75,78,0.0,1.0,0,40,4,4,0,0.0,0,1,0
INSTANCE_011,0.5,p85,202,RG,499.489,585.7145246666666,12.81341216666624,75,78,0.0,1.0,0,40,4,4,0,39.734601974487305,400,1,0
INSTANCE_011,0.5,p85,202,SA,499.489,585.7145246666666,12.81341216666624,75,78,0.0,1.0,0,40,4,4,0,40.05622863769531,400,1,0
INSTANCE_011,0.5,p85,303,FR,499.489,585.7145246666666,12.81341216666624,75,78,0.0,1.0,0,40,4,4,0,17.43936538696289,400,1,0
INSTANCE_011,0.5,p85,303,NR,499.489,585.7145246666666,12.81341216666624,75,78,0.0,1.0,0,40,4,4,0,0.0,0,1,0
INSTANCE_011,0.5,p85,303,RG,504.0839,591.2358736666666,3.230773499999941,76,78,0.0,0.8543956043956045,12,40,4,3,0,52.860260009765625,500,0,0
INSTANCE_011,0.5,p85,303,SA,504.0839,591.2358736666666,3.230773499999941,76,78,0.0,0.864010989010989,12,40,4,3,0,64.02254104614258,580,0,0
INSTANCE_011,0.5,p95,101,FR,499.1197,632.7266583333334,25.965073333333635,75,78,0.0,0.8585164835164836,11,40,4,3,0,19.2415714263916,440,0,0
INSTANCE_011,0.5,p95,101,NR,499.489,624.9699700000001,48.246897500000046,74,78,0.0,1.0,0,40,4,4,0,0.0,0,1,0
INSTANCE_011,0.5,p95,101,RG,507.41690000000006,638.6875375,11.832495000000335,76,78,0.0,0.8722527472527473,10,40,4,3,0,54.87775802612305,520,0,0
INSTANCE_011,0.5,p95,101,SA,508.93950000000007,639.5843641666668,12.729321666667031,76,78,0.0,0.918956043956044,6,40,4,3,0,70.40834426879883,630,0,0
INSTANCE_011,0.5,p95,202,FR,498.0298,630.4781241666667,21.46800500000029,75,78,0.0,0.8653846153846154,12,40,4,3,0,17.583847045898438,410,0,0
INSTANCE_011,0.5,p95,202,NR,499.489,624.9699700000001,48.246897500000046,74,78,0.0,1.0,0,40,4,4,0,0.0,0,1,0
INSTANCE_011,0.5,p95,202,RG,499.489,624.9699700000001,48.246897500000046,74,78,0.0,1.0,0,40,4,4,0,45.2120304107666,400,1,0
INSTANCE_011,0.5,p95,202,SA,499.489,624.9699700000001,48.246897500000046,74,78,0.0,1.0,0,40,4,4,0,39.72816467285156,400,1,0
INSTANCE_011,0.5,p95,303,FR,499.1197,632.6468925,25.805541666666954,75,78,0.0,0.8791208791208791,9,40,4,3,0,17.50016212463379,410,0,0
INSTANCE_011,0.5,p95,303,NR,499.489,624.9699700000001,48.246897500000046,74,78,0.0,1.0,0,40,4,4,0,0.0,0,1,0
INSTANCE_011,0.5,p95,303,RG,507.5918,639.4313,12.576257500000224,76,78,0.0,0.8626373626373627,10,40,4,3,0,48.54106903076172,470,0,0
INSTANCE_011,0.5,p95,303,SA,504.0839,631.1485883333334,22.808933333333584,75,78,0.0,0.864010989010989,12,40,4,3,0,64.02444839477539,580,0,0
INSTANCE_011,0.75,delay20,101,FR,512.4476999999999,559.51,35.085000000000264,75,78,0.0,0.8720238095238095,4,20,4,3,0,16.109943389892578,410,0,0
INSTANCE_011,0.75,delay20,101,NR,499.489,541.2383333333332,43.12333333333345,73,78,0.0,1.0,0,20,4,4,0,0.0,0,1,0
INSTANCE_011,0.75,delay20,101,RG,512.4476999999999,559.51,35.085000000000264,75,78,0.0,0.8720238095238095,4,20,4,3,0,41.40424728393555,410,0,0
INSTANCE_011,0.75,delay20,101,SA,499.489,541.2383333333332,43.12333333333345,73,78,0.0,1.0,0,20,4,4,0,39.56270217895508,400,1,0
INSTANCE_011,0.75,delay20,202,FR,512.4476999999999,559.51,35.085000000000264,75,78,0.0,0.8452380952380952,6,20,4,3,0,18.51224899291992,460,0,0
INSTANCE_011,0.75,delay20,202,NR,499.489,541.2383333333332,43.12333333333345,73,78,0.0,1.0,0,20,4,4,0,0.0,0,1,0
INSTANCE_011,0.75,delay20,202,RG,512.4476999999999,559.51,35.085000000000264,75,78,0.0,0.8720238095238095,4,20,4,3,0,45.76516151428223,460,0,0
INSTANCE_011,0.75,delay20,202,SA,499.489,541.2383333333332,43.12333333333345,73,78,0.0,1.0,0,20,4,4,0,38.33365440368652,400,1,0
INSTANCE_011,0.75,delay20,303,FR,512.4476999999999,559.51,35.085000000000264,75,78,0.0,0.8928571428571428,4,20,4,3,0,16.537904739379883,420,0,0
INSTANCE_011,0.75,delay20,303,NR,499.489,541.2383333333332,43.12333333333345,73,78,0.0,1.0,0,20,4,4,0,0.0,0,1,0
INSTANCE_011,0.75,delay20,303,RG,512.4476999999999,559.51,35.085000000000264,75,78,0.0,0.8928571428571428,4,20,4,3,0,40.73047637939453,420,0,0
INSTANCE_011,0.75,delay20,303,SA,499.489,541.2383333333332,43.12333333333345,73,78,0.0,1.0,0,20,4,4,0,37.79840469360352,400,1,0
INSTANCE_011,0.75,delay30,101,FR,527.654,569.4933333333333,66.39000000000044,74,78,0.0,0.7738095238095238,6,20,4,2,0,22.43947982788086,530,0,0
INSTANCE_011,0.75,delay30,101,NR,499.489,541.2383333333332,93.12333333333343,73,78,0.0,1.0,0,20,4,4,0,0.0,0,1,0
INSTANCE_011,0.75,delay30,101,RG,512.4476999999999,559.51,69.74333333333357,74,78,0.0,0.8720238095238095,4,20,4,3,0,46.50402069091797,410,0,0
INSTANCE_011,0.75,delay30,101,SA,512.4252,559.615,69.31000000000006,74,78,0.0,0.8928571428571428,6,20,4,3,0,57.94572830200195,490,0,0
INSTANCE_011,0.75,delay30,202,FR,527.654,569.4933333333333,66.39000000000044,74,78,0.0,0.7738095238095238,6,20,4,2,0,20.193099975585938,500,0,0
INSTANCE_011,0.75,delay30,202,NR,499.489,541.2383333333332,93.12333333333343,73,78,0.0,1.0,0,20,4,4,0,0.0,0,1,0
INSTANCE_011,0.75,delay30,202,RG,512.4252,559.615,69.63333333333333,74,78,0.0,0.8511904761904762,5,20,4,3,0,50.968170166015625,500,0,0
INSTANCE_011,0.75,delay30,202,SA,512.4252,559.615,69.31000000000029,74,78,0.0,0.9196428571428572,4,20,4,3,0,63.26627731323242,540,0,0
INSTANCE_011,0.75,delay30,303,FR,527.654,569.4933333333333,66.39000000000044,74,78,0.0,0.7738095238095238,6,20,4,2,0,22.565364837646484,540,0,0
INSTANCE_011,0.75,delay30,303,NR,499.489,541.2383333333332,93.12333333333343,73,78,0.0,1.0,0,20,4,4,0,0.0,0,1,0
INSTANCE_011,0.75,delay30,303,RG,512.4252,559.615,69.31000000000006,74,78,0.0,0.8928571428571428,6,20,4,3,0,47.81031608581543,450,0,0
INSTANCE_011,0.75,delay30,303,SA,512.4476999999999,559.51,69.74333333333357,74,78,0.0,0.8928571428571428,4,20,4,3,0,44.158935546875,420,0,0
INSTANCE_011,0.75,p85,101,FR,499.489,571.0781129999999,1.4741463333332376,77,78,0.0,1.0,0,20,4,4,0,16.157150268554688,400,1,0
INSTANCE_011,0.75,p85,101,NR,499.489,571.0781129999999,1.4741463333332376,77,78,0.0,1.0,0,20,4,4,0,0.0,0,1,0
INSTANCE_011,0.75,p85,101,RG,499.489,571.0781129999999,1.4741463333332376,77,78,0.0,1.0,0,20,4,4,0,38.30933570861816,400,1,0
INSTANCE_011,0.75,p85,101,SA,499.489,571.0781129999999,1.4741463333332376,77,78,0.0,1.0,0,20,4,4,0,38.84625434875488,400,1,0
INSTANCE_011,0.75,p85,202,FR,499.489,571.0781129999999,1.4741463333332376,77,78,0.0,1.0,0,20,4,4,0,15.785455703735352,400,1,0
INSTANCE_011,0.75,p85,202,NR,499.489,571.0781129999999,1.4741463333332376,77,78,0.0,1.0,0,20,4,4,0,0.0,0,1,0
INSTANCE_011,0.75,p85,202,RG,499.489,571.0781129999999,1.4741463333332376,77,78,0.0,1.0,0,20,4,4,0,38.88964653015137,400,1,0
INSTANCE_011,0.75,p85,202,SA,499.489,571.0781129999999,1.4741463333332376,77,78,0.0,1.0,0,20,4,4,0,40.14444351196289,400,1,0
INSTANCE_011,0.75,p85,303,FR,499.489,571.0781129999999,1.4741463333332376,77,78,0.0,1.0,0,20,4,4,0,15.950202941894531,400,1,0
INSTANCE_011,0.75,p85,303,NR,499.489,571.0781129999999,1.4741463333332376,77,78,0.0,1.0,0,20,4,4,0,0.0,0,1,0
INSTANCE_011,0.75,p85,303,RG,499.489,571.0781129999999,1.4741463333332376,77,78,0.0,1.0,0,20,4,4,0,39.665937423706055,400,1,0
INSTANCE_011,0.75,p85,303,SA,499.489,571.0781129999999,1.4741463333332376,77,78,0.0,1.0,0,20,4,4,0,39.02888298034668,400,1,0
INSTANCE_011,0.75,p95,101,FR,499.489,597.4152116666667,7.787640833333398,76,78,0.0,1.0,0,20,4,4,0,15.808343887329102,400,1,0
INSTANCE_011,0.75,p95,101,NR,499.489,597.4152116666667,7.787640833333398,76,78,0.0,1.0,0,20,4,4,0,0.0,0,1,0
INSTANCE_011,0.75,p95,101,RG,499.489,597.4152116666667,7.787640833333398,76,78,0.0,1.0,0,20,4,4,0,37.89663314819336,400,1,0
INSTANCE_011,0.75,p95,101,SA,499.489,597.4152116666667,7.787640833333398,76,78,0.0,1.0,0,20,4,4,0,37.88542747497559,400,1,0
INSTANCE_011,0.75,p95,202,FR,499.489,597.4152116666667,7.787640833333398,76,78,0.0,1.0,0,20,4,4,0,17.048120498657227,400,1,0
INSTANCE_011,0.75,p95,202,NR,499.489,597.4152116666667,7.787640833333398,76,78,0.0,1.0,0,20,4,4,0,0.0,0,1,0
INSTANCE_011,0.75,p95,202,RG,499.489,597.4152116666667,7.787640833333398,76,78,0.0,1.0,0,20,4,4,0,38.79737854003906,400,1,0
INSTANCE_011,0.75,p95,202,SA,499.489,597.4152116666667,7.787640833333398,76,78,0.0,1.0,0,20,4,4,0,38.01631927490234,400,1,0
INSTANCE_011,0.75,p95,303,FR,499.489,597.4152116666667,7.787640833333398,76,78,0.0,1.0,0,20,4,4,0,15.695810317993164,400,1,0
INSTANCE_011,0.75,p95,303,NR,499.489,597.4152116666667,7.787640833333398,76,78,0.0,1.0,0,20,4,4,0,0.0,0,1,0
INSTANCE_011,0.75,p95,303,RG,499.489,597.4152116666667,7.787640833333398,76,78,0.0,1.0,0,20,4,4,0,38.50102424621582,400,1,0
INSTANCE_011,0.75,p95,303,SA,499.489,597.4152116666667,7.787640833333398,76,78,0.0,1.0,0,20,4,4,0,38.8634204864502,400,1,0
INSTANCE_016,0.25,delay20,101,FR,609.7914,730.0,42.48666666666668,80,84,0.0,0.7623805932629462,19,65,4,1,0,34.491539001464844,680,0,0
INSTANCE_016,0.25,delay20,101,NR,594.174,710.4,73.73666666666668,78,84,0.0,1.0,0,65,4,4,0,0.0,0,1,0
INSTANCE_016,0.25,delay20,101,RG,620.3541,741.26,32.858333333333235,80,84,0.0,0.7797307063851182,33,65,4,0,0,77.94928550720215,700,0,0
INSTANCE_016,0.25,delay20,101,SA,652.8119999999999,770.5483333333333,39.758333333333326,79,84,0.0,0.8410052161890397,32,65,4,0,0,53.9700984954834,490,0,0
INSTANCE_016,0.25,delay20,202,FR,583.0622999999999,705.2683333333333,65.99499999999989,78,84,0.0,0.8832327802916038,8,65,4,2,0,29.347658157348636,430,0,0
INSTANCE_016,0.25,delay20,202,NR,594.174,710.4,73.73666666666668,78,84,0.0,1.0,0,65,4,4,0,0.0,0,1,0
INSTANCE_016,0.25,delay20,202,RG,657.8825,772.9449999999999,36.4549999999997,81,84,0.0,0.7989300527903469,34,65,4,0,0,72.62802124023438,620,0,0
INSTANCE_016,0.25,delay20,202,SA,638.4858999999999,754.4649999999999,39.91999999999996,80,84,0.0,0.8456715057817998,23,65,4,1,0,75.36005973815918,680,0,0
INSTANCE_016,0.25,delay20,303,FR,595.855,717.265,43.850000000000136,79,84,0.0,0.8348573403720463,22,65,4,1,0,31.6774845123291,610,0,0
INSTANCE_016,0.25,delay20,303,NR,594.174,710.4,73.73666666666668,78,84,0.0,1.0,0,65,4,4,0,0.0,0,1,0
INSTANCE_016,0.25,delay20,303,RG,652.3481999999999,767.1049999999999,36.315000000000055,79,84,0.0,0.7743479763700352,33,65,4,0,0,71.95329666137695,580,0,0
INSTANCE_016,0.25,delay20,303,SA,658.1592,771.6866666666666,37.18499999999983,80,84,0.0,0.8358675842131724,35,65,4,0,0,79.9417495727539,650,0,0
INSTANCE_016,0.25,delay30,101,FR,603.7572,728.6966666666667,103.70500000000015,75,84,0.0,0.7811714429361488,22,65,4,1,1,37.3997688293457,660,0,1
INSTANCE_016,0.25,delay30,101,NR,594.174,710.4,145.0200000000001,75,84,0.0,1.0,0,65,4,4,0,0.0,0,1,0
INSTANCE_016,0.25,delay30,101,RG,623.9145,744.3816666666667,83.12500000000011,75,84,0.0,0.7226951357466063,33,65,4,0,0,93.18947792053224,780,0,0
INSTANCE_016,0.25,delay30,101,SA,621.1242,739.2683333333333,78.25999999999988,77,84,0.0,0.8260008169934641,32,65,4,1,0,90.29722213745116,650,0,0
INSTANCE_016,0.25,delay30,202,FR,614.8953,730.1783333333333,94.73000000000002,76,84,0.0,0.6954892533936652,29,65,4,1,1,37.450313568115234,730,0,1
INSTANCE_016,0.25,delay30,202,NR,594.174,710.4,145.0200000000001,75,84,0.0,1.0,0,65,4,4,0,0.0,0,1,0
INSTANCE_016,0.25,delay30,202,RG,661.4085,779.8616666666667,77.41999999999973,76,84,0.0,0.7413320135746606,35,65,4,0,0,92.96655654907228,840,0,0
INSTANCE_016,0.25,delay30,202,SA,656.0515,766.9183333333333,87.26000000000022,78,84,0.0,0.8496936274509804,28,65,4,2,0,60.88447570800782,520,0,0
INSTANCE_016,0.25,delay30,303,FR,617.346,734.285,94.83000000000015,75,84,0.0,0.7480627828054298,37,65,4,0,1,34.6066951751709,650,0,1
INSTANCE_016,0.25,delay30,303,NR,594.174,710.4,145.0200000000001,75,84,0.0,1.0,0,65,4,4,0,0.0,0,1,0
INSTANCE_016,0.25,delay30,303,RG,647.0521,761.5066666666665,71.23166666666657,76,84,0.0,0.7868479763700352,30,65,4,0,0,125.31232833862305,940,0,0
INSTANCE_016,0.25,delay30,303,SA,646.9815,763.1166666666666,94.59666666666658,77,84,0.0,0.8530244469582705,33,65,4,0,0,61.367034912109375,520,0,0
INSTANCE_016,0.25,p85,101,FR,587.3509999999999,787.2764736666666,37.24017649999996,80,84,0.0,0.9551282051282052,2,65,4,3,0,25.635719299316406,430,0,0
INSTANCE_016,0.25,p85,101,NR,594.174,789.8502776666667,39.85471150000001,79,84,0.0,1.0,0,65,4,4,0,0.0,0,1,0
INSTANCE_016,0.25,p85,101,RG,604.0846999999999,807.7956251666666,21.35788849999983,81,84,0.0,0.7895346279537456,32,65,4,1,0,87.97979354858398,630,0,0
INSTANCE_016,0.25,p85,101,SA,604.9853999999999,801.6115601666667,29.24017649999996,80,84,0.0,0.9337339743589744,18,65,4,2,0,61.667442321777344,450,0,0
INSTANCE_016,0.25,p85,202,FR,595.4840999999999,796.0439751666665,29.35788849999983,81,84,0.0,0.8432001005530417,14,65,4,2,0,25.01535415649414,510,0,0
INSTANCE_016,0.25,p85,202,NR,594.174,789.8502776666667,39.85471150000001,79,84,0.0,1.0,0,65,4,4,0,0.0,0,1,0
INSTANCE_016,0.25,p85,202,RG,617.5114,814.5634196666666,21.35788849999983,81,84,0.0,0.8920673076923077,22,65,4,1,0,50.289154052734375,460,0,0
INSTANCE_016,0.25,p85,202,SA,617.5114,814.5634196666666,21.35788849999983,81,84,0.0,0.8920673076923077,22,65,4,1,0,49.55029487609863,460,0,0
INSTANCE_016,0.25,p85,303,FR,611.9565,803.6594296666666,18.04721149999989,80,84,0.0,0.7335910005027653,31,65,4,1,0,33.74814987182617,660,0,0
INSTANCE_016,0.25,p85,303,NR,594.174,789.8502776666667,39.85471150000001,79,84,0.0,1.0,0,65,4,4,0,0.0,0,1,0
INSTANCE_016,0.25,p85,303,RG,601.6425999999999,801.6250456666667,29.139998500000047,80,84,0.0,0.8906061463046757,18,65,4,1,0,47.22452163696289,420,0,0
INSTANCE_016,0.25,p85,303,SA,601.6573,801.7252236666666,29.24017649999996,80,84,0.0,0.9249198717948718,16,65,4,2,0,45.23491859436035,410,0,0
INSTANCE_016,0.25,p95,101,FR,621.7889,897.7899208333333,75.2612808333331,78,84,0.0,0.6583569004524887,30,65,4,0,0,44.06118392944336,840,0,0
INSTANCE_016,0.25,p95,101,NR,594.174,859.9744483333335,120.12286083333343,76,84,0.0,1.0,0,65,4,4,0,0.0,0,1,0
INSTANCE_016,0.25,p95,101,RG,654.3829999999999,935.4825108333334,64.13069583333333,80,84,0.0,0.7473777652086475,33,65,4,0,0,118.90316009521484,890,0,0
INSTANCE_016,0.25,p95,101,SA,616.5819999999999,896.0113583333334,83.19382750000011,79,84,0.0,0.7517801030668678,35,65,4,0,0,80.2159309387207,670,0,0
INSTANCE_016,0.25,p95,202,FR,615.3896,884.8506091666666,81.96511000000044,76,84,0.0,0.7592147435897436,21,65,4,1,0,28.606653213500977,560,0,0
INSTANCE_016,0.25,p95,202,NR,594.174,859.9744483333335,120.12286083333343,76,84,0.0,1.0,0,65,4,4,0,0.0,0,1,0
INSTANCE_016,0.25,p95,202,RG,613.4699999999999,887.1530391666666,83.98851750000051,77,84,0.0,0.8712339743589743,21,65,4,1,0,64.02945518493652,560,0,0
INSTANCE_016,0.25,p95,202,SA,613.4699999999999,887.1530391666666,83.98851750000051,77,84,0.0,0.8712339743589743,21,65,4,1,0,63.939809799194336,560,0,0
INSTANCE_016,0.25,p95,303,FR,607.3224,876.7360525,96.01614416666678,76,84,0.0,0.7791085344394167,22,65,4,0,0,33.228397369384766,640,0,0
INSTANCE_016,0.25,p95,303,NR,594.174,859.9744483333335,120.12286083333343,76,84,0.0,1.0,0,65,4,4,0,0.0,0,1,0
INSTANCE_016,0.25,p95,303,RG,603.8161,876.2811716666668,95.2822408333334,77,84,0.0,0.8677303293112116,20,65,4,0,0,73.42219352722168,520,0,0
INSTANCE_016,0.25,p95,303,SA,603.8308,876.393275,95.61855083333352,77,84,0.0,0.9020440548014076,18,65,4,1,0,66.64609909057617,510,0,0
INSTANCE_016,0.5,delay20,101,FR,609.8112,731.73,48.34833333333301,78,84,0.0,0.5129734848484848,29,44,4,0,0,28.331518173217773,610,0,0
INSTANCE_016,0.5,delay20,101,NR,594.174,710.4,73.73666666666668,78,84,0.0,1.0,0,44,4,4,0,0.0,0,1,0
INSTANCE_016,0.5,delay20,101,RG,596.395,715.3366666666666,50.71833333333325,79,84,0.0,0.6637310606060606,19,44,4,0,0,76.99179649353027,660,0,0
INSTANCE_016,0.5,delay20,101,SA,585.2357999999999,707.5966666666666,60.32333333333327,78,84,0.0,0.8529040404040404,9,44,4,1,0,58.41946601867676,520,0,0
INSTANCE_016,0.5,delay20,202,FR,603.4896,720.43,49.19166666666649,80,84,0.0,0.6271464646464646,21,44,4,0,0,21.21281623840332,420,0,0
INSTANCE_016,0.5,delay20,202,NR,594.174,710.4,73.73666666666668,78,84,0.0,1.0,0,44,4,4,0,0.0,0,1,0
INSTANCE_016,0.5,delay20,202,RG,604.8202,722.5316666666666,46.81499999999983,80,84,0.0,0.6281249999999999,23,44,4,0,0,76.3404369354248,660,0,0
INSTANCE_016,0.5,delay20,202,SA,596.8215,716.615,51.23999999999978,79,84,0.0,0.8036616161616161,17,44,4,1,0,62.522172927856445,570,0,0
INSTANCE_016,0.5,delay20,303,FR,598.0883,714.4816666666666,49.10666666666634,79,84,0.0,0.6232007575757575,22,44,4,0,0,32.24635124206543,660,0,0
INSTANCE_016,0.5,delay20,303,NR,594.174,710.4,73.73666666666668,78,84,0.0,1.0,0,44,4,4,0,0.0,0,1,0
INSTANCE_016,0.5,delay20,303,RG,608.9394,727.28,50.94999999999982,80,84,0.0,0.7316919191919191,14,44,4,1,0,66.49613380432129,600,0,0
INSTANCE_016,0.5,delay20,303,SA,608.9275,729.2366666666666,50.94999999999982,80,84,0.0,0.7695707070707071,17,44,4,1,0,68.27092170715332,630,0,0
INSTANCE_016,0.5,delay30,101,FR,601.8832,722.8499999999999,103.12999999999964,75,84,0.0,0.6099431818181817,21,44,4,0,0,20.92432975769043,460,0,0
INSTANCE_016,0.5,delay30,101,NR,594.174,710.4,145.0200000000001,75,84,0.0,1.0,0,44,4,4,0,0.0,0,1,0
INSTANCE_016,0.5,delay30,101,RG,595.7968999999999,716.7783333333333,123.11333333333287,74,84,0.0,0.7330492424242424,15,44,4,0,0,57.64961242675781,540,0,0
INSTANCE_016,0.5,delay30,101,SA,605.6065,723.4883333333333,107.39999999999986,75,84,0.0,0.7723484848484848,18,44,4,1,0,72.98922538757324,670,0,0
INSTANCE_016,0.5,delay30,202,FR,602.7763,719.9633333333333,97.35666666666634,75,84,0.0,0.6080492424242424,22,44,4,0,0,21.157264709472656,460,0,0
INSTANCE_016,0.5,delay30,202,NR,594.174,710.4,145.0200000000001,75,84,0.0,1.0,0,44,4,4,0,0.0,0,1,0
INSTANCE_016,0.5,delay30,202,RG,607.3742,723.145,103.13999999999965,74,84,0.0,0.6319128787878787,22,44,4,0,0,61.22016906738281,570,0,0
INSTANCE_016,0.5,delay30,202,SA,607.4805,720.7466666666667,101.8599999999999,75,84,0.0,0.7545454545454545,20,44,4,1,0,84.76638793945312,760,0,0
INSTANCE_016,0.5,delay30,303,FR,602.0253,723.0133333333332,103.45666666666648,75,84,0.0,0.6517676767676768,21,44,4,0,0,22.69577980041504,480,0,0
INSTANCE_016,0.5,delay30,303,NR,594.174,710.4,145.0200000000001,75,84,0.0,1.0,0,44,4,4,0,0.0,0,1,0
INSTANCE_016,0.5,delay30,303,RG,608.9394,727.28,111.40999999999974,74,84,0.0,0.7676767676767677,15,44,4,1,0,67.08264350891113,600,0,0
INSTANCE_016,0.5,delay30,303,SA,615.7898,729.67,114.45166666666648,75,84,0.0,0.821969696969697,13,44,4,2,0,57.30009078979492,510,0,0
INSTANCE_016,0.5,p85,101,FR,606.0845999999999,789.3058531666667,5.639489833333187,82,84,0.0,0.6646464646464647,24,44,4,0,0,26.76177024841309,550,0,0
INSTANCE_016,0.5,p85,101,NR,594.174,772.2351366666667,18.27937266666686,80,84,0.0,1.0,0,44,4,4,0,0.0,0,1,0
INSTANCE_016,0.5,p85,101,RG,584.2771,765.7197136666666,7.315366833333314,82,84,0.0,0.656155303030303,19,44,4,0,0,85.41584014892578,740,0,0
INSTANCE_016,0.5,p85,101,SA,592.0588,771.5685676666666,11.698473666666814,80,84,0.0,0.9223484848484848,7,44,4,2,0,53.46560478210449,460,0,0
INSTANCE_016,0.5,p85,202,FR,589.4250999999999,770.5860526666665,11.759777333333318,82,84,0.0,0.6724431818181817,18,44,4,1,0,20.44510841369629,440,0,0
INSTANCE_016,0.5,p85,202,NR,594.174,772.2351366666667,18.27937266666686,80,84,0.0,1.0,0,44,4,4,0,0.0,0,1,0
INSTANCE_016,0.5,p85,202,RG,584.0785999999999,764.7333456666665,6.434956333333162,82,84,0.0,0.6963068181818182,22,44,4,0,0,71.99549674987793,590,0,0
INSTANCE_016,0.5,p85,202,SA,595.9036,771.3104166666667,6.78010699999993,81,84,0.0,0.8511363636363636,14,44,4,1,0,58.289527893066406,530,0,0
INSTANCE_016,0.5,p85,303,FR,590.736,769.4629031666666,10.519136333333336,82,84,0.0,0.6441919191919192,27,44,4,0,0,23.87547492980957,490,0,0
INSTANCE_016,0.5,p85,303,NR,594.174,772.2351366666667,18.27937266666686,80,84,0.0,1.0,0,44,4,4,0,0.0,0,1,0
INSTANCE_016,0.5,p85,303,RG,585.4009,770.0909421666667,11.792552833333389,82,84,0.0,0.7410037878787878,17,44,4,1,0,85.11734008789062,740,0,0
INSTANCE_016,0.5,p85,303,SA,594.174,772.2351366666667,18.27937266666686,80,84,0.0,1.0,0,44,4,4,0,45.9446907043457,400,1,0
INSTANCE_016,0.5,p95,101,FR,606.9391999999999,845.6668016666666,30.62054250000017,80,84,0.0,0.6228219696969697,21,44,4,0,0,22.50194549560547,500,0,0
INSTANCE_016,0.5,p95,101,NR,594.174,826.8118833333334,65.27841166666678,79,84,0.0,1.0,0,44,4,4,0,0.0,0,1,0
INSTANCE_016,0.5,p95,101,RG,583.8691,818.822365,45.91285833333348,79,84,0.0,0.7072916666666667,14,44,4,0,0,63.74526023864746,590,0,0
INSTANCE_016,0.5,p95,101,SA,591.3189,828.5279266666666,32.18866500000013,80,84,0.0,0.7180555555555556,19,44,4,0,0,81.67791366577148,760,0,0
INSTANCE_016,0.5,p95,202,FR,592.3118999999999,828.7003933333333,34.57301666666672,80,84,0.0,0.6555555555555556,19,44,4,0,0,21.60429954528809,460,0,0
INSTANCE_016,0.5,p95,202,NR,594.174,826.8118833333334,65.27841166666678,79,84,0.0,1.0,0,44,4,4,0,0.0,0,1,0
INSTANCE_016,0.5,p95,202,RG,596.1965,832.2122458333333,31.49879833333341,80,84,0.0,0.6603219696969697,20,44,4,0,0,65.40393829345703,610,0,0
INSTANCE_016,0.5,p95,202,SA,593.7684999999999,830.1059966666666,32.10243166666669,80,84,0.0,0.7438131313131313,15,44,4,0,0,99.45368766784668,930,0,0
INSTANCE_016,0.5,p95,303,FR,589.4250999999999,824.96649,38.83911333333356,80,84,0.0,0.6724431818181817,18,44,4,1,0,19.907474517822266,440,0,0
INSTANCE_016,0.5,p95,303,NR,594.174,826.8118833333334,65.27841166666678,79,84,0.0,1.0,0,44,4,4,0,0.0,0,1,0
INSTANCE_016,0.5,p95,303,RG,597.5187999999999,838.2076183333334,37.49417083333356,80,84,0.0,0.7144886363636364,16,44,4,1,0,84.25354957580566,800,0,0
INSTANCE_016,0.5,p95,303,SA,595.6156,834.64187,41.8600866666668,79,84,0.0,0.8169191919191919,11,44,4,2,0,59.415340423583984,560,0,0
INSTANCE_016,0.75,delay20,101,FR,593.0405,712.6366666666667,26.649999999999864,81,84,0.0,0.5958333333333333,10,23,4,1,0,20.457029342651367,490,0,0
INSTANCE_016,0.75,delay20,101,NR,594.174,710.4,42.27333333333331,80,84,0.0,1.0,0,23,4,4,0,0.0,0,1,0
INSTANCE_016,0.75,delay20,101,RG,593.0405,712.6366666666667,26.649999999999864,81,84,0.0,0.5958333333333333,10,23,4,1,0,55.2830696105957,530,0,0
INSTANCE_016,0.75,delay20,101,SA,601.5187,718.04,33.04499999999996,81,84,0.0,0.8666666666666667,6,23,4,3,0,55.9849739074707,530,0,0
INSTANCE_016,0.75,delay20,202,FR,593.0405,712.6366666666667,26.649999999999864,81,84,0.0,0.5958333333333333,10,23,4,1,0,17.688274383544922,410,0,0
INSTANCE_016,0.75,delay20,202,NR,594.174,710.4,42.27333333333331,80,84,0.0,1.0,0,23,4,4,0,0.0,0,1,0
INSTANCE_016,0.75,delay20,202,RG,593.0405,712.6366666666667,26.649999999999864,81,84,0.0,0.5958333333333333,10,23,4,1,0,60.108184814453125,570,0,0
INSTANCE_016,0.75,delay20,202,SA,594.582,710.8483333333334,36.33166666666671,80,84,0.0,0.9333333333333332,6,23,4,3,0,51.09477043151856,430,0,0
INSTANCE_016,0.75,delay20,303,FR,593.7538,713.1033333333332,27.11666666666656,81,84,0.0,0.6083333333333334,9,23,4,1,0,17.14944839477539,400,0,0
INSTANCE_016,0.75,delay20,303,NR,594.174,710.4,42.27333333333331,80,84,0.0,1.0,0,23,4,4,0,0.0,0,1,0
INSTANCE_016,0.75,delay20,303,RG,593.0405,712.6366666666667,26.649999999999864,81,84,0.0,0.5958333333333333,10,23,4,1,0,49.73435401916504,470,0,0
INSTANCE_016,0.75,delay20,303,SA,594.582,710.8483333333334,36.33166666666671,80,84,0.0,0.9333333333333332,6,23,4,3,0,45.992136001586914,430,0,0
INSTANCE_016,0.75,delay30,101,FR,593.0405,712.6366666666667,66.97666666666646,78,84,0.0,0.5958333333333333,10,23,4,1,0,19.55175399780273,490,0,0
INSTANCE_016,0.75,delay30,101,NR,594.174,710.4,91.245,78,84,0.0,1.0,0,23,4,4,0,0.0,0,1,0
INSTANCE_016,0.75,delay30,101,RG,593.0405,712.6366666666667,66.97666666666646,78,84,0.0,0.5958333333333333,10,23,4,1,0,52.820444107055664,520,0,0
INSTANCE_016,0.75,delay30,101,SA,599.2699,716.4216666666666,72.97166666666669,79,84,0.0,0.8416666666666667,5,23,4,3,0,53.679466247558594,520,0,0
INSTANCE_016,0.75,delay30,202,FR,593.0405,712.6366666666667,66.97666666666646,78,84,0.0,0.5958333333333333,10,23,4,1,0,17.95363426208496,410,0,0
INSTANCE_016,0.75,delay30,202,NR,594.174,710.4,91.245,78,84,0.0,1.0,0,23,4,4,0,0.0,0,1,0
INSTANCE_016,0.75,delay30,202,RG,600.5767999999999,715.3299999999999,70.7883333333333,79,84,0.0,0.7583333333333333,7,23,4,2,0,50.00591278076172,470,0,0
INSTANCE_016,0.75,delay30,202,SA,599.2699,716.4216666666666,72.97166666666669,79,84,0.0,0.8416666666666667,5,23,4,3,0,56.69140815734863,510,0,0
INSTANCE_016,0.75,delay30,303,FR,593.7538,713.1033333333332,67.90999999999985,78,84,0.0,0.6083333333333334,9,23,4,1,0,16.924142837524414,400,0,0
INSTANCE_016,0.75,delay30,303,NR,594.174,710.4,91.245,78,84,0.0,1.0,0,23,4,4,0,0.0,0,1,0
INSTANCE_016,0.75,delay30,303,RG,600.5767999999999,715.3299999999999,70.7883333333333,79,84,0.0,0.7583333333333333,7,23,4,2,0,46.51904106140137,450,0,0
INSTANCE_016,0.75,delay30,303,SA,599.2699,716.4216666666666,72.97166666666669,79,84,0.0,0.8416666666666667,5,23,4,3,0,63.021183013916016,590,0,0
INSTANCE_016,0.75,p85,101,FR,588.3525999999999,746.4958998333333,3.566565333333415,83,84,0.0,0.6875,11,23,4,1,0,26.612281799316406,590,0,0
INSTANCE_016,0.75,p85,101,NR,594.174,750.3527528333333,5.948028666666801,82,84,0.0,1.0,0,23,4,4,0,0.0,0,1,0
INSTANCE_016,0.75,p85,101,RG,591.4725999999998,752.6202433333333,3.566565333333415,83,84,0.0,0.6208333333333333,11,23,4,1,0,54.04329299926758,480,0,0
INSTANCE_016,0.75,p85,101,SA,594.174,750.3527528333333,5.948028666666801,82,84,0.0,1.0,0,23,4,4,0,45.415639877319336,400,1,0
INSTANCE_016,0.75,p85,202,FR,591.4170999999999,749.5262843333333,3.566565333333415,83,84,0.0,0.6041666666666667,11,23,4,1,0,19.70744132995605,440,0,0
INSTANCE_016,0.75,p85,202,NR,594.174,750.3527528333333,5.948028666666801,82,84,0.0,1.0,0,23,4,4,0,0.0,0,1,0
INSTANCE_016,0.75,p85,202,RG,588.3525999999999,746.4958998333333,3.566565333333415,83,84,0.0,0.6875,11,23,4,1,0,54.88228797912598,510,0,0
INSTANCE_016,0.75,p85,202,SA,594.174,750.3527528333333,5.948028666666801,82,84,0.0,1.0,0,23,4,4,0,43.27034950256348,400,1,0
INSTANCE_016,0.75,p85,303,FR,588.3525999999999,746.4958998333333,3.566565333333415,83,84,0.0,0.6875,11,23,4,1,0,21.67057991027832,480,0,0
INSTANCE_016,0.75,p85,303,NR,594.174,750.3527528333333,5.948028666666801,82,84,0.0,1.0,0,23,4,4,0,0.0,0,1,0
INSTANCE_016,0.75,p85,303,RG,588.3525999999999,746.6018573333333,3.566565333333415,83,84,0.0,0.6125,10,23,4,1,0,55.62376976013184,500,0,0
INSTANCE_016,0.75,p85,303,SA,594.174,750.3527528333333,5.948028666666801,82,84,0.0,1.0,0,23,4,4,0,45.90010643005371,400,1,0
INSTANCE_016,0.75,p95,101,FR,593.0405,788.5088625,9.50354666666658,83,84,0.0,0.5958333333333333,10,23,4,1,0,17.337560653686523,410,0,0
INSTANCE_016,0.75,p95,101,NR,594.174,785.6157341666667,22.53066333333311,82,84,0.0,1.0,0,23,4,4,0,0.0,0,1,0
INSTANCE_016,0.75,p95,101,RG,593.0405,788.5088625,9.50354666666658,83,84,0.0,0.5958333333333333,10,23,4,1,0,55.72080612182617,540,0,0
INSTANCE_016,0.75,p95,101,SA,601.5187,795.4980741666667,10.915617499999826,83,84,0.0,0.8666666666666667,6,23,4,3,0,55.02605438232422,530,0,0
INSTANCE_016,0.75,p95,202,FR,593.0405,788.5088625,9.50354666666658,83,84,0.0,0.5958333333333333,10,23,4,1,0,18.275976181030277,420,0,0
INSTANCE_016,0.75,p95,202,NR,594.174,785.6157341666667,22.53066333333311,82,84,0.0,1.0,0,23,4,4,0,0.0,0,1,0
INSTANCE_016,0.75,p95,202,RG,593.0405,788.5088625,9.50354666666658,83,84,0.0,0.5958333333333333,10,23,4,1,0,58.88581275939941,550,0,0
INSTANCE_016,0.75,p95,202,SA,594.582,786.1956533333333,14.845117499999787,82,84,0.0,0.9333333333333332,6,23,4,3,0,44.8918342590332,430,0,0
INSTANCE_016,0.75,p95,303,FR,593.0405,788.5088625,9.50354666666658,83,84,0.0,0.5958333333333333,10,23,4,1,0,18.066883087158203,410,0,0
INSTANCE_016,0.75,p95,303,NR,594.174,785.6157341666667,22.53066333333311,82,84,0.0,1.0,0,23,4,4,0,0.0,0,1,0
INSTANCE_016,0.75,p95,303,RG,593.0405,788.5088625,9.50354666666658,83,84,0.0,0.5958333333333333,10,23,4,1,0,49.549102783203125,470,0,0
INSTANCE_016,0.75,p95,303,SA,594.582,786.1956533333333,14.845117499999787,82,84,0.0,0.9333333333333332,6,23,4,3,0,45.49860954284668,430,0,0
INSTANCE_019,0.25,delay20,101,FR,424.4439,472.43500000000006,59.02500000000055,49,54,0.0,0.8939393939393939,11,42,3,2,0,14.036893844604492,320,0,0
INSTANCE_019,0.25,delay20,101,NR,400.5469,449.9983333333334,74.31500000000062,49,54,0.0,1.0,0,42,3,3,0,0.0,0,1,0
INSTANCE_019,0.25,delay20,101,RG,466.2524,506.7716666666668,28.79333333333375,51,54,0.0,0.8737410873440284,12,42,3,1,0,39.25704956054688,430,0,0
INSTANCE_019,0.25,delay20,101,SA,466.2524,506.7716666666668,28.79333333333375,51,54,0.0,0.8737410873440284,12,42,3,1,0,37.91689872741699,400,0,0
INSTANCE_019,0.25,delay20,202,FR,471.7684,507.8416666666667,26.916666666666856,51,54,0.0,0.7690619429590018,24,42,3,1,0,26.981115341186527,520,0,0
INSTANCE_019,0.25,delay20,202,NR,400.5469,449.9983333333334,74.31500000000062,49,54,0.0,1.0,0,42,3,3,0,0.0,0,1,0
INSTANCE_019,0.25,delay20,202,RG,463.8602,501.2050000000001,36.1516666666671,50,54,0.0,0.8540441176470588,18,42,3,1,0,41.449785232543945,410,0,0
INSTANCE_019,0.25,delay20,202,SA,463.8696,501.2200000000001,36.1666666666672,50,54,0.0,0.8707107843137255,18,42,3,1,0,39.75772857666016,400,0,0
INSTANCE_019,0.25,delay20,303,FR,455.5186,498.1366666666667,26.916666666666856,51,54,0.0,0.7598707664884136,22,42,3,1,0,30.6246280670166,600,0,0
INSTANCE_019,0.25,delay20,303,NR,400.5469,449.9983333333334,74.31500000000062,49,54,0.0,1.0,0,42,3,3,0,0.0,0,1,0
INSTANCE_019,0.25,delay20,303,RG,443.115,489.35333333333335,22.570000000000164,52,54,0.0,0.7420343137254902,14,42,3,1,0,62.85595893859863,610,0,0
INSTANCE_019,0.25,delay20,303,SA,469.8042,510.18166666666673,28.79333333333375,51,54,0.0,0.8570744206773618,10,42,3,1,0,34.6376895904541,320,0,0
INSTANCE_019,0.25,delay30,101,FR,462.0651,508.96333333333337,72.71500000000026,48,54,0.0,0.7781305704099822,22,42,3,1,0,21.747350692749023,400,0,0
INSTANCE_019,0.25,delay30,101,NR,400.5469,449.9983333333334,131.32500000000073,47,54,0.0,1.0,0,42,3,3,0,0.0,0,1,0
INSTANCE_019,0.25,delay30,101,RG,466.2524,506.7716666666668,71.22166666666737,48,54,0.0,0.8737410873440284,12,42,3,1,0,42.97494888305665,430,0,0
INSTANCE_019,0.25,delay30,101,SA,466.2524,506.7716666666668,71.22166666666737,48,54,0.0,0.8737410873440284,12,42,3,1,0,41.4268970489502,400,0,0
INSTANCE_019,0.25,delay30,202,FR,456.2554,501.84333333333336,65.62333333333345,49,54,0.0,0.7965129233511586,19,42,3,1,0,20.69711685180664,380,0,0
INSTANCE_019,0.25,delay30,202,NR,400.5469,449.9983333333334,131.32500000000073,47,54,0.0,1.0,0,42,3,3,0,0.0,0,1,0
INSTANCE_019,0.25,delay30,202,RG,460.3538,498.0383333333334,84.0933333333337,47,54,0.0,0.8570744206773618,17,42,3,1,0,34.94143486022949,340,0,0
INSTANCE_019,0.25,delay30,202,SA,460.3538,498.0383333333334,84.0933333333337,47,54,0.0,0.8570744206773618,17,42,3,1,0,36.646127700805664,340,0,0
INSTANCE_019,0.25,delay30,303,FR,465.2161,505.4666666666668,69.21833333333359,48,54,0.0,0.7818070409982175,19,42,3,1,0,17.222881317138672,370,0,0
INSTANCE_019,0.25,delay30,303,NR,400.5469,449.9983333333334,131.32500000000073,47,54,0.0,1.0,0,42,3,3,0,0.0,0,1,0
INSTANCE_019,0.25,delay30,303,RG,466.4774000000001,504.9133333333333,65.8483333333337,49,54,0.0,0.717156862745098,20,42,3,1,0,49.67975616455078,500,0,0
INSTANCE_019,0.25,delay30,303,SA,448.6178000000001,495.4933333333334,56.42833333333373,49,54,0.0,0.7792557932263815,13,42,3,1,0,56.056976318359375,520,0,0
INSTANCE_019,0.25,p85,101,FR,424.4439,535.0696438333333,32.84760383333355,51,54,0.0,0.8939393939393939,11,42,3,2,0,14.01209831237793,320,0,0
INSTANCE_019,0.25,p85,101,NR,400.5469,509.13510083333335,50.49013483333374,51,54,0.0,1.0,0,42,3,3,0,0.0,0,1,0
INSTANCE_019,0.25,p85,101,RG,409.4468,521.9810028333333,32.59622016666685,52,54,0.0,0.9196969696969696,5,42,3,2,0,39.4902229309082,430,0,0
INSTANCE_019,0.25,p85,101,SA,409.4468,521.9810028333333,32.59622016666685,52,54,0.0,0.9196969696969696,5,42,3,2,0,38.161277770996094,400,0,0
INSTANCE_019,0.25,p85,202,FR,424.4439,534.9424948333333,32.88210283333365,51,54,0.0,0.9106060606060606,11,42,3,2,0,13.869524002075195,300,0,0
INSTANCE_019,0.25,p85,202,NR,400.5469,509.13510083333335,50.49013483333374,51,54,0.0,1.0,0,42,3,3,0,0.0,0,1,0
INSTANCE_019,0.25,p85,202,RG,407.106,515.7083188333334,37.187689333333765,51,54,0.0,0.9136363636363636,11,42,3,2,0,33.18476676940918,350,0,0
INSTANCE_019,0.25,p85,202,SA,407.064,515.5638313333334,37.0432018333338,51,54,0.0,0.9166666666666666,11,42,3,2,0,36.82208061218262,400,0,0
INSTANCE_019,0.25,p85,303,FR,455.9636,566.9994548333333,7.621818000000189,52,54,0.0,0.8389148841354723,19,42,3,1,0,19.542455673217773,440,0,0
INSTANCE_019,0.25,p85,303,NR,400.5469,509.13510083333335,50.49013483333374,51,54,0.0,1.0,0,42,3,3,0,0.0,0,1,0
INSTANCE_019,0.25,p85,303,RG,409.4574,522.2410803333332,32.59622016666685,52,54,0.0,0.8333333333333334,6,42,3,2,0,36.80753707885742,410,0,0
INSTANCE_019,0.25,p85,303,SA,412.9986,525.9226218333333,32.59622016666685,52,54,0.0,0.903030303030303,3,42,3,2,0,30.27820587158203,320,0,0
INSTANCE_019,0.25,p95,101,FR,424.4439,590.3520491666666,98.21172166666712,48,54,0.0,0.8939393939393939,11,42,3,2,0,13.200998306274416,310,0,0
INSTANCE_019,0.25,p95,101,NR,400.5469,561.3302208333333,116.8686216666672,48,54,0.0,1.0,0,42,3,3,0,0.0,0,1,0
INSTANCE_019,0.25,p95,101,RG,409.4468,575.7053175,85.28426333333391,49,54,0.0,0.9196969696969696,5,42,3,2,0,38.443803787231445,430,0,0
INSTANCE_019,0.25,p95,101,SA,409.4468,575.7053175,85.28426333333391,49,54,0.0,0.9196969696969696,5,42,3,2,0,36.64731979370117,400,0,0
INSTANCE_019,0.25,p95,202,FR,424.4439,590.3520491666666,98.21172166666712,48,54,0.0,0.8939393939393939,11,42,3,2,0,14.520883560180664,330,0,0
INSTANCE_019,0.25,p95,202,NR,400.5469,561.3302208333333,116.8686216666672,48,54,0.0,1.0,0,42,3,3,0,0.0,0,1,0
INSTANCE_019,0.25,p95,202,RG,407.0546,568.5048341666666,107.43414916666744,48,54,0.0,0.9,11,42,3,2,0,37.40334510803223,410,0,0
INSTANCE_019,0.25,p95,202,SA,403.5482,564.4087508333333,99.24198250000052,48,54,0.0,0.903030303030303,10,42,3,2,0,33.3104133605957,340,0,0
INSTANCE_019,0.25,p95,303,FR,438.8251,600.288285,89.1122850000005,49,54,0.0,0.7726158645276292,20,42,3,1,0,24.05047416687012,500,0,0
INSTANCE_019,0.25,p95,303,NR,400.5469,561.3302208333333,116.8686216666672,48,54,0.0,1.0,0,42,3,3,0,0.0,0,1,0
INSTANCE_019,0.25,p95,303,RG,438.554,607.6827933333333,51.91556333333426,49,54,0.0,0.7153186274509804,18,42,3,1,0,72.02410697937012,710,0,0
INSTANCE_019,0.25,p95,303,SA,409.4468,575.7053175,85.28426333333391,49,54,0.0,0.9196969696969696,5,42,3,2,0,47.06168174743652,530,0,0
INSTANCE_019,0.5,delay20,101,FR,410.2589,460.9566666666667,70.46500000000083,48,54,0.0,0.9246031746031744,7,27,3,2,0,16.085386276245117,430,0,0
INSTANCE_019,0.5,delay20,101,NR,400.5469,449.9983333333334,74.31500000000062,49,54,0.0,1.0,0,27,3,3,0,0.0,0,1,0
INSTANCE_019,0.5,delay20,101,RG,410.2589,460.9566666666667,70.46500000000083,48,54,0.0,0.9246031746031744,7,27,3,2,0,31.59332275390625,340,0,0
INSTANCE_019,0.5,delay20,101,SA,400.5469,449.9983333333334,74.31500000000062,49,54,0.0,1.0,0,27,3,3,0,28.028488159179688,300,1,0
INSTANCE_019,0.5,delay20,202,FR,410.2589,460.9566666666667,70.46500000000083,48,54,0.0,0.9246031746031744,7,27,3,2,0,13.47804069519043,330,0,0
INSTANCE_019,0.5,delay20,202,NR,400.5469,449.9983333333334,74.31500000000062,49,54,0.0,1.0,0,27,3,3,0,0.0,0,1,0
INSTANCE_019,0.5,delay20,202,RG,410.2589,460.9566666666667,70.46500000000083,48,54,0.0,0.9246031746031744,7,27,3,2,0,35.331010818481445,390,0,0
INSTANCE_019,0.5,delay20,202,SA,400.5469,449.9983333333334,74.31500000000062,49,54,0.0,1.0,0,27,3,3,0,28.04708480834961,300,1,0
INSTANCE_019,0.5,delay20,303,FR,410.2589,460.9566666666667,70.46500000000083,48,54,0.0,0.9246031746031744,7,27,3,2,0,14.238119125366213,360,0,0
INSTANCE_019,0.5,delay20,303,NR,400.5469,449.9983333333334,74.31500000000062,49,54,0.0,1.0,0,27,3,3,0,0.0,0,1,0
INSTANCE_019,0.5,delay20,303,RG,410.2589,460.9566666666667,70.46500000000083,48,54,0.0,0.9246031746031744,7,27,3,2,0,30.853748321533203,330,0,0
INSTANCE_019,0.5,delay20,303,SA,400.5469,449.9983333333334,74.31500000000062,49,54,0.0,1.0,0,27,3,3,0,28.583765029907227,300,1,0
INSTANCE_019,0.5,delay30,101,FR,400.5469,449.9983333333334,131.32500000000073,47,54,0.0,1.0,0,27,3,3,0,12.30621337890625,300,1,0
INSTANCE_019,0.5,delay30,101,NR,400.5469,449.9983333333334,131.32500000000073,47,54,0.0,1.0,0,27,3,3,0,0.0,0,1,0
INSTANCE_019,0.5,delay30,101,RG,400.5469,449.9983333333334,131.32500000000073,47,54,0.0,1.0,0,27,3,3,0,28.171300888061523,300,1,0
INSTANCE_019,0.5,delay30,101,SA,400.5469,449.9983333333334,131.32500000000073,47,54,0.0,1.0,0,27,3,3,0,28.5036563873291,300,1,0
INSTANCE_019,0.5,delay30,202,FR,400.5469,449.9983333333334,131.32500000000073,47,54,0.0,1.0,0,27,3,3,0,12.018442153930664,300,1,0
INSTANCE_019,0.5,delay30,202,NR,400.5469,449.9983333333334,131.32500000000073,47,54,0.0,1.0,0,27,3,3,0,0.0,0,1,0
INSTANCE_019,0.5,delay30,202,RG,400.5469,449.9983333333334,131.32500000000073,47,54,0.0,1.0,0,27,3,3,0,30.806779861450195,300,1,0
INSTANCE_019,0.5,delay30,202,SA,400.5469,449.9983333333334,131.32500000000073,47,54,0.0,1.0,0,27,3,3,0,29.23107147216797,300,1,0
INSTANCE_019,0.5,delay30,303,FR,400.5469,449.9983333333334,131.32500000000073,47,54,0.0,1.0,0,27,3,3,0,12.822151184082031,300,1,0
INSTANCE_019,0.5,delay30,303,NR,400.5469,449.9983333333334,131.32500000000073,47,54,0.0,1.0,0,27,3,3,0,0.0,0,1,0
INSTANCE_019,0.5,delay30,303,RG,400.5469,449.9983333333334,131.32500000000073,47,54,0.0,1.0,0,27,3,3,0,36.44013404846192,300,1,0
INSTANCE_019,0.5,delay30,303,SA,400.5469,449.9983333333334,131.32500000000073,47,54,0.0,1.0,0,27,3,3,0,32.444000244140625,300,1,0
INSTANCE_019,0.5,p85,101,FR,410.2589,502.5905411666667,24.069911666667053,51,54,0.0,0.9246031746031744,7,27,3,2,0,16.177654266357422,390,0,0
INSTANCE_019,0.5,p85,101,NR,400.5469,489.9238036666667,31.27883766666696,51,54,0.0,1.0,0,27,3,3,0,0.0,0,1,0
INSTANCE_019,0.5,p85,101,RG,410.2589,502.5905411666667,24.069911666667053,51,54,0.0,0.9246031746031744,7,27,3,2,0,33.18428993225098,340,0,0
INSTANCE_019,0.5,p85,101,SA,410.2589,502.5905411666667,24.069911666667053,51,54,0.0,0.9246031746031744,7,27,3,2,0,33.61082077026367,340,0,0
INSTANCE_019,0.5,p85,202,FR,410.2589,502.5905411666667,24.069911666667053,51,54,0.0,0.9246031746031744,7,27,3,2,0,13.627767562866213,330,0,0
INSTANCE_019,0.5,p85,202,NR,400.5469,489.9238036666667,31.27883766666696,51,54,0.0,1.0,0,27,3,3,0,0.0,0,1,0
INSTANCE_019,0.5,p85,202,RG,410.2589,502.5905411666667,24.069911666667053,51,54,0.0,0.9246031746031744,7,27,3,2,0,36.75150871276856,390,0,0
INSTANCE_019,0.5,p85,202,SA,410.2589,502.5905411666667,24.069911666667053,51,54,0.0,0.9246031746031744,7,27,3,2,0,33.68425369262695,350,0,0
INSTANCE_019,0.5,p85,303,FR,410.2589,502.5905411666667,24.069911666667053,51,54,0.0,0.9246031746031744,7,27,3,2,0,13.544321060180664,330,0,0
INSTANCE_019,0.5,p85,303,NR,400.5469,489.9238036666667,31.27883766666696,51,54,0.0,1.0,0,27,3,3,0,0.0,0,1,0
INSTANCE_019,0.5,p85,303,RG,410.2589,502.5905411666667,24.069911666667053,51,54,0.0,0.9246031746031744,7,27,3,2,0,30.606508255004883,330,0,0
INSTANCE_019,0.5,p85,303,SA,410.2589,502.5905411666667,24.069911666667053,51,54,0.0,0.9246031746031744,7,27,3,2,0,30.829429626464844,330,0,0
INSTANCE_019,0.5,p95,101,FR,400.5469,525.162705,57.90877583333372,50,54,0.0,1.0,0,27,3,3,0,13.957023620605469,300,1,0
INSTANCE_019,0.5,p95,101,NR,400.5469,525.162705,57.90877583333372,50,54,0.0,1.0,0,27,3,3,0,0.0,0,1,0
INSTANCE_019,0.5,p95,101,RG,400.5469,525.162705,57.90877583333372,50,54,0.0,1.0,0,27,3,3,0,32.86242485046387,300,1,0
INSTANCE_019,0.5,p95,101,SA,400.5469,525.162705,57.90877583333372,50,54,0.0,1.0,0,27,3,3,0,31.993627548217773,300,1,0
INSTANCE_019,0.5,p95,202,FR,400.5469,525.162705,57.90877583333372,50,54,0.0,1.0,0,27,3,3,0,12.580633163452148,300,1,0
INSTANCE_019,0.5,p95,202,NR,400.5469,525.162705,57.90877583333372,50,54,0.0,1.0,0,27,3,3,0,0.0,0,1,0
INSTANCE_019,0.5,p95,202,RG,400.5469,525.162705,57.90877583333372,50,54,0.0,1.0,0,27,3,3,0,28.948545455932617,300,1,0
INSTANCE_019,0.5,p95,202,SA,400.5469,525.162705,57.90877583333372,50,54,0.0,1.0,0,27,3,3,0,28.769969940185547,300,1,0
INSTANCE_019,0.5,p95,303,FR,400.5469,525.162705,57.90877583333372,50,54,0.0,1.0,0,27,3,3,0,12.480497360229492,300,1,0
INSTANCE_019,0.5,p95,303,NR,400.5469,525.162705,57.90877583333372,50,54,0.0,1.0,0,27,3,3,0,0.0,0,1,0
INSTANCE_019,0.5,p95,303,RG,400.5469,525.162705,57.90877583333372,50,54,0.0,1.0,0,27,3,3,0,29.19626235961914,300,1,0
INSTANCE_019,0.5,p95,303,SA,400.5469,525.162705,57.90877583333372,50,54,0.0,1.0,0,27,3,3,0,29.158830642700195,300,1,0
INSTANCE_019,0.75,delay20,101,FR,400.5469,449.9983333333334,50.31333333333373,50,54,0.0,1.0,0,15,3,3,0,11.052608489990234,300,1,0
INSTANCE_019,0.75,delay20,101,NR,400.5469,449.9983333333334,50.31333333333373,50,54,0.0,1.0,0,15,3,3,0,0.0,0,1,0
INSTANCE_019,0.75,delay20,101,RG,400.5469,449.9983333333334,50.31333333333373,50,54,0.0,1.0,0,15,3,3,0,26.80683135986328,300,1,0
INSTANCE_019,0.75,delay20,101,SA,400.5469,449.9983333333334,50.31333333333373,50,54,0.0,1.0,0,15,3,3,0,26.772022247314453,300,1,0
INSTANCE_019,0.75,delay20,202,FR,400.5469,449.9983333333334,50.31333333333373,50,54,0.0,1.0,0,15,3,3,0,11.884689331054688,300,1,0
INSTANCE_019,0.75,delay20,202,NR,400.5469,449.9983333333334,50.31333333333373,50,54,0.0,1.0,0,15,3,3,0,0.0,0,1,0
INSTANCE_019,0.75,delay20,202,RG,400.5469,449.9983333333334,50.31333333333373,50,54,0.0,1.0,0,15,3,3,0,28.114795684814453,300,1,0
INSTANCE_019,0.75,delay20,202,SA,400.5469,449.9983333333334,50.31333333333373,50,54,0.0,1.0,0,15,3,3,0,36.95821762084961,300,1,0
INSTANCE_019,0.75,delay20,303,FR,400.5469,449.9983333333334,50.31333333333373,50,54,0.0,1.0,0,15,3,3,0,11.57999038696289,300,1,0
INSTANCE_019,0.75,delay20,303,NR,400.5469,449.9983333333334,50.31333333333373,50,54,0.0,1.0,0,15,3,3,0,0.0,0,1,0
INSTANCE_019,0.75,delay20,303,RG,400.5469,449.9983333333334,50.31333333333373,50,54,0.0,1.0,0,15,3,3,0,27.69184112548828,300,1,0
INSTANCE_019,0.75,delay20,303,SA,400.5469,449.9983333333334,50.31333333333373,50,54,0.0,1.0,0,15,3,3,0,27.471065521240234,300,1,0
INSTANCE_019,0.75,delay30,101,FR,400.5469,449.9983333333334,87.32333333333384,48,54,0.0,1.0,0,15,3,3,0,11.22760772705078,300,1,0
INSTANCE_019,0.75,delay30,101,NR,400.5469,449.9983333333334,87.32333333333384,48,54,0.0,1.0,0,15,3,3,0,0.0,0,1,0
INSTANCE_019,0.75,delay30,101,RG,400.5469,449.9983333333334,87.32333333333384,48,54,0.0,1.0,0,15,3,3,0,26.9622802734375,300,1,0
INSTANCE_019,0.75,delay30,101,SA,400.5469,449.9983333333334,87.32333333333384,48,54,0.0,1.0,0,15,3,3,0,27.072668075561523,300,1,0
INSTANCE_019,0.75,delay30,202,FR,400.5469,449.9983333333334,87.32333333333384,48,54,0.0,1.0,0,15,3,3,0,11.39378547668457,300,1,0
INSTANCE_019,0.75,delay30,202,NR,400.5469,449.9983333333334,87.32333333333384,48,54,0.0,1.0,0,15,3,3,0,0.0,0,1,0
INSTANCE_019,0.75,delay30,202,RG,400.5469,449.9983333333334,87.32333333333384,48,54,0.0,1.0,0,15,3,3,0,28.492212295532227,300,1,0
INSTANCE_019,0.75,delay30,202,SA,400.5469,449.9983333333334,87.32333333333384,48,54,0.0,1.0,0,15,3,3,0,28.018474578857425,300,1,0
INSTANCE_019,0.75,delay30,303,FR,400.5469,449.9983333333334,87.32333333333384,48,54,0.0,1.0,0,15,3,3,0,11.272192001342772,300,1,0
INSTANCE_019,0.75,delay30,303,NR,400.5469,449.9983333333334,87.32333333333384,48,54,0.0,1.0,0,15,3,3,0,0.0,0,1,0
INSTANCE_019,0.75,delay30,303,RG,400.5469,449.9983333333334,87.32333333333384,48,54,0.0,1.0,0,15,3,3,0,35.27474403381348,300,1,0
INSTANCE_019,0.75,delay30,303,SA,400.5469,449.9983333333334,87.32333333333384,48,54,0.0,1.0,0,15,3,3,0,27.402400970458984,300,1,0
INSTANCE_019,0.75,p85,101,FR,400.5469,474.4333198333333,18.694528833333607,52,54,0.0,1.0,0,15,3,3,0,11.471986770629885,300,1,0
INSTANCE_019,0.75,p85,101,NR,400.5469,474.4333198333333,18.694528833333607,52,54,0.0,1.0,0,15,3,3,0,0.0,0,1,0
INSTANCE_019,0.75,p85,101,RG,400.5469,474.4333198333333,18.694528833333607,52,54,0.0,1.0,0,15,3,3,0,27.631759643554688,300,1,0
INSTANCE_019,0.75,p85,101,SA,400.5469,474.4333198333333,18.694528833333607,52,54,0.0,1.0,0,15,3,3,0,27.66251564025879,300,1,0
INSTANCE_019,0.75,p85,202,FR,400.5469,474.4333198333333,18.694528833333607,52,54,0.0,1.0,0,15,3,3,0,11.531829833984377,300,1,0
INSTANCE_019,0.75,p85,202,NR,400.5469,474.4333198333333,18.694528833333607,52,54,0.0,1.0,0,15,3,3,0,0.0,0,1,0
INSTANCE_019,0.75,p85,202,RG,400.5469,474.4333198333333,18.694528833333607,52,54,0.0,1.0,0,15,3,3,0,28.579235076904297,300,1,0
INSTANCE_019,0.75,p85,202,SA,400.5469,474.4333198333333,18.694528833333607,52,54,0.0,1.0,0,15,3,3,0,28.55396270751953,300,1,0
INSTANCE_019,0.75,p85,303,FR,400.5469,474.4333198333333,18.694528833333607,52,54,0.0,1.0,0,15,3,3,0,12.473106384277344,300,1,0
INSTANCE_019,0.75,p85,303,NR,400.5469,474.4333198333333,18.694528833333607,52,54,0.0,1.0,0,15,3,3,0,0.0,0,1,0
INSTANCE_019,0.75,p85,303,RG,400.5469,474.4333198333333,18.694528833333607,52,54,0.0,1.0,0,15,3,3,0,27.892112731933597,300,1,0
INSTANCE_019,0.75,p85,303,SA,400.5469,474.4333198333333,18.694528833333607,52,54,0.0,1.0,0,15,3,3,0,28.61237525939941,300,1,0
INSTANCE_019,0.75,p95,101,FR,400.5469,496.00005583333336,29.17151916666728,51,54,0.0,1.0,0,15,3,3,0,11.939048767089844,300,1,0
INSTANCE_019,0.75,p95,101,NR,400.5469,496.00005583333336,29.17151916666728,51,54,0.0,1.0,0,15,3,3,0,0.0,0,1,0
INSTANCE_019,0.75,p95,101,RG,400.5469,496.00005583333336,29.17151916666728,51,54,0.0,1.0,0,15,3,3,0,27.597904205322266,300,1,0
INSTANCE_019,0.75,p95,101,SA,400.5469,496.00005583333336,29.17151916666728,51,54,0.0,1.0,0,15,3,3,0,28.360843658447266,300,1,0
INSTANCE_019,0.75,p95,202,FR,400.5469,496.00005583333336,29.17151916666728,51,54,0.0,1.0,0,15,3,3,0,13.557910919189451,300,1,0
INSTANCE_019,0.75,p95,202,NR,400.5469,496.00005583333336,29.17151916666728,51,54,0.0,1.0,0,15,3,3,0,0.0,0,1,0
INSTANCE_019,0.75,p95,202,RG,400.5469,496.00005583333336,29.17151916666728,51,54,0.0,1.0,0,15,3,3,0,28.249025344848636,300,1,0
INSTANCE_019,0.75,p95,202,SA,400.5469,496.00005583333336,29.17151916666728,51,54,0.0,1.0,0,15,3,3,0,30.56669235229492,300,1,0
INSTANCE_019,0.75,p95,303,FR,400.5469,496.00005583333336,29.17151916666728,51,54,0.0,1.0,0,15,3,3,0,11.820793151855469,300,1,0
INSTANCE_019,0.75,p95,303,NR,400.5469,496.00005583333336,29.17151916666728,51,54,0.0,1.0,0,15,3,3,0,0.0,0,1,0
INSTANCE_019,0.75,p95,303,RG,400.5469,496.00005583333336,29.17151916666728,51,54,0.0,1.0,0,15,3,3,0,27.88639068603516,300,1,0
INSTANCE_019,0.75,p95,303,SA,400.5469,496.00005583333336,29.17151916666728,51,54,0.0,1.0,0,15,3,3,0,30.304670333862305,300,1,0
INSTANCE_023,0.25,delay20,101,FR,647.3704,680.9233333333334,0.0,83,83,0.0,0.853890931372549,22,64,4,1,0,38.01226615905762,540,0,0
INSTANCE_023,0.25,delay20,101,NR,598.317,636.7483333333333,37.85833333333324,80,83,0.0,1.0,0,64,4,4,0,0.0,0,1,0
INSTANCE_023,0.25,delay20,101,RG,614.6874,646.325,0.0,83,83,0.0,0.885140931372549,10,64,4,1,0,64.58568572998047,570,0,0
INSTANCE_023,0.25,delay20,101,SA,646.413,678.9383333333333,0.0,83,83,0.0,0.8747242647058824,20,64,4,1,0,49.64280128479004,440,0,0
INSTANCE_023,0.25,delay20,202,FR,635.1475,669.1916666666667,0.0,83,83,0.0,0.7434129901960784,31,64,4,1,0,44.60549354553223,880,0,0
INSTANCE_023,0.25,delay20,202,NR,598.317,636.7483333333333,37.85833333333324,80,83,0.0,1.0,0,64,4,4,0,0.0,0,1,0
INSTANCE_023,0.25,delay20,202,RG,607.7995000000001,640.5416666666667,6.196666666666715,82,83,0.0,0.9294117647058824,7,64,4,2,0,61.95259094238281,520,0,0
INSTANCE_023,0.25,delay20,202,SA,637.9691,670.2900000000001,0.0,83,83,0.0,0.8783700980392157,17,64,4,1,0,68.11738014221191,580,0,0
INSTANCE_023,0.25,delay20,303,FR,668.5540000000001,703.3966666666668,0.0,83,83,0.0,0.8248161764705882,28,64,4,1,0,41.89109802246094,800,0,0
INSTANCE_023,0.25,delay20,303,NR,598.317,636.7483333333333,37.85833333333324,80,83,0.0,1.0,0,64,4,4,0,0.0,0,1,0
INSTANCE_023,0.25,delay20,303,RG,623.3111000000001,654.0600000000001,6.196666666666715,82,83,0.0,0.8751838235294118,16,64,4,2,0,56.66518211364746,480,0,0
INSTANCE_023,0.25,delay20,303,SA,610.3265000000001,643.1166666666668,6.196666666666715,82,83,0.0,0.9098345588235294,14,64,4,2,0,61.98239326477051,520,0,0
INSTANCE_023,0.25,delay30,101,FR,659.6119000000001,692.625,10.366666666666788,81,83,0.0,0.8518075980392157,22,64,4,1,0,27.4958610534668,600,0,0
INSTANCE_023,0.25,delay30,101,NR,598.317,636.7483333333333,70.33000000000004,79,83,0.0,1.0,0,64,4,4,0,0.0,0,1,0
INSTANCE_023,0.25,delay30,101,RG,653.3906000000001,687.9016666666666,10.366666666666788,81,83,0.0,0.8434742647058824,24,64,4,1,0,68.47167015075684,640,0,0
INSTANCE_023,0.25,delay30,101,SA,657.9712000000001,696.3216666666667,10.366666666666788,81,83,0.0,0.8768075980392157,26,64,4,1,0,60.90092658996582,560,0,0
INSTANCE_023,0.25,delay30,202,FR,631.8636,664.8883333333333,9.578333333333376,82,83,0.0,0.8429534313725491,17,64,4,1,0,33.554792404174805,650,0,0
INSTANCE_023,0.25,delay30,202,NR,598.317,636.7483333333333,70.33000000000004,79,83,0.0,1.0,0,64,4,4,0,0.0,0,1,0
INSTANCE_023,0.25,delay30,202,RG,625.6218000000001,659.1400000000001,9.578333333333376,82,83,0.0,0.8700367647058823,16,64,4,1,0,70.86372375488281,610,0,0
INSTANCE_023,0.25,delay30,202,SA,634.3940000000001,666.6666666666667,9.578333333333376,82,83,0.0,0.8762867647058823,19,64,4,1,0,72.59964942932129,630,0,0
INSTANCE_023,0.25,delay30,303,FR,653.4557000000001,681.9266666666667,16.993333333333453,81,83,0.0,0.8433823529411764,15,64,4,1,0,25.96735954284668,480,0,0
INSTANCE_023,0.25,delay30,303,NR,598.317,636.7483333333333,70.33000000000004,79,83,0.0,1.0,0,64,4,4,0,0.0,0,1,0
INSTANCE_023,0.25,delay30,303,RG,627.6207,658.1683333333334,17.01000000000022,81,83,0.0,0.8313112745098039,19,64,4,1,0,81.17508888244629,650,0,0
INSTANCE_023,0.25,delay30,303,SA,614.9278,648.0766666666668,17.01000000000022,81,83,0.0,0.8650428921568627,17,64,4,1,0,68.69125366210938,560,0,0
INSTANCE_023,0.25,p85,101,FR,610.0640000000001,720.4971670000001,0.0,83,83,0.0,0.9299325980392156,7,64,4,2,0,21.84748649597168,440,0,0
INSTANCE_023,0.25,p85,101,NR,598.317,715.199292,15.53801483333325,82,83,0.0,1.0,0,64,4,4,0,0.0,0,1,0
INSTANCE_023,0.25,p85,101,RG,609.2730000000001,726.5733480000001,0.0,83,83,0.0,0.9747242647058824,2,64,4,3,0,45.19343376159668,410,0,0
INSTANCE_023,0.25,p85,101,SA,609.2730000000001,726.5733480000001,0.0,83,83,0.0,0.9747242647058824,2,64,4,3,0,45.14813423156738,410,0,0
INSTANCE_023,0.25,p85,202,FR,608.1453000000001,726.8372785000001,0.0,83,83,0.0,0.9361213235294118,12,64,4,3,0,29.392004013061523,590,0,0
INSTANCE_023,0.25,p85,202,NR,598.317,715.199292,15.53801483333325,82,83,0.0,1.0,0,64,4,4,0,0.0,0,1,0
INSTANCE_023,0.25,p85,202,RG,607.7995000000001,719.584006,0.0,83,83,0.0,0.9294117647058824,7,64,4,2,0,58.17151069641113,520,0,0
INSTANCE_023,0.25,p85,202,SA,607.0086000000001,725.6601870000001,0.0,83,83,0.0,0.9825367647058824,3,64,4,3,0,48.924922943115234,440,0,0
INSTANCE_023,0.25,p85,303,FR,633.9679000000001,754.2610060000001,0.0,83,83,0.0,0.9466911764705882,14,64,4,3,0,29.90889549255371,600,0,0
INSTANCE_023,0.25,p85,303,NR,598.317,715.199292,15.53801483333325,82,83,0.0,1.0,0,64,4,4,0,0.0,0,1,0
INSTANCE_023,0.25,p85,303,RG,608.5117,726.9779130000001,0.0,83,83,0.0,0.9273897058823528,13,64,4,3,0,50.907135009765625,460,0,0
INSTANCE_023,0.25,p85,303,SA,608.3883000000001,727.698424,0.0,83,83,0.0,0.9535845588235294,10,64,4,3,0,49.63326454162598,450,0,0
INSTANCE_023,0.25,p95,101,FR,624.5394,811.3828958333335,4.037553333333221,82,83,0.0,0.8840992647058823,11,64,4,1,0,23.320913314819336,490,0,0
INSTANCE_023,0.25,p95,101,NR,598.317,784.4414466666667,54.788117499999885,79,83,0.0,1.0,0,64,4,4,0,0.0,0,1,0
INSTANCE_023,0.25,p95,101,RG,624.5394,811.3828958333335,4.037553333333221,82,83,0.0,0.8840992647058823,11,64,4,1,0,52.86216735839844,490,0,0
INSTANCE_023,0.25,p95,101,SA,619.8478,813.5107033333334,5.695387499999811,81,83,0.0,0.9288909313725492,6,64,4,2,0,47.23882675170898,430,0,0
INSTANCE_023,0.25,p95,202,FR,622.9756000000001,812.0878533333334,0.5812108333333299,82,83,0.0,0.836703431372549,18,64,4,1,0,30.52997589111328,620,0,0
INSTANCE_023,0.25,p95,202,NR,598.317,784.4414466666667,54.788117499999885,79,83,0.0,1.0,0,64,4,4,0,0.0,0,1,0
INSTANCE_023,0.25,p95,202,RG,622.9756000000001,812.0878533333334,0.5812108333333299,82,83,0.0,0.836703431372549,18,64,4,1,0,76.49517059326172,620,0,0
INSTANCE_023,0.25,p95,202,SA,617.5613000000001,812.4457216666667,5.695387499999811,81,83,0.0,0.9617034313725492,8,64,4,2,0,52.518606185913086,480,0,0
INSTANCE_023,0.25,p95,303,FR,608.2150000000001,797.4842383333335,23.50155333333305,80,83,0.0,0.9204963235294118,14,64,4,3,0,29.413938522338867,560,0,0
INSTANCE_023,0.25,p95,303,NR,598.317,784.4414466666667,54.788117499999885,79,83,0.0,1.0,0,64,4,4,0,0.0,0,1,0
INSTANCE_023,0.25,p95,303,RG,608.2150000000001,797.4842383333335,23.50155333333305,80,83,0.0,0.9204963235294118,14,64,4,3,0,68.07899475097656,560,0,0
INSTANCE_023,0.25,p95,303,SA,608.3883000000001,798.4284933333333,23.50155333333305,80,83,0.0,0.9535845588235294,10,64,4,3,0,52.55007743835449,450,0,0
INSTANCE_023,0.5,delay20,101,FR,619.1781000000001,654.4033333333334,0.7733333333335395,82,83,0.0,0.9090909090909092,10,43,4,2,0,23.01788330078125,470,0,0
INSTANCE_023,0.5,delay20,101,NR,598.317,636.7483333333333,23.891666666666534,81,83,0.0,1.0,0,43,4,4,0,0.0,0,1,0
INSTANCE_023,0.5,delay20,101,RG,674.9419,703.0383333333334,0.0,83,83,0.0,0.875,13,43,4,2,0,60.428619384765625,530,0,0
INSTANCE_023,0.5,delay20,101,SA,667.9643000000001,694.0616666666667,0.7733333333335395,82,83,0.0,0.9136363636363636,6,43,4,2,0,47.97625541687012,430,0,0
INSTANCE_023,0.5,delay20,202,FR,620.3248000000001,655.4283333333334,0.7733333333335395,82,83,0.0,0.8784090909090909,10,43,4,2,0,33.05864334106445,670,0,0
INSTANCE_023,0.5,delay20,202,NR,598.317,636.7483333333333,23.891666666666534,81,83,0.0,1.0,0,43,4,4,0,0.0,0,1,0
INSTANCE_023,0.5,delay20,202,RG,626.9339000000001,665.1466666666668,0.0,83,83,0.0,0.8068181818181819,16,43,4,2,0,70.47820091247559,610,0,0
INSTANCE_023,0.5,delay20,202,SA,619.9562000000001,656.0916666666667,0.7733333333335395,82,83,0.0,0.8829545454545454,13,43,4,2,0,64.12982940673828,560,0,0
INSTANCE_023,0.5,delay20,303,FR,632.3136000000001,669.6716666666667,0.0,83,83,0.0,0.7977272727272727,14,43,4,2,0,22.12810516357422,480,0,0
INSTANCE_023,0.5,delay20,303,NR,598.317,636.7483333333333,23.891666666666534,81,83,0.0,1.0,0,43,4,4,0,0.0,0,1,0
INSTANCE_023,0.5,delay20,303,RG,626.4849000000002,663.6183333333333,0.0,83,83,0.0,0.8113636363636364,16,43,4,2,0,88.52744102478027,790,0,0
INSTANCE_023,0.5,delay20,303,SA,620.6085,656.945,0.7733333333335395,82,83,0.0,0.896590909090909,9,43,4,2,0,62.48641014099121,560,0,0
INSTANCE_023,0.5,delay30,101,FR,630.1181000000001,667.6616666666666,8.196666666666715,82,83,0.0,0.8056818181818182,14,43,4,2,0,21.315574645996094,420,0,0
INSTANCE_023,0.5,delay30,101,NR,598.317,636.7483333333333,46.363333333333344,80,83,0.0,1.0,0,43,4,4,0,0.0,0,1,0
INSTANCE_023,0.5,delay30,101,RG,679.9311,708.1933333333334,8.196666666666715,82,83,0.0,0.8375,12,43,4,2,0,62.84737586975098,530,0,0
INSTANCE_023,0.5,delay30,101,SA,679.9311,708.1933333333334,8.196666666666715,82,83,0.0,0.8375,12,43,4,2,0,64.05234336853027,530,0,0
INSTANCE_023,0.5,delay30,202,FR,631.7264,669.02,8.196666666666715,82,83,0.0,0.8193181818181818,17,43,4,2,0,28.120756149291992,550,0,0
INSTANCE_023,0.5,delay30,202,NR,598.317,636.7483333333333,46.363333333333344,80,83,0.0,1.0,0,43,4,4,0,0.0,0,1,0
INSTANCE_023,0.5,delay30,202,RG,639.1709000000001,680.34,10.846666666666806,81,83,0.0,0.7715909090909091,18,43,4,2,0,112.98203468322754,870,0,0
INSTANCE_023,0.5,delay30,202,SA,626.9339000000001,665.0716666666667,8.196666666666715,82,83,0.0,0.8170454545454545,20,43,4,2,0,79.27823066711426,630,0,0
INSTANCE_023,0.5,delay30,303,FR,618.6365000000001,659.4633333333334,16.196666666666715,82,83,0.0,0.803409090909091,14,43,4,2,0,26.226043701171875,520,0,0
INSTANCE_023,0.5,delay30,303,NR,598.317,636.7483333333333,46.363333333333344,80,83,0.0,1.0,0,43,4,4,0,0.0,0,1,0
INSTANCE_023,0.5,delay30,303,RG,629.7308,667.0033333333333,8.196666666666715,82,83,0.0,0.8624999999999999,12,43,4,2,0,88.96613121032715,730,0,0
INSTANCE_023,0.5,delay30,303,SA,629.2036,667.1650000000001,8.196666666666715,82,83,0.0,0.8670454545454546,13,43,4,2,0,82.54647254943848,680,0,0
INSTANCE_023,0.5,p85,101,FR,608.8433000000001,698.294208,0.0,83,83,0.0,0.9102272727272728,8,43,4,3,0,25.56133270263672,510,0,0
INSTANCE_023,0.5,p85,101,NR,598.317,686.342202,7.669481999999789,82,83,0.0,1.0,0,43,4,4,0,0.0,0,1,0
INSTANCE_023,0.5,p85,101,RG,607.0086000000001,696.803097,0.0,83,83,0.0,0.9704545454545456,3,43,4,3,0,48.14767837524414,410,0,0
INSTANCE_023,0.5,p85,101,SA,607.0086000000001,696.803097,0.0,83,83,0.0,0.9704545454545456,3,43,4,3,0,48.09427261352539,410,0,0
INSTANCE_023,0.5,p85,202,FR,608.0037000000001,697.34637,0.0,83,83,0.0,0.9590909090909092,8,43,4,3,0,37.29438781738281,700,0,0
INSTANCE_023,0.5,p85,202,NR,598.317,686.342202,7.669481999999789,82,83,0.0,1.0,0,43,4,4,0,0.0,0,1,0
INSTANCE_023,0.5,p85,202,RG,608.0037000000001,697.34637,0.0,83,83,0.0,0.9590909090909092,8,43,4,3,0,51.447391510009766,410,0,0
INSTANCE_023,0.5,p85,202,SA,608.0037000000001,697.34637,0.0,83,83,0.0,0.9590909090909092,8,43,4,3,0,49.53169822692871,410,0,0
INSTANCE_023,0.5,p85,303,FR,609.4975000000001,700.4769325,0.0,83,83,0.0,0.8681818181818182,10,43,4,3,0,24.833202362060547,490,0,0
INSTANCE_023,0.5,p85,303,NR,598.317,686.342202,7.669481999999789,82,83,0.0,1.0,0,43,4,4,0,0.0,0,1,0
INSTANCE_023,0.5,p85,303,RG,603.6623000000001,690.145113,0.0,83,83,0.0,0.9727272727272728,2,43,4,3,0,52.90794372558594,430,0,0
INSTANCE_023,0.5,p85,303,SA,603.6623000000001,690.145113,0.0,83,83,0.0,0.9727272727272728,2,43,4,3,0,52.58941650390625,430,0,0
INSTANCE_023,0.5,p95,101,FR,618.2494000000002,758.5155450000001,0.0,83,83,0.0,0.875,13,43,4,2,0,32.207489013671875,560,0,0
INSTANCE_023,0.5,p95,101,NR,598.317,730.1145966666667,18.744830000000093,81,83,0.0,1.0,0,43,4,4,0,0.0,0,1,0
INSTANCE_023,0.5,p95,101,RG,613.9863000000001,753.4364016666668,0.0,83,83,0.0,0.9045454545454544,10,43,4,2,0,74.94521141052246,550,0,0
INSTANCE_023,0.5,p95,101,SA,607.0086000000001,741.8207716666667,2.2717000000001235,82,83,0.0,0.9704545454545456,3,43,4,3,0,54.33416366577149,410,0,0
INSTANCE_023,0.5,p95,202,FR,623.4213000000001,767.4600975000001,0.0,83,83,0.0,0.7852272727272728,16,43,4,2,0,20.714282989501957,430,0,0
INSTANCE_023,0.5,p95,202,NR,598.317,730.1145966666667,18.744830000000093,81,83,0.0,1.0,0,43,4,4,0,0.0,0,1,0
INSTANCE_023,0.5,p95,202,RG,618.5564,758.7268166666668,0.0,83,83,0.0,0.925,13,43,4,2,0,49.38220977783203,440,0,0
INSTANCE_023,0.5,p95,202,SA,608.0037000000001,742.4287166666667,2.2717000000001235,82,83,0.0,0.9590909090909092,8,43,4,3,0,45.09115219116211,410,0,0
INSTANCE_023,0.5,p95,303,FR,617.2349000000002,757.1271883333334,0.0,83,83,0.0,0.8374999999999999,14,43,4,2,0,26.217937469482425,510,0,0
INSTANCE_023,0.5,p95,303,NR,598.317,730.1145966666667,18.744830000000093,81,83,0.0,1.0,0,43,4,4,0,0.0,0,1,0
INSTANCE_023,0.5,p95,303,RG,617.5613000000001,758.1188716666668,0.0,83,83,0.0,0.9363636363636364,8,43,4,2,0,56.40077590942383,450,0,0
INSTANCE_023,0.5,p95,303,SA,607.0086000000001,741.8207716666667,2.2717000000001235,82,83,0.0,0.9704545454545456,3,43,4,3,0,56.47039413452149,440,0,0
INSTANCE_023,0.75,delay20,101,FR,607.0086000000001,645.7983333333334,0.0,83,83,0.0,0.9333333333333332,3,23,4,3,0,22.820711135864254,490,0,0
INSTANCE_023,0.75,delay20,101,NR,598.317,636.7483333333333,17.694999999999823,82,83,0.0,1.0,0,23,4,4,0,0.0,0,1,0
INSTANCE_023,0.75,delay20,101,RG,608.7079000000001,646.0516666666667,0.1583333333330756,82,83,0.0,0.9333333333333332,3,23,4,3,0,59.26847457885742,520,0,0
INSTANCE_023,0.75,delay20,101,SA,608.7079000000001,646.0516666666667,0.1583333333330756,82,83,0.0,0.9333333333333332,3,23,4,3,0,47.14798927307129,440,0,0
INSTANCE_023,0.75,delay20,202,FR,607.0086000000001,645.7983333333334,0.0,83,83,0.0,0.9333333333333332,3,23,4,3,0,17.165422439575195,410,0,0
INSTANCE_023,0.75,delay20,202,NR,598.317,636.7483333333333,17.694999999999823,82,83,0.0,1.0,0,23,4,4,0,0.0,0,1,0
INSTANCE_023,0.75,delay20,202,RG,656.4828000000001,685.7600000000001,0.0,83,83,0.0,0.8333333333333333,5,23,4,3,0,42.17696189880371,410,0,0
INSTANCE_023,0.75,delay20,202,SA,607.0086000000001,645.7983333333334,0.0,83,83,0.0,0.9333333333333332,3,23,4,3,0,41.81241989135742,410,0,0
INSTANCE_023,0.75,delay20,303,FR,607.0086000000001,645.7983333333334,0.0,83,83,0.0,0.9333333333333332,3,23,4,3,0,20.4463005065918,440,0,0
INSTANCE_023,0.75,delay20,303,NR,598.317,636.7483333333333,17.694999999999823,82,83,0.0,1.0,0,23,4,4,0,0.0,0,1,0
INSTANCE_023,0.75,delay20,303,RG,657.3425000000001,685.1933333333334,0.0,83,83,0.0,0.8583333333333334,5,23,4,3,0,46.22030258178711,410,0,0
INSTANCE_023,0.75,delay20,303,SA,607.0086000000001,645.7983333333334,0.0,83,83,0.0,0.9333333333333332,3,23,4,3,0,46.317338943481445,430,0,0
INSTANCE_023,0.75,delay30,101,FR,617.5613000000001,658.3983333333334,0.0,83,83,0.0,0.8500000000000001,8,23,4,2,0,26.745080947875977,530,0,0
INSTANCE_023,0.75,delay30,101,NR,598.317,636.7483333333333,30.16666666666663,81,83,0.0,1.0,0,23,4,4,0,0.0,0,1,0
INSTANCE_023,0.75,delay30,101,RG,617.5834000000001,658.5133333333334,0.0,83,83,0.0,0.7583333333333333,7,23,4,2,0,70.19305229187012,510,0,0
INSTANCE_023,0.75,delay30,101,SA,607.0086000000001,645.7983333333334,2.471666666666806,82,83,0.0,0.9333333333333332,3,23,4,3,0,54.29434776306152,490,0,0
INSTANCE_023,0.75,delay30,202,FR,617.5613000000001,658.3983333333334,0.0,83,83,0.0,0.8500000000000001,8,23,4,2,0,17.32349395751953,420,0,0
INSTANCE_023,0.75,delay30,202,NR,598.317,636.7483333333333,30.16666666666663,81,83,0.0,1.0,0,23,4,4,0,0.0,0,1,0
INSTANCE_023,0.75,delay30,202,RG,617.5613000000001,658.3983333333334,0.0,83,83,0.0,0.8500000000000001,8,23,4,2,0,54.17847633361816,520,0,0
INSTANCE_023,0.75,delay30,202,SA,607.0086000000001,645.7983333333334,2.471666666666806,82,83,0.0,0.9333333333333332,3,23,4,3,0,42.49262809753418,410,0,0
INSTANCE_023,0.75,delay30,303,FR,617.5613000000001,658.3983333333334,0.0,83,83,0.0,0.8500000000000001,8,23,4,2,0,23.14424514770508,510,0,0
INSTANCE_023,0.75,delay30,303,NR,598.317,636.7483333333333,30.16666666666663,81,83,0.0,1.0,0,23,4,4,0,0.0,0,1,0
INSTANCE_023,0.75,delay30,303,RG,667.8952,697.7933333333334,6.629999999999427,81,83,0.0,0.775,10,23,4,2,0,53.4665584564209,480,0,0
INSTANCE_023,0.75,delay30,303,SA,607.0086000000001,645.7983333333334,2.471666666666806,82,83,0.0,0.9333333333333332,3,23,4,3,0,47.60408401489258,430,0,0
INSTANCE_023,0.75,p85,101,FR,603.6623000000001,668.2879330000001,0.0,83,83,0.0,0.9416666666666668,2,23,4,3,0,20.72715759277344,410,0,0
INSTANCE_023,0.75,p85,101,NR,598.317,664.4850220000001,3.270243833333097,82,83,0.0,1.0,0,23,4,4,0,0.0,0,1,0
INSTANCE_023,0.75,p85,101,RG,603.6623000000001,668.2879330000001,0.0,83,83,0.0,0.9416666666666668,2,23,4,3,0,47.18899726867676,410,0,0
INSTANCE_023,0.75,p85,101,SA,598.317,664.4850220000001,3.270243833333097,82,83,0.0,1.0,0,23,4,4,0,48.09236526489258,400,1,0
INSTANCE_023,0.75,p85,202,FR,603.6623000000001,668.2879330000001,0.0,83,83,0.0,0.9416666666666668,2,23,4,3,0,18.317222595214844,410,0,0
INSTANCE_023,0.75,p85,202,NR,598.317,664.4850220000001,3.270243833333097,82,83,0.0,1.0,0,23,4,4,0,0.0,0,1,0
INSTANCE_023,0.75,p85,202,RG,603.6623000000001,668.2879330000001,0.0,83,83,0.0,0.9416666666666668,2,23,4,3,0,43.08199882507324,410,0,0
INSTANCE_023,0.75,p85,202,SA,598.317,664.4850220000001,3.270243833333097,82,83,0.0,1.0,0,23,4,4,0,42.31548309326172,400,1,0
INSTANCE_023,0.75,p85,303,FR,603.6623000000001,668.2879330000001,0.0,83,83,0.0,0.9416666666666668,2,23,4,3,0,17.444133758544922,410,0,0
INSTANCE_023,0.75,p85,303,NR,598.317,664.4850220000001,3.270243833333097,82,83,0.0,1.0,0,23,4,4,0,0.0,0,1,0
INSTANCE_023,0.75,p85,303,RG,603.6623000000001,668.2879330000001,0.0,83,83,0.0,0.9416666666666668,2,23,4,3,0,42.39201545715332,410,0,0
INSTANCE_023,0.75,p85,303,SA,598.317,664.4850220000001,3.270243833333097,82,83,0.0,1.0,0,23,4,4,0,42.23513603210449,400,1,0
INSTANCE_023,0.75,p95,101,FR,603.6623000000001,693.2215116666667,0.0,83,83,0.0,0.9416666666666668,2,23,4,3,0,17.750978469848633,410,0,0
INSTANCE_023,0.75,p95,101,NR,598.317,688.9658966666667,8.191049166666517,82,83,0.0,1.0,0,23,4,4,0,0.0,0,1,0
INSTANCE_023,0.75,p95,101,RG,603.6623000000001,693.2215116666667,0.0,83,83,0.0,0.9416666666666668,2,23,4,3,0,43.3042049407959,410,0,0
INSTANCE_023,0.75,p95,101,SA,603.6623000000001,693.2215116666667,0.0,83,83,0.0,0.9416666666666668,2,23,4,3,0,42.95635223388672,410,0,0
INSTANCE_023,0.75,p95,202,FR,603.6623000000001,693.2215116666667,0.0,83,83,0.0,0.9416666666666668,2,23,4,3,0,19.378662109375,410,0,0
INSTANCE_023,0.75,p95,202,NR,598.317,688.9658966666667,8.191049166666517,82,83,0.0,1.0,0,23,4,4,0,0.0,0,1,0
INSTANCE_023,0.75,p95,202,RG,603.6623000000001,693.2215116666667,0.0,83,83,0.0,0.9416666666666668,2,23,4,3,0,45.52459716796875,410,0,0
INSTANCE_023,0.75,p95,202,SA,603.6623000000001,693.2215116666667,0.0,83,83,0.0,0.9416666666666668,2,23,4,3,0,44.26908493041992,410,0,0
INSTANCE_023,0.75,p95,303,FR,603.6623000000001,693.2215116666667,0.0,83,83,0.0,0.9416666666666668,2,23,4,3,0,17.836570739746094,410,0,0
INSTANCE_023,0.75,p95,303,NR,598.317,688.9658966666667,8.191049166666517,82,83,0.0,1.0,0,23,4,4,0,0.0,0,1,0
INSTANCE_023,0.75,p95,303,RG,603.6623000000001,693.2215116666667,0.0,83,83,0.0,0.9416666666666668,2,23,4,3,0,43.0138111114502,410,0,0
INSTANCE_023,0.75,p95,303,SA,603.6623000000001,693.2215116666667,0.0,83,83,0.0,0.9416666666666668,2,23,4,3,0,45.39346694946289,410,0,0
INSTANCE_048,0.25,delay20,101,FR,601.6353,632.0316666666666,79.05666666666627,72,80,0.0,0.7083110516934046,37,61,4,0,0,32.602787017822266,640,0,0
INSTANCE_048,0.25,delay20,101,NR,566.7154,600.3333333333333,104.37666666666668,71,80,0.0,1.0,0,61,4,4,0,0.0,0,1,0
INSTANCE_048,0.25,delay20,101,RG,573.5717,607.0966666666667,80.43999999999996,72,80,0.0,0.7491967999320941,28,61,4,1,0,76.28536224365234,610,0,0
INSTANCE_048,0.25,delay20,101,SA,566.7254,600.2716666666666,94.34500000000004,71,80,0.0,0.977124183006536,2,61,4,3,0,48.49386215209961,410,0,0
INSTANCE_048,0.25,delay20,202,FR,588.8982000000001,617.5350000000001,62.30666666666696,74,80,0.0,0.6771019013666072,38,61,4,0,0,30.488252639770508,630,0,0
INSTANCE_048,0.25,delay20,202,NR,566.7154,600.3333333333333,104.37666666666668,71,80,0.0,1.0,0,61,4,4,0,0.0,0,1,0
INSTANCE_048,0.25,delay20,202,RG,594.8465,622.6916666666667,85.52166666666677,71,80,0.0,0.8167780748663102,15,61,4,1,0,67.41833686828613,660,0,0
INSTANCE_048,0.25,delay20,202,SA,569.0346999999999,602.12,92.80500000000018,72,80,0.0,0.9555555555555556,2,61,4,3,0,47.147274017333984,430,0,0
INSTANCE_048,0.25,delay20,303,FR,573.0432000000001,603.5266666666666,59.37000000000047,74,80,0.0,0.7640660809778457,23,61,4,0,0,30.11798858642578,660,0,0
INSTANCE_048,0.25,delay20,303,NR,566.7154,600.3333333333333,104.37666666666668,71,80,0.0,1.0,0,61,4,4,0,0.0,0,1,0
INSTANCE_048,0.25,delay20,303,RG,590.6510000000001,622.9416666666666,81.94000000000062,72,80,0.0,0.8826277480689245,12,61,4,1,0,60.816764831542976,570,0,0
INSTANCE_048,0.25,delay20,303,SA,590.651,622.8316666666666,82.35666666666691,72,80,0.0,0.9246732026143792,10,61,4,2,0,58.61043930053711,560,0,0
INSTANCE_048,0.25,delay30,101,FR,582.2979,616.3916666666667,162.51833333333343,68,80,0.0,0.6854352346999406,30,61,4,0,0,22.401094436645508,480,0,0
INSTANCE_048,0.25,delay30,101,NR,566.7154,600.3333333333333,201.0816666666668,70,80,0.0,1.0,0,61,4,4,0,0.0,0,1,0
INSTANCE_048,0.25,delay30,101,RG,577.1483999999999,611.7266666666667,170.54666666666594,70,80,0.0,0.7807497241320771,18,61,4,0,0,48.01392555236816,450,0,0
INSTANCE_048,0.25,delay30,101,SA,566.7968,600.8066666666666,177.4966666666662,71,80,0.0,0.8894618453441983,12,61,4,2,0,47.04594612121582,420,0,0
INSTANCE_048,0.25,delay30,202,FR,578.0584,612.0566666666666,171.13499999999908,70,80,0.0,0.7756313131313131,23,61,4,1,0,22.61281013488769,450,0,0
INSTANCE_048,0.25,delay30,202,NR,566.7154,600.3333333333333,201.0816666666668,70,80,0.0,1.0,0,61,4,4,0,0.0,0,1,0
INSTANCE_048,0.25,delay30,202,RG,577.067,611.2533333333333,194.13166666666652,69,80,0.0,0.8912878787878789,6,61,4,2,0,50.76122283935547,450,0,0
INSTANCE_048,0.25,delay30,202,SA,566.7154,600.3333333333333,201.0816666666668,70,80,0.0,1.0,0,61,4,4,0,46.33975028991699,400,1,0
INSTANCE_048,0.25,delay30,303,FR,573.6499,605.0883333333334,145.89166666666665,71,80,0.0,0.7217097445038622,29,61,4,0,0,25.276899337768555,500,0,0
INSTANCE_048,0.25,delay30,303,NR,566.7154,600.3333333333333,201.0816666666668,70,80,0.0,1.0,0,61,4,4,0,0.0,0,1,0
INSTANCE_048,0.25,delay30,303,RG,610.6235,633.4566666666667,171.2416666666668,69,80,0.0,0.747057762498939,27,61,4,0,0,91.19176864624023,750,0,0
INSTANCE_048,0.25,delay30,303,SA,616.2599,640.6316666666667,179.15666666666584,67,80,0.0,0.8113254392666157,25,61,4,1,0,82.09633827209473,670,0,0
INSTANCE_048,0.25,p85,101,FR,567.8599,680.602988,48.72145866666585,74,80,0.0,0.8061868686868687,23,61,4,1,0,21.687746047973636,460,0,0
INSTANCE_048,0.25,p85,101,NR,566.7154,679.601208,59.560659666665856,74,80,0.0,1.0,0,61,4,4,0,0.0,0,1,0
INSTANCE_048,0.25,p85,101,RG,566.7254,679.6570765,49.546375333332776,75,80,0.0,0.9350787284610812,4,61,4,2,0,47.05643653869629,430,0,0
INSTANCE_048,0.25,p85,101,SA,566.7254,679.5299275,50.0903603333328,75,80,0.0,0.977124183006536,2,61,4,3,0,44.86417770385742,410,0,0
INSTANCE_048,0.25,p85,202,FR,589.8084,701.3128629999999,44.68505966666578,74,80,0.0,0.7253045157456922,33,61,4,0,0,25.5587100982666,510,0,0
INSTANCE_048,0.25,p85,202,NR,566.7154,679.601208,59.560659666665856,74,80,0.0,1.0,0,61,4,4,0,0.0,0,1,0
INSTANCE_048,0.25,p85,202,RG,566.7154,679.728357,59.01667466666584,74,80,0.0,0.9579545454545456,2,61,4,3,0,47.21784591674805,430,0,0
INSTANCE_048,0.25,p85,202,SA,566.7154,679.601208,59.560659666665856,74,80,0.0,1.0,0,61,4,4,0,45.79424858093262,400,1,0
INSTANCE_048,0.25,p85,303,FR,571.3306,683.0323045,39.2511593333328,75,80,0.0,0.7522653000594177,27,61,4,0,0,22.358417510986328,440,0,0
INSTANCE_048,0.25,p85,303,NR,566.7154,679.601208,59.560659666665856,74,80,0.0,1.0,0,61,4,4,0,0.0,0,1,0
INSTANCE_048,0.25,p85,303,RG,573.6758,686.7099929999999,49.546375333332776,75,80,0.0,0.9187388591800356,7,61,4,2,0,87.40830421447754,710,0,0
INSTANCE_048,0.25,p85,303,SA,583.7266999999999,695.9167365,51.12991416666591,74,80,0.0,0.9746732026143792,4,61,4,3,0,54.4891357421875,470,0,0
INSTANCE_048,0.25,p95,101,FR,567.7934,750.6358358333333,127.96599999999944,72,80,0.0,0.8138666072489602,23,61,4,1,0,24.760961532592773,430,0,0
INSTANCE_048,0.25,p95,101,NR,566.7154,749.5643866666667,164.84161083333242,70,80,0.0,1.0,0,61,4,4,0,0.0,0,1,0
INSTANCE_048,0.25,p95,101,RG,566.7968,750.3189283333334,141.85531999999955,71,80,0.0,0.8474163907987438,14,61,4,1,0,56.9603443145752,440,0,0
INSTANCE_048,0.25,p95,101,SA,566.7968,750.1766433333333,142.51167833333307,71,80,0.0,0.8894618453441983,12,61,4,2,0,53.82633209228516,420,0,0
INSTANCE_048,0.25,p95,202,FR,567.7834,750.7156016666667,138.58567666666602,72,80,0.0,0.8367424242424242,21,61,4,2,0,22.44877815246582,430,0,0
INSTANCE_048,0.25,p95,202,NR,566.7154,749.5643866666667,164.84161083333242,70,80,0.0,1.0,0,61,4,4,0,0.0,0,1,0
INSTANCE_048,0.25,p95,202,RG,573.9297,758.2006550000001,155.28517499999873,69,80,0.0,0.8934120617944148,10,61,4,2,0,63.11750411987305,530,0,0
INSTANCE_048,0.25,p95,202,SA,566.7154,749.5643866666667,164.84161083333242,70,80,0.0,1.0,0,61,4,4,0,45.654296875,400,1,0
INSTANCE_048,0.25,p95,303,FR,567.7834,750.7156016666667,138.58567666666602,72,80,0.0,0.8367424242424242,21,61,4,2,0,22.23420143127441,410,0,0
INSTANCE_048,0.25,p95,303,NR,566.7154,749.5643866666667,164.84161083333242,70,80,0.0,1.0,0,61,4,4,0,0.0,0,1,0
INSTANCE_048,0.25,p95,303,RG,566.9051,750.71129,162.9370249999988,70,80,0.0,0.8805735930735931,12,61,4,2,0,59.79585647583008,470,0,0
INSTANCE_048,0.25,p95,303,SA,566.7154,749.5643866666667,164.84161083333242,70,80,0.0,1.0,0,61,4,4,0,49.22676086425781,400,1,0
INSTANCE_048,0.5,delay20,101,FR,567.1576,599.6099999999999,64.27500000000032,74,80,0.0,0.6887445887445888,25,41,4,1,0,23.719072341918945,490,0,0
INSTANCE_048,0.5,delay20,101,NR,566.7154,600.3333333333333,97.78166666666664,72,80,0.0,1.0,0,41,4,4,0,0.0,0,1,0
INSTANCE_048,0.5,delay20,101,RG,569.4188,601.4116666666666,68.72000000000048,74,80,0.0,0.7136363636363636,26,41,4,1,0,69.29183006286621,520,0,0
INSTANCE_048,0.5,delay20,101,SA,572.0717999999999,603.3266666666666,66.99166666666667,74,80,0.0,0.8207792207792208,23,41,4,2,0,69.8385238647461,580,0,0
INSTANCE_048,0.5,delay20,202,FR,569.3118,601.2316666666666,64.37000000000023,74,80,0.0,0.6641233766233766,25,41,4,1,0,25.89273452758789,500,0,0
INSTANCE_048,0.5,delay20,202,NR,566.7154,600.3333333333333,97.78166666666664,72,80,0.0,1.0,0,41,4,4,0,0.0,0,1,0
INSTANCE_048,0.5,delay20,202,RG,569.4187999999999,601.525,68.83333333333348,74,80,0.0,0.6462662337662337,25,41,4,1,0,76.48468017578125,610,0,0
INSTANCE_048,0.5,delay20,202,SA,572.7488,602.0566666666666,65.18999999999983,74,80,0.0,0.8543290043290044,13,41,4,2,0,63.5981559753418,510,0,0
INSTANCE_048,0.5,delay20,303,FR,585.7404,613.3,64.56166666666672,73,80,0.0,0.6911796536796537,23,41,4,1,0,27.623414993286133,480,0,0
INSTANCE_048,0.5,delay20,303,NR,566.7154,600.3333333333333,97.78166666666664,72,80,0.0,1.0,0,41,4,4,0,0.0,0,1,0
INSTANCE_048,0.5,delay20,303,RG,569.354,601.0166666666667,64.15500000000031,74,80,0.0,0.6641233766233766,25,41,4,1,0,134.596586227417,1020,0,0
INSTANCE_048,0.5,delay20,303,SA,566.7254,600.2716666666666,79.96333333333348,73,80,0.0,0.928030303030303,8,41,4,3,0,78.08494567871094,600,0,0
INSTANCE_048,0.5,delay30,101,FR,569.3118000000001,601.2283333333332,129.32333333333372,72,80,0.0,0.6868506493506493,26,41,4,1,0,26.12495422363281,520,0,0
INSTANCE_048,0.5,delay30,101,NR,566.7154,600.3333333333333,184.4866666666668,71,80,0.0,1.0,0,41,4,4,0,0.0,0,1,0
INSTANCE_048,0.5,delay30,101,RG,569.4813,601.6016666666667,138.881666666667,72,80,0.0,0.6957792207792208,26,41,4,1,0,58.923959732055664,500,0,0
INSTANCE_048,0.5,delay30,101,SA,569.4187999999999,601.3016666666666,138.91833333333363,72,80,0.0,0.7880411255411255,24,41,4,2,0,56.78081512451172,480,0,0
INSTANCE_048,0.5,delay30,202,FR,569.3117,601.2316666666666,129.33000000000038,72,80,0.0,0.6868506493506493,26,41,4,1,0,28.111934661865234,490,0,0
INSTANCE_048,0.5,delay30,202,NR,566.7154,600.3333333333333,184.4866666666668,71,80,0.0,1.0,0,41,4,4,0,0.0,0,1,0
INSTANCE_048,0.5,delay30,202,RG,569.4187999999999,601.525,138.72833333333335,72,80,0.0,0.6462662337662337,25,41,4,1,0,84.49101448059082,610,0,0
INSTANCE_048,0.5,delay30,202,SA,569.3118,600.9849999999999,129.8499999999998,72,80,0.0,0.8045995670995671,23,41,4,2,0,83.52398872375488,640,0,0
INSTANCE_048,0.5,delay30,303,FR,571.9953,603.7316666666666,130.0300000000003,71,80,0.0,0.6570887445887446,24,41,4,1,0,34.67369079589844,730,0,0
INSTANCE_048,0.5,delay30,303,NR,566.7154,600.3333333333333,184.4866666666668,71,80,0.0,1.0,0,41,4,4,0,0.0,0,1,0
INSTANCE_048,0.5,delay30,303,RG,573.3095000000001,603.9733333333332,130.30500000000006,71,80,0.0,0.6443722943722944,26,41,4,1,0,101.81307792663574,850,0,0
INSTANCE_048,0.5,delay30,303,SA,571.5371,601.8433333333332,131.18999999999983,72,80,0.0,0.8029220779220779,23,41,4,2,0,79.19979095458984,570,0,0
INSTANCE_048,0.5,p85,101,FR,567.1477,657.2076368333333,17.904755666666574,78,80,0.0,0.7198593073593074,26,41,4,1,0,23.41151237487793,470,0,0
INSTANCE_048,0.5,p85,101,NR,566.7154,658.0880473333333,28.59151449999968,76,80,0.0,1.0,0,41,4,4,0,0.0,0,1,0
INSTANCE_048,0.5,p85,101,RG,567.4203,658.1381363333333,17.9156026666667,78,80,0.0,0.7543831168831169,25,41,4,1,0,82.46755599975586,600,0,0
INSTANCE_048,0.5,p85,101,SA,569.934,659.7409843333332,17.970256666666728,78,80,0.0,0.8656926406926407,24,41,4,2,0,72.36433029174805,580,0,0
INSTANCE_048,0.5,p85,202,FR,570.3169,659.2766978333333,17.904755666666574,78,80,0.0,0.7198593073593074,19,41,4,1,0,26.890039443969727,560,0,0
INSTANCE_048,0.5,p85,202,NR,566.7154,658.0880473333333,28.59151449999968,76,80,0.0,1.0,0,41,4,4,0,0.0,0,1,0
INSTANCE_048,0.5,p85,202,RG,570.453,659.9509728333333,19.82551816666671,77,80,0.0,0.7049783549783549,20,41,4,1,0,66.07389450073242,580,0,0
INSTANCE_048,0.5,p85,202,SA,568.4442999999999,658.5504073333333,17.970256666666728,78,80,0.0,0.8436688311688312,17,41,4,2,0,55.80306053161621,490,0,0
INSTANCE_048,0.5,p85,303,FR,577.5978,666.6667518333334,17.904755666666574,78,80,0.0,0.6909090909090909,22,41,4,1,0,20.97296714782715,450,0,0
INSTANCE_048,0.5,p85,303,NR,566.7154,658.0880473333333,28.59151449999968,76,80,0.0,1.0,0,41,4,4,0,0.0,0,1,0
INSTANCE_048,0.5,p85,303,RG,575.6387,666.2583338333333,25.345118666666508,77,80,0.0,0.8278138528138528,21,41,4,1,0,64.41044807434082,560,0,0
INSTANCE_048,0.5,p85,303,SA,566.7154,658.0880473333333,28.59151449999968,76,80,0.0,1.0,0,41,4,4,0,42.35529899597168,400,1,0
INSTANCE_048,0.5,p95,101,FR,567.1576,708.1277116666666,60.7575741666667,75,80,0.0,0.6887445887445888,25,41,4,1,0,27.045011520385746,570,0,0
INSTANCE_048,0.5,p95,101,NR,566.7154,709.0633433333334,84.46343416666662,73,80,0.0,1.0,0,41,4,4,0,0.0,0,1,0
INSTANCE_048,0.5,p95,101,RG,567.2937,708.4834241666666,66.6245816666667,75,80,0.0,0.7155303030303031,25,41,4,1,0,68.60685348510742,600,0,0
INSTANCE_048,0.5,p95,101,SA,569.9367,711.0402425,64.38898250000045,75,80,0.0,0.8567640692640692,23,41,4,2,0,66.00069999694824,560,0,0
INSTANCE_048,0.5,p95,202,FR,570.346,710.7686074999999,60.880456666666646,75,80,0.0,0.7228354978354978,20,41,4,1,0,21.70062065124512,470,0,0
INSTANCE_048,0.5,p95,202,NR,566.7154,709.0633433333334,84.46343416666662,73,80,0.0,1.0,0,41,4,4,0,0.0,0,1,0
INSTANCE_048,0.5,p95,202,RG,570.453,711.1480341666667,66.77117833333341,75,80,0.0,0.7049783549783549,20,41,4,1,0,67.84868240356445,580,0,0
INSTANCE_048,0.5,p95,202,SA,572.4474,711.1480341666667,62.05852666666669,75,80,0.0,0.8656926406926407,14,41,4,2,0,65.17195701599121,530,0,0
INSTANCE_048,0.5,p95,303,FR,567.1476,708.2204125,66.42529249999984,74,80,0.0,0.7517857142857143,17,41,4,2,0,20.68042755126953,430,0,0
INSTANCE_048,0.5,p95,303,NR,566.7154,709.0633433333334,84.46343416666662,73,80,0.0,1.0,0,41,4,4,0,0.0,0,1,0
INSTANCE_048,0.5,p95,303,RG,567.2189,708.0522575,60.60235416666683,75,80,0.0,0.7228354978354978,26,41,4,1,0,118.0551052093506,880,0,0
INSTANCE_048,0.5,p95,303,SA,566.7154,709.0633433333334,84.46343416666662,73,80,0.0,1.0,0,41,4,4,0,46.09131813049317,400,1,0
INSTANCE_048,0.75,delay20,101,FR,566.7445,600.6416666666667,64.4333333333334,74,80,0.0,0.6726190476190476,9,22,4,2,0,28.57637405395508,400,0,0
INSTANCE_048,0.75,delay20,101,NR,566.7154,600.3333333333333,66.60500000000013,74,80,0.0,1.0,0,22,4,4,0,0.0,0,1,0
INSTANCE_048,0.75,delay20,101,RG,566.7154,600.5566666666666,64.26333333333334,74,80,0.0,0.6592261904761905,9,22,4,2,0,80.43146133422852,500,0,0
INSTANCE_048,0.75,delay20,101,SA,566.7154,600.3333333333333,66.60500000000013,74,80,0.0,1.0,0,22,4,4,0,71.52175903320312,400,1,0
INSTANCE_048,0.75,delay20,202,FR,566.7445,600.6416666666667,64.4333333333334,74,80,0.0,0.6726190476190476,9,22,4,2,0,25.200366973876957,400,0,0
INSTANCE_048,0.75,delay20,202,NR,566.7154,600.3333333333333,66.60500000000013,74,80,0.0,1.0,0,22,4,4,0,0.0,0,1,0
INSTANCE_048,0.75,delay20,202,RG,566.8351,600.8683333333333,64.886666666667,74,80,0.0,0.6904761904761905,9,22,4,2,0,92.91458129882814,600,0,0
INSTANCE_048,0.75,delay20,202,SA,566.7154,600.3333333333333,66.60500000000013,74,80,0.0,1.0,0,22,4,4,0,61.83600425720215,400,1,0
INSTANCE_048,0.75,delay20,303,FR,566.7445,600.6416666666667,64.4333333333334,74,80,0.0,0.6726190476190476,9,22,4,2,0,20.531177520751957,400,0,0
INSTANCE_048,0.75,delay20,303,NR,566.7154,600.3333333333333,66.60500000000013,74,80,0.0,1.0,0,22,4,4,0,0.0,0,1,0
INSTANCE_048,0.75,delay20,303,RG,566.7153000000001,600.6566666666666,65.77666666666676,74,80,0.0,0.6592261904761905,9,22,4,2,0,56.35380744934082,470,0,0
INSTANCE_048,0.75,delay20,303,SA,566.7154,600.3333333333333,66.60500000000013,74,80,0.0,1.0,0,22,4,4,0,44.1429615020752,400,1,0
INSTANCE_048,0.75,delay30,101,FR,566.7445,600.6416666666667,128.17166666666662,73,80,0.0,0.6726190476190476,9,22,4,2,0,17.592668533325195,400,0,0
INSTANCE_048,0.75,delay30,101,NR,566.7154,600.3333333333333,133.3100000000003,73,80,0.0,1.0,0,22,4,4,0,0.0,0,1,0
INSTANCE_048,0.75,delay30,101,RG,566.7779,600.6333333333333,128.14666666666665,73,80,0.0,0.6770833333333334,9,22,4,2,0,59.2951774597168,520,0,0
INSTANCE_048,0.75,delay30,101,SA,566.7154,600.3333333333333,133.3100000000003,73,80,0.0,1.0,0,22,4,4,0,42.6180362701416,400,1,0
INSTANCE_048,0.75,delay30,202,FR,566.7445,600.6416666666667,128.17166666666662,73,80,0.0,0.6726190476190476,9,22,4,2,0,17.971277236938477,400,0,0
INSTANCE_048,0.75,delay30,202,NR,566.7154,600.3333333333333,133.3100000000003,73,80,0.0,1.0,0,22,4,4,0,0.0,0,1,0
INSTANCE_048,0.75,delay30,202,RG,566.7445,600.6416666666667,130.46166666666682,73,80,0.0,0.7083333333333334,9,22,4,2,0,46.54526710510254,430,0,0
INSTANCE_048,0.75,delay30,202,SA,566.7154,600.3333333333333,133.3100000000003,73,80,0.0,1.0,0,22,4,4,0,44.03257369995117,400,1,0
INSTANCE_048,0.75,delay30,303,FR,566.7445,600.6416666666667,128.17166666666662,73,80,0.0,0.6726190476190476,9,22,4,2,0,17.11416244506836,400,0,0
INSTANCE_048,0.75,delay30,303,NR,566.7154,600.3333333333333,133.3100000000003,73,80,0.0,1.0,0,22,4,4,0,0.0,0,1,0
INSTANCE_048,0.75,delay30,303,RG,566.7154,600.6666666666666,129.75999999999976,73,80,0.0,0.6547619047619048,9,22,4,2,0,52.42490768432617,480,0,0
INSTANCE_048,0.75,delay30,303,SA,566.7154,600.3333333333333,133.3100000000003,73,80,0.0,1.0,0,22,4,4,0,41.63312911987305,400,1,0
INSTANCE_048,0.75,p85,101,FR,566.7155,635.3593863333333,9.326098333333562,78,80,0.0,0.8541666666666666,2,22,4,3,0,19.57106590270996,430,0,0
INSTANCE_048,0.75,p85,101,NR,566.7154,635.3593863333333,9.391599333333716,78,80,0.0,1.0,0,22,4,4,0,0.0,0,1,0
INSTANCE_048,0.75,p85,101,RG,566.7155,635.3593863333333,9.326098333333562,78,80,0.0,0.8541666666666666,2,22,4,3,0,45.54247856140137,430,0,0
INSTANCE_048,0.75,p85,101,SA,566.7154,635.3593863333333,9.391599333333716,78,80,0.0,1.0,0,22,4,4,0,42.77849197387695,400,1,0
INSTANCE_048,0.75,p85,202,FR,566.7155,635.3593863333333,9.326098333333562,78,80,0.0,0.8541666666666666,2,22,4,3,0,18.259525299072266,420,0,0
INSTANCE_048,0.75,p85,202,NR,566.7154,635.3593863333333,9.391599333333716,78,80,0.0,1.0,0,22,4,4,0,0.0,0,1,0
INSTANCE_048,0.75,p85,202,RG,566.7155,635.3593863333333,9.326098333333562,78,80,0.0,0.8541666666666666,2,22,4,3,0,43.12539100646973,410,0,0
INSTANCE_048,0.75,p85,202,SA,566.7154,635.3593863333333,9.391599333333716,78,80,0.0,1.0,0,22,4,4,0,42.79780387878418,400,1,0
INSTANCE_048,0.75,p85,303,FR,566.7155,635.3593863333333,9.326098333333562,78,80,0.0,0.8541666666666666,2,22,4,3,0,27.0993709564209,440,0,0
INSTANCE_048,0.75,p85,303,NR,566.7154,635.3593863333333,9.391599333333716,78,80,0.0,1.0,0,22,4,4,0,0.0,0,1,0
INSTANCE_048,0.75,p85,303,RG,566.7155,635.3593863333333,9.326098333333562,78,80,0.0,0.8541666666666666,2,22,4,3,0,45.456647872924805,440,0,0
INSTANCE_048,0.75,p85,303,SA,566.7154,635.3593863333333,9.391599333333716,78,80,0.0,1.0,0,22,4,4,0,42.23465919494629,400,1,0
INSTANCE_048,0.75,p95,101,FR,566.7154,666.4162633333333,26.35653583333351,76,80,0.0,0.8333333333333334,2,22,4,3,0,23.026466369628903,400,0,0
INSTANCE_048,0.75,p95,101,NR,566.7154,666.2739783333333,26.465312500000323,76,80,0.0,1.0,0,22,4,4,0,0.0,0,1,0
INSTANCE_048,0.75,p95,101,RG,566.7154,666.4162633333333,26.35653583333351,76,80,0.0,0.8333333333333334,2,22,4,3,0,51.8345832824707,410,0,0
INSTANCE_048,0.75,p95,101,SA,566.7154,666.2739783333333,26.465312500000323,76,80,0.0,1.0,0,22,4,4,0,52.88267135620117,400,1,0
INSTANCE_048,0.75,p95,202,FR,566.7154,666.4162633333333,26.35653583333351,76,80,0.0,0.8333333333333334,2,22,4,3,0,19.0732479095459,400,0,0
INSTANCE_048,0.75,p95,202,NR,566.7154,666.2739783333333,26.465312500000323,76,80,0.0,1.0,0,22,4,4,0,0.0,0,1,0
INSTANCE_048,0.75,p95,202,RG,566.7154,666.4162633333333,26.35653583333351,76,80,0.0,0.8333333333333334,2,22,4,3,0,46.1735725402832,410,0,0
INSTANCE_048,0.75,p95,202,SA,566.7154,666.2739783333333,26.465312500000323,76,80,0.0,1.0,0,22,4,4,0,44.944047927856445,400,1,0
INSTANCE_048,0.75,p95,303,FR,566.7154,666.4162633333333,26.35653583333351,76,80,0.0,0.8333333333333334,2,22,4,3,0,16.841411590576172,400,0,0
INSTANCE_048,0.75,p95,303,NR,566.7154,666.2739783333333,26.465312500000323,76,80,0.0,1.0,0,22,4,4,0,0.0,0,1,0
INSTANCE_048,0.75,p95,303,RG,566.7154,666.4162633333333,26.35653583333351,76,80,0.0,0.8333333333333334,2,22,4,3,0,42.33813285827637,410,0,0
INSTANCE_048,0.75,p95,303,SA,566.7154,666.2739783333333,26.465312500000323,76,80,0.0,1.0,0,22,4,4,0,41.42570495605469,400,1,0
INSTANCE_053,0.25,delay20,101,FR,377.185,412.0466666666667,0.0,47,47,0.0,0.8008491508491508,22,36,5,2,0,22.0637321472168,600,0,0
INSTANCE_053,0.25,delay20,101,NR,311.80659999999995,350.6666666666667,36.89166666666688,44,47,0.0,1.0,0,36,5,5,0,0.0,0,1,0
INSTANCE_053,0.25,delay20,101,RG,428.0169,466.38499999999993,0.0,47,47,0.0,0.7523243423243423,27,36,5,2,0,40.07339477539063,520,0,0
INSTANCE_053,0.25,delay20,101,SA,326.097,371.43666666666667,14.561666666666724,46,47,0.0,0.9030303030303032,5,36,5,3,0,35.70151329040527,490,0,0
INSTANCE_053,0.25,delay20,202,FR,372.7438,407.3816666666667,0.0,47,47,0.0,0.7701465201465202,19,36,5,2,0,27.726173400878903,720,0,0
INSTANCE_053,0.25,delay20,202,NR,311.80659999999995,350.6666666666667,36.89166666666688,44,47,0.0,1.0,0,36,5,5,0,0.0,0,1,0
INSTANCE_053,0.25,delay20,202,RG,433.1297,471.7133333333333,0.0,47,47,0.0,0.7315184815184816,27,36,5,2,0,50.76885223388672,670,0,0
INSTANCE_053,0.25,delay20,202,SA,312.06699999999995,351.44000000000005,25.216666666666924,44,47,0.0,0.9712121212121212,2,36,5,4,0,30.9443473815918,410,0,0
INSTANCE_053,0.25,delay20,303,FR,383.9832,419.7433333333333,0.0,47,47,0.0,0.842174492174492,20,36,5,2,0,18.36729049682617,550,0,0
INSTANCE_053,0.25,delay20,303,NR,311.80659999999995,350.6666666666667,36.89166666666688,44,47,0.0,1.0,0,36,5,5,0,0.0,0,1,0
INSTANCE_053,0.25,delay20,303,RG,397.7607,430.9816666666666,0.0,47,47,0.0,0.7892940392940393,27,36,5,2,0,47.11484909057617,640,0,0
INSTANCE_053,0.25,delay20,303,SA,385.0538,418.52,0.0,47,47,0.0,0.861954711954712,22,36,5,2,0,42.09756851196289,600,0,0
INSTANCE_053,0.25,delay30,101,FR,377.559,411.9383333333333,0.0,47,47,0.0,0.8081918081918082,21,36,5,2,0,17.858266830444336,540,0,0
INSTANCE_053,0.25,delay30,101,NR,311.80659999999995,350.6666666666667,66.89166666666688,44,47,0.0,1.0,0,36,5,5,0,0.0,0,1,0
INSTANCE_053,0.25,delay30,101,RG,427.9796,466.83,0.0,47,47,0.0,0.6995970695970696,28,36,5,2,0,41.5639877319336,580,0,0
INSTANCE_053,0.25,delay30,101,SA,428.5978,463.89833333333326,0.0,47,47,0.0,0.7786879786879787,29,36,5,2,0,35.57229042053223,510,0,0
INSTANCE_053,0.25,delay30,202,FR,391.7899,422.0133333333333,0.0,47,47,0.0,0.7790875790875791,26,36,5,2,0,26.35979652404785,760,0,0
INSTANCE_053,0.25,delay30,202,NR,311.80659999999995,350.6666666666667,66.89166666666688,44,47,0.0,1.0,0,36,5,5,0,0.0,0,1,0
INSTANCE_053,0.25,delay30,202,RG,433.4261,468.945,0.0,47,47,0.0,0.7392107892107893,30,36,5,2,0,45.56155204772949,640,0,0
INSTANCE_053,0.25,delay30,202,SA,413.6226,447.94999999999993,0.0,47,47,0.0,0.787928737928738,28,36,5,2,0,50.25911331176758,660,0,0
INSTANCE_053,0.25,delay30,303,FR,393.2335,427.1766666666667,0.0,47,47,0.0,0.8179986679986679,23,36,5,2,0,17.23313331604004,520,0,0
INSTANCE_053,0.25,delay30,303,NR,311.80659999999995,350.6666666666667,66.89166666666688,44,47,0.0,1.0,0,36,5,5,0,0.0,0,1,0
INSTANCE_053,0.25,delay30,303,RG,390.3788,422.5683333333333,0.0,47,47,0.0,0.7556110556110556,25,36,5,2,0,53.63798141479492,720,0,0
INSTANCE_053,0.25,delay30,303,SA,416.1991,446.13999999999993,0.0,47,47,0.0,0.7792540792540793,26,36,5,2,0,55.73081970214844,750,0,0
INSTANCE_053,0.25,p85,101,FR,311.5258,389.49244316666665,0.0,47,47,0.0,0.9651515151515152,2,36,5,4,0,14.098167419433594,410,0,0
INSTANCE_053,0.25,p85,101,NR,311.80659999999995,389.9355381666666,1.9803161666666256,46,47,0.0,1.0,0,36,5,5,0,0.0,0,1,0
INSTANCE_053,0.25,p85,101,RG,311.8065,390.0164511666666,0.0,47,47,0.0,0.9696969696969696,3,36,5,4,0,30.474662780761715,430,0,0
INSTANCE_053,0.25,p85,101,SA,312.06699999999995,390.82943416666666,0.0,47,47,0.0,0.9712121212121212,2,36,5,4,0,29.5257568359375,410,0,0
INSTANCE_053,0.25,p85,202,FR,312.06699999999995,390.82943416666666,0.0,47,47,0.0,0.9712121212121212,2,36,5,4,0,13.063430786132812,410,0,0
INSTANCE_053,0.25,p85,202,NR,311.80659999999995,389.9355381666666,1.9803161666666256,46,47,0.0,1.0,0,36,5,5,0,0.0,0,1,0
INSTANCE_053,0.25,p85,202,RG,312.06699999999995,390.82943416666666,0.0,47,47,0.0,0.9712121212121212,2,36,5,4,0,27.996301651000977,410,0,0
INSTANCE_053,0.25,p85,202,SA,312.06699999999995,390.82943416666666,0.0,47,47,0.0,0.9712121212121212,2,36,5,4,0,28.17845344543457,410,0,0
INSTANCE_053,0.25,p85,303,FR,312.4209,391.0798791666667,0.0,47,47,0.0,0.968181818181818,4,36,5,4,0,13.217449188232422,410,0,0
INSTANCE_053,0.25,p85,303,NR,311.80659999999995,389.9355381666666,1.9803161666666256,46,47,0.0,1.0,0,36,5,5,0,0.0,0,1,0
INSTANCE_053,0.25,p85,303,RG,312.4209,391.0798791666667,0.0,47,47,0.0,0.968181818181818,4,36,5,4,0,28.425931930541992,410,0,0
INSTANCE_053,0.25,p85,303,SA,312.4209,391.0798791666667,0.0,47,47,0.0,0.968181818181818,4,36,5,4,0,28.243064880371094,410,0,0
INSTANCE_053,0.25,p95,101,FR,311.8065,424.6854591666667,1.4833750000001371,46,47,0.0,0.9696969696969696,3,36,5,4,0,15.544652938842772,430,0,0
INSTANCE_053,0.25,p95,101,NR,311.80659999999995,424.5949141666667,9.789392500000304,45,47,0.0,1.0,0,36,5,5,0,0.0,0,1,0
INSTANCE_053,0.25,p95,101,RG,311.8065,424.6854591666667,1.4833750000001371,46,47,0.0,0.9696969696969696,3,36,5,4,0,31.20088577270508,430,0,0
INSTANCE_053,0.25,p95,101,SA,312.06699999999995,425.59522083333337,1.4833750000001371,46,47,0.0,0.9712121212121212,2,36,5,4,0,30.190467834472656,410,0,0
INSTANCE_053,0.25,p95,202,FR,312.06699999999995,425.59522083333337,1.4833750000001371,46,47,0.0,0.9712121212121212,2,36,5,4,0,14.907360076904297,410,0,0
INSTANCE_053,0.25,p95,202,NR,311.80659999999995,424.5949141666667,9.789392500000304,45,47,0.0,1.0,0,36,5,5,0,0.0,0,1,0
INSTANCE_053,0.25,p95,202,RG,311.8108,424.5561091666667,1.4833750000001371,46,47,0.0,0.9666666666666666,5,36,5,4,0,41.53800010681152,470,0,0
INSTANCE_053,0.25,p95,202,SA,312.097,425.2157941666667,1.4833750000001371,46,47,0.0,0.9742424242424242,6,36,5,4,0,42.99616813659668,500,0,0
INSTANCE_053,0.25,p95,303,FR,312.4209,425.8754791666667,1.4833750000001371,46,47,0.0,0.968181818181818,4,36,5,4,0,13.170003890991213,410,0,0
INSTANCE_053,0.25,p95,303,NR,311.80659999999995,424.5949141666667,9.789392500000304,45,47,0.0,1.0,0,36,5,5,0,0.0,0,1,0
INSTANCE_053,0.25,p95,303,RG,312.4209,425.8754791666667,1.4833750000001371,46,47,0.0,0.968181818181818,4,36,5,4,0,29.7396183013916,410,0,0
INSTANCE_053,0.25,p95,303,SA,312.4209,425.8754791666667,1.4833750000001371,46,47,0.0,0.968181818181818,4,36,5,4,0,29.976844787597656,410,0,0
INSTANCE_053,0.5,delay20,101,FR,315.38039999999995,358.225,0.7200000000000273,46,47,0.0,0.7015873015873015,14,24,5,2,1,14.255285263061523,490,0,1
INSTANCE_053,0.5,delay20,101,NR,311.80659999999995,350.6666666666667,22.330000000000155,45,47,0.0,1.0,0,24,5,5,0,0.0,0,1,0
INSTANCE_053,0.5,delay20,101,RG,325.6098,370.55000000000007,0.0,47,47,0.0,0.7476190476190476,10,24,5,3,0,33.676862716674805,500,0,0
INSTANCE_053,0.5,delay20,101,SA,312.3456,351.6516666666667,7.516666666666765,46,47,0.0,0.9357142857142856,8,24,5,4,0,31.352519989013672,470,0,0
INSTANCE_053,0.5,delay20,202,FR,315.5632,357.9616666666667,0.7200000000000273,46,47,0.0,0.7087301587301587,13,24,5,2,1,12.92109489440918,450,0,1
INSTANCE_053,0.5,delay20,202,NR,311.80659999999995,350.6666666666667,22.330000000000155,45,47,0.0,1.0,0,24,5,5,0,0.0,0,1,0
INSTANCE_053,0.5,delay20,202,RG,325.4329,369.6783333333333,0.0,47,47,0.0,0.7904761904761906,9,24,5,3,0,42.01960563659668,600,0,0
INSTANCE_053,0.5,delay20,202,SA,312.4209,351.6566666666667,7.516666666666765,46,47,0.0,0.9607142857142856,4,24,5,4,0,34.635305404663086,510,0,0
INSTANCE_053,0.5,delay20,303,FR,315.4308,357.54833333333335,0.7200000000000273,46,47,0.0,0.7123015873015873,14,24,5,2,1,15.775442123413086,520,0,1
INSTANCE_053,0.5,delay20,303,NR,311.80659999999995,350.6666666666667,22.330000000000155,45,47,0.0,1.0,0,24,5,5,0,0.0,0,1,0
INSTANCE_053,0.5,delay20,303,RG,325.5955,370.8116666666667,0.0,47,47,0.0,0.7476190476190476,10,24,5,3,0,29.09374237060547,440,0,0
INSTANCE_053,0.5,delay20,303,SA,312.7776,352.75166666666667,7.516666666666765,46,47,0.0,0.925,7,24,5,4,0,27.363061904907227,400,0,0
INSTANCE_053,0.5,delay30,101,FR,326.4638,370.595,0.0383333333334121,46,47,0.0,0.7523809523809524,7,24,5,3,0,15.68293571472168,490,0,0
INSTANCE_053,0.5,delay30,101,NR,311.80659999999995,350.6666666666667,42.33000000000016,45,47,0.0,1.0,0,24,5,5,0,0.0,0,1,0
INSTANCE_053,0.5,delay30,101,RG,326.6491,370.65,0.0383333333334121,46,47,0.0,0.7642857142857142,11,24,5,3,0,35.775184631347656,490,0,0
INSTANCE_053,0.5,delay30,101,SA,327.1414,370.765,0.0383333333334121,46,47,0.0,0.85,8,24,5,3,0,35.71581840515137,500,0,0
INSTANCE_053,0.5,delay30,202,FR,326.5932,370.21833333333336,0.0383333333334121,46,47,0.0,0.7892857142857143,8,24,5,3,0,13.46111297607422,460,0,0
INSTANCE_053,0.5,delay30,202,NR,311.80659999999995,350.6666666666667,42.33000000000016,45,47,0.0,1.0,0,24,5,5,0,0.0,0,1,0
INSTANCE_053,0.5,delay30,202,RG,326.6882,371.025,0.0383333333334121,46,47,0.0,0.7821428571428571,9,24,5,3,0,32.541751861572266,480,0,0
INSTANCE_053,0.5,delay30,202,SA,327.6678,372.53,0.0383333333334121,46,47,0.0,0.8321428571428571,11,24,5,3,0,31.868696212768555,460,0,0
INSTANCE_053,0.5,delay30,303,FR,326.4638,370.34333333333336,0.0383333333334121,46,47,0.0,0.7523809523809524,8,24,5,3,0,16.6780948638916,530,0,0
INSTANCE_053,0.5,delay30,303,NR,311.80659999999995,350.6666666666667,42.33000000000016,45,47,0.0,1.0,0,24,5,5,0,0.0,0,1,0
INSTANCE_053,0.5,delay30,303,RG,326.7154,371.08333333333337,0.0383333333334121,46,47,0.0,0.7571428571428571,11,24,5,3,0,28.905630111694336,420,0,0
INSTANCE_053,0.5,delay30,303,SA,327.4019,371.46833333333336,0.0383333333334121,46,47,0.0,0.8607142857142858,7,24,5,3,0,34.38711166381836,490,0,0
INSTANCE_053,0.5,p85,101,FR,301.50969999999995,362.519843,0.0,47,47,0.0,0.8432539682539681,13,24,5,3,0,15.031576156616213,490,0,0
INSTANCE_053,0.5,p85,101,NR,311.80659999999995,376.949328,0.0,47,47,0.0,1.0,0,24,5,5,0,0.0,0,1,0
INSTANCE_053,0.5,p85,101,RG,311.5004,376.571734,0.0,47,47,0.0,0.9071428571428573,7,24,5,4,0,33.788442611694336,490,0,0
INSTANCE_053,0.5,p85,101,SA,311.80659999999995,376.949328,0.0,47,47,0.0,1.0,0,24,5,5,0,26.052474975585938,400,1,0
INSTANCE_053,0.5,p85,202,FR,301.3515,362.3445315,0.0,47,47,0.0,0.8253968253968254,11,24,5,3,0,15.198945999145508,500,0,0
INSTANCE_053,0.5,p85,202,NR,311.80659999999995,376.949328,0.0,47,47,0.0,1.0,0,24,5,5,0,0.0,0,1,0
INSTANCE_053,0.5,p85,202,RG,311.34219999999993,376.3964225,0.0,47,47,0.0,0.8892857142857142,5,24,5,4,0,34.31534767150879,500,0,0
INSTANCE_053,0.5,p85,202,SA,311.80659999999995,376.949328,0.0,47,47,0.0,1.0,0,24,5,5,0,25.62236785888672,400,1,0
INSTANCE_053,0.5,p85,303,FR,301.81589999999994,362.897437,0.0,47,47,0.0,0.9361111111111112,6,24,5,4,0,11.797428131103516,400,0,0
INSTANCE_053,0.5,p85,303,NR,311.80659999999995,376.949328,0.0,47,47,0.0,1.0,0,24,5,5,0,0.0,0,1,0
INSTANCE_053,0.5,p85,303,RG,311.80659999999995,376.949328,0.0,47,47,0.0,1.0,0,24,5,5,0,26.25441551208496,400,1,0
INSTANCE_053,0.5,p85,303,SA,311.80659999999995,376.949328,0.0,47,47,0.0,1.0,0,24,5,5,0,26.044130325317383,400,1,0
INSTANCE_053,0.5,p95,101,FR,301.50969999999995,383.99966166666667,0.0,47,47,0.0,0.8432539682539681,13,24,5,3,0,14.680624008178713,490,0,0
INSTANCE_053,0.5,p95,101,NR,311.80659999999995,400.1468533333333,0.0,47,47,0.0,1.0,0,24,5,5,0,0.0,0,1,0
INSTANCE_053,0.5,p95,101,RG,311.5004,399.72431,0.0,47,47,0.0,0.9071428571428573,7,24,5,4,0,33.49423408508301,490,0,0
INSTANCE_053,0.5,p95,101,SA,311.80659999999995,400.1468533333333,0.0,47,47,0.0,1.0,0,24,5,5,0,25.858640670776367,400,1,0
INSTANCE_053,0.5,p95,202,FR,301.3515,383.8034808333333,0.0,47,47,0.0,0.8253968253968254,11,24,5,3,0,15.902042388916016,500,0,0
INSTANCE_053,0.5,p95,202,NR,311.80659999999995,400.1468533333333,0.0,47,47,0.0,1.0,0,24,5,5,0,0.0,0,1,0
INSTANCE_053,0.5,p95,202,RG,311.34219999999993,399.5281291666666,0.0,47,47,0.0,0.8892857142857142,5,24,5,4,0,34.15060043334961,500,0,0
INSTANCE_053,0.5,p95,202,SA,311.80659999999995,400.1468533333333,0.0,47,47,0.0,1.0,0,24,5,5,0,25.99191665649414,400,1,0
INSTANCE_053,0.5,p95,303,FR,301.81589999999994,384.422205,0.0,47,47,0.0,0.9361111111111112,6,24,5,4,0,11.419296264648438,400,0,0
INSTANCE_053,0.5,p95,303,NR,311.80659999999995,400.1468533333333,0.0,47,47,0.0,1.0,0,24,5,5,0,0.0,0,1,0
INSTANCE_053,0.5,p95,303,RG,311.80659999999995,400.1468533333333,0.0,47,47,0.0,1.0,0,24,5,5,0,25.58302879333496,400,1,0
INSTANCE_053,0.5,p95,303,SA,311.80659999999995,400.1468533333333,0.0,47,47,0.0,1.0,0,24,5,5,0,25.53439140319824,400,1,0
INSTANCE_053,0.75,delay20,101,FR,301.816,338.51,8.236666666666792,45,47,0.0,0.91,4,13,5,4,1,9.991168975830078,300,0,1
INSTANCE_053,0.75,delay20,101,NR,311.80659999999995,350.6666666666667,7.516666666666765,46,47,0.0,1.0,0,13,5,5,0,0.0,0,1,0
INSTANCE_053,0.75,delay20,101,RG,301.816,338.51,8.236666666666792,45,47,0.0,0.91,4,13,5,4,1,34.70206260681152,390,0,1
INSTANCE_053,0.75,delay20,101,SA,311.80659999999995,350.6666666666667,7.516666666666765,46,47,0.0,1.0,0,13,5,5,0,24.781227111816406,300,1,0
INSTANCE_053,0.75,delay20,202,FR,301.816,338.51,8.236666666666792,45,47,0.0,0.91,4,13,5,4,1,10.176420211791992,300,0,1
INSTANCE_053,0.75,delay20,202,NR,311.80659999999995,350.6666666666667,7.516666666666765,46,47,0.0,1.0,0,13,5,5,0,0.0,0,1,0
INSTANCE_053,0.75,delay20,202,RG,301.816,338.51,8.236666666666792,45,47,0.0,0.91,4,13,5,4,1,30.128002166748047,350,0,1
INSTANCE_053,0.75,delay20,202,SA,311.80659999999995,350.6666666666667,7.516666666666765,46,47,0.0,1.0,0,13,5,5,0,25.13909339904785,300,1,0
INSTANCE_053,0.75,delay20,303,FR,301.816,338.51,8.236666666666792,45,47,0.0,0.91,4,13,5,4,1,9.978771209716797,300,0,1
INSTANCE_053,0.75,delay20,303,NR,311.80659999999995,350.6666666666667,7.516666666666765,46,47,0.0,1.0,0,13,5,5,0,0.0,0,1,0
INSTANCE_053,0.75,delay20,303,RG,301.816,338.51,8.236666666666792,45,47,0.0,0.91,4,13,5,4,1,28.090953826904297,340,0,1
INSTANCE_053,0.75,delay20,303,SA,311.80659999999995,350.6666666666667,7.516666666666765,46,47,0.0,1.0,0,13,5,5,0,24.359941482543945,300,1,0
INSTANCE_053,0.75,delay30,101,FR,311.80659999999995,350.6666666666667,17.516666666666765,46,47,0.0,1.0,0,13,5,5,0,10.996103286743164,300,1,0
INSTANCE_053,0.75,delay30,101,NR,311.80659999999995,350.6666666666667,17.516666666666765,46,47,0.0,1.0,0,13,5,5,0,0.0,0,1,0
INSTANCE_053,0.75,delay30,101,RG,311.80659999999995,350.6666666666667,17.516666666666765,46,47,0.0,1.0,0,13,5,5,0,25.6953239440918,300,1,0
INSTANCE_053,0.75,delay30,101,SA,311.80659999999995,350.6666666666667,17.516666666666765,46,47,0.0,1.0,0,13,5,5,0,26.78775787353516,300,1,0
INSTANCE_053,0.75,delay30,202,FR,311.80659999999995,350.6666666666667,17.516666666666765,46,47,0.0,1.0,0,13,5,5,0,9.562969207763672,300,1,0
INSTANCE_053,0.75,delay30,202,NR,311.80659999999995,350.6666666666667,17.516666666666765,46,47,0.0,1.0,0,13,5,5,0,0.0,0,1,0
INSTANCE_053,0.75,delay30,202,RG,311.80659999999995,350.6666666666667,17.516666666666765,46,47,0.0,1.0,0,13,5,5,0,22.74441719055176,300,1,0
INSTANCE_053,0.75,delay30,202,SA,311.80659999999995,350.6666666666667,17.516666666666765,46,47,0.0,1.0,0,13,5,5,0,23.19931983947754,300,1,0
INSTANCE_053,0.75,delay30,303,FR,311.80659999999995,350.6666666666667,17.516666666666765,46,47,0.0,1.0,0,13,5,5,0,9.491920471191406,300,1,0
INSTANCE_053,0.75,delay30,303,NR,311.80659999999995,350.6666666666667,17.516666666666765,46,47,0.0,1.0,0,13,5,5,0,0.0,0,1,0
INSTANCE_053,0.75,delay30,303,RG,311.80659999999995,350.6666666666667,17.516666666666765,46,47,0.0,1.0,0,13,5,5,0,23.044586181640625,300,1,0
INSTANCE_053,0.75,delay30,303,SA,311.80659999999995,350.6666666666667,17.516666666666765,46,47,0.0,1.0,0,13,5,5,0,23.4222412109375,300,1,0
INSTANCE_053,0.75,p85,101,FR,301.816,354.8820983333333,0.0,47,47,0.0,0.91,4,13,5,4,0,10.635614395141602,300,0,0
INSTANCE_053,0.75,p85,101,NR,311.80659999999995,368.9339893333333,0.0,47,47,0.0,1.0,0,13,5,5,0,0.0,0,1,0
INSTANCE_053,0.75,p85,101,RG,311.80659999999995,368.9339893333333,0.0,47,47,0.0,1.0,0,13,5,5,0,23.67997169494629,300,1,0
INSTANCE_053,0.75,p85,101,SA,311.80659999999995,368.9339893333333,0.0,47,47,0.0,1.0,0,13,5,5,0,23.595333099365234,300,1,0
INSTANCE_053,0.75,p85,202,FR,301.816,354.8820983333333,0.0,47,47,0.0,0.91,4,13,5,4,0,9.35983657836914,300,0,0
INSTANCE_053,0.75,p85,202,NR,311.80659999999995,368.9339893333333,0.0,47,47,0.0,1.0,0,13,5,5,0,0.0,0,1,0
INSTANCE_053,0.75,p85,202,RG,301.816,354.8820983333333,0.0,47,47,0.0,0.91,4,13,5,4,0,27.985572814941406,370,0,0
INSTANCE_053,0.75,p85,202,SA,311.80659999999995,368.9339893333333,0.0,47,47,0.0,1.0,0,13,5,5,0,21.912813186645508,300,1,0
INSTANCE_053,0.75,p85,303,FR,301.816,354.8820983333333,0.0,47,47,0.0,0.91,4,13,5,4,0,9.258747100830078,300,0,0
INSTANCE_053,0.75,p85,303,NR,311.80659999999995,368.9339893333333,0.0,47,47,0.0,1.0,0,13,5,5,0,0.0,0,1,0
INSTANCE_053,0.75,p85,303,RG,301.816,354.8820983333333,0.0,47,47,0.0,0.91,4,13,5,4,0,31.994104385375977,410,0,0
INSTANCE_053,0.75,p85,303,SA,311.80659999999995,368.9339893333333,0.0,47,47,0.0,1.0,0,13,5,5,0,22.17650413513184,300,1,0
INSTANCE_053,0.75,p95,101,FR,301.816,369.3323916666667,0.0,47,47,0.0,0.91,4,13,5,4,0,9.43279266357422,300,0,0
INSTANCE_053,0.75,p95,101,NR,311.80659999999995,385.05704,0.0,47,47,0.0,1.0,0,13,5,5,0,0.0,0,1,0
INSTANCE_053,0.75,p95,101,RG,311.80659999999995,385.05704,0.0,47,47,0.0,1.0,0,13,5,5,0,21.886110305786133,300,1,0
INSTANCE_053,0.75,p95,101,SA,311.80659999999995,385.05704,0.0,47,47,0.0,1.0,0,13,5,5,0,21.863460540771484,300,1,0
INSTANCE_053,0.75,p95,202,FR,301.816,369.3323916666667,0.0,47,47,0.0,0.91,4,13,5,4,0,9.513616561889648,300,0,0
INSTANCE_053,0.75,p95,202,NR,311.80659999999995,385.05704,0.0,47,47,0.0,1.0,0,13,5,5,0,0.0,0,1,0
INSTANCE_053,0.75,p95,202,RG,301.816,369.3323916666667,0.0,47,47,0.0,0.91,4,13,5,4,0,28.018712997436523,370,0,0
INSTANCE_053,0.75,p95,202,SA,311.80659999999995,385.05704,0.0,47,47,0.0,1.0,0,13,5,5,0,21.942853927612305,300,1,0
INSTANCE_053,0.75,p95,303,FR,301.816,369.3323916666667,0.0,47,47,0.0,0.91,4,13,5,4,0,10.265827178955078,300,0,0
INSTANCE_053,0.75,p95,303,NR,311.80659999999995,385.05704,0.0,47,47,0.0,1.0,0,13,5,5,0,0.0,0,1,0
INSTANCE_053,0.75,p95,303,RG,301.816,369.3323916666667,0.0,47,47,0.0,0.91,4,13,5,4,0,35.23588180541992,410,0,0
INSTANCE_053,0.75,p95,303,SA,311.80659999999995,385.05704,0.0,47,47,0.0,1.0,0,13,5,5,0,24.0473747253418,300,1,0
